# particle_index particle_type x y z coordination
# type mapping: 1=C, 2=H
# active pair cutoffs: C-C=1.900000, C-H=1.600000, H-H=0.900000
# skipped pair cutoffs: None
0  1  22.74010000  9.01149000  10.68310000  4
1  1  12.13010000  16.69770000  26.88420000  4
2  1  7.70833000  1.75543000  3.41264000  4
3  1  20.84560000  15.80560000  2.19133000  3
4  1  35.60870000  32.56390000  28.65260000  4
5  1  22.08850000  35.14910000  27.72570000  4
6  1  21.38060000  36.58190000  8.60608000  4
7  1  10.75590000  6.33212000  10.52370000  4
8  1  32.64180000  35.60740000  32.69640000  4
9  1  35.04490000  27.58780000  31.72300000  3
10  1  25.10710000  28.63350000  19.44930000  4
11  1  16.22930000  3.32964000  10.32660000  4
12  1  32.29890000  17.43570000  1.72379000  4
13  1  29.63900000  34.55200000  23.31880000  4
14  1  32.04230000  27.25570000  13.89290000  3
15  1  33.46620000  28.84510000  6.47259000  4
16  1  8.34956000  19.60440000  32.28680000  4
17  1  30.47160000  17.34180000  25.86310000  4
18  1  4.77040000  22.26780000  24.01690000  4
19  1  11.01220000  6.43406000  0.27830300  4
20  1  15.24290000  27.88330000  31.05060000  4
21  1  30.79750000  1.57221000  32.50700000  3
22  1  11.35210000  4.86248000  20.39720000  4
23  1  9.47809000  22.03380000  16.67410000  3
24  1  1.16971000  33.49250000  15.78290000  4
25  1  10.30710000  0.50360900  13.97170000  4
26  1  17.71520000  4.11576000  16.62580000  4
27  1  33.56990000  18.95310000  10.45300000  3
28  1  11.14280000  31.61270000  23.75160000  4
29  1  3.43962000  2.10307000  33.41840000  4
30  1  24.15680000  18.58470000  30.29160000  4
31  1  30.27330000  11.14120000  35.13120000  3
32  1  32.07320000  21.88750000  18.58080000  4
33  1  23.70090000  36.93220000  23.93380000  3
34  1  27.68710000  29.30980000  24.52360000  4
35  1  21.79600000  21.25680000  2.22425000  4
36  1  30.14390000  31.58820000  27.24020000  4
37  1  24.16350000  34.67400000  12.65700000  4
38  1  29.51310000  15.17630000  26.53640000  4
39  1  3.45551000  12.12510000  24.24970000  4
40  1  23.98750000  34.14170000  3.99192000  4
41  1  16.79530000  6.34140000  6.32827000  4
42  1  2.53141000  7.07671000  31.96800000  4
43  1  8.44043000  14.75590000  2.87844000  4
44  1  11.07490000  22.22770000  11.60910000  3
45  1  21.18710000  29.83980000  21.09770000  4
46  1  36.91390000  26.07200000  27.24980000  3
47  1  4.26673000  2.15266000  7.93704000  3
48  1  17.48050000  3.13005000  25.89380000  3
49  1  23.85430000  8.32124000  29.75860000  4
50  1  25.25520000  29.36860000  1.10158000  4
51  1  29.47610000  28.39400000  18.31100000  4
52  1  22.99990000  32.02090000  21.26000000  4
53  1  19.72550000  32.15020000  37.28060000  3
54  1  20.88050000  30.17610000  14.72020000  3
55  1  11.29580000  21.48900000  0.94528100  4
56  1  22.40550000  12.00590000  18.78360000  4
57  1  28.80150000  11.73510000  27.74600000  4
58  1  13.31530000  26.98270000  5.04824000  3
59  1  32.09760000  36.24150000  7.56411000  4
60  1  4.08713000  17.01780000  5.83817000  4
61  1  1.32821000  14.26210000  20.28700000  4
62  1  4.69660000  8.34006000  4.82059000  4
63  1  36.05030000  7.70710000  3.57084000  4
64  1  8.36825000  22.18750000  17.61170000  4
65  1  11.00220000  36.27120000  2.12403000  3
66  1  9.33211000  34.89920000  26.00280000  3
67  1  29.65290000  36.65300000  35.89800000  3
68  1  36.61320000  31.78470000  9.58628000  4
69  1  10.77660000  14.91410000  31.24240000  3
70  1  7.43704000  6.51266000  14.46160000  4
71  1  32.28410000  31.05790000  29.83850000  4
72  1  36.06720000  11.99380000  21.79450000  4
73  1  11.40170000  7.80222000  8.69550000  4
74  1  6.33614000  27.03280000  2.66497000  4
75  1  20.15320000  18.22370000  27.90690000  4
76  1  5.56693000  30.98760000  20.40850000  4
77  1  28.54610000  23.26030000  10.56430000  4
78  1  35.56350000  2.22949000  6.41375000  4
79  1  28.34880000  32.05350000  4.62165000  4
80  1  23.72480000  19.59500000  7.11469000  4
81  1  21.16150000  12.00000000  7.23716000  4
82  1  10.92920000  3.30143000  17.71360000  3
83  1  12.50270000  1.12212000  8.36792000  3
84  1  10.34860000  5.04295000  14.21150000  4
85  1  35.01540000  6.85175000  12.83380000  3
86  1  11.72350000  25.81690000  8.49160000  4
87  1  18.02000000  16.56420000  22.04660000  4
88  1  17.86570000  3.22733000  28.21480000  3
89  1  5.16850000  24.07060000  18.34170000  4
90  1  0.94051900  3.79803000  2.72002000  3
91  1  35.36300000  24.62640000  6.96679000  4
92  1  2.44186000  11.78110000  25.25930000  4
93  1  20.53720000  5.80426000  12.78780000  4
94  1  32.44630000  24.38900000  1.90526000  4
95  1  20.49690000  29.59970000  6.79836000  4
96  1  14.24880000  12.63140000  26.54120000  4
97  1  25.97540000  22.62050000  19.85000000  4
98  1  33.47550000  4.58580000  19.96110000  4
99  1  36.32350000  13.90420000  24.00060000  4
100  1  36.03060000  34.06990000  33.44690000  4
101  1  4.44925000  5.98134000  17.86220000  4
102  1  20.66530000  2.02354000  3.38705000  4
103  1  4.62331000  13.65920000  5.52107000  4
104  1  20.68580000  21.95730000  7.58187000  4
105  1  37.01590000  12.70570000  12.76420000  4
106  1  32.10270000  23.69600000  10.79480000  4
107  1  17.12280000  5.63299000  19.57750000  4
108  1  32.59290000  2.41974000  28.79380000  4
109  1  2.71290000  12.41320000  3.41206000  4
110  1  18.70830000  13.35440000  20.05330000  4
111  1  13.24600000  32.88120000  14.17260000  4
112  1  12.75520000  32.18860000  3.83885000  4
113  1  11.42750000  27.70420000  11.99190000  4
114  1  0.82332400  18.49320000  24.52320000  4
115  1  6.04714000  36.10490000  28.99360000  3
116  1  23.53880000  32.25970000  36.98450000  3
117  1  28.68040000  37.03250000  1.05045000  3
118  1  11.99680000  18.32740000  13.51070000  4
119  1  34.34560000  8.96263000  14.31040000  4
120  1  18.36710000  5.64674000  1.78188000  4
121  1  5.26435000  32.31040000  22.21060000  3
122  1  2.34367000  36.48400000  32.86850000  4
123  1  37.34380000  34.95580000  18.82630000  3
124  1  11.32810000  5.23156000  27.50820000  4
125  1  28.82600000  29.34080000  5.47173000  4
126  1  11.68960000  29.27970000  21.07980000  3
127  1  37.35730000  3.63299000  13.21910000  3
128  1  20.56040000  32.44500000  31.75910000  4
129  1  1.33749000  25.77470000  9.31183000  4
130  1  2.73056000  18.28070000  0.03731400  3
131  1  22.93930000  14.72190000  11.57320000  4
132  1  2.49091000  24.17960000  5.37526000  4
133  1  8.70514000  25.56910000  5.84297000  4
134  1  9.69205000  4.77191000  19.88870000  4
135  1  33.74980000  33.72780000  11.12100000  4
136  1  14.86890000  14.23340000  28.60830000  4
137  1  21.13760000  16.07530000  29.16900000  4
138  1  5.78639000  29.65540000  34.40490000  4
139  1  18.58590000  6.42860000  15.41640000  4
140  1  13.83650000  3.68300000  33.16310000  4
141  1  1.85699000  3.12273000  27.27940000  4
142  1  33.26500000  11.97580000  21.55400000  4
143  1  6.32728000  34.75750000  18.80030000  4
144  1  31.38160000  27.47240000  32.76060000  4
145  1  26.32450000  2.81647000  29.19970000  4
146  1  2.08087000  35.81660000  34.22610000  4
147  1  27.87130000  6.48652000  23.29690000  4
148  1  2.27044000  1.58550000  17.54870000  4
149  1  37.00400000  24.70100000  10.42860000  4
150  1  21.76820000  7.37130000  17.66620000  4
151  1  16.12310000  7.59915000  20.56870000  4
152  1  7.81398000  17.27970000  10.31450000  3
153  1  11.48950000  30.62530000  36.44420000  3
154  1  20.33230000  15.69420000  27.99490000  3
155  1  10.76200000  35.32120000  20.90230000  4
156  1  8.23225000  7.07559000  19.49960000  4
157  1  36.59110000  36.29870000  14.05410000  4
158  1  23.13780000  6.22130000  5.73930000  4
159  1  12.31140000  5.31277000  32.60230000  4
160  1  10.37050000  4.22502000  24.56520000  4
161  1  27.43380000  26.15380000  18.04730000  4
162  1  5.61198000  9.40249000  25.21970000  3
163  1  35.88410000  16.54780000  30.65820000  4
164  1  11.91060000  27.24880000  35.69530000  4
165  1  10.46810000  36.44380000  8.96889000  3
166  1  26.71860000  23.46860000  4.30129000  3
167  1  10.47210000  15.48660000  12.93990000  3
168  1  36.42750000  11.24590000  5.33557000  4
169  1  0.74057000  2.42462000  32.12980000  4
170  1  3.45499000  11.70790000  11.09570000  4
171  1  29.98380000  25.65950000  11.55250000  4
172  1  23.01360000  18.54330000  25.75220000  3
173  1  0.20841300  1.01954000  1.06601000  4
174  1  2.23382000  21.98810000  6.80184000  4
175  1  3.20405000  27.41390000  9.07075000  4
176  1  36.36380000  32.59240000  33.96510000  4
177  1  22.82150000  5.07651000  10.82930000  3
178  1  30.31230000  5.38596000  34.88570000  4
179  1  31.97570000  37.17810000  6.44790000  3
180  1  16.27350000  22.34820000  36.95300000  4
181  1  22.08200000  28.49070000  12.77060000  4
182  1  24.70760000  6.53168000  5.49527000  4
183  1  3.46251000  4.70926000  0.56474400  4
184  1  15.87150000  7.56713000  13.16620000  4
185  1  28.66410000  33.70650000  28.19100000  3
186  1  13.13790000  10.24990000  12.66010000  4
187  1  28.22990000  18.18230000  28.24770000  3
188  1  32.30800000  35.77340000  2.19630000  4
189  1  28.05850000  17.40610000  30.88390000  3
190  1  27.33230000  5.50423000  15.20440000  4
191  1  6.00364000  31.06030000  26.40280000  3
192  1  2.84374000  28.44400000  10.12410000  4
193  1  16.36950000  4.62682000  2.26443000  3
194  1  30.04050000  7.94482000  14.56670000  3
195  1  29.98170000  18.75170000  26.04800000  4
196  1  21.38900000  9.13070000  31.55870000  4
197  1  16.69370000  20.55810000  34.92280000  4
198  1  29.98540000  22.62380000  5.86983000  4
199  1  17.57340000  2.76856000  10.70830000  3
200  1  35.68720000  24.19110000  31.71200000  4
201  1  28.17020000  16.12180000  35.93400000  4
202  1  27.49050000  6.61103000  26.82160000  4
203  1  27.66150000  28.46140000  10.57040000  4
204  1  32.17430000  8.35799000  29.94920000  4
205  1  35.39590000  34.13890000  1.71688000  3
206  1  20.86650000  21.50160000  20.90780000  4
207  1  30.87840000  0.02896740  23.86740000  4
208  1  34.35780000  18.42000000  32.97710000  4
209  1  32.31730000  20.30780000  8.62272000  4
210  1  19.07670000  1.33643000  17.67610000  4
211  1  25.01350000  7.40418000  31.86890000  3
212  1  19.83530000  14.07750000  23.75830000  4
213  1  16.64510000  3.26213000  34.39500000  4
214  1  0.37318100  16.99710000  14.14870000  3
215  1  5.56590000  23.37600000  28.71590000  3
216  1  31.82340000  33.60420000  8.91109000  3
217  1  31.10260000  8.58513000  35.59460000  4
218  1  34.62430000  21.99220000  29.14230000  4
219  1  3.78788000  2.42598000  36.40550000  3
220  1  17.92690000  28.60790000  6.63234000  4
221  1  34.33180000  26.36340000  5.56782000  4
222  1  35.56980000  2.03067000  37.21640000  4
223  1  11.21580000  20.74730000  18.61750000  3
224  1  1.16710000  8.03405000  31.70780000  4
225  1  10.26110000  27.35200000  27.74780000  4
226  1  1.49500000  34.84330000  25.72250000  3
227  1  24.74080000  24.46450000  31.02930000  3
228  1  0.04213420  35.14810000  1.73127000  4
229  1  12.80470000  29.81820000  5.96566000  4
230  1  1.20997000  1.75934000  15.30480000  4
231  1  5.97251000  20.82100000  7.56830000  4
232  1  15.72960000  28.27400000  10.74110000  3
233  1  12.44530000  7.86145000  5.02183000  4
234  1  0.81401200  36.11380000  15.67690000  4
235  1  19.93860000  27.74710000  3.81409000  4
236  1  1.90184000  11.82500000  7.12904000  4
237  1  30.57630000  3.77087000  31.17660000  3
238  1  5.24353000  37.10790000  29.74760000  4
239  1  11.68300000  34.87700000  22.14120000  4
240  1  32.14550000  10.74710000  23.32620000  4
241  1  9.96815000  27.51800000  20.37250000  4
242  1  15.35190000  16.35250000  10.59530000  3
243  1  28.68340000  25.33900000  1.80430000  3
244  1  5.78656000  34.78560000  0.02506670  4
245  1  4.47536000  1.71170000  23.80180000  3
246  1  36.89380000  36.11730000  29.06740000  4
247  1  14.50720000  19.75950000  31.87420000  4
248  1  36.05220000  5.71967000  36.57150000  4
249  1  16.34040000  22.48160000  12.01220000  4
250  1  9.80616000  32.66980000  32.31230000  4
251  1  11.89650000  1.33880000  24.00400000  4
252  1  33.92260000  31.35310000  26.45830000  4
253  1  8.67618000  3.04640000  3.42501000  4
254  1  7.64263000  22.44630000  36.23820000  4
255  1  28.94460000  29.13840000  34.25260000  4
256  1  28.00300000  21.45170000  14.18260000  4
257  1  14.42920000  21.53980000  35.31390000  4
258  1  37.11680000  12.82350000  8.18437000  4
259  1  24.05140000  5.18466000  13.73900000  4
260  1  15.50930000  28.96960000  7.51554000  4
261  1  22.78230000  33.00730000  26.42620000  3
262  1  18.94890000  18.06910000  35.10150000  3
263  1  16.36860000  24.67180000  13.03740000  3
264  1  28.01580000  18.62670000  21.49170000  4
265  1  26.45200000  4.14359000  26.81460000  4
266  1  4.41143000  18.82880000  31.10650000  4
267  1  6.74615000  24.92040000  3.68971000  4
268  1  26.07390000  26.80330000  7.65790000  4
269  1  3.97173000  36.74000000  30.47110000  4
270  1  33.42620000  11.11430000  27.14110000  3
271  1  26.84180000  8.88360000  32.69060000  4
272  1  12.68470000  36.01740000  27.67760000  4
273  1  10.86700000  10.88610000  8.64173000  4
274  1  33.61640000  3.27851000  26.74300000  3
275  1  18.44040000  35.34250000  32.21850000  3
276  1  25.03600000  7.31799000  6.88078000  3
277  1  5.04185000  10.17680000  24.10910000  4
278  1  6.01785000  13.17390000  20.51500000  4
279  1  7.65591000  9.13669000  13.79960000  3
280  1  37.27430000  27.14440000  24.28350000  4
281  1  25.46800000  11.72500000  17.51460000  4
282  1  25.16320000  11.92830000  9.94958000  4
283  1  17.90700000  23.84230000  30.97610000  3
284  1  26.80640000  21.52130000  6.16647000  3
285  1  27.63860000  21.10600000  33.46270000  4
286  1  18.74170000  18.20590000  20.22490000  4
287  1  35.53540000  1.51700000  2.81017000  4
288  1  16.09620000  17.37410000  5.00163000  4
289  1  31.99740000  10.81520000  27.07970000  4
290  1  33.25550000  7.63644000  22.23360000  4
291  1  14.38880000  36.90570000  18.74090000  4
292  1  31.03040000  4.34408000  1.64768000  4
293  1  24.24620000  36.35350000  35.68060000  4
294  1  13.45590000  37.22050000  16.63310000  3
295  1  13.69780000  22.15710000  0.23763100  4
296  1  29.08870000  36.74960000  8.18281000  3
297  1  12.22990000  11.08990000  21.33750000  4
298  1  5.03304000  28.45430000  25.97900000  4
299  1  28.49540000  31.57000000  35.65840000  4
300  1  10.90420000  28.33940000  36.17970000  4
301  1  22.78820000  19.88750000  11.84010000  4
302  1  18.00290000  11.38200000  8.86006000  4
303  1  35.77960000  13.38320000  3.06205000  4
304  1  19.38740000  25.65580000  14.18210000  4
305  1  0.40700800  23.61760000  18.17450000  4
306  1  3.60052000  4.48645000  33.22290000  3
307  1  15.56210000  27.50200000  28.56580000  4
308  1  36.78020000  20.18520000  31.35870000  4
309  1  34.58990000  17.19740000  30.57200000  4
310  1  20.85530000  19.12300000  22.54800000  3
311  1  20.65870000  0.78362100  36.27490000  4
312  1  26.04450000  24.20120000  16.44930000  3
313  1  8.24546000  4.53789000  36.57630000  3
314  1  24.17220000  34.63390000  37.02520000  4
315  1  30.81430000  28.78880000  36.32390000  4
316  1  10.19360000  21.43030000  37.25740000  4
317  1  28.09070000  30.52570000  32.22330000  4
318  1  11.05730000  3.30154000  35.12470000  4
319  1  3.50972000  16.91090000  35.42080000  3
320  1  1.81488000  30.61240000  33.82800000  4
321  1  0.81130700  25.99970000  25.03290000  4
322  1  9.11992000  4.75164000  28.30210000  4
323  1  20.49740000  20.72170000  33.00200000  3
324  1  10.36290000  2.23821000  25.97530000  4
325  1  11.23670000  18.23490000  24.55800000  4
326  1  7.67182000  21.59990000  33.72490000  4
327  1  11.22950000  35.12320000  4.98182000  4
328  1  15.00760000  4.92676000  0.04107590  4
329  1  6.93102000  13.97500000  15.23270000  4
330  1  26.56140000  25.95700000  31.03270000  4
331  1  9.33334000  30.81200000  28.87830000  4
332  1  18.91550000  3.62378000  18.82980000  3
333  1  33.04580000  10.99150000  17.27390000  4
334  1  1.16888000  3.59118000  29.38280000  4
335  1  26.35330000  36.29910000  1.51876000  4
336  1  31.40600000  10.74020000  25.65310000  4
337  1  22.44880000  19.28870000  28.84340000  4
338  1  11.42070000  18.06360000  33.10140000  4
339  1  26.30290000  35.10600000  3.79557000  4
340  1  13.66870000  4.79980000  32.20550000  4
341  1  13.12420000  9.18470000  5.21900000  3
342  1  18.96120000  27.85320000  29.04450000  4
343  1  3.95139000  19.95040000  22.88850000  3
344  1  2.84260000  11.24990000  13.51870000  4
345  1  31.42950000  3.38791000  15.69040000  4
346  1  9.97122000  31.89590000  30.91810000  4
347  1  31.41060000  30.67990000  16.30010000  4
348  1  33.59140000  31.00150000  4.81166000  4
349  1  17.53020000  12.20380000  4.29139000  4
350  1  18.90060000  2.07059000  5.11356000  3
351  1  36.46780000  29.03130000  36.58630000  4
352  1  3.44976000  24.86290000  12.95620000  4
353  1  20.91680000  19.97990000  18.01300000  4
354  1  24.34580000  33.60720000  24.41000000  4
355  1  11.64580000  14.61220000  6.62168000  3
356  1  0.25230200  6.52449000  21.53240000  4
357  1  24.78310000  16.69120000  9.16577000  4
358  1  3.91213000  25.62310000  16.45590000  4
359  1  20.53810000  13.88450000  8.96676000  4
360  1  24.66260000  8.01698000  25.70290000  4
361  1  15.82720000  25.56140000  11.99850000  4
362  1  34.53220000  28.06540000  22.36480000  4
363  1  21.54850000  27.70440000  15.78380000  3
364  1  33.16670000  7.13902000  25.04060000  4
365  1  22.08260000  5.99113000  18.31200000  4
366  1  18.33300000  28.41600000  20.78970000  4
367  1  12.02720000  6.09695000  1.47294000  4
368  1  6.24082000  9.00146000  35.43760000  4
369  1  29.47880000  35.98310000  6.07842000  3
370  1  17.62680000  8.34953000  24.74020000  4
371  1  2.07213000  28.96420000  4.78161000  4
372  1  14.13200000  33.86460000  28.38710000  4
373  1  11.07490000  31.19820000  2.52418000  3
374  1  14.25050000  34.49570000  26.06020000  4
375  1  30.19430000  6.22716000  27.01660000  4
376  1  27.88470000  19.02270000  36.73470000  4
377  1  10.16140000  10.82410000  7.13663000  4
378  1  14.18080000  0.10318500  23.37970000  4
379  1  12.28530000  2.15782000  6.33121000  4
380  1  36.00430000  36.11220000  26.92460000  4
381  1  12.15640000  9.36395000  16.30790000  4
382  1  26.27540000  12.58130000  31.76750000  4
383  1  5.37272000  35.03350000  8.05869000  4
384  1  25.91120000  26.60520000  34.24310000  4
385  1  28.28930000  6.83854000  10.81070000  4
386  1  36.89580000  26.13170000  0.42343800  3
387  1  29.08220000  6.09574000  9.66201000  4
388  1  28.31710000  1.11657000  10.74270000  4
389  1  19.90700000  22.63230000  9.97238000  4
390  1  30.00070000  11.02610000  29.98950000  4
391  1  1.63742000  6.49161000  35.89510000  3
392  1  14.99670000  16.71760000  24.39260000  4
393  1  34.36610000  25.03130000  23.23530000  3
394  1  18.81620000  15.74920000  0.10745000  3
395  1  24.58060000  10.86860000  19.48090000  4
396  1  9.38262000  13.48960000  10.91020000  4
397  1  8.14620000  21.23500000  7.34872000  4
398  1  15.18780000  32.88270000  22.25520000  4
399  1  16.91980000  10.05580000  33.72140000  3
400  1  3.81637000  20.76400000  2.50630000  4
401  1  14.50040000  0.27442700  33.52270000  4
402  1  36.64520000  36.20730000  20.99760000  4
403  1  37.27580000  11.16140000  30.51260000  3
404  1  12.50140000  12.70960000  36.01170000  4
405  1  16.01460000  18.95890000  4.80421000  4
406  1  13.26840000  15.72770000  31.89180000  4
407  1  15.30170000  5.92837000  4.13180000  3
408  1  1.51596000  36.21150000  27.56240000  4
409  1  22.79570000  28.12870000  2.65195000  4
410  1  15.93710000  5.32812000  11.99600000  4
411  1  32.15690000  3.30698000  26.40580000  4
412  1  21.12390000  2.60727000  14.63710000  4
413  1  26.83600000  7.01423000  10.44600000  3
414  1  18.49470000  34.75020000  2.19473000  4
415  1  1.58527000  4.45773000  34.62450000  4
416  1  4.62936000  36.25440000  26.92820000  4
417  1  26.62810000  32.46160000  32.03060000  4
418  1  28.92890000  10.44410000  21.23200000  4
419  1  4.98636000  23.98140000  5.12254000  3
420  1  23.66150000  13.03570000  3.29123000  4
421  1  27.01390000  34.44470000  37.30450000  4
422  1  2.33988000  10.07360000  31.75970000  3
423  1  0.34438700  15.80940000  5.64224000  3
424  1  27.78320000  22.37240000  23.72220000  4
425  1  17.65820000  13.40450000  6.68511000  3
426  1  6.67790000  5.02210000  22.04210000  4
427  1  6.11991000  4.85529000  9.88156000  4
428  1  24.29740000  19.12470000  26.29160000  4
429  1  14.70960000  20.65520000  29.94580000  4
430  1  8.86909000  22.74290000  5.31793000  4
431  1  28.38370000  31.40000000  0.67630900  4
432  1  37.14470000  34.09000000  12.59260000  3
433  1  34.46300000  5.68717000  12.09360000  4
434  1  2.20499000  29.05860000  17.86220000  4
435  1  8.97403000  2.52336000  29.17910000  4
436  1  24.67220000  14.38620000  9.12494000  4
437  1  16.83190000  0.84834800  33.70170000  3
438  1  33.35680000  31.54080000  13.14960000  4
439  1  5.63798000  27.26560000  4.00799000  3
440  1  33.39370000  22.75960000  4.46788000  4
441  1  11.98340000  31.92070000  21.54160000  4
442  1  22.97190000  7.01036000  0.74951600  4
443  1  12.07530000  8.51053000  2.04446000  3
444  1  36.20170000  34.28700000  9.36484000  3
445  1  18.47190000  5.68547000  31.95470000  3
446  1  29.29090000  25.70000000  29.60240000  4
447  1  2.96223000  7.31295000  27.32950000  4
448  1  11.27080000  0.18898800  32.78750000  4
449  1  11.71980000  26.01410000  21.95620000  4
450  1  13.32360000  5.56236000  18.17190000  4
451  1  34.76830000  3.39622000  29.97500000  4
452  1  33.18860000  0.47233900  20.82420000  4
453  1  28.69940000  26.98700000  3.70964000  4
454  1  5.23798000  7.74920000  35.63900000  4
455  1  2.39504000  5.39805000  12.58180000  3
456  1  31.21720000  22.14130000  15.28600000  3
457  1  28.59250000  20.23270000  30.61160000  3
458  1  6.24339000  9.83248000  22.74520000  4
459  1  25.18520000  9.01615000  29.11940000  4
460  1  34.63610000  16.15780000  3.47544000  4
461  1  31.22230000  16.27450000  31.51930000  3
462  1  13.67930000  17.05720000  24.97750000  4
463  1  12.86140000  18.24390000  32.88440000  4
464  1  18.55190000  12.10980000  37.30030000  4
465  1  1.91072000  3.22542000  31.67110000  4
466  1  20.25420000  8.86250000  17.03530000  3
467  1  0.78367100  21.09670000  18.65070000  3
468  1  14.05540000  19.09880000  19.49090000  4
469  1  28.51370000  35.34440000  24.12380000  4
470  1  2.28345000  12.66980000  16.93720000  4
471  1  22.65550000  12.69660000  20.28280000  4
472  1  25.40160000  31.25480000  20.67600000  3
473  1  10.41820000  31.45460000  6.45369000  3
474  1  14.73380000  24.43180000  18.33270000  4
475  1  6.63151000  8.67315000  18.20310000  3
476  1  26.88980000  11.22680000  31.76050000  3
477  1  35.36620000  23.05620000  11.21580000  3
478  1  30.20360000  3.01313000  27.97410000  4
479  1  10.37020000  30.04980000  6.00464000  4
480  1  7.26214000  9.00979000  36.71670000  4
481  1  20.12650000  10.55420000  36.88720000  4
482  1  5.99262000  35.76420000  16.52240000  4
483  1  14.54290000  9.17880000  24.84880000  3
484  1  9.87732000  36.44250000  2.99896000  4
485  1  13.87620000  18.35180000  18.22500000  3
486  1  16.18650000  0.56153700  27.20560000  4
487  1  18.78060000  31.00950000  30.59330000  3
488  1  15.06620000  15.27360000  11.61030000  4
489  1  17.97530000  31.38460000  23.87140000  4
490  1  27.33010000  28.80940000  6.06736000  4
491  1  18.81760000  18.70330000  17.25010000  4
492  1  25.83970000  4.42454000  19.89450000  3
493  1  14.47160000  12.18550000  16.21020000  3
494  1  1.97395000  7.30042000  4.54189000  4
495  1  27.22990000  3.17571000  24.82960000  4
496  1  34.26700000  22.50280000  3.27967000  4
497  1  19.29270000  19.64860000  19.83130000  4
498  1  25.22760000  18.84220000  18.08510000  4
499  1  10.53850000  10.29580000  34.48300000  4
500  1  24.66810000  27.36030000  9.86533000  4
501  1  4.01514000  20.24670000  33.25570000  4
502  1  0.45683400  34.88140000  23.43620000  4
503  1  19.21010000  2.01853000  24.59210000  4
504  1  23.02400000  34.10690000  7.78150000  3
505  1  11.43440000  19.18480000  16.89150000  4
506  1  27.29960000  7.76221000  29.75180000  4
507  1  37.40040000  16.22990000  21.26470000  4
508  1  8.71638000  34.16180000  18.71080000  4
509  1  8.18932000  26.24840000  35.92620000  4
510  1  2.96554000  25.18980000  33.86210000  4
511  1  21.03300000  17.56690000  16.70640000  4
512  1  15.68630000  34.00970000  8.63034000  4
513  1  4.40057000  29.23370000  19.29210000  4
514  1  13.03010000  1.56662000  0.00613594  3
515  1  36.25040000  12.44810000  24.56490000  4
516  1  30.98940000  14.05550000  20.34060000  4
517  1  22.21140000  17.60190000  14.19260000  4
518  1  7.00306000  2.84412000  35.63640000  4
519  1  5.56896000  12.37730000  34.37370000  3
520  1  33.23520000  6.13857000  0.94029200  4
521  1  3.29994000  26.63900000  4.52580000  3
522  1  11.06540000  26.46810000  34.62780000  4
523  1  0.34430100  37.29980000  8.05175000  3
524  1  11.80470000  29.78870000  16.75280000  4
525  1  6.53768000  16.71080000  24.56140000  4
526  1  3.95528000  15.29240000  1.30753000  3
527  1  6.11422000  30.01100000  32.14370000  3
528  1  9.62263000  10.75800000  35.50370000  4
529  1  20.15940000  20.41520000  14.13550000  4
530  1  3.40626000  5.66224000  1.89877000  4
531  1  2.13752000  30.46760000  16.99120000  4
532  1  35.47940000  32.73710000  24.74470000  4
533  1  36.09330000  3.24462000  29.17550000  4
534  1  22.83860000  0.00472855  17.02380000  4
535  1  28.42170000  7.46625000  0.38393400  4
536  1  17.76730000  35.32670000  17.56510000  4
537  1  35.83220000  37.09830000  24.56470000  4
538  1  22.41050000  10.98050000  7.16073000  4
539  1  30.95870000  34.27480000  23.92240000  3
540  1  27.70840000  1.50632000  13.32100000  4
541  1  9.47016000  19.32490000  6.24375000  4
542  1  20.71540000  34.56360000  28.20330000  3
543  1  31.54070000  37.41710000  3.87190000  4
544  1  4.83830000  6.24076000  1.65221000  4
545  1  11.58400000  17.25840000  30.74010000  4
546  1  34.47960000  4.08363000  0.62830300  4
547  1  21.87440000  5.68899000  25.84690000  4
548  1  8.03046000  27.33910000  30.79480000  4
549  1  37.29440000  14.03630000  26.43750000  4
550  1  12.27420000  32.71000000  32.59590000  3
551  1  22.37770000  26.89770000  30.93170000  4
552  1  11.96950000  5.85783000  6.92570000  4
553  1  5.64192000  21.27490000  10.52010000  4
554  1  33.63720000  35.63120000  36.04780000  4
555  1  29.90020000  8.15014000  8.62148000  4
556  1  29.14470000  12.72010000  23.40080000  4
557  1  13.60980000  20.44770000  13.52990000  4
558  1  12.39050000  25.52890000  2.62256000  4
559  1  25.72190000  33.59940000  10.77830000  3
560  1  10.82770000  30.08170000  8.67732000  4
561  1  36.25380000  7.49219000  12.31620000  4
562  1  27.54420000  15.16480000  14.25000000  3
563  1  15.01670000  7.55783000  0.05246260  4
564  1  12.47180000  11.42820000  15.07780000  4
565  1  10.71950000  18.26600000  29.83550000  4
566  1  8.16564000  19.66790000  20.35510000  4
567  1  34.83610000  5.00734000  9.58141000  4
568  1  34.69440000  36.77590000  31.07510000  3
569  1  27.50250000  20.69140000  12.94710000  3
570  1  4.59596000  27.53130000  32.21100000  4
571  1  24.95610000  37.22510000  21.66940000  4
572  1  15.06580000  9.88670000  17.02010000  4
573  1  20.30480000  5.45834000  25.96360000  4
574  1  0.89898000  9.80325000  11.88900000  4
575  1  20.77220000  12.04910000  34.02180000  4
576  1  3.82198000  12.53720000  36.40810000  4
577  1  29.54170000  26.26120000  2.59849000  4
578  1  4.03540000  2.53870000  19.93820000  3
579  1  23.54750000  30.19880000  31.70590000  4
580  1  20.38290000  31.94460000  16.36930000  4
581  1  16.90370000  27.08960000  28.96210000  4
582  1  23.98780000  17.62570000  35.74720000  3
583  1  6.20296000  37.06250000  6.81159000  4
584  1  34.85970000  14.34820000  5.22028000  4
585  1  14.44220000  5.29582000  24.32130000  4
586  1  31.24580000  19.22390000  31.86150000  4
587  1  29.76070000  6.50699000  3.75443000  4
588  1  21.53170000  20.76660000  24.47600000  3
589  1  21.19660000  17.80520000  20.08620000  3
590  1  26.99980000  22.30090000  29.92320000  4
591  1  20.67460000  2.86192000  7.36239000  4
592  1  26.61850000  11.60360000  36.19620000  4
593  1  3.16891000  37.37990000  21.79010000  4
594  1  21.62220000  18.92500000  27.65830000  4
595  1  11.65870000  25.46240000  6.89123000  4
596  1  16.63740000  11.93970000  19.75180000  4
597  1  34.94660000  9.05341000  36.63410000  4
598  1  1.09215000  34.15540000  4.48829000  4
599  1  11.80990000  29.27650000  33.16230000  4
600  1  8.08180000  0.70841300  2.32604000  4
601  1  10.17630000  13.53650000  35.18470000  4
602  1  16.74010000  17.17700000  1.49773000  4
603  1  6.30776000  15.16580000  18.84590000  4
604  1  21.19560000  9.08823000  30.09250000  4
605  1  23.54990000  35.15830000  22.23450000  4
606  1  5.42443000  13.48080000  4.24364000  3
607  1  11.48060000  33.44600000  28.23330000  3
608  1  25.25500000  19.63010000  36.03630000  4
609  1  15.48650000  29.54410000  1.56388000  3
610  1  26.72510000  18.95780000  22.21900000  4
611  1  7.40198000  2.77656000  24.86700000  4
612  1  5.10190000  24.87280000  8.62814000  4
613  1  19.49470000  32.24440000  35.67660000  4
614  1  23.58960000  2.48168000  36.02440000  4
615  1  10.52640000  31.82240000  17.43470000  4
616  1  18.57150000  17.74550000  4.52657000  3
617  1  16.52770000  23.86500000  8.02323000  4
618  1  34.03110000  28.34650000  8.14967000  4
619  1  19.39350000  7.90480000  21.57700000  4
620  1  22.00470000  6.49673000  31.60910000  4
621  1  0.70198200  23.57240000  31.40800000  3
622  1  18.47920000  27.46610000  4.32592000  4
623  1  0.88626700  5.29436000  16.78230000  4
624  1  10.89450000  28.07010000  24.10590000  3
625  1  0.21207900  20.43080000  5.56284000  4
626  1  35.37260000  15.51320000  14.80260000  4
627  1  29.67580000  24.99950000  5.52036000  4
628  1  11.95970000  14.82600000  15.87610000  4
629  1  9.28563000  8.62816000  2.70617000  4
630  1  26.92830000  34.39420000  29.84920000  4
631  1  10.94390000  33.54230000  34.37570000  4
632  1  32.84200000  31.00430000  16.91290000  3
633  1  17.20440000  16.01510000  32.44520000  4
634  1  27.99790000  25.94210000  0.53838000  4
635  1  24.19950000  6.46371000  1.63210000  4
636  1  9.76445000  16.29400000  28.46250000  3
637  1  19.36600000  33.27650000  32.01330000  3
638  1  4.66447000  2.98894000  9.10969000  4
639  1  2.62170000  10.47940000  7.55057000  4
640  1  8.70766000  18.40920000  9.90514000  4
641  1  35.07200000  15.32680000  32.70240000  4
642  1  5.77829000  6.12688000  7.52015000  4
643  1  2.78026000  35.39530000  7.93914000  4
644  1  3.19668000  34.20650000  32.85020000  4
645  1  12.03640000  5.82348000  29.98320000  3
646  1  26.58060000  12.96260000  28.15670000  4
647  1  17.09030000  34.99070000  25.50510000  4
648  1  3.01187000  20.07640000  9.27000000  4
649  1  35.52140000  9.29775000  9.32867000  4
650  1  18.33670000  9.98421000  33.19520000  4
651  1  17.14490000  11.17540000  7.58642000  4
652  1  27.09340000  19.47140000  9.48916000  4
653  1  36.55030000  35.42490000  12.81450000  4
654  1  17.05400000  10.82120000  9.82474000  4
655  1  5.54201000  0.88312600  35.85190000  3
656  1  7.74824000  11.34140000  17.70180000  3
657  1  12.82680000  12.57540000  6.91569000  4
658  1  19.46530000  9.88106000  20.30550000  4
659  1  29.51020000  1.91384000  22.59980000  3
660  1  24.65420000  30.84520000  27.17100000  3
661  1  7.71845000  10.10860000  23.37340000  4
662  1  32.60090000  3.98620000  16.40650000  3
663  1  29.57860000  15.01680000  17.07360000  3
664  1  26.77210000  35.07230000  27.35250000  4
665  1  7.44113000  32.29520000  28.85770000  3
666  1  4.44924000  4.56621000  25.43000000  3
667  1  14.16420000  29.36780000  0.84546000  4
668  1  0.69753600  1.30887000  26.13810000  4
669  1  29.99260000  10.85890000  1.76850000  3
670  1  3.67341000  18.18930000  28.12730000  4
671  1  15.74750000  28.89860000  27.69910000  4
672  1  8.03388000  11.52120000  10.07220000  4
673  1  23.61130000  26.39990000  1.03298000  4
674  1  34.67010000  18.27160000  4.95950000  3
675  1  5.76402000  7.15602000  20.68150000  4
676  1  34.81530000  29.11050000  16.91330000  4
677  1  29.03550000  18.57780000  22.55510000  4
678  1  1.91102000  14.21590000  18.94160000  3
679  1  28.11730000  32.68900000  31.43040000  4
680  1  23.33850000  29.81870000  25.20690000  4
681  1  36.64260000  2.97756000  26.77400000  4
682  1  23.21240000  4.39244000  32.77820000  4
683  1  24.78040000  23.54240000  22.48480000  3
684  1  2.31965000  36.72460000  35.33680000  4
685  1  34.17620000  11.10050000  32.86800000  4
686  1  15.30810000  32.66380000  9.17342000  4
687  1  33.60670000  19.86150000  0.92210200  4
688  1  22.72600000  33.15580000  30.38030000  4
689  1  32.32310000  21.74890000  4.28587000  3
690  1  24.55950000  12.87480000  8.93762000  4
691  1  10.10230000  17.47320000  25.31000000  4
692  1  4.28319000  18.41230000  18.92440000  4
693  1  37.05370000  19.56170000  1.10964000  3
694  1  7.26376000  33.06480000  12.98190000  3
695  1  15.63480000  22.54360000  1.89393000  4
696  1  8.60551000  34.62790000  27.30330000  4
697  1  30.17730000  14.46220000  34.81810000  4
698  1  23.26630000  0.95448300  6.33159000  4
699  1  34.52940000  7.90870000  20.15240000  3
700  1  13.79530000  7.81670000  33.15750000  4
701  1  5.43816000  25.00620000  11.66350000  3
702  1  2.03309000  18.85440000  4.77732000  3
703  1  16.28390000  3.60707000  23.21020000  4
704  1  26.52680000  20.60760000  22.07930000  4
705  1  22.59640000  25.83160000  24.10560000  4
706  1  14.21670000  4.25114000  34.61440000  4
707  1  5.62653000  14.01120000  36.73990000  4
708  1  21.75880000  2.16227000  10.89840000  4
709  1  30.12520000  34.03990000  19.02100000  4
710  1  37.33780000  10.39150000  3.24923000  4
711  1  30.29610000  27.58240000  22.06860000  4
712  1  27.13360000  20.89440000  1.05697000  4
713  1  4.11767000  25.95890000  1.80588000  3
714  1  6.78268000  33.43840000  6.92186000  4
715  1  4.87513000  31.90250000  10.09170000  4
716  1  16.12550000  7.92312000  26.54870000  4
717  1  0.41563300  26.33660000  16.84530000  4
718  1  0.82924600  19.26930000  12.14740000  4
719  1  36.05840000  29.14870000  2.60005000  4
720  1  8.99726000  1.11202000  17.08880000  3
721  1  10.46580000  25.54730000  26.35540000  4
722  1  11.04760000  20.94950000  21.12900000  4
723  1  15.12070000  21.82770000  27.57770000  4
724  1  18.46180000  10.80820000  20.96490000  4
725  1  29.05120000  31.20100000  28.40280000  4
726  1  13.19090000  3.00511000  16.69380000  4
727  1  31.19530000  14.13010000  0.73232100  4
728  1  10.90430000  11.60600000  4.84959000  4
729  1  20.68610000  19.92110000  36.94580000  4
730  1  2.04848000  5.65316000  25.88790000  3
731  1  14.03310000  11.92780000  23.81010000  4
732  1  26.85240000  16.53110000  25.20500000  4
733  1  20.13320000  1.44158000  15.26370000  4
734  1  9.94354000  31.39710000  8.61049000  4
735  1  14.29640000  16.82630000  35.79370000  4
736  1  21.99190000  27.06700000  9.51060000  4
737  1  3.45078000  27.18110000  19.75840000  4
738  1  28.90580000  17.35060000  35.26700000  4
739  1  34.66550000  33.48430000  5.28683000  4
740  1  2.71608000  4.90100000  7.14596000  4
741  1  1.49164000  16.56750000  36.50940000  4
742  1  13.09770000  0.19237900  22.26920000  4
743  1  6.93765000  8.63159000  25.33760000  4
744  1  22.80810000  24.74990000  28.03530000  3
745  1  11.54880000  24.85350000  31.30080000  3
746  1  15.24440000  12.59040000  7.34920000  3
747  1  26.16880000  19.70850000  28.70180000  3
748  1  0.22927300  18.95160000  9.17085000  4
749  1  23.48690000  16.84210000  28.67050000  4
750  1  2.76093000  35.68540000  1.36811000  4
751  1  27.87550000  15.90200000  28.05240000  4
752  1  21.02900000  26.82810000  28.98800000  4
753  1  15.98140000  6.55318000  34.23670000  3
754  1  11.64770000  14.42780000  1.10692000  4
755  1  19.53300000  35.55180000  1.11754000  4
756  1  7.38027000  13.46120000  6.63418000  3
757  1  3.74388000  31.67670000  34.95850000  3
758  1  8.18734000  17.10110000  26.59560000  4
759  1  32.41090000  34.38600000  21.74430000  4
760  1  15.67940000  22.71620000  8.73153000  3
761  1  21.03900000  27.61040000  13.48490000  4
762  1  16.87150000  8.70701000  15.61590000  4
763  1  24.00510000  15.14970000  16.63040000  4
764  1  16.47900000  22.35730000  30.00650000  4
765  1  29.21720000  24.84850000  15.34470000  4
766  1  0.27176300  35.39740000  6.34525000  4
767  1  3.00824000  29.53000000  19.08760000  4
768  1  24.80510000  33.48630000  28.82860000  3
769  1  32.12950000  31.29630000  7.01160000  4
770  1  0.50998300  23.55300000  10.06260000  4
771  1  21.26870000  0.20668700  24.48570000  4
772  1  30.29430000  4.17834000  21.71250000  4
773  1  23.65450000  9.13180000  17.23360000  4
774  1  0.96645400  26.50220000  7.96845000  4
775  1  5.08133000  15.88750000  18.46540000  3
776  1  24.30260000  9.98591000  22.00460000  4
777  1  19.30730000  30.63670000  9.35221000  3
778  1  21.01580000  5.18636000  23.15230000  4
779  1  5.33584000  2.11773000  11.40920000  3
780  1  16.41780000  31.47840000  23.93840000  4
781  1  16.49430000  22.86070000  22.29220000  4
782  1  35.52780000  17.55920000  12.73480000  4
783  1  16.53010000  30.00430000  30.44690000  3
784  1  20.20510000  25.12780000  9.82633000  4
785  1  23.47050000  21.72920000  32.49540000  4
786  1  8.51341000  13.32690000  28.95970000  3
787  1  14.57210000  0.75266800  16.77280000  4
788  1  9.66221000  33.39220000  2.15480000  4
789  1  2.24812000  29.10760000  1.24196000  4
790  1  3.01801000  11.17140000  22.91100000  4
791  1  10.83030000  9.69061000  30.05820000  4
792  1  22.40030000  1.17078000  1.34209000  4
793  1  35.95100000  9.72757000  25.00280000  4
794  1  10.65280000  34.47520000  12.42970000  4
795  1  11.14510000  18.14370000  3.85210000  4
796  1  27.39020000  19.28610000  17.03320000  3
797  1  0.45758200  18.75130000  35.01170000  4
798  1  2.00144000  30.55400000  25.54450000  4
799  1  29.98650000  21.01800000  1.45127000  3
800  1  36.27930000  10.85670000  20.78230000  3
801  1  34.55930000  28.80930000  15.43290000  4
802  1  20.08200000  26.14110000  27.94450000  4
803  1  13.00910000  26.76710000  24.70020000  4
804  1  9.91639000  3.67901000  14.85430000  4
805  1  16.89190000  34.67790000  5.11491000  4
806  1  1.75362000  32.26300000  7.89209000  4
807  1  27.53560000  9.02801000  9.15368000  4
808  1  4.35465000  25.38720000  34.53860000  4
809  1  26.00780000  27.32980000  26.57160000  4
810  1  35.41850000  18.12850000  25.96190000  3
811  1  23.30240000  10.46570000  23.03800000  4
812  1  30.90130000  35.44910000  29.52010000  4
813  1  25.37230000  35.17260000  15.26230000  3
814  1  19.15530000  19.48850000  7.55823000  4
815  1  3.89173000  33.63180000  2.08171000  4
816  1  33.06560000  24.10040000  36.00910000  4
817  1  12.39380000  10.90890000  11.33590000  4
818  1  11.92910000  0.97600500  27.81320000  4
819  1  10.59340000  16.27230000  26.17370000  4
820  1  33.57460000  10.47870000  3.16682000  4
821  1  28.31700000  16.60130000  13.72360000  4
822  1  10.31980000  25.23250000  36.66990000  4
823  1  29.47640000  15.17500000  36.08730000  4
824  1  33.97560000  0.67378400  4.70007000  4
825  1  14.09330000  7.36775000  15.84180000  4
826  1  32.64070000  16.69120000  24.65390000  4
827  1  33.85470000  26.77910000  27.71330000  3
828  1  13.12470000  25.16040000  6.74542000  3
829  1  35.19180000  34.98280000  0.51235000  4
830  1  21.73500000  26.25570000  13.46280000  4
831  1  23.43440000  23.86960000  25.67980000  4
832  1  33.58020000  5.47155000  30.39740000  4
833  1  17.91950000  20.70570000  12.49810000  4
834  1  9.46236000  37.06050000  17.23580000  4
835  1  11.51090000  11.35580000  17.53080000  4
836  1  23.06820000  0.98768100  27.91460000  4
837  1  12.72380000  2.14761000  31.54840000  4
838  1  5.57640000  21.22320000  35.27540000  4
839  1  11.62870000  13.88120000  4.11260000  4
840  1  28.68410000  33.72470000  13.98000000  3
841  1  10.14160000  15.88300000  4.49124000  4
842  1  30.26990000  16.08940000  29.07700000  4
843  1  3.60394000  23.51240000  12.20460000  4
844  1  3.33279000  30.07690000  14.68410000  4
845  1  3.33289000  21.10360000  18.16120000  4
846  1  29.89670000  31.57650000  10.56180000  3
847  1  18.15720000  33.92890000  29.12250000  3
848  1  19.97260000  29.77550000  10.39260000  4
849  1  18.17500000  15.26080000  26.16120000  3
850  1  0.95995200  9.89917000  34.56160000  3
851  1  25.39470000  27.62870000  11.36810000  4
852  1  21.89880000  21.36680000  21.96570000  3
853  1  21.37980000  28.84710000  7.83016000  3
854  1  19.97130000  10.62370000  27.75970000  3
855  1  20.12430000  36.46880000  12.05070000  4
856  1  7.93751000  20.22830000  8.45958000  4
857  1  0.35136000  32.62690000  33.10080000  4
858  1  14.74960000  2.01825000  21.11960000  3
859  1  24.31320000  13.37460000  22.34030000  4
860  1  7.20867000  16.69120000  34.70690000  4
861  1  36.97150000  19.93120000  4.27114000  4
862  1  26.89720000  6.34247000  33.38230000  4
863  1  32.84210000  19.05060000  7.81598000  4
864  1  35.73620000  9.12374000  16.25750000  4
865  1  28.98900000  4.78243000  11.55060000  4
866  1  9.85651000  5.41436000  23.71800000  4
867  1  36.52110000  11.64490000  10.33360000  3
868  1  33.35450000  35.71830000  4.64050000  4
869  1  20.70960000  31.27230000  4.33031000  3
870  1  21.33750000  11.88740000  23.57060000  4
871  1  18.26160000  7.56053000  33.74880000  4
872  1  28.28500000  0.31344600  32.86410000  3
873  1  5.46852000  17.09100000  1.56866000  4
874  1  25.45940000  12.79080000  29.32590000  4
875  1  6.05139000  31.35570000  5.78039000  4
876  1  3.56802000  22.06370000  0.54983400  3
877  1  7.68805000  5.83031000  21.36290000  4
878  1  21.52290000  27.89930000  23.48980000  3
879  1  4.16353000  2.14476000  27.01040000  3
880  1  18.37100000  35.92060000  23.60340000  4
881  1  28.78470000  15.52990000  29.33060000  4
882  1  24.83220000  10.15480000  15.11110000  4
883  1  33.25000000  1.37909000  12.30340000  4
884  1  37.32030000  5.65542000  19.16800000  4
885  1  1.84706000  25.63760000  34.72980000  4
886  1  23.43600000  23.73290000  33.59780000  4
887  1  26.31200000  14.60740000  21.71420000  3
888  1  21.10890000  30.85200000  13.43420000  4
889  1  17.63050000  17.52710000  26.57960000  3
890  1  27.57340000  22.70780000  37.22130000  4
891  1  15.59830000  19.09590000  21.45350000  4
892  1  10.95990000  20.76610000  15.13350000  4
893  1  28.38110000  7.50351000  24.32230000  4
894  1  22.52920000  35.48550000  5.15110000  3
895  1  23.05530000  15.24850000  20.57850000  3
896  1  6.07076000  29.56480000  10.10270000  4
897  1  36.29020000  10.40920000  13.62510000  4
898  1  34.29300000  7.59054000  36.76480000  4
899  1  15.55640000  16.38900000  30.68890000  3
900  1  31.13250000  29.86060000  19.46330000  3
901  1  4.18077000  6.95974000  16.70300000  3
902  1  14.39590000  36.91450000  0.18694600  3
903  1  28.92460000  36.56730000  27.37130000  4
904  1  17.35870000  20.38840000  10.10780000  4
905  1  26.03280000  27.83290000  36.67570000  3
906  1  26.59000000  23.61810000  34.10880000  4
907  1  7.06879000  36.20140000  21.40330000  4
908  1  6.65366000  16.68610000  2.51597000  4
909  1  27.91920000  15.93030000  7.81062000  4
910  1  9.43629000  10.36500000  19.23770000  4
911  1  23.17210000  10.48380000  25.91540000  3
912  1  3.39003000  9.90406000  9.02732000  4
913  1  1.08932000  11.25500000  11.49120000  4
914  1  28.23110000  36.91510000  23.71500000  4
915  1  30.30870000  27.60290000  19.40380000  4
916  1  21.47930000  32.68930000  2.33786000  3
917  1  28.16450000  16.39490000  33.08180000  4
918  1  29.01850000  8.44316000  13.62530000  4
919  1  27.30280000  0.14604500  30.63780000  4
920  1  4.85737000  34.24860000  30.90500000  3
921  1  23.17850000  33.28770000  4.95092000  4
922  1  22.78440000  21.14100000  36.54580000  4
923  1  36.06980000  33.90370000  15.43330000  4
924  1  35.79630000  15.91120000  22.91960000  4
925  1  16.51770000  13.24860000  3.81916000  4
926  1  33.73110000  21.48450000  16.33690000  4
927  1  33.62970000  20.87700000  32.31080000  4
928  1  12.16510000  12.53270000  24.98560000  4
929  1  20.67500000  32.85270000  17.61240000  4
930  1  29.57250000  29.62380000  8.53429000  4
931  1  21.70450000  16.56070000  1.19418000  4
932  1  34.22870000  17.61090000  3.61399000  4
933  1  0.34037900  23.13760000  28.03790000  4
934  1  25.11930000  26.22080000  18.41380000  4
935  1  14.60490000  10.77820000  12.40690000  4
936  1  20.65770000  4.19106000  12.75650000  4
937  1  34.20750000  32.28400000  22.41470000  3
938  1  22.74450000  22.79790000  19.43510000  4
939  1  26.68090000  7.65681000  9.15921000  4
940  1  3.09265000  34.90800000  22.77360000  3
941  1  2.04981000  20.23020000  18.73950000  4
942  1  21.70370000  12.59280000  30.44820000  4
943  1  4.48321000  3.25331000  14.57290000  4
944  1  15.86930000  20.57160000  10.26460000  4
945  1  26.48010000  32.21460000  36.56570000  4
946  1  13.14190000  14.18710000  36.23250000  4
947  1  16.32190000  12.75310000  12.19620000  4
948  1  24.93150000  32.68020000  23.20980000  4
949  1  16.26740000  23.20340000  15.38990000  3
950  1  37.44390000  24.68100000  24.83350000  4
951  1  16.95950000  0.03348480  36.60080000  3
952  1  26.12130000  2.95641000  30.69330000  3
953  1  34.34790000  2.10364000  14.51260000  3
954  1  27.24970000  0.79501000  21.66720000  4
955  1  31.45530000  18.81300000  10.76160000  4
956  1  24.96620000  31.11760000  17.61750000  4
957  1  36.61700000  35.96700000  0.68028100  4
958  1  26.94480000  34.34240000  22.49830000  4
959  1  34.32980000  2.48354000  0.52481200  4
960  1  5.93758000  30.10260000  16.07020000  4
961  1  23.24880000  27.65600000  25.50580000  4
962  1  0.88054300  9.59838000  5.62551000  4
963  1  35.09980000  0.98377800  29.44870000  4
964  1  17.57730000  26.18100000  27.88410000  4
965  1  30.04860000  24.84010000  21.30640000  3
966  1  9.50445000  27.43070000  13.61220000  3
967  1  11.50610000  17.77530000  17.54280000  3
968  1  2.18739000  20.05250000  31.47610000  4
969  1  23.87410000  8.73382000  21.17520000  4
970  1  0.24181400  16.00880000  31.92580000  4
971  1  7.74757000  22.10770000  20.26730000  4
972  1  3.94970000  20.68430000  27.64970000  4
973  1  27.89510000  36.83690000  22.13200000  4
974  1  15.62160000  32.27940000  32.32360000  4
975  1  5.53991000  21.61700000  13.12860000  4
976  1  4.56667000  9.39248000  12.42100000  3
977  1  14.49790000  12.35730000  2.46976000  4
978  1  24.87110000  35.62200000  7.04263000  4
979  1  5.90316000  5.79479000  18.06620000  3
980  1  22.90260000  26.09580000  5.80298000  4
981  1  35.92050000  22.94740000  34.18160000  4
982  1  12.50350000  18.09360000  10.04320000  4
983  1  6.81182000  27.56310000  7.18140000  3
984  1  27.81920000  16.34970000  22.85280000  3
985  1  11.82390000  16.18420000  23.24800000  3
986  1  19.60400000  22.53320000  12.81560000  4
987  1  26.41830000  13.17670000  36.40970000  4
988  1  2.51764000  17.55720000  20.81750000  4
989  1  2.38297000  23.09400000  14.53890000  4
990  1  12.42630000  15.07490000  37.37510000  4
991  1  28.78640000  20.81830000  0.67424100  4
992  1  27.01710000  15.22750000  35.25570000  4
993  1  6.49684000  18.18760000  24.62980000  3
994  1  37.02940000  2.23116000  0.11092300  4
995  1  26.22410000  10.40910000  15.68060000  4
996  1  6.60586000  32.25650000  18.62730000  4
997  1  2.26209000  16.05480000  4.05586000  3
998  1  13.48970000  16.09890000  0.55252400  4
999  1  23.26840000  22.65900000  9.28846000  4
1000  1  25.08740000  33.06390000  27.50590000  3
1001  1  10.85290000  17.09540000  32.05310000  4
1002  1  9.95832000  4.80250000  27.01330000  4
1003  1  34.32150000  14.06280000  13.44560000  4
1004  1  15.00610000  32.50460000  10.67350000  4
1005  1  13.08510000  21.23460000  16.60950000  4
1006  1  2.21478000  21.93360000  29.52980000  4
1007  1  28.16850000  22.39990000  17.98990000  3
1008  1  32.36300000  11.78970000  13.52930000  3
1009  1  32.53680000  35.71710000  10.33150000  4
1010  1  13.61690000  3.47837000  35.62580000  3
1011  1  35.58580000  36.12070000  23.28350000  4
1012  1  19.77140000  12.49000000  35.18720000  4
1013  1  9.50550000  25.38780000  15.54070000  4
1014  1  2.86182000  7.84321000  33.99520000  4
1015  1  36.22120000  14.34710000  27.46640000  4
1016  1  9.93117000  23.34230000  25.22460000  4
1017  1  22.51270000  23.77680000  32.50110000  3
1018  1  30.78230000  4.52399000  33.72740000  3
1019  1  2.22308000  3.97175000  20.01650000  3
1020  1  16.11770000  13.03480000  10.65630000  4
1021  1  26.37750000  11.53560000  2.34430000  4
1022  1  33.11720000  17.36930000  36.68420000  4
1023  1  7.62823000  19.84500000  30.97330000  4
1024  1  17.00270000  36.06540000  9.33363000  4
1025  1  11.89570000  18.48900000  35.52840000  4
1026  1  36.92730000  17.32100000  18.49150000  4
1027  1  25.81530000  24.83590000  13.83560000  4
1028  1  30.54050000  16.00650000  11.34110000  3
1029  1  34.57580000  13.73280000  10.91390000  3
1030  1  1.65760000  2.52556000  2.70951000  4
1031  1  2.74195000  2.50201000  1.56120000  4
1032  1  19.93120000  11.21120000  7.46597000  3
1033  1  11.63170000  2.54070000  16.62560000  4
1034  1  18.34350000  31.91270000  26.44560000  4
1035  1  4.51718000  32.91690000  23.38100000  4
1036  1  5.18997000  1.89218000  2.52152000  4
1037  1  6.73776000  13.84870000  18.21410000  3
1038  1  30.79910000  12.43360000  6.08431000  4
1039  1  25.78900000  32.74160000  3.04541000  3
1040  1  15.39800000  4.03798000  14.74200000  4
1041  1  17.62130000  6.84129000  16.47260000  3
1042  1  31.02750000  29.88040000  8.95877000  4
1043  1  1.45130000  35.23870000  8.77104000  4
1044  1  36.81240000  22.18030000  20.23900000  3
1045  1  31.67590000  20.44120000  13.70970000  4
1046  1  27.78390000  9.82854000  24.58230000  4
1047  1  3.28652000  14.41100000  5.17153000  4
1048  1  13.45970000  7.59634000  0.17986300  4
1049  1  12.45500000  14.79930000  25.73550000  4
1050  1  6.76747000  33.81930000  24.55260000  4
1051  1  23.14280000  4.95446000  29.52040000  3
1052  1  22.26740000  17.03480000  29.59490000  4
1053  1  23.09130000  19.92670000  4.69530000  4
1054  1  8.11405000  7.79475000  34.17470000  4
1055  1  32.66700000  6.49539000  17.67150000  3
1056  1  30.22900000  10.24460000  12.46520000  4
1057  1  22.43470000  27.01650000  28.53650000  4
1058  1  22.60710000  0.15898400  15.48920000  3
1059  1  24.16720000  27.72470000  12.40090000  4
1060  1  3.48979000  30.42310000  25.78850000  3
1061  1  14.12090000  11.59030000  18.48270000  4
1062  1  32.67680000  9.63919000  12.53290000  4
1063  1  2.42593000  37.03120000  26.57710000  4
1064  1  20.18420000  15.78180000  20.89210000  4
1065  1  9.76340000  13.33790000  23.05510000  4
1066  1  14.90340000  14.42020000  23.36480000  3
1067  1  12.83830000  11.95750000  26.22670000  4
1068  1  8.62785000  8.18880000  36.61890000  4
1069  1  22.91110000  0.58362200  7.81760000  4
1070  1  17.36150000  10.81000000  16.92010000  4
1071  1  12.91980000  20.74380000  4.15447000  4
1072  1  1.09345000  9.79922000  2.57869000  4
1073  1  36.16810000  7.32264000  27.94280000  4
1074  1  28.99860000  19.26950000  0.31173800  4
1075  1  9.02268000  19.84450000  21.63140000  4
1076  1  32.66050000  36.79860000  13.89730000  4
1077  1  14.43560000  35.79720000  7.09376000  4
1078  1  0.68135200  23.66800000  36.97690000  3
1079  1  5.60916000  32.59130000  7.87190000  4
1080  1  33.46580000  30.36270000  25.45950000  4
1081  1  10.83100000  33.91770000  29.39820000  3
1082  1  10.34320000  0.24807100  12.22240000  4
1083  1  2.28979000  19.06050000  15.90890000  4
1084  1  2.28261000  35.35380000  12.62660000  3
1085  1  31.04200000  8.63855000  15.35100000  4
1086  1  29.57990000  11.14260000  8.82909000  4
1087  1  14.82250000  7.29891000  28.28460000  3
1088  1  22.49020000  8.61419000  6.78976000  3
1089  1  25.14870000  20.74220000  21.39370000  4
1090  1  35.56910000  25.03310000  13.71180000  4
1091  1  36.04800000  17.75600000  5.36141000  4
1092  1  5.91521000  11.57260000  35.63640000  4
1093  1  4.65634000  36.50160000  14.71930000  3
1094  1  5.74497000  34.19790000  14.46880000  4
1095  1  18.20010000  13.12640000  16.25280000  4
1096  1  13.62300000  11.50000000  20.74010000  4
1097  1  5.34525000  19.27940000  15.72100000  4
1098  1  20.62920000  17.23250000  12.40410000  3
1099  1  18.48460000  2.18467000  18.77120000  4
1100  1  9.83701000  5.71885000  35.19820000  4
1101  1  9.16033000  5.58726000  21.05190000  4
1102  1  17.01450000  1.33444000  29.95190000  3
1103  1  1.73379000  21.33230000  30.97660000  4
1104  1  5.49564000  25.46420000  7.13680000  4
1105  1  22.06940000  14.08750000  20.51300000  4
1106  1  12.79830000  18.74030000  20.38510000  3
1107  1  18.93320000  28.36620000  34.31440000  4
1108  1  14.67540000  1.70144000  34.07890000  4
1109  1  23.32420000  3.44093000  18.72300000  4
1110  1  19.14600000  26.10860000  12.81620000  3
1111  1  29.94100000  1.46908000  27.52130000  4
1112  1  2.86713000  10.45100000  10.34410000  4
1113  1  1.42373000  9.20654000  27.26840000  4
1114  1  21.25030000  3.63139000  28.39550000  4
1115  1  29.49480000  1.68492000  35.08400000  4
1116  1  8.80956000  29.29090000  35.42950000  3
1117  1  2.11197000  8.81635000  4.93515000  4
1118  1  20.14060000  12.03360000  4.81565000  4
1119  1  21.48570000  10.57930000  32.09230000  4
1120  1  19.17190000  20.12370000  36.76630000  4
1121  1  15.21400000  2.81559000  12.44510000  3
1122  1  16.01230000  11.80530000  30.44620000  3
1123  1  16.93070000  2.63169000  0.71580000  4
1124  1  5.53719000  19.34720000  14.20320000  4
1125  1  11.96320000  32.34430000  10.04570000  4
1126  1  28.12690000  24.61170000  8.52400000  4
1127  1  19.20860000  7.14188000  9.72825000  4
1128  1  35.56180000  0.06530230  19.30670000  4
1129  1  1.37410000  37.39100000  32.18670000  4
1130  1  26.87060000  25.14750000  29.71610000  4
1131  1  6.84885000  25.66590000  24.98380000  4
1132  1  35.10720000  4.23797000  17.77760000  3
1133  1  23.81900000  28.12300000  36.60830000  4
1134  1  32.19960000  9.64189000  35.71910000  4
1135  1  15.02780000  8.86947000  2.11843000  3
1136  1  2.14057000  36.75320000  24.11660000  4
1137  1  37.15460000  14.88630000  35.96840000  4
1138  1  24.23680000  31.97760000  8.45315000  3
1139  1  17.66100000  13.65080000  31.94020000  3
1140  1  7.59052000  14.63270000  0.61277100  4
1141  1  31.86140000  37.11690000  0.13611100  4
1142  1  14.73460000  10.76670000  10.86810000  4
1143  1  12.10450000  21.25510000  36.29620000  4
1144  1  4.35794000  5.78784000  30.97150000  4
1145  1  24.28820000  14.47350000  34.10160000  4
1146  1  23.83680000  3.55640000  31.63980000  4
1147  1  23.71920000  28.37450000  20.04650000  4
1148  1  28.69890000  25.60010000  34.23790000  4
1149  1  7.56264000  17.89030000  7.49777000  3
1150  1  3.96521000  26.80810000  36.92920000  4
1151  1  29.86700000  36.35830000  14.05040000  3
1152  1  8.25712000  25.43410000  16.58410000  4
1153  1  20.33350000  3.09311000  17.11340000  3
1154  1  28.30760000  4.67741000  31.27010000  3
1155  1  17.07370000  19.49110000  36.02050000  3
1156  1  8.44813000  1.44839000  21.08280000  4
1157  1  28.39070000  22.45210000  19.39000000  3
1158  1  20.47800000  6.94005000  32.05270000  4
1159  1  3.08820000  1.29091000  30.91840000  4
1160  1  14.08460000  6.64202000  25.21430000  4
1161  1  30.39980000  10.63280000  11.00740000  4
1162  1  30.77090000  21.72830000  32.32490000  4
1163  1  17.75300000  15.70570000  12.14640000  4
1164  1  30.93330000  13.06670000  27.16250000  3
1165  1  34.82300000  21.94080000  33.82670000  3
1166  1  31.22690000  31.24400000  20.06900000  4
1167  1  0.32430000  24.26930000  7.61602000  4
1168  1  12.08540000  7.41390000  14.84190000  4
1169  1  9.67641000  14.51590000  8.19550000  3
1170  1  12.18450000  5.68925000  34.08630000  4
1171  1  17.79450000  25.90870000  10.39110000  4
1172  1  12.39230000  27.14430000  22.40930000  3
1173  1  34.91490000  14.02230000  2.14463000  3
1174  1  0.04382770  7.99011000  13.38930000  4
1175  1  12.63920000  18.04850000  26.90840000  4
1176  1  1.58532000  21.25420000  3.88930000  4
1177  1  6.87764000  29.63190000  31.08030000  3
1178  1  5.92651000  13.29140000  8.62954000  4
1179  1  0.87155900  7.77922000  20.72390000  4
1180  1  36.87870000  14.29940000  12.60790000  4
1181  1  27.19070000  36.19520000  35.14130000  4
1182  1  23.48120000  28.83340000  13.20400000  4
1183  1  29.62830000  7.33048000  36.87770000  4
1184  1  0.12896600  23.58200000  25.80950000  3
1185  1  35.33270000  10.69320000  19.69310000  3
1186  1  0.99257600  31.00560000  21.50190000  3
1187  1  31.74610000  17.57130000  6.10867000  3
1188  1  12.37300000  27.92540000  1.33846000  3
1189  1  25.03080000  13.29040000  24.81540000  3
1190  1  16.54490000  19.87680000  28.35880000  4
1191  1  23.80880000  14.25020000  2.49919000  4
1192  1  21.31880000  21.51880000  14.53470000  4
1193  1  3.54835000  35.52410000  12.00700000  3
1194  1  1.17485000  30.98600000  36.53280000  3
1195  1  14.51540000  26.63010000  1.77434000  4
1196  1  22.76030000  36.43710000  29.84860000  4
1197  1  0.61753200  14.36430000  6.13200000  4
1198  1  20.87470000  25.24010000  14.15910000  4
1199  1  22.99560000  25.21720000  25.35040000  3
1200  1  36.77290000  1.83060000  10.39730000  4
1201  1  10.05950000  9.56863000  28.72560000  4
1202  1  18.73000000  16.39420000  14.67650000  4
1203  1  28.81380000  22.84490000  6.82381000  3
1204  1  5.63799000  11.00210000  9.56483000  4
1205  1  23.47290000  11.97280000  6.69716000  4
1206  1  22.22490000  34.75490000  32.23690000  4
1207  1  27.39600000  9.49474000  36.82960000  4
1208  1  14.08400000  21.31010000  21.40010000  3
1209  1  9.19757000  5.55014000  36.55850000  4
1210  1  8.34244000  36.75660000  2.70328000  4
1211  1  37.35020000  0.93960000  14.88710000  4
1212  1  0.98773900  27.07790000  3.55619000  4
1213  1  30.04480000  36.83980000  11.78250000  4
1214  1  32.18950000  5.37173000  9.59515000  4
1215  1  6.42213000  24.64350000  28.95090000  4
1216  1  33.20280000  1.53578000  23.39130000  4
1217  1  32.94600000  33.95380000  27.05300000  4
1218  1  2.99509000  2.09786000  10.46910000  4
1219  1  19.65000000  9.23753000  1.44571000  3
1220  1  5.80627000  36.22030000  0.32017900  3
1221  1  25.48890000  32.37990000  16.78220000  4
1222  1  19.87330000  18.30830000  16.13330000  3
1223  1  22.02530000  25.14340000  6.41833000  4
1224  1  17.72770000  7.89879000  36.19830000  3
1225  1  12.81920000  29.67250000  3.01623000  4
1226  1  13.03640000  34.46670000  11.46220000  4
1227  1  8.18567000  35.63920000  6.63960000  4
1228  1  14.42520000  0.56411400  6.42730000  4
1229  1  25.19950000  21.18070000  36.67760000  4
1230  1  32.02120000  35.33120000  14.19430000  4
1231  1  27.30670000  11.68690000  33.97690000  3
1232  1  31.63130000  24.57760000  3.16762000  4
1233  1  16.15480000  9.51449000  26.94490000  4
1234  1  14.28920000  20.44020000  3.56602000  4
1235  1  24.46920000  27.97900000  32.86550000  4
1236  1  24.95690000  23.85170000  24.97430000  4
1237  1  12.68250000  27.04060000  26.29780000  4
1238  1  18.95120000  24.90220000  12.09220000  3
1239  1  25.27450000  1.71088000  28.52320000  4
1240  1  30.35240000  31.63030000  16.85650000  3
1241  1  20.74300000  20.00900000  20.38930000  4
1242  1  3.35101000  11.41890000  35.45730000  4
1243  1  37.22500000  33.10130000  9.26016000  4
1244  1  36.85880000  7.77889000  24.83440000  4
1245  1  14.34530000  33.16870000  12.98480000  4
1246  1  25.76600000  18.78370000  15.37920000  4
1247  1  1.87325000  32.17870000  15.42000000  3
1248  1  9.66775000  26.95630000  5.97500000  4
1249  1  6.86871000  6.44672000  4.39855000  4
1250  1  4.80618000  37.10250000  1.07028000  4
1251  1  18.37970000  18.06080000  31.86750000  3
1252  1  19.76360000  28.87590000  36.72790000  4
1253  1  10.37990000  0.69255800  7.20213000  4
1254  1  23.14750000  2.61535000  10.78560000  4
1255  1  22.05190000  12.98120000  14.02170000  3
1256  1  25.10370000  22.73180000  14.38140000  3
1257  1  27.14100000  5.44656000  30.78340000  4
1258  1  29.96380000  0.49165000  18.06780000  4
1259  1  16.83000000  7.41398000  31.84110000  4
1260  1  10.89100000  18.56720000  21.89820000  4
1261  1  15.25220000  25.86610000  23.99220000  4
1262  1  24.70830000  24.05650000  14.35840000  3
1263  1  10.35910000  29.56430000  12.80300000  3
1264  1  2.37645000  0.64943700  18.74320000  4
1265  1  5.92003000  4.31670000  32.24950000  4
1266  1  17.81770000  36.86630000  10.43830000  4
1267  1  6.76001000  17.39450000  11.22840000  4
1268  1  2.16571000  6.52210000  33.39200000  4
1269  1  21.75630000  33.50420000  19.74220000  4
1270  1  20.32030000  2.57939000  1.92697000  4
1271  1  10.50620000  8.69864000  27.45280000  3
1272  1  34.02230000  7.14494000  10.17330000  4
1273  1  37.06550000  34.60220000  29.20020000  4
1274  1  30.69550000  6.01246000  16.38300000  3
1275  1  24.13970000  36.37550000  3.11928000  4
1276  1  7.34818000  6.39692000  6.93738000  4
1277  1  22.89610000  12.12090000  29.31980000  4
1278  1  18.03250000  21.49740000  1.24572000  4
1279  1  17.40700000  11.20140000  28.39210000  4
1280  1  20.52920000  15.12620000  11.07900000  3
1281  1  22.56950000  8.09643000  15.16140000  4
1282  1  14.71120000  10.68120000  35.27170000  4
1283  1  24.14600000  25.91090000  19.51920000  4
1284  1  9.39553000  35.33170000  21.55060000  4
1285  1  4.98546000  23.38930000  16.01830000  4
1286  1  19.46630000  23.21340000  15.04600000  4
1287  1  12.92130000  24.65250000  16.47060000  4
1288  1  34.40470000  7.32737000  0.83189100  4
1289  1  8.46583000  3.38804000  35.70610000  4
1290  1  34.85450000  11.06290000  2.79493000  3
1291  1  32.30600000  32.71840000  27.71080000  4
1292  1  36.99140000  7.31614000  9.44586000  4
1293  1  35.85390000  0.12566000  2.44104000  3
1294  1  20.49220000  24.06750000  18.39610000  4
1295  1  25.97510000  30.86560000  6.09507000  3
1296  1  37.14500000  16.53480000  34.73270000  4
1297  1  33.02030000  16.57960000  7.88384000  3
1298  1  22.61630000  30.08320000  0.23647000  4
1299  1  23.24680000  20.24000000  14.62310000  3
1300  1  4.81835000  26.91880000  13.02300000  4
1301  1  4.12594000  8.76636000  30.51140000  3
1302  1  24.29330000  15.84240000  13.96770000  4
1303  1  18.09870000  14.34440000  21.07050000  4
1304  1  33.95850000  17.61130000  22.67360000  4
1305  1  19.08160000  32.89550000  28.68110000  4
1306  1  25.57440000  33.70680000  22.33840000  3
1307  1  15.42800000  15.01230000  31.14290000  4
1308  1  20.70740000  35.42590000  2.15024000  4
1309  1  16.61690000  19.20690000  19.03670000  4
1310  1  26.08820000  32.84530000  35.28190000  3
1311  1  22.89940000  11.18600000  31.58730000  4
1312  1  5.62310000  22.41010000  1.81180000  3
1313  1  36.76760000  21.09040000  10.34440000  4
1314  1  18.45900000  27.36090000  5.94004000  4
1315  1  28.22630000  19.59130000  12.50150000  3
1316  1  33.87140000  5.65654000  20.92670000  3
1317  1  13.02750000  29.41680000  31.27220000  4
1318  1  11.27080000  22.93730000  6.29936000  4
1319  1  4.37797000  17.72690000  33.47070000  3
1320  1  18.58030000  24.46520000  21.47690000  4
1321  1  22.60850000  30.50370000  20.72360000  4
1322  1  16.43790000  12.17760000  27.65180000  4
1323  1  14.73860000  3.60171000  3.77051000  3
1324  1  8.36881000  21.36020000  12.54500000  4
1325  1  20.91620000  37.32950000  27.69270000  4
1326  1  11.93240000  24.99110000  23.08370000  4
1327  1  31.79490000  22.91640000  32.54170000  3
1328  1  9.63584000  24.36760000  5.61485000  4
1329  1  36.24960000  15.01630000  15.93880000  4
1330  1  35.82720000  27.34660000  21.95530000  4
1331  1  21.81420000  4.53331000  2.68671000  4
1332  1  2.85470000  33.63800000  5.92824000  4
1333  1  13.91020000  18.20280000  26.00030000  4
1334  1  28.38080000  6.14147000  6.01904000  4
1335  1  9.51565000  19.25260000  19.68150000  3
1336  1  0.19723500  12.91070000  32.17570000  4
1337  1  34.64640000  17.56040000  1.24216000  4
1338  1  5.46868000  5.89848000  4.42338000  4
1339  1  0.94129900  3.52541000  12.21090000  4
1340  1  24.98310000  21.76700000  4.23967000  4
1341  1  14.31890000  28.14110000  37.27510000  4
1342  1  37.05270000  0.15568000  5.76722000  4
1343  1  31.87190000  9.55180000  27.91330000  4
1344  1  1.68361000  23.24790000  23.60260000  4
1345  1  3.16739000  33.84760000  10.46820000  4
1346  1  25.54490000  32.86920000  31.08610000  3
1347  1  30.60440000  37.02020000  21.34510000  3
1348  1  34.72360000  12.76110000  7.28095000  3
1349  1  32.56420000  19.96950000  10.09250000  4
1350  1  6.79994000  32.17870000  17.10260000  4
1351  1  4.75258000  26.30640000  4.72211000  4
1352  1  30.54470000  28.41280000  32.07680000  3
1353  1  19.99510000  22.21450000  36.26570000  4
1354  1  3.28603000  0.89142300  3.68970000  3
1355  1  13.04690000  20.18830000  11.37880000  4
1356  1  16.23770000  17.08480000  31.84600000  4
1357  1  33.02080000  2.26325000  35.60180000  4
1358  1  15.53590000  7.26643000  6.42416000  3
1359  1  4.77723000  14.02300000  16.46100000  3
1360  1  27.95700000  26.14820000  33.03440000  4
1361  1  18.13860000  1.64478000  0.64355200  4
1362  1  33.50180000  32.88810000  15.35880000  3
1363  1  9.59692000  7.07585000  32.29720000  4
1364  1  15.12350000  31.27620000  15.41280000  4
1365  1  16.66370000  6.54688000  3.76391000  4
1366  1  22.27620000  29.02210000  33.44730000  3
1367  1  16.08960000  1.08636000  18.96530000  4
1368  1  4.73305000  18.21930000  8.36331000  4
1369  1  4.19859000  0.86334400  36.41900000  4
1370  1  18.69290000  36.15930000  5.87799000  4
1371  1  1.50270000  4.93362000  3.31047000  3
1372  1  2.99745000  32.16840000  31.34030000  4
1373  1  35.62970000  33.88730000  29.44480000  4
1374  1  18.31190000  10.69810000  30.68700000  4
1375  1  14.28790000  37.26640000  3.97426000  4
1376  1  16.76340000  30.38270000  20.74170000  4
1377  1  17.64230000  4.41974000  20.34740000  4
1378  1  34.68740000  18.43660000  31.43690000  4
1379  1  8.50443000  14.79250000  16.96100000  3
1380  1  24.76970000  20.31480000  6.37591000  3
1381  1  27.04780000  7.38777000  18.38640000  4
1382  1  11.62340000  21.45650000  19.79820000  3
1383  1  27.36660000  4.57585000  19.70940000  4
1384  1  32.93400000  5.65938000  11.96180000  4
1385  1  37.29660000  22.37600000  9.47178000  4
1386  1  36.34590000  19.10870000  37.33770000  4
1387  1  21.35800000  22.16530000  0.94742200  4
1388  1  21.33140000  2.50720000  6.04592000  3
1389  1  19.04640000  20.17310000  24.37440000  4
1390  1  32.55610000  8.38364000  27.18800000  4
1391  1  30.34450000  9.76508000  2.73419000  4
1392  1  10.07710000  37.40620000  25.49250000  4
1393  1  12.79640000  10.59470000  32.30350000  4
1394  1  34.12240000  24.31900000  13.74680000  4
1395  1  9.03550000  34.76730000  16.36430000  4
1396  1  4.85658000  25.33800000  12.96930000  4
1397  1  18.97130000  6.96220000  1.08402000  4
1398  1  26.89150000  13.73400000  32.70960000  4
1399  1  6.86092000  25.17740000  30.31940000  3
1400  1  17.84170000  8.72276000  18.19570000  4
1401  1  1.83010000  30.00640000  24.12750000  4
1402  1  20.14300000  6.16704000  33.35860000  4
1403  1  20.44000000  21.98440000  11.44270000  4
1404  1  9.44394000  25.01430000  3.24547000  4
1405  1  21.59380000  32.74060000  21.08590000  4
1406  1  22.46460000  21.58920000  25.14340000  3
1407  1  13.31710000  16.07380000  2.02897000  4
1408  1  14.19590000  33.51940000  23.08300000  3
1409  1  6.14745000  10.78090000  15.03140000  3
1410  1  6.67954000  17.63410000  18.86610000  4
1411  1  14.84280000  33.18890000  18.31660000  4
1412  1  20.53000000  37.41930000  0.05697440  3
1413  1  17.95890000  7.26581000  37.43380000  3
1414  1  24.86240000  9.47932000  5.57483000  3
1415  1  0.51846600  36.61320000  20.31570000  3
1416  1  36.59500000  5.22959000  14.12120000  3
1417  1  26.63320000  22.94830000  12.49060000  3
1418  1  32.19740000  24.73830000  11.89600000  4
1419  1  24.26470000  37.14680000  19.24790000  3
1420  1  0.10493300  23.74490000  2.35434000  4
1421  1  19.83740000  37.06140000  6.45292000  4
1422  1  23.19190000  6.34990000  36.77660000  3
1423  1  28.83300000  31.36810000  33.21970000  4
1424  1  3.02878000  30.56990000  12.22590000  4
1425  1  34.68840000  12.67020000  21.34080000  4
1426  1  35.29160000  30.15160000  36.65250000  4
1427  1  23.97750000  13.20590000  29.66890000  4
1428  1  9.96233000  1.30613000  34.70820000  3
1429  1  20.22420000  25.64750000  34.04110000  3
1430  1  8.61496000  35.96390000  27.85480000  4
1431  1  13.82870000  22.30880000  28.12390000  4
1432  1  34.70960000  34.85510000  28.64560000  4
1433  1  6.85908000  28.57580000  12.59450000  3
1434  1  33.14710000  37.01270000  35.72410000  3
1435  1  13.00390000  3.08623000  30.20580000  4
1436  1  30.19920000  3.33394000  2.61474000  4
1437  1  11.22270000  35.23940000  30.09050000  4
1438  1  29.20000000  14.17300000  24.10300000  4
1439  1  15.73140000  3.86842000  36.69010000  4
1440  1  22.37990000  1.26128000  24.77630000  3
1441  1  19.84610000  16.82820000  23.70870000  4
1442  1  27.58000000  23.93490000  36.43650000  3
1443  1  11.37350000  1.61090000  14.20570000  4
1444  1  24.78210000  34.63890000  21.52660000  4
1445  1  10.00080000  25.83570000  29.89230000  3
1446  1  21.48690000  5.95036000  2.62800000  3
1447  1  36.41530000  17.66310000  14.03160000  4
1448  1  23.89010000  19.14810000  33.84300000  4
1449  1  24.39800000  14.73780000  35.71660000  4
1450  1  17.13870000  19.61710000  4.06494000  3
1451  1  16.24670000  4.80600000  10.60450000  3
1452  1  23.76490000  26.05370000  23.22270000  3
1453  1  24.34750000  13.02100000  0.40647700  4
1454  1  37.38260000  29.44670000  30.79540000  3
1455  1  10.99350000  16.64830000  1.63502000  3
1456  1  1.82950000  32.78920000  24.42370000  3
1457  1  24.55140000  34.98540000  30.64730000  4
1458  1  2.06276000  21.71820000  25.03350000  4
1459  1  17.95660000  20.87570000  8.86946000  3
1460  1  11.93610000  18.49310000  7.12812000  4
1461  1  30.91480000  34.03490000  7.90079000  3
1462  1  4.28668000  31.77420000  36.38350000  4
1463  1  10.78320000  20.76650000  27.12100000  4
1464  1  13.44160000  4.20213000  18.94000000  4
1465  1  2.18449000  12.32680000  27.87680000  3
1466  1  20.21360000  4.07493000  30.59960000  3
1467  1  19.17030000  33.35980000  0.53016800  4
1468  1  5.90730000  28.84820000  35.60600000  3
1469  1  10.65070000  31.16320000  34.09460000  4
1470  1  0.19623600  19.32500000  17.13340000  4
1471  1  27.80250000  3.39987000  9.71253000  4
1472  1  19.49580000  25.18170000  31.84830000  3
1473  1  19.41230000  16.62900000  18.55830000  4
1474  1  6.29705000  25.54290000  14.99670000  4
1475  1  35.84970000  4.73175000  2.57997000  4
1476  1  32.02070000  21.90360000  14.18820000  4
1477  1  29.83680000  24.94270000  24.59400000  4
1478  1  5.25700000  2.37382000  15.52430000  4
1479  1  29.29760000  28.20260000  14.18630000  3
1480  1  7.25871000  0.69757800  23.45300000  4
1481  1  16.50720000  26.78910000  14.17000000  4
1482  1  25.74200000  9.06061000  26.24330000  4
1483  1  11.73290000  2.09424000  3.26144000  4
1484  1  4.97350000  2.05345000  6.66896000  4
1485  1  30.12090000  29.09380000  22.09540000  3
1486  1  36.32520000  27.75490000  32.19860000  3
1487  1  10.75410000  2.14454000  21.32670000  4
1488  1  27.37080000  30.44540000  2.81123000  4
1489  1  36.50360000  36.44800000  32.58630000  3
1490  1  35.23280000  1.03257000  24.39930000  4
1491  1  13.58410000  15.30910000  12.17690000  3
1492  1  26.93860000  5.52429000  23.90570000  4
1493  1  28.71660000  36.21160000  19.92380000  4
1494  1  5.91728000  7.47692000  9.85226000  4
1495  1  8.62378000  21.12210000  29.20410000  4
1496  1  7.48707000  36.35260000  28.95760000  3
1497  1  2.62238000  22.28060000  17.19960000  4
1498  1  22.66550000  16.87420000  35.58860000  4
1499  1  37.08320000  21.63780000  23.47540000  4
1500  1  10.40040000  22.45230000  8.57813000  4
1501  1  17.04450000  14.84460000  31.44260000  4
1502  1  32.98440000  10.67600000  33.75260000  4
1503  1  22.70380000  15.98590000  21.79590000  4
1504  1  15.03040000  16.58120000  21.99040000  3
1505  1  11.20330000  14.39990000  13.57530000  3
1506  1  12.98310000  19.48970000  35.07210000  4
1507  1  28.20000000  14.55810000  27.18760000  4
1508  1  12.77160000  14.06320000  33.57310000  4
1509  1  8.80613000  16.33460000  37.00050000  4
1510  1  18.41230000  23.37340000  9.97203000  4
1511  1  19.71580000  27.50290000  12.44570000  4
1512  1  14.50560000  1.47205000  10.43120000  4
1513  1  15.29070000  35.64010000  22.30240000  4
1514  1  2.58858000  7.38727000  7.82667000  4
1515  1  17.29790000  7.58048000  28.66000000  4
1516  1  29.17590000  25.67600000  20.56700000  4
1517  1  36.49360000  2.52049000  19.15350000  4
1518  1  2.29540000  11.97740000  12.20540000  4
1519  1  33.07370000  28.10620000  30.29350000  4
1520  1  9.57796000  22.19890000  29.76320000  4
1521  1  35.18380000  22.02180000  0.62999100  4
1522  1  21.94710000  33.77710000  23.61710000  4
1523  1  16.81000000  31.03930000  35.75630000  4
1524  1  6.31680000  20.59840000  13.84450000  4
1525  1  21.02760000  29.26450000  23.65080000  4
1526  1  25.82420000  7.77844000  17.47920000  4
1527  1  20.82990000  28.75950000  30.77300000  4
1528  1  18.66960000  6.07764000  33.41380000  4
1529  1  10.31980000  24.80110000  31.94400000  3
1530  1  13.18710000  23.13220000  2.53869000  4
1531  1  37.29700000  37.31620000  24.29590000  4
1532  1  22.86320000  26.27860000  32.21220000  4
1533  1  37.02930000  3.73897000  0.49638400  4
1534  1  4.16750000  27.72980000  24.92530000  4
1535  1  27.23710000  23.30370000  1.33210000  4
1536  1  22.14180000  17.25770000  15.61960000  3
1537  1  0.56252100  6.37231000  33.38590000  4
1538  1  2.27817000  9.13517000  11.22570000  4
1539  1  8.61305000  18.68580000  28.74150000  4
1540  1  28.78900000  14.23770000  2.08994000  4
1541  1  36.69580000  17.87850000  2.88293000  4
1542  1  11.54420000  1.63851000  7.52796000  3
1543  1  18.99180000  5.18059000  11.13670000  4
1544  1  2.31699000  11.19270000  17.52920000  4
1545  1  36.81800000  0.16140300  36.21830000  4
1546  1  15.01000000  2.59401000  26.17530000  4
1547  1  25.44890000  36.40200000  11.62580000  3
1548  1  25.42340000  28.69420000  26.06020000  4
1549  1  23.41940000  6.64150000  22.42500000  4
1550  1  28.19830000  32.47320000  28.50630000  3
1551  1  28.12160000  32.32130000  24.05230000  4
1552  1  3.01438000  8.29246000  14.83010000  4
1553  1  17.67730000  11.04610000  3.36103000  3
1554  1  28.41430000  34.23330000  34.21210000  4
1555  1  27.99890000  14.78860000  18.79180000  4
1556  1  4.44688000  34.42820000  23.16920000  4
1557  1  28.62670000  25.83740000  7.78488000  4
1558  1  29.03650000  10.16800000  32.84920000  4
1559  1  1.32293000  9.11228000  16.66790000  4
1560  1  4.23424000  29.95220000  1.98828000  4
1561  1  24.36400000  2.46126000  4.84473000  4
1562  1  19.65890000  23.69580000  25.78000000  3
1563  1  13.58920000  24.89000000  10.85500000  4
1564  1  15.99340000  23.04300000  27.41350000  4
1565  1  23.31860000  1.59112000  20.01380000  4
1566  1  10.13930000  14.44460000  0.64506600  4
1567  1  16.37090000  13.89560000  34.31970000  4
1568  1  9.44150000  3.34710000  19.64920000  4
1569  1  28.85530000  31.85300000  9.53892000  4
1570  1  14.60040000  26.49810000  35.53630000  3
1571  1  35.91120000  8.51583000  28.87980000  4
1572  1  28.00430000  33.36590000  22.02380000  4
1573  1  21.74870000  13.38970000  37.10300000  4
1574  1  19.83060000  29.32820000  24.74300000  4
1575  1  35.94700000  14.37960000  33.60590000  4
1576  1  18.72930000  25.96010000  21.63130000  3
1577  1  35.00070000  21.02550000  2.91823000  4
1578  1  19.26690000  13.40710000  3.13863000  4
1579  1  4.03865000  31.08680000  31.25490000  4
1580  1  19.08370000  2.35845000  27.94800000  4
1581  1  6.26245000  8.50335000  16.90830000  3
1582  1  16.08680000  8.81134000  10.65940000  4
1583  1  4.17586000  28.12270000  30.79400000  4
1584  1  2.95242000  2.26175000  26.23490000  4
1585  1  21.91910000  5.01350000  32.43060000  4
1586  1  24.20640000  20.58600000  31.86940000  4
1587  1  35.11070000  27.44820000  17.06080000  4
1588  1  30.47360000  2.75547000  16.71700000  4
1589  1  9.36238000  22.36130000  3.82590000  4
1590  1  20.81660000  5.24556000  18.64150000  4
1591  1  2.77892000  20.74470000  35.17490000  4
1592  1  3.16370000  32.69240000  7.06126000  4
1593  1  16.08870000  14.01060000  15.57200000  4
1594  1  10.40740000  9.36369000  3.66060000  4
1595  1  21.61870000  6.91244000  1.54588000  4
1596  1  32.16560000  6.46294000  16.21450000  4
1597  1  4.48223000  15.34290000  15.88290000  4
1598  1  36.01460000  25.11780000  25.10470000  4
1599  1  34.52860000  36.69230000  5.31398000  4
1600  1  23.26400000  19.73530000  22.81190000  4
1601  1  20.12510000  35.23700000  20.29060000  4
1602  1  14.88600000  8.63367000  22.57040000  3
1603  1  7.60939000  10.36400000  37.09300000  3
1604  1  37.33550000  20.89940000  1.74151000  4
1605  1  2.30194000  28.49460000  32.33620000  4
1606  1  9.06942000  12.89550000  12.31410000  4
1607  1  2.15317000  0.03557560  9.44041000  3
1608  1  16.41300000  5.37601000  27.70090000  4
1609  1  23.01880000  14.65070000  32.96630000  4
1610  1  24.37410000  28.24510000  3.11227000  4
1611  1  35.79190000  4.93777000  26.06920000  4
1612  1  35.54790000  32.24470000  13.96050000  3
1613  1  32.03470000  19.34930000  16.12210000  4
1614  1  12.82250000  16.23780000  4.48910000  4
1615  1  5.97451000  16.88480000  3.88575000  3
1616  1  10.38790000  34.26420000  0.80990400  4
1617  1  35.35280000  27.36690000  19.47670000  3
1618  1  8.63869000  7.97664000  21.64010000  3
1619  1  25.49410000  12.02990000  18.92350000  4
1620  1  6.14792000  7.35049000  22.14930000  4
1621  1  15.44520000  30.31080000  21.83560000  4
1622  1  1.34198000  19.90020000  28.38670000  4
1623  1  7.26665000  19.89490000  17.30200000  4
1624  1  2.38316000  16.46310000  7.67048000  3
1625  1  1.04989000  28.51790000  28.81880000  4
1626  1  5.49026000  18.70290000  29.87470000  4
1627  1  12.60300000  21.19200000  9.24150000  4
1628  1  17.69580000  10.43380000  6.31262000  4
1629  1  18.85850000  32.62520000  7.03529000  3
1630  1  18.42900000  2.84987000  11.95330000  4
1631  1  13.92810000  30.77980000  12.84240000  3
1632  1  13.01090000  32.14790000  16.59750000  4
1633  1  14.03740000  23.41390000  13.28700000  3
1634  1  10.37110000  13.68090000  26.23760000  4
1635  1  22.18340000  17.87020000  26.71870000  4
1636  1  0.89390900  15.28590000  33.05000000  4
1637  1  23.01220000  29.29830000  10.18290000  4
1638  1  11.88790000  26.77980000  4.77027000  4
1639  1  35.19130000  32.77350000  3.95946000  4
1640  1  32.86120000  17.17750000  28.75650000  4
1641  1  27.41710000  0.88730600  28.02860000  4
1642  1  36.93510000  4.53771000  6.84725000  3
1643  1  4.74652000  5.67045000  23.49490000  4
1644  1  23.26770000  35.49340000  2.05644000  4
1645  1  15.40050000  8.85500000  30.16350000  4
1646  1  20.22400000  6.58140000  15.74440000  4
1647  1  2.95844000  1.58609000  7.70707000  4
1648  1  14.41470000  2.16700000  4.16908000  4
1649  1  16.06070000  30.42430000  25.07980000  4
1650  1  32.10860000  2.14700000  14.90440000  4
1651  1  10.38490000  18.88140000  23.39400000  4
1652  1  12.49750000  12.79960000  8.50953000  4
1653  1  26.21540000  36.78980000  33.98790000  4
1654  1  9.56607000  37.42910000  8.31198000  4
1655  1  36.57180000  7.02484000  17.39380000  4
1656  1  23.16560000  2.93734000  3.96726000  4
1657  1  17.10780000  29.53700000  35.67820000  4
1658  1  15.90550000  6.57116000  9.56949000  3
1659  1  0.78181300  29.41710000  5.54882000  4
1660  1  26.30700000  6.37026000  25.08680000  4
1661  1  15.56620000  5.56486000  19.31410000  4
1662  1  18.34160000  23.36770000  27.97620000  4
1663  1  9.32016000  26.38010000  36.95070000  4
1664  1  26.16080000  33.25480000  33.26440000  4
1665  1  36.18240000  16.09750000  31.99900000  3
1666  1  22.79770000  4.68659000  25.17260000  4
1667  1  1.10435000  33.13840000  10.01340000  4
1668  1  22.94420000  9.22865000  23.84930000  4
1669  1  27.97480000  5.48219000  20.69380000  3
1670  1  27.97160000  5.04302000  35.78950000  3
1671  1  28.35610000  33.67620000  4.73855000  4
1672  1  15.24040000  33.58390000  15.76120000  4
1673  1  21.86980000  14.36670000  36.02360000  4
1674  1  0.96941500  16.31150000  15.39060000  4
1675  1  17.64870000  22.08330000  25.23330000  4
1676  1  6.92185000  17.59570000  27.37280000  4
1677  1  17.41560000  2.66046000  32.02300000  4
1678  1  25.11680000  19.45050000  20.61740000  4
1679  1  13.26940000  18.34730000  22.82850000  4
1680  1  14.08400000  25.08220000  9.51311000  3
1681  1  28.91060000  36.62630000  33.40890000  3
1682  1  9.78768000  5.35339000  12.78290000  4
1683  1  0.90064600  32.28420000  20.76620000  3
1684  1  4.95711000  22.73580000  31.54590000  4
1685  1  14.13290000  22.15380000  1.68522000  4
1686  1  19.82760000  27.24730000  1.51295000  4
1687  1  31.65400000  10.29080000  10.25680000  4
1688  1  16.82140000  27.09480000  22.43350000  3
1689  1  24.09710000  18.89850000  23.77580000  4
1690  1  21.33660000  32.62080000  9.88425000  4
1691  1  22.09730000  23.69360000  6.41377000  4
1692  1  23.18590000  18.10630000  24.50660000  3
1693  1  22.34090000  6.20406000  30.02700000  4
1694  1  23.53720000  25.04240000  16.47490000  4
1695  1  37.08670000  32.57990000  2.43449000  4
1696  1  6.06777000  34.33140000  9.28227000  4
1697  1  9.23228000  26.12340000  11.28860000  3
1698  1  35.58820000  16.21600000  12.20330000  3
1699  1  19.50050000  28.42620000  19.70730000  4
1700  1  9.91426000  14.86020000  22.98240000  4
1701  1  15.86750000  32.83440000  17.14010000  4
1702  1  1.73657000  8.66044000  34.76350000  4
1703  1  15.89770000  28.10380000  12.12540000  3
1704  1  14.15400000  30.28310000  20.93040000  4
1705  1  37.18260000  28.47580000  17.70880000  4
1706  1  26.15150000  13.06320000  12.91330000  4
1707  1  34.44840000  35.64350000  15.20700000  4
1708  1  21.44380000  14.57870000  4.51162000  4
1709  1  35.36990000  29.56940000  24.09550000  4
1710  1  4.89258000  9.81989000  8.78121000  4
1711  1  12.76620000  13.79780000  24.65260000  3
1712  1  1.34332000  25.21060000  29.36010000  3
1713  1  36.72070000  19.32360000  24.31060000  4
1714  1  24.26790000  26.86830000  20.79970000  4
1715  1  19.55090000  14.41480000  7.80694000  4
1716  1  8.18183000  8.34157000  27.72950000  4
1717  1  14.33710000  31.07480000  10.38870000  4
1718  1  12.65510000  35.60500000  29.27630000  4
1719  1  29.13640000  1.19360000  13.54610000  4
1720  1  1.72937000  28.81940000  8.02026000  4
1721  1  7.43268000  23.81690000  32.28640000  4
1722  1  28.43750000  4.63486000  32.67720000  4
1723  1  14.44440000  5.10154000  12.68530000  4
1724  1  15.93910000  29.04790000  14.37350000  4
1725  1  18.30980000  7.18358000  14.13280000  3
1726  1  24.88490000  17.34200000  30.88490000  3
1727  1  3.86633000  7.88673000  35.07150000  3
1728  1  5.18744000  10.82680000  4.50426000  4
1729  1  18.01670000  5.30409000  34.68230000  4
1730  1  25.81520000  6.15951000  7.39147000  4
1731  1  29.38880000  1.89448000  16.11890000  4
1732  1  21.58960000  31.38830000  24.45560000  4
1733  1  17.78800000  22.85840000  4.69689000  4
1734  1  36.32250000  34.87290000  8.09633000  3
1735  1  3.76513000  24.32050000  22.86530000  4
1736  1  16.61460000  29.98820000  0.70846500  4
1737  1  34.20540000  8.82996000  1.42180000  4
1738  1  0.87804700  0.50598400  4.93546000  4
1739  1  37.31500000  33.02450000  0.28042000  4
1740  1  29.41440000  34.01140000  11.58810000  4
1741  1  10.09740000  34.20120000  4.53097000  4
1742  1  31.58270000  3.44604000  27.80940000  4
1743  1  25.01560000  9.68563000  3.21698000  4
1744  1  23.46500000  34.98280000  16.84290000  4
1745  1  34.21920000  25.10000000  17.73130000  4
1746  1  8.62926000  7.39962000  9.91353000  4
1747  1  23.17510000  34.59220000  23.73180000  4
1748  1  1.61828000  32.82660000  5.20794000  4
1749  1  31.49550000  3.48799000  18.75340000  4
1750  1  11.78570000  25.32770000  4.13101000  4
1751  1  1.00854000  11.51750000  28.15380000  4
1752  1  34.11950000  17.70540000  14.75900000  4
1753  1  29.19110000  21.52740000  23.88640000  4
1754  1  6.73059000  10.34230000  19.88500000  4
1755  1  29.83540000  7.00024000  21.78820000  4
1756  1  4.16890000  34.79800000  10.92760000  3
1757  1  30.28590000  31.09000000  13.85610000  3
1758  1  26.94230000  37.26700000  4.70420000  4
1759  1  16.99050000  33.81710000  13.70440000  4
1760  1  6.59742000  11.41350000  18.72550000  4
1761  1  15.36070000  29.50150000  3.04807000  4
1762  1  27.59130000  25.23230000  27.37880000  4
1763  1  22.70550000  22.81010000  15.92660000  3
1764  1  20.50670000  8.69317000  14.19680000  4
1765  1  10.51960000  17.73940000  2.51910000  4
1766  1  24.08920000  10.57850000  36.92000000  4
1767  1  17.56150000  16.68810000  16.84270000  4
1768  1  34.51560000  14.03940000  22.04550000  4
1769  1  10.69980000  3.89844000  31.43120000  4
1770  1  11.04810000  20.56650000  30.56150000  4
1771  1  15.97150000  16.66620000  13.68040000  3
1772  1  3.14066000  30.30130000  29.01280000  4
1773  1  34.74440000  36.82130000  12.65490000  3
1774  1  2.04859000  16.81850000  35.09790000  4
1775  1  5.55104000  30.57990000  28.89530000  3
1776  1  31.31910000  17.47850000  21.45190000  4
1777  1  30.63710000  27.31800000  28.49020000  3
1778  1  9.13669000  32.37840000  17.13870000  3
1779  1  28.95070000  14.23520000  37.10740000  4
1780  1  10.67580000  15.56920000  18.18570000  4
1781  1  15.62380000  27.79570000  16.46270000  4
1782  1  2.20980000  0.94316100  26.03310000  4
1783  1  31.29580000  23.34290000  18.32260000  4
1784  1  33.92080000  15.19120000  4.34492000  3
1785  1  12.74740000  18.61350000  1.37434000  4
1786  1  21.58090000  25.87870000  7.56939000  3
1787  1  25.60870000  10.46520000  25.40560000  4
1788  1  20.55000000  25.46820000  32.68840000  3
1789  1  29.74370000  31.63560000  5.30351000  4
1790  1  25.25510000  26.03590000  26.27860000  4
1791  1  1.70865000  6.84284000  0.75443000  4
1792  1  0.04015920  36.62690000  27.58920000  4
1793  1  33.53000000  0.09167780  31.72570000  4
1794  1  29.79930000  23.56490000  25.38990000  4
1795  1  15.37680000  16.95040000  6.28622000  4
1796  1  19.28640000  36.85540000  0.44180800  3
1797  1  20.05220000  31.03350000  31.39520000  4
1798  1  8.30594000  9.03119000  12.49340000  4
1799  1  3.77129000  21.78130000  4.85064000  4
1800  1  4.18658000  28.83220000  5.13027000  4
1801  1  21.80360000  16.09650000  7.69572000  4
1802  1  0.79061200  29.80760000  29.66610000  4
1803  1  27.38470000  18.47580000  8.24480000  4
1804  1  35.65490000  23.80460000  15.63480000  3
1805  1  1.74597000  30.01580000  32.42560000  4
1806  1  15.07320000  37.08410000  29.29800000  3
1807  1  23.62860000  10.66240000  13.03200000  3
1808  1  25.86020000  7.93324000  35.24510000  3
1809  1  8.94070000  7.71306000  24.33830000  4
1810  1  15.51320000  0.88273900  20.47650000  4
1811  1  5.67771000  19.83500000  9.83903000  4
1812  1  19.89090000  28.29300000  31.84140000  3
1813  1  29.28390000  0.74668800  7.68140000  4
1814  1  22.54850000  30.98890000  19.06890000  4
1815  1  25.50280000  28.63770000  9.27018000  4
1816  1  14.52770000  0.37408200  1.42155000  4
1817  1  23.22590000  31.37890000  0.51052700  3
1818  1  15.90100000  28.52540000  35.06170000  4
1819  1  22.36020000  9.68061000  28.00500000  3
1820  1  14.26400000  13.23420000  4.74574000  4
1821  1  3.93741000  21.88700000  19.46860000  4
1822  1  32.47470000  13.97290000  6.87788000  4
1823  1  25.56670000  22.30220000  34.13130000  4
1824  1  30.11000000  16.17130000  19.60330000  4
1825  1  11.77590000  10.69240000  18.93060000  4
1826  1  10.89790000  22.21870000  3.67274000  4
1827  1  25.79620000  17.11750000  20.61810000  3
1828  1  31.25910000  17.06750000  19.02080000  4
1829  1  20.66440000  16.28490000  8.70897000  4
1830  1  25.75170000  27.58150000  18.62180000  4
1831  1  29.74590000  21.19470000  25.42020000  4
1832  1  4.11237000  4.56338000  6.36765000  4
1833  1  16.16320000  0.90313000  8.83747000  4
1834  1  21.43860000  22.40820000  30.78670000  3
1835  1  10.69750000  0.48291500  21.64760000  4
1836  1  29.54930000  15.20140000  18.61980000  4
1837  1  30.72880000  10.72340000  0.56151700  3
1838  1  22.46430000  19.72690000  9.07848000  3
1839  1  6.72234000  22.90180000  26.46900000  4
1840  1  36.53840000  14.66570000  18.17200000  4
1841  1  14.52370000  34.66290000  18.25520000  3
1842  1  20.69080000  9.62680000  34.58200000  4
1843  1  28.58490000  23.47710000  15.59550000  3
1844  1  11.50420000  36.21560000  15.50150000  4
1845  1  26.55220000  14.07720000  16.71480000  4
1846  1  12.24930000  24.11900000  25.33500000  4
1847  1  3.12960000  31.78550000  20.74070000  4
1848  1  30.84430000  33.62870000  34.16440000  4
1849  1  22.69710000  14.35440000  1.48295000  4
1850  1  12.85670000  27.06910000  14.01400000  4
1851  1  32.70200000  9.51767000  20.97310000  4
1852  1  7.33583000  5.43309000  30.35020000  4
1853  1  35.99140000  22.41300000  36.77910000  4
1854  1  35.88040000  3.52089000  25.52020000  4
1855  1  12.36690000  18.98970000  21.80700000  4
1856  1  30.41000000  20.94920000  33.45200000  3
1857  1  26.58390000  7.46311000  19.90840000  4
1858  1  17.98500000  8.27904000  7.24865000  4
1859  1  10.40470000  32.77100000  19.86580000  4
1860  1  31.38080000  30.04470000  6.08770000  4
1861  1  3.70245000  0.03882070  19.21240000  4
1862  1  24.13330000  17.40980000  1.56439000  4
1863  1  0.92133400  23.43490000  14.49000000  3
1864  1  6.75285000  2.77775000  5.25227000  3
1865  1  1.30888000  7.35283000  12.97160000  3
1866  1  18.05080000  23.79810000  2.45371000  4
1867  1  11.35600000  3.09352000  22.45190000  4
1868  1  16.19300000  33.15470000  27.90290000  4
1869  1  36.96110000  5.54604000  35.37370000  4
1870  1  27.34830000  23.42820000  25.04130000  4
1871  1  32.22760000  13.91660000  10.59990000  3
1872  1  31.17950000  23.69570000  23.04930000  4
1873  1  35.58660000  10.25740000  23.63270000  3
1874  1  25.52610000  28.88410000  32.40560000  4
1875  1  17.28640000  5.66433000  29.93650000  3
1876  1  13.04880000  22.72510000  23.30910000  4
1877  1  9.61623000  18.95910000  31.86880000  4
1878  1  37.43600000  8.17217000  36.96580000  4
1879  1  9.23940000  18.54220000  35.83510000  4
1880  1  18.47780000  16.85510000  32.80080000  4
1881  1  3.00627000  25.69720000  23.30540000  3
1882  1  33.29160000  27.25890000  34.71590000  4
1883  1  1.72714000  2.33104000  28.60300000  4
1884  1  21.92920000  24.45870000  1.56763000  4
1885  1  3.79734000  33.96270000  4.62451000  4
1886  1  3.75671000  15.63090000  18.12110000  3
1887  1  32.92550000  16.47510000  26.17020000  4
1888  1  18.57600000  21.58140000  36.31820000  4
1889  1  2.95308000  20.51310000  24.99470000  4
1890  1  1.24914000  17.15790000  10.66110000  3
1891  1  32.44920000  13.77260000  28.66360000  3
1892  1  12.14030000  0.82898000  9.67388000  3
1893  1  11.61920000  35.91180000  7.12740000  3
1894  1  23.86710000  35.52790000  4.56459000  4
1895  1  30.81010000  14.20800000  30.97590000  4
1896  1  28.63740000  29.47240000  9.85934000  4
1897  1  4.15845000  9.93074000  28.76610000  4
1898  1  12.08220000  21.68090000  15.61440000  3
1899  1  30.78560000  7.84179000  29.71540000  3
1900  1  8.19477000  9.61177000  19.82470000  4
1901  1  10.03240000  15.35310000  36.93930000  4
1902  1  21.94380000  31.98340000  26.95870000  3
1903  1  23.35500000  6.79540000  24.01100000  4
1904  1  12.90090000  23.65800000  11.32170000  3
1905  1  27.49790000  27.19540000  26.14150000  4
1906  1  15.68740000  6.28482000  37.20490000  3
1907  1  10.67350000  10.42620000  1.54997000  3
1908  1  35.74600000  23.23130000  16.91890000  4
1909  1  25.28430000  28.47400000  15.11340000  4
1910  1  29.84150000  20.20400000  17.71230000  3
1911  1  33.29290000  13.63700000  32.07650000  4
1912  1  9.78353000  35.65340000  13.27260000  4
1913  1  27.09880000  28.94220000  13.43440000  4
1914  1  34.04370000  24.40000000  27.73750000  4
1915  1  33.38940000  35.54530000  19.05920000  4
1916  1  10.00790000  2.81665000  1.14143000  4
1917  1  33.04420000  24.81310000  14.83850000  4
1918  1  24.15260000  10.99950000  32.37080000  4
1919  1  10.50630000  29.29840000  9.97541000  3
1920  1  19.08290000  9.60156000  34.70510000  4
1921  1  10.46930000  34.91050000  17.11310000  4
1922  1  34.71600000  33.42620000  21.71870000  4
1923  1  26.42680000  35.81450000  32.72830000  4
1924  1  0.16282600  11.47450000  0.53205600  4
1925  1  4.82210000  19.67740000  5.74593000  4
1926  1  27.76130000  36.28490000  11.14370000  3
1927  1  34.48480000  4.36576000  31.09720000  4
1928  1  9.48489000  13.05190000  8.46771000  4
1929  1  23.75470000  26.77460000  6.89935000  4
1930  1  24.26710000  10.93500000  25.25730000  3
1931  1  20.15350000  25.18460000  3.11096000  4
1932  1  26.00640000  24.44730000  1.09292000  4
1933  1  34.89790000  7.40701000  17.74260000  4
1934  1  31.81300000  13.07620000  31.50980000  4
1935  1  12.72610000  8.99900000  14.93600000  4
1936  1  5.05436000  37.21810000  12.63000000  3
1937  1  6.47829000  28.92980000  22.33900000  3
1938  1  8.43578000  18.49960000  3.92123000  4
1939  1  10.72090000  9.45495000  18.93550000  4
1940  1  21.01850000  5.99459000  4.72785000  4
1941  1  28.14080000  12.59680000  19.96080000  3
1942  1  34.21680000  2.06039000  2.14514000  4
1943  1  27.80720000  3.32035000  21.62740000  4
1944  1  24.23170000  35.30800000  33.50270000  4
1945  1  18.47620000  23.73610000  12.90180000  4
1946  1  6.99052000  30.91620000  29.05870000  4
1947  1  11.06000000  16.24060000  11.90650000  4
1948  1  15.78280000  11.59350000  10.04490000  4
1949  1  27.37310000  11.12770000  5.91134000  4
1950  1  9.73468000  27.45580000  8.62983000  3
1951  1  25.56400000  8.87953000  4.38032000  4
1952  1  5.97713000  17.34470000  35.27890000  4
1953  1  7.34070000  13.96000000  23.89510000  4
1954  1  33.34460000  14.62570000  29.20940000  3
1955  1  2.88568000  12.32820000  0.09160310  3
1956  1  34.86110000  12.15840000  15.90710000  4
1957  1  37.10190000  1.24073000  33.96360000  4
1958  1  26.90430000  0.69301000  33.55070000  4
1959  1  10.88920000  8.75852000  9.95177000  4
1960  1  28.08510000  1.58754000  7.89908000  3
1961  1  31.15470000  26.29900000  13.38860000  4
1962  1  2.22753000  1.63212000  9.20751000  4
1963  1  3.80060000  18.51870000  17.52240000  4
1964  1  32.40460000  18.26830000  35.74730000  3
1965  1  9.78105000  19.12230000  7.74747000  3
1966  1  13.94780000  17.62290000  6.20486000  4
1967  1  17.14460000  3.75015000  37.16320000  4
1968  1  1.73537000  30.11310000  11.56430000  4
1969  1  26.56650000  27.98640000  8.42128000  4
1970  1  13.89170000  0.43641300  29.46360000  4
1971  1  13.82650000  19.74770000  27.99570000  4
1972  1  5.83558000  24.24330000  6.23279000  3
1973  1  34.47870000  32.64480000  6.71241000  4
1974  1  22.05370000  19.53820000  31.23340000  3
1975  1  27.63620000  6.47674000  35.67060000  4
1976  1  0.57733800  28.16600000  21.13580000  3
1977  1  10.33350000  37.29190000  4.11487000  4
1978  1  11.37900000  17.29950000  6.34843000  4
1979  1  16.54380000  26.19390000  26.67210000  4
1980  1  26.85530000  36.88360000  12.08710000  4
1981  1  14.42290000  25.52850000  30.58160000  3
1982  1  1.73919000  23.84470000  21.35450000  4
1983  1  2.09600000  14.25140000  36.15770000  4
1984  1  21.59330000  11.25330000  10.77150000  4
1985  1  30.62100000  23.53390000  3.54143000  4
1986  1  14.05670000  23.61700000  32.70890000  4
1987  1  2.15616000  17.63750000  31.88450000  4
1988  1  22.29320000  34.31790000  14.55250000  4
1989  1  23.64610000  2.69017000  9.23392000  4
1990  1  35.85050000  1.91704000  28.66620000  3
1991  1  23.10570000  13.65720000  6.42547000  4
1992  1  35.03270000  7.68258000  26.62310000  4
1993  1  4.09831000  32.43570000  33.75910000  3
1994  1  15.98270000  28.09320000  5.23320000  4
1995  1  21.93310000  14.45380000  17.71020000  3
1996  1  10.07730000  3.76980000  6.28532000  3
1997  1  14.23410000  26.98970000  14.52600000  3
1998  1  12.59270000  2.80947000  10.87210000  3
1999  1  30.62440000  20.04150000  25.51420000  4
2000  1  23.82030000  4.19182000  17.55310000  3
2001  1  19.26400000  20.56500000  32.22680000  4
2002  1  13.89600000  2.62957000  1.95829000  3
2003  1  1.25876000  2.99008000  8.80880000  4
2004  1  2.97190000  26.94660000  27.51110000  3
2005  1  33.12550000  19.80150000  25.40150000  4
2006  1  20.66730000  5.15103000  16.00410000  4
2007  1  30.81730000  33.50550000  3.69310000  3
2008  1  0.27181600  28.42460000  8.73673000  4
2009  1  14.56610000  6.25229000  14.90500000  4
2010  1  26.73120000  31.80750000  20.31350000  4
2011  1  6.01179000  26.42480000  17.44380000  4
2012  1  11.44150000  20.65210000  3.35969000  4
2013  1  26.40160000  19.22910000  24.74210000  3
2014  1  0.63558400  30.25330000  12.68430000  4
2015  1  33.70520000  3.02952000  19.99820000  4
2016  1  20.54610000  5.45886000  21.77880000  3
2017  1  24.31610000  25.92330000  2.37260000  4
2018  1  32.27130000  27.51030000  1.83990000  3
2019  1  16.42880000  24.84900000  25.92980000  4
2020  1  24.48190000  0.93095700  13.73580000  4
2021  1  23.81790000  21.71400000  19.35570000  4
2022  1  7.33275000  21.99430000  29.85610000  4
2023  1  7.23001000  33.36520000  25.91860000  4
2024  1  14.32470000  15.71470000  4.00241000  4
2025  1  20.99080000  7.77335000  28.19930000  3
2026  1  32.71520000  15.85140000  29.63080000  4
2027  1  25.54570000  2.01729000  10.41850000  4
2028  1  0.19796800  34.17750000  27.83550000  3
2029  1  22.99820000  24.93860000  29.51980000  4
2030  1  10.82940000  20.57410000  36.09950000  4
2031  1  25.88600000  30.19010000  33.27110000  4
2032  1  8.04934000  23.98970000  14.26990000  4
2033  1  1.74489000  27.17380000  34.31180000  4
2034  1  23.63740000  30.46280000  2.87307000  4
2035  1  5.07600000  35.90850000  32.83610000  4
2036  1  20.22050000  15.83060000  34.84440000  3
2037  1  30.22850000  21.09330000  15.38150000  4
2038  1  16.60150000  32.79610000  11.18630000  4
2039  1  6.93582000  26.58470000  30.24670000  3
2040  1  0.05847400  7.03502000  32.07380000  4
2041  1  28.65960000  29.93310000  0.02986610  4
2042  1  32.53770000  34.43940000  18.15180000  4
2043  1  17.69810000  24.67750000  34.36590000  4
2044  1  28.00300000  33.07610000  9.71267000  4
2045  1  32.70690000  27.13610000  15.07030000  3
2046  1  15.50290000  30.29550000  18.87460000  3
2047  1  34.00050000  18.95730000  21.86880000  4
2048  1  2.69327000  13.80790000  3.83702000  3
2049  1  22.01500000  8.75724000  12.14450000  4
2050  1  2.39061000  6.32812000  29.45470000  4
2051  1  35.59130000  34.34240000  5.92385000  3
2052  1  0.59922500  8.89622000  7.07107000  4
2053  1  0.62090200  24.05470000  15.83610000  4
2054  1  7.16805000  19.83960000  36.68180000  4
2055  1  17.26710000  24.73280000  29.98040000  4
2056  1  22.25710000  18.14900000  3.21985000  3
2057  1  14.02400000  20.74260000  2.14149000  3
2058  1  14.99970000  33.67080000  2.68326000  4
2059  1  10.91400000  9.79426000  13.55370000  3
2060  1  36.38010000  9.30510000  37.16850000  4
2061  1  3.60853000  9.52190000  2.90150000  4
2062  1  29.88470000  20.14840000  20.72860000  4
2063  1  26.38240000  15.10370000  32.86910000  3
2064  1  26.84420000  9.58595000  10.41250000  4
2065  1  17.33190000  11.61050000  12.32720000  4
2066  1  5.27171000  27.64400000  17.86740000  4
2067  1  30.35730000  16.35970000  23.47150000  4
2068  1  35.42060000  2.86922000  22.88970000  4
2069  1  34.57710000  18.89510000  28.37000000  4
2070  1  28.90310000  21.88420000  3.59687000  4
2071  1  12.28750000  23.35090000  18.58310000  3
2072  1  33.10120000  21.59620000  35.44180000  3
2073  1  34.52340000  3.37086000  4.56977000  4
2074  1  34.12470000  14.86820000  31.52560000  4
2075  1  5.04255000  20.70530000  16.29480000  4
2076  1  10.91810000  7.45177000  32.76280000  4
2077  1  7.83126000  0.36451500  35.88610000  3
2078  1  17.85230000  0.04100200  20.22790000  4
2079  1  4.55552000  6.15456000  20.41690000  4
2080  1  8.61592000  26.51430000  3.71241000  4
2081  1  30.07500000  11.15910000  28.44830000  4
2082  1  10.51160000  24.26880000  10.43270000  4
2083  1  25.46980000  34.28200000  7.22181000  4
2084  1  26.65880000  2.09089000  19.58500000  4
2085  1  31.92920000  8.84339000  9.87297000  4
2086  1  24.96030000  6.43551000  25.62780000  4
2087  1  2.69637000  35.14430000  6.33440000  4
2088  1  14.46790000  36.68890000  11.65790000  3
2089  1  33.39150000  28.93810000  36.32080000  4
2090  1  30.16570000  20.74160000  23.04780000  3
2091  1  14.09260000  24.14740000  36.45650000  4
2092  1  25.93370000  23.50510000  27.15470000  4
2093  1  35.34860000  9.90831000  12.50610000  3
2094  1  10.35120000  11.36710000  32.13760000  4
2095  1  9.81907000  2.49827000  35.68710000  4
2096  1  25.08140000  23.66910000  36.11820000  4
2097  1  22.08410000  12.69320000  34.11580000  4
2098  1  36.36650000  23.02770000  23.19630000  4
2099  1  12.02450000  34.79160000  15.45520000  3
2100  1  7.35411000  13.60840000  29.80410000  4
2101  1  34.35920000  27.59520000  0.74480300  4
2102  1  7.48611000  6.41957000  34.47200000  3
2103  1  11.13730000  37.06520000  6.40071000  4
2104  1  24.04840000  14.86000000  31.80320000  4
2105  1  22.31770000  1.69402000  31.43390000  4
2106  1  5.55703000  12.02690000  0.68700900  3
2107  1  10.04250000  26.38450000  19.49160000  5
2108  1  29.57870000  36.04170000  30.01160000  4
2109  1  7.00430000  16.44120000  15.75540000  4
2110  1  21.92830000  25.43270000  16.81720000  4
2111  1  31.30330000  12.29720000  32.92710000  4
2112  1  0.11098100  23.19260000  30.19460000  4
2113  1  27.55860000  16.52120000  37.31640000  4
2114  1  14.84420000  15.82830000  28.35300000  4
2115  1  24.07500000  6.88310000  3.11085000  4
2116  1  3.40184000  35.29200000  17.85470000  4
2117  1  23.63320000  37.37190000  36.48370000  4
2118  1  18.23140000  30.68800000  21.26450000  4
2119  1  25.93640000  13.61340000  26.97430000  4
2120  1  15.65440000  35.93210000  16.51270000  4
2121  1  8.93220000  32.31270000  28.69080000  4
2122  1  16.94910000  23.36130000  13.01410000  4
2123  1  13.17270000  21.36910000  22.69130000  4
2124  1  23.79390000  28.95940000  0.44982500  4
2125  1  22.74150000  23.62400000  18.24090000  3
2126  1  12.39360000  28.81880000  15.69500000  4
2127  1  14.41090000  24.07810000  30.20240000  4
2128  1  25.10020000  32.50960000  34.21480000  4
2129  1  12.36110000  10.34340000  8.84135000  4
2130  1  37.08310000  25.84060000  20.60440000  4
2131  1  17.08840000  20.78200000  31.57340000  4
2132  1  30.35460000  20.87360000  7.43768000  3
2133  1  34.31770000  37.30980000  0.16185800  3
2134  1  11.15670000  33.57240000  25.08060000  4
2135  1  28.70660000  0.58886900  27.09360000  4
2136  1  18.65350000  29.47260000  13.96520000  4
2137  1  18.38870000  8.71417000  22.39020000  3
2138  1  35.45090000  34.27840000  32.14560000  4
2139  1  15.43070000  34.91140000  32.40870000  4
2140  1  5.43765000  14.69460000  6.34088000  4
2141  1  7.68315000  0.99393700  33.43110000  3
2142  1  28.97140000  33.09230000  23.09620000  4
2143  1  36.71540000  36.24880000  34.03160000  4
2144  1  18.43680000  23.42880000  24.93890000  4
2145  1  12.85970000  18.65700000  28.29280000  4
2146  1  24.34270000  28.04000000  4.54858000  3
2147  1  16.49400000  37.05760000  5.23618000  4
2148  1  16.20680000  33.17950000  14.69200000  3
2149  1  18.70660000  8.08102000  35.08970000  4
2150  1  21.84150000  26.08060000  20.39630000  3
2151  1  25.07380000  26.03490000  31.11770000  4
2152  1  16.24460000  3.94936000  16.94290000  4
2153  1  14.70180000  1.44532000  8.88524000  4
2154  1  16.03920000  21.81200000  31.41860000  4
2155  1  6.73678000  3.11130000  34.20810000  4
2156  1  4.01282000  11.59140000  32.69820000  4
2157  1  27.21540000  27.09280000  23.52620000  4
2158  1  13.06820000  7.04625000  3.77254000  3
2159  1  10.33500000  22.76200000  36.42470000  4
2160  1  11.30320000  11.96130000  11.46190000  3
2161  1  34.39220000  19.80670000  5.03885000  4
2162  1  8.59327000  26.01070000  19.03260000  4
2163  1  33.91020000  9.73197000  0.16350000  4
2164  1  3.89728000  10.18380000  36.04240000  4
2165  1  33.76820000  24.71490000  7.39976000  4
2166  1  23.78360000  28.92150000  14.70110000  4
2167  1  22.08710000  22.09050000  3.43701000  4
2168  1  21.21190000  31.30290000  25.91150000  3
2169  1  11.21240000  31.82090000  18.96800000  4
2170  1  34.69690000  1.54273000  23.07610000  4
2171  1  12.68900000  16.41350000  12.00430000  4
2172  1  7.25396000  16.36500000  31.99470000  4
2173  1  8.80755000  16.96940000  30.47650000  3
2174  1  30.53210000  26.16040000  4.78420000  4
2175  1  36.08620000  21.69320000  1.90012000  4
2176  1  6.81388000  7.17282000  24.88490000  3
2177  1  20.38200000  30.02980000  26.05040000  4
2178  1  28.36910000  15.14270000  3.18850000  3
2179  1  11.67220000  8.11660000  26.87570000  4
2180  1  29.53820000  12.88570000  36.80190000  4
2181  1  12.75570000  8.99357000  26.45940000  3
2182  1  1.81690000  3.58454000  7.32206000  4
2183  1  31.19840000  6.97822000  19.65760000  3
2184  1  11.81430000  32.07540000  6.34712000  4
2185  1  26.66700000  27.52180000  13.45460000  4
2186  1  24.17050000  31.13610000  13.66510000  4
2187  1  5.18099000  12.04720000  30.52930000  3
2188  1  30.75800000  25.68460000  26.41560000  4
2189  1  0.47512100  20.65370000  36.12740000  4
2190  1  25.05400000  19.72620000  12.20730000  4
2191  1  14.36450000  29.90020000  31.81000000  4
2192  1  0.22249300  15.89800000  1.70871000  4
2193  1  22.18410000  4.21290000  23.75410000  4
2194  1  7.32812000  8.31376000  10.16530000  4
2195  1  8.96403000  3.13568000  13.58960000  4
2196  1  12.99910000  17.85710000  30.82150000  4
2197  1  19.78710000  0.61273200  24.14910000  5
2198  1  19.32110000  15.83070000  8.32664000  4
2199  1  2.51979000  20.01040000  20.19000000  4
2200  1  20.81110000  12.84120000  5.97365000  4
2201  1  12.60770000  7.91915000  18.61370000  4
2202  1  19.35670000  10.22400000  6.40186000  4
2203  1  29.12380000  5.86694000  22.72360000  4
2204  1  35.42410000  30.98410000  11.80400000  4
2205  1  27.99640000  9.38404000  1.83043000  4
2206  1  2.44734000  2.09970000  3.94901000  4
2207  1  31.74450000  19.61320000  5.37718000  3
2208  1  3.10205000  12.47750000  20.92140000  3
2209  1  35.39580000  34.10660000  36.61380000  4
2210  1  0.30758500  20.67090000  29.20210000  4
2211  1  21.42190000  23.97610000  36.64840000  4
2212  1  23.07930000  35.82950000  24.71220000  4
2213  1  11.12350000  5.69536000  11.85510000  4
2214  1  28.89370000  21.43330000  28.05210000  4
2215  1  30.22330000  4.71903000  12.44140000  4
2216  1  6.25016000  11.12830000  30.48960000  3
2217  1  6.82379000  27.88970000  14.90990000  4
2218  1  35.64890000  15.13520000  13.17780000  4
2219  1  34.60720000  17.25380000  36.13270000  4
2220  1  7.55693000  1.28276000  27.53690000  3
2221  1  14.49070000  15.42000000  18.59260000  4
2222  1  16.61190000  25.38850000  36.73230000  4
2223  1  31.95050000  34.46470000  37.35980000  4
2224  1  11.49630000  4.35244000  36.34710000  4
2225  1  32.59000000  9.21771000  37.14060000  4
2226  1  28.01090000  5.66582000  8.52878000  4
2227  1  27.39500000  19.50440000  19.34180000  3
2228  1  7.11434000  3.01908000  1.43726000  4
2229  1  23.10880000  11.70200000  34.79960000  4
2230  1  5.41562000  32.23240000  33.16950000  4
2231  1  33.32050000  5.52721000  2.29889000  4
2232  1  35.32840000  12.01670000  18.72410000  4
2233  1  30.66300000  23.85220000  26.58830000  4
2234  1  9.77321000  0.64713500  28.03950000  4
2235  1  17.32530000  22.53350000  27.55250000  3
2236  1  34.69700000  27.05790000  7.85261000  4
2237  1  16.09940000  29.28560000  12.87740000  3
2238  1  20.98890000  25.94970000  26.65120000  4
2239  1  4.71451000  7.51035000  2.47222000  4
2240  1  1.18318000  8.22265000  0.52958500  4
2241  1  19.59950000  7.51169000  3.41249000  4
2242  1  16.35460000  0.68237500  12.12960000  3
2243  1  23.14370000  28.47820000  5.30467000  4
2244  1  35.55590000  31.69550000  18.55970000  3
2245  1  21.81740000  35.96940000  10.05160000  4
2246  1  0.92144000  33.59700000  17.15390000  3
2247  1  7.81700000  36.99530000  10.10320000  4
2248  1  8.66680000  7.92375000  16.20830000  4
2249  1  1.49656000  12.24270000  2.44041000  4
2250  1  31.40250000  9.65070000  7.41832000  4
2251  1  21.15990000  14.36170000  1.92224000  4
2252  1  32.99380000  10.17720000  15.84240000  4
2253  1  1.40993000  11.32920000  5.61834000  4
2254  1  30.54090000  9.15070000  17.00580000  4
2255  1  4.65817000  3.55308000  22.24000000  4
2256  1  1.50988000  35.37370000  2.26162000  4
2257  1  0.92849800  35.44990000  36.59770000  3
2258  1  23.22850000  37.24820000  27.04790000  3
2259  1  3.15283000  29.13470000  28.02320000  4
2260  1  18.42750000  13.77380000  23.49450000  3
2261  1  7.19661000  6.48409000  2.00311000  4
2262  1  37.36670000  2.25304000  8.85956000  4
2263  1  31.90410000  37.31340000  24.95540000  4
2264  1  6.56922000  2.60220000  2.81359000  4
2265  1  9.47847000  17.46020000  29.32610000  4
2266  1  20.40090000  5.98490000  11.33080000  4
2267  1  37.07140000  9.87793000  4.65677000  4
2268  1  16.73150000  8.84579000  29.49190000  4
2269  1  22.04150000  32.06950000  13.99180000  4
2270  1  6.96911000  15.11880000  10.25150000  3
2271  1  34.08180000  30.21300000  6.15644000  4
2272  1  22.15460000  26.97220000  3.42268000  4
2273  1  17.95300000  2.77522000  2.98863000  4
2274  1  6.81922000  21.35610000  23.20690000  4
2275  1  18.31010000  5.63412000  12.34720000  3
2276  1  26.25750000  13.26620000  30.48870000  3
2277  1  33.05980000  23.18290000  37.29760000  4
2278  1  23.19690000  19.29360000  3.33226000  4
2279  1  21.05400000  13.58060000  16.96680000  4
2280  1  7.58382000  12.61720000  3.81362000  3
2281  1  26.84040000  18.55360000  28.44460000  3
2282  1  14.29480000  32.85660000  20.82590000  4
2283  1  18.78990000  21.90520000  4.26600000  3
2284  1  35.90450000  26.24630000  26.14290000  4
2285  1  18.97050000  29.55900000  7.16305000  3
2286  1  24.36950000  26.68510000  13.38430000  4
2287  1  18.06510000  22.42920000  17.55590000  3
2288  1  28.75870000  14.48140000  21.38370000  4
2289  1  33.96440000  10.62070000  4.81564000  4
2290  1  6.06111000  19.46270000  28.77830000  3
2291  1  3.22056000  36.78390000  20.49860000  3
2292  1  18.83540000  13.00440000  13.74410000  4
2293  1  31.41840000  1.06511000  18.31080000  4
2294  1  8.33949000  34.02300000  12.69760000  4
2295  1  25.03120000  26.77690000  5.02053000  4
2296  1  3.30760000  4.22987000  24.51230000  4
2297  1  21.75230000  8.35391000  18.87500000  4
2298  1  30.38940000  14.05470000  18.93880000  3
2299  1  0.18525900  30.88340000  28.90110000  3
2300  1  9.70767000  8.57148000  0.20028800  4
2301  1  33.33240000  36.47440000  23.18120000  3
2302  1  4.10673000  31.83300000  18.43020000  4
2303  1  1.71288000  30.70070000  9.86977000  4
2304  1  20.20440000  20.69540000  25.09010000  3
2305  1  24.73880000  6.81759000  17.99950000  4
2306  1  25.81770000  4.88207000  36.73220000  4
2307  1  20.54510000  34.19240000  4.07325000  4
2308  1  24.00230000  0.30582300  33.42460000  4
2309  1  15.05960000  23.10700000  4.16167000  4
2310  1  20.45480000  20.41200000  11.21840000  3
2311  1  20.43880000  35.35720000  24.98900000  4
2312  1  3.02894000  5.09654000  3.31806000  4
2313  1  27.74140000  29.41000000  16.05050000  4
2314  1  34.30270000  35.67400000  22.69530000  3
2315  1  4.26936000  23.93850000  35.29250000  4
2316  1  13.85190000  0.53078400  7.99190000  4
2317  1  15.85920000  12.59430000  21.06020000  4
2318  1  16.21570000  10.62850000  17.83480000  4
2319  1  11.89870000  12.12120000  27.41910000  4
2320  1  11.43610000  32.42350000  26.00750000  4
2321  1  13.25060000  6.32977000  11.42610000  3
2322  1  35.88220000  6.97749000  1.27971000  4
2323  1  1.94475000  29.47630000  14.89740000  4
2324  1  5.78214000  17.37080000  36.68530000  3
2325  1  8.04618000  34.21100000  7.48681000  4
2326  1  3.85235000  12.57380000  9.95373000  3
2327  1  2.81294000  35.81500000  16.49100000  4
2328  1  5.58060000  15.26280000  12.30340000  3
2329  1  24.49450000  33.33890000  0.01579200  3
2330  1  1.63667000  12.99400000  30.09830000  4
2331  1  8.77208000  36.53120000  5.40199000  4
2332  1  3.62136000  32.64110000  9.51338000  4
2333  1  24.07170000  19.10310000  35.40530000  4
2334  1  0.34311000  28.38690000  10.36790000  4
2335  1  3.00039000  12.90090000  7.07362000  4
2336  1  37.00790000  33.24870000  27.09410000  3
2337  1  21.16780000  0.44731500  15.67800000  4
2338  1  36.21740000  2.69824000  13.27980000  4
2339  1  26.48670000  15.41790000  37.37770000  4
2340  1  10.42260000  24.76400000  4.27953000  3
2341  1  1.64948000  32.82430000  18.07830000  3
2342  1  7.16173000  13.97010000  36.75300000  4
2343  1  11.65620000  23.57490000  29.48840000  3
2344  1  18.05010000  19.11530000  10.35450000  4
2345  1  36.20910000  18.22160000  22.11320000  4
2346  1  36.77670000  0.98845000  19.27670000  4
2347  1  7.45379000  28.08040000  0.04914010  4
2348  1  7.24653000  24.59090000  15.70050000  4
2349  1  29.83390000  11.30560000  6.42013000  4
2350  1  35.46100000  18.37200000  24.53950000  4
2351  1  5.99382000  5.30989000  2.13140000  4
2352  1  26.36690000  33.31480000  6.36497000  4
2353  1  11.60950000  25.50850000  0.14761800  4
2354  1  6.50614000  21.07860000  16.51430000  4
2355  1  28.11680000  24.22630000  31.43600000  4
2356  1  19.65230000  19.89960000  5.15660000  4
2357  1  18.08110000  17.88760000  29.40940000  3
2358  1  24.90280000  5.39020000  14.83830000  3
2359  1  29.77650000  31.86190000  20.20470000  4
2360  1  16.22150000  14.10910000  23.11090000  3
2361  1  11.92460000  20.54520000  22.35240000  4
2362  1  13.05720000  17.32030000  13.17200000  4
2363  1  18.29550000  14.38690000  2.56421000  3
2364  1  16.00950000  19.85000000  6.06224000  3
2365  1  25.41490000  18.62820000  11.06420000  4
2366  1  36.26630000  34.77270000  23.60190000  4
2367  1  12.18520000  0.67423200  5.51854000  4
2368  1  15.25080000  7.55319000  1.51235000  3
2369  1  30.85620000  17.58910000  1.27795000  3
2370  1  19.90190000  12.92400000  33.14270000  4
2371  1  32.41860000  31.35610000  12.02560000  4
2372  1  2.94434000  24.05660000  2.77152000  4
2373  1  23.76240000  0.23172100  20.50870000  4
2374  1  0.26455500  2.51756000  23.92630000  4
2375  1  1.30693000  24.30860000  8.85920000  4
2376  1  22.42330000  3.49676000  0.50413400  4
2377  1  35.76940000  12.84590000  36.70650000  4
2378  1  21.91640000  0.43213100  31.96500000  3
2379  1  10.53710000  32.70350000  9.19233000  4
2380  1  33.08390000  0.39179000  36.98470000  4
2381  1  0.18013500  20.32810000  7.07319000  4
2382  1  23.01420000  27.61830000  15.40630000  4
2383  1  27.21370000  25.08840000  6.26987000  3
2384  1  25.11330000  3.83818000  31.06470000  4
2385  1  4.46090000  29.21690000  13.93870000  4
2386  1  1.21152000  14.57650000  26.84200000  3
2387  1  32.52390000  28.35710000  26.35700000  4
2388  1  25.10090000  26.23590000  8.95882000  4
2389  1  8.24701000  13.29960000  25.03900000  4
2390  1  32.73810000  4.91691000  36.06330000  4
2391  1  0.13990600  25.95320000  22.03300000  4
2392  1  26.66400000  36.60810000  25.60330000  4
2393  1  21.83200000  8.50517000  22.93960000  4
2394  1  0.22384200  24.33320000  29.00760000  4
2395  1  34.33840000  18.60370000  18.61790000  4
2396  1  6.84336000  22.39590000  17.22570000  4
2397  1  17.90750000  20.89190000  32.92930000  4
2398  1  17.22980000  1.29912000  31.34380000  3
2399  1  17.09590000  24.54350000  15.25220000  4
2400  1  1.55945000  11.10660000  10.08030000  3
2401  1  14.44550000  12.95660000  13.93370000  4
2402  1  16.70460000  18.74460000  23.53130000  4
2403  1  36.76300000  20.77660000  24.74510000  4
2404  1  36.23740000  3.09827000  8.50662000  4
2405  1  10.13830000  23.94320000  8.10377000  4
2406  1  9.31590000  21.01280000  22.49980000  4
2407  1  27.71770000  26.35100000  4.69776000  4
2408  1  3.03239000  27.79800000  5.34196000  4
2409  1  21.75410000  20.30040000  23.07090000  4
2410  1  7.11096000  8.16113000  31.94400000  3
2411  1  5.06066000  12.47310000  22.74370000  4
2412  1  30.71930000  2.38161000  11.75660000  4
2413  1  27.02950000  18.55850000  34.40540000  4
2414  1  14.70990000  1.99558000  5.81179000  4
2415  1  18.23920000  0.69941400  33.43300000  4
2416  1  0.73641100  26.42510000  26.51730000  3
2417  1  13.44980000  0.22683600  2.72726000  4
2418  1  28.23710000  28.98770000  2.26139000  4
2419  1  29.51110000  6.56977000  34.23220000  4
2420  1  19.19260000  8.04141000  2.10401000  3
2421  1  26.96620000  2.93332000  16.86840000  3
2422  1  6.40308000  1.73570000  33.62870000  4
2423  1  9.25061000  27.94570000  7.21066000  4
2424  1  6.41728000  14.30400000  1.45854000  4
2425  1  26.99850000  35.60710000  21.44120000  4
2426  1  5.30114000  23.24240000  8.90360000  4
2427  1  36.45080000  11.44710000  23.30350000  4
2428  1  22.30590000  29.57550000  3.19774000  4
2429  1  2.71536000  26.80240000  22.26190000  4
2430  1  30.61600000  33.85690000  15.65800000  3
2431  1  1.44876000  31.98000000  25.53130000  3
2432  1  18.49680000  19.06220000  35.94820000  3
2433  1  0.27930200  23.98220000  23.43370000  4
2434  1  5.71474000  19.80690000  36.16940000  4
2435  1  1.91850000  14.85070000  3.26773000  3
2436  1  30.30130000  36.29140000  32.95330000  4
2437  1  16.56990000  1.07366000  4.66101000  4
2438  1  29.22280000  20.43750000  5.48732000  3
2439  1  18.46830000  32.27410000  3.98830000  4
2440  1  21.95190000  22.35550000  11.75470000  3
2441  1  33.34140000  7.59855000  29.18890000  4
2442  1  33.48540000  24.71000000  8.89844000  3
2443  1  8.25603000  22.59480000  34.84440000  4
2444  1  10.41390000  24.24450000  16.09030000  4
2445  1  30.28040000  29.66420000  18.23720000  4
2446  1  0.49585000  25.83830000  10.58980000  4
2447  1  30.41570000  8.55163000  36.87560000  3
2448  1  28.83290000  35.63230000  1.24687000  4
2449  1  4.63749000  21.16960000  7.51265000  3
2450  1  4.45851000  18.12720000  16.23530000  4
2451  1  33.60820000  27.91510000  21.11640000  4
2452  1  32.07210000  14.06210000  9.26561000  3
2453  1  6.25986000  3.27966000  16.44060000  4
2454  1  8.81018000  31.34880000  25.29790000  3
2455  1  26.48160000  31.16630000  7.46203000  4
2456  1  1.66269000  28.79920000  27.44490000  4
2457  1  7.56445000  19.98460000  26.97550000  4
2458  1  18.52230000  30.84330000  4.64432000  3
2459  1  4.39106000  30.40660000  7.22159000  4
2460  1  25.09840000  4.69797000  34.02340000  4
2461  1  8.85208000  3.66052000  15.98340000  3
2462  1  3.21932000  28.22080000  22.71570000  4
2463  1  12.92270000  7.43987000  36.28530000  4
2464  1  32.85020000  28.13210000  32.62130000  4
2465  1  9.43698000  15.06500000  5.61225000  4
2466  1  15.39860000  35.79810000  20.76960000  3
2467  1  22.65650000  28.59960000  28.53910000  4
2468  1  5.06484000  29.19490000  6.31892000  4
2469  1  20.70860000  35.31970000  10.88730000  4
2470  1  18.04180000  21.53180000  16.31340000  3
2471  1  8.59268000  28.86300000  36.76060000  4
2472  1  9.38689000  28.28660000  9.87462000  4
2473  1  28.73810000  28.30380000  15.62940000  4
2474  1  8.02427000  12.65460000  36.58500000  4
2475  1  6.39799000  5.24692000  19.31880000  4
2476  1  10.92950000  12.41580000  8.96126000  4
2477  1  3.71187000  10.05800000  6.53272000  4
2478  1  12.12670000  8.04534000  17.20790000  4
2479  1  12.33930000  29.93990000  11.41780000  4
2480  1  27.08050000  6.20940000  16.40410000  3
2481  1  31.85250000  8.74419000  24.55640000  4
2482  1  15.50430000  25.66550000  4.69715000  4
2483  1  29.57470000  32.34460000  26.01590000  3
2484  1  12.31220000  15.75440000  28.03280000  4
2485  1  35.52290000  25.58480000  23.77380000  3
2486  1  35.05590000  11.99140000  25.35360000  4
2487  1  23.25070000  3.99947000  11.79010000  4
2488  1  5.71986000  14.68680000  3.67886000  3
2489  1  2.92485000  26.02670000  9.52288000  4
2490  1  25.42560000  9.77382000  6.86106000  4
2491  1  19.87870000  14.20160000  6.29933000  4
2492  1  5.99712000  13.91500000  24.56530000  4
2493  1  34.88890000  33.32930000  14.73920000  4
2494  1  23.10850000  26.33400000  14.24770000  4
2495  1  33.13920000  6.16985000  21.99010000  3
2496  1  22.92210000  10.76140000  27.28540000  3
2497  1  4.99064000  0.38551900  13.95790000  4
2498  1  34.40640000  31.63450000  28.88850000  4
2499  1  7.67444000  34.57040000  1.52124000  4
2500  1  37.23920000  6.75399000  5.51717000  3
2501  1  14.36800000  31.10660000  35.40300000  3
2502  1  17.93030000  21.29220000  11.12150000  3
2503  1  9.93877000  32.08980000  12.03500000  3
2504  1  7.77149000  27.54160000  2.79509000  4
2505  1  33.00410000  36.46200000  24.53650000  3
2506  1  10.36140000  2.34419000  31.17690000  4
2507  1  32.70160000  11.81250000  0.44290200  3
2508  1  25.54030000  22.08270000  30.01940000  3
2509  1  1.54246000  5.70492000  9.28967000  4
2510  1  36.27420000  7.98271000  31.81940000  4
2511  1  30.89850000  25.96240000  3.29431000  4
2512  1  37.40420000  21.69480000  16.31390000  4
2513  1  12.42620000  3.76930000  14.69040000  4
2514  1  0.05392080  21.00750000  26.24920000  4
2515  1  16.63450000  19.93320000  14.70680000  4
2516  1  34.73480000  29.57090000  14.21970000  3
2517  1  34.56040000  7.32688000  3.72355000  3
2518  1  25.03860000  17.28140000  11.54970000  4
2519  1  9.03992000  12.01060000  7.24510000  4
2520  1  21.06690000  26.27760000  10.66320000  4
2521  1  13.99840000  35.21950000  14.40570000  4
2522  1  28.28580000  2.52673000  25.78790000  4
2523  1  7.86157000  29.85690000  6.26937000  4
2524  1  21.08310000  15.23140000  9.75327000  4
2525  1  21.93940000  36.06590000  1.78750000  3
2526  1  1.73452000  4.77757000  24.84080000  4
2527  1  33.58040000  25.44470000  1.73364000  4
2528  1  19.46760000  19.08090000  31.64680000  4
2529  1  12.02740000  6.58484000  31.72950000  3
2530  1  18.60150000  12.34550000  26.48070000  4
2531  1  11.66540000  23.18340000  10.65160000  4
2532  1  29.20250000  25.97810000  16.39150000  4
2533  1  6.25745000  22.26600000  20.99360000  4
2534  1  0.61086300  22.34640000  19.35640000  4
2535  1  1.85790000  7.18229000  18.02920000  4
2536  1  9.96895000  19.56350000  16.95580000  4
2537  1  6.72757000  23.16450000  6.44317000  3
2538  1  35.78060000  21.88170000  7.43204000  4
2539  1  33.79350000  29.28950000  3.33664000  3
2540  1  8.63655000  12.32550000  15.54320000  3
2541  1  31.48550000  35.00180000  15.76790000  4
2542  1  13.51790000  11.66000000  10.57620000  4
2543  1  8.32949000  21.18940000  27.64650000  4
2544  1  21.59720000  1.32514000  27.75210000  4
2545  1  1.36017000  14.83840000  1.89649000  4
2546  1  35.67490000  34.22150000  24.85760000  3
2547  1  9.44592000  33.96550000  37.07590000  4
2548  1  0.30920000  11.84570000  3.40235000  4
2549  1  31.36280000  15.07270000  4.89023000  4
2550  1  6.18916000  18.60090000  7.59626000  4
2551  1  31.17120000  30.36400000  14.84600000  3
2552  1  10.57810000  22.97110000  22.72480000  4
2553  1  20.88620000  5.90165000  29.37410000  4
2554  1  0.40615000  17.29130000  0.95687300  4
2555  1  34.59840000  24.54880000  35.54920000  4
2556  1  32.19740000  11.97910000  30.41520000  4
2557  1  0.20148900  27.10360000  4.85429000  3
2558  1  15.72810000  31.30520000  16.72220000  3
2559  1  1.10316000  27.93110000  19.83420000  4
2560  1  16.98770000  27.90420000  16.90880000  3
2561  1  31.17400000  24.93770000  23.95540000  3
2562  1  29.79120000  8.67500000  12.27110000  4
2563  1  7.56273000  12.27720000  16.57830000  4
2564  1  7.40422000  13.85190000  16.87520000  4
2565  1  19.36440000  0.81833700  7.28065000  4
2566  1  28.28820000  19.79440000  15.98070000  4
2567  1  17.24050000  29.01500000  37.10760000  4
2568  1  13.44010000  18.47550000  7.44780000  4
2569  1  29.23220000  10.40320000  10.04720000  4
2570  1  36.94330000  33.60560000  36.25700000  4
2571  1  15.86060000  4.33989000  21.89970000  4
2572  1  11.50250000  4.75185000  2.01022000  3
2573  1  2.97898000  21.56030000  3.50591000  4
2574  1  1.65827000  15.05300000  14.77390000  3
2575  1  27.24920000  27.27330000  19.07260000  4
2576  1  23.30440000  14.02610000  17.69710000  4
2577  1  28.35260000  31.10030000  30.76380000  4
2578  1  4.12518000  7.32255000  11.36810000  3
2579  1  17.73580000  8.68750000  4.66295000  4
2580  1  15.98910000  30.78470000  29.36810000  4
2581  1  4.98540000  9.39023000  3.83286000  4
2582  1  26.38520000  24.28240000  35.50780000  4
2583  1  18.05230000  4.69929000  4.97249000  4
2584  1  32.95600000  9.15485000  2.55184000  4
2585  1  27.09790000  16.04740000  18.85590000  3
2586  1  32.69800000  10.51610000  7.13047000  4
2587  1  22.68120000  21.25330000  33.88930000  4
2588  1  12.06680000  10.00210000  24.22440000  4
2589  1  5.49211000  0.76077900  17.04050000  4
2590  1  26.49210000  25.84130000  35.47880000  4
2591  1  5.60767000  35.41580000  34.19360000  3
2592  1  27.89380000  29.94010000  23.17030000  3
2593  1  6.13860000  9.12491000  6.83757000  4
2594  1  9.91022000  24.39740000  33.18630000  3
2595  1  1.00570000  23.34130000  1.10889000  4
2596  1  8.07296000  30.12350000  28.26920000  4
2597  1  4.79153000  24.35440000  21.62120000  4
2598  1  10.46460000  21.88990000  7.11022000  4
2599  1  15.96690000  4.76935000  31.94200000  4
2600  1  9.29782000  13.00590000  1.30926000  4
2601  1  9.85399000  27.37180000  34.22420000  4
2602  1  37.12630000  36.74990000  10.56010000  4
2603  1  2.40791000  16.90770000  16.13200000  4
2604  1  30.73340000  10.35190000  4.16520000  4
2605  1  15.90360000  0.62643800  2.25059000  4
2606  1  21.79460000  34.07740000  5.04882000  4
2607  1  26.53060000  21.55390000  16.23530000  4
2608  1  32.67510000  8.55731000  4.09351000  4
2609  1  0.93236100  21.60240000  7.51859000  4
2610  1  3.70390000  23.50860000  31.03890000  4
2611  1  22.23900000  13.39520000  11.65550000  3
2612  1  34.66950000  12.50310000  13.23940000  4
2613  1  11.42010000  15.67970000  10.48450000  4
2614  1  27.68880000  33.83530000  2.13613000  4
2615  1  28.11050000  9.18140000  27.24210000  4
2616  1  21.32500000  25.51770000  23.22230000  4
2617  1  6.58770000  20.82250000  34.22500000  3
2618  1  29.43250000  17.40300000  20.04720000  4
2619  1  0.61635700  20.40710000  30.68050000  4
2620  1  14.24810000  14.13800000  30.15810000  4
2621  1  15.11710000  7.36929000  16.90150000  4
2622  1  35.09940000  23.27790000  29.67730000  4
2623  1  16.60880000  33.70200000  21.98530000  4
2624  1  34.91760000  29.45530000  8.70524000  4
2625  1  20.15360000  27.37320000  11.02570000  3
2626  1  9.01684000  4.78579000  1.70614000  3
2627  1  6.21854000  13.03290000  28.88980000  3
2628  1  23.29840000  35.08850000  35.76350000  4
2629  1  25.89020000  3.32768000  15.93690000  4
2630  1  29.68040000  22.58000000  19.96710000  3
2631  1  30.71230000  5.71758000  5.69718000  4
2632  1  11.86130000  24.17470000  15.29180000  4
2633  1  27.30620000  20.36610000  36.15400000  4
2634  1  8.47466000  11.35070000  27.61310000  3
2635  1  0.72804200  8.57651000  22.90120000  4
2636  1  21.38470000  27.17780000  21.10030000  3
2637  1  8.41096000  2.69111000  7.87190000  4
2638  1  19.96790000  0.77975000  10.33980000  4
2639  1  4.67344000  0.29797100  21.82210000  3
2640  1  36.87320000  35.87490000  16.42980000  4
2641  1  15.03310000  5.48771000  21.86100000  3
2642  1  6.21450000  22.52720000  35.88350000  3
2643  1  30.17580000  29.77490000  37.32650000  4
2644  1  32.69330000  15.50070000  14.94680000  4
2645  1  36.10120000  15.35940000  34.78970000  4
2646  1  24.70660000  31.05820000  33.76740000  4
2647  1  19.65930000  13.03310000  9.96732000  4
2648  1  11.85770000  22.72330000  36.11020000  4
2649  1  25.14080000  24.05790000  10.49270000  4
2650  1  14.77680000  33.46940000  4.31034000  4
2651  1  23.93920000  21.91860000  8.16196000  4
2652  1  24.16190000  33.17530000  7.41833000  4
2653  1  2.65228000  23.10440000  24.77190000  4
2654  1  35.43210000  9.83974000  14.93540000  4
2655  1  23.20610000  0.36402100  29.29420000  4
2656  1  2.09180000  0.79627400  35.27830000  4
2657  1  9.59042000  28.72500000  19.51710000  4
2658  1  32.46280000  26.28880000  19.64620000  4
2659  1  35.96050000  5.01761000  22.24080000  4
2660  1  14.30070000  24.75030000  23.98370000  3
2661  1  21.62880000  6.78483000  9.49116000  3
2662  1  26.34110000  8.29505000  36.64340000  4
2663  1  28.13350000  23.27180000  33.88550000  4
2664  1  14.52580000  25.03680000  19.72390000  4
2665  1  24.85440000  22.21130000  35.52090000  4
2666  1  33.06120000  31.38330000  32.22270000  3
2667  1  24.78360000  12.74770000  13.65390000  4
2668  1  35.87070000  22.76450000  14.64760000  4
2669  1  4.73532000  20.10850000  31.96320000  3
2670  1  18.19620000  0.20134300  31.92110000  4
2671  1  17.77240000  35.71150000  15.02090000  4
2672  1  7.40165000  12.58690000  22.89880000  4
2673  1  30.82430000  1.75662000  5.62641000  4
2674  1  28.79480000  7.29187000  35.36040000  4
2675  1  15.37160000  24.20070000  5.39233000  4
2676  1  32.15150000  25.42950000  36.08730000  4
2677  1  2.26418000  4.90555000  18.83630000  4
2678  1  16.86650000  28.14890000  7.87735000  4
2679  1  20.88660000  14.90350000  14.65140000  3
2680  1  33.30380000  34.29290000  5.12667000  3
2681  1  15.79820000  10.40160000  8.00894000  4
2682  1  8.45591000  34.11560000  33.46240000  4
2683  1  22.43670000  2.46770000  18.23370000  3
2684  1  33.74410000  15.64820000  8.68460000  3
2685  1  6.45841000  18.83550000  17.91630000  4
2686  1  6.45620000  8.41657000  0.39359600  4
2687  1  4.94188000  5.45783000  29.53480000  4
2688  1  37.32690000  29.79480000  8.22536000  4
2689  1  14.42360000  14.31830000  9.45208000  3
2690  1  4.30553000  24.23360000  17.06560000  4
2691  1  33.12750000  21.60350000  8.07632000  4
2692  1  16.97210000  20.41950000  16.18840000  4
2693  1  7.29732000  35.75840000  23.62590000  4
2694  1  12.17290000  30.31500000  32.06830000  4
2695  1  29.81530000  36.95600000  15.41220000  4
2696  1  25.03090000  8.68205000  14.61800000  3
2697  1  28.96360000  8.93295000  9.73613000  4
2698  1  6.54377000  5.89462000  25.51850000  4
2699  1  7.55867000  34.71700000  8.94384000  4
2700  1  21.22350000  28.32860000  33.89440000  3
2701  1  20.17930000  6.45472000  23.64720000  4
2702  1  24.51250000  35.80030000  16.18860000  4
2703  1  24.62770000  4.35715000  23.87380000  4
2704  1  18.61240000  4.63605000  17.70720000  4
2705  1  5.45585000  28.16150000  9.97279000  4
2706  1  1.67506000  12.54990000  34.23680000  4
2707  1  28.53540000  5.40944000  28.67510000  4
2708  1  25.06430000  19.92780000  33.00380000  4
2709  1  10.17110000  28.43460000  30.19910000  3
2710  1  10.59810000  21.21220000  34.62680000  4
2711  1  4.88758000  30.43650000  9.68205000  3
2712  1  13.25720000  31.07200000  27.00470000  3
2713  1  33.56840000  7.25901000  8.66276000  3
2714  1  29.16880000  9.74839000  30.24680000  4
2715  1  5.16232000  24.91010000  3.99569000  4
2716  1  26.33440000  19.80250000  14.57130000  3
2717  1  15.82900000  21.21490000  28.92230000  4
2718  1  18.19820000  29.56060000  34.70520000  3
2719  1  21.72980000  0.63526700  21.99490000  3
2720  1  14.87290000  14.58920000  4.86436000  4
2721  1  9.71500000  35.51370000  23.15600000  4
2722  1  5.18931000  15.26460000  34.53350000  3
2723  1  3.43244000  13.75130000  35.57120000  4
2724  1  0.34152900  27.76500000  16.40430000  4
2725  1  12.61240000  10.79220000  16.55470000  4
2726  1  5.86663000  16.73590000  28.12690000  4
2727  1  32.77120000  23.57610000  28.09440000  4
2728  1  13.75630000  4.32272000  30.79400000  4
2729  1  30.78680000  11.79240000  17.75840000  4
2730  1  27.65430000  10.82760000  2.48719000  4
2731  1  23.68530000  4.69363000  7.79890000  3
2732  1  9.21217000  21.72530000  6.39573000  4
2733  1  25.35430000  12.63150000  26.03860000  3
2734  1  29.84160000  12.95280000  18.06220000  4
2735  1  32.72720000  11.69660000  2.95896000  3
2736  1  18.12670000  10.93700000  0.55266100  4
2737  1  8.02050000  24.04080000  34.63010000  3
2738  1  14.41600000  24.68880000  15.93990000  4
2739  1  16.07740000  23.38860000  0.59965600  4
2740  1  35.22630000  31.00130000  30.00500000  3
2741  1  8.38816000  19.55570000  25.74140000  4
2742  1  20.28770000  29.78310000  22.34330000  4
2743  1  10.63900000  9.97824000  24.98420000  3
2744  1  16.84430000  33.53750000  29.24150000  3
2745  1  29.91090000  0.09774450  30.80190000  4
2746  1  23.76130000  18.08330000  7.59968000  4
2747  1  13.25650000  24.59580000  4.59218000  4
2748  1  30.89080000  31.94910000  0.71997900  4
2749  1  9.94074000  9.91234000  9.45461000  4
2750  1  24.43540000  14.41050000  18.76080000  4
2751  1  25.52330000  18.28840000  21.53870000  4
2752  1  23.51640000  10.02150000  5.09446000  4
2753  1  31.59710000  28.44870000  8.88192000  4
2754  1  18.84910000  16.97920000  7.38284000  4
2755  1  3.18545000  2.45435000  31.92570000  4
2756  1  17.62530000  32.04710000  6.97915000  3
2757  1  32.45410000  26.20320000  22.26910000  3
2758  1  7.88403000  31.29520000  37.19040000  3
2759  1  5.87097000  27.41730000  35.53520000  3
2760  1  2.08811000  32.06440000  9.36868000  4
2761  1  2.96638000  8.89523000  35.76970000  4
2762  1  17.03850000  11.92970000  26.09170000  4
2763  1  10.73440000  31.69170000  20.74750000  4
2764  1  36.07260000  36.61710000  4.91772000  4
2765  1  29.88130000  28.09170000  35.23000000  4
2766  1  34.89010000  21.55250000  32.48270000  3
2767  1  35.98260000  30.49360000  20.31390000  3
2768  1  20.06270000  11.65040000  15.15160000  4
2769  1  25.80400000  31.35980000  23.54860000  4
2770  1  16.06820000  24.84520000  34.05660000  4
2771  1  21.51660000  15.63810000  18.29010000  4
2772  1  35.46220000  18.13910000  33.98300000  3
2773  1  0.39844600  0.63826900  20.29980000  4
2774  1  22.84610000  15.67010000  0.49292200  4
2775  1  26.28860000  35.90670000  5.03518000  4
2776  1  36.85980000  12.18100000  18.23940000  4
2777  1  10.48910000  35.15990000  32.60890000  4
2778  1  31.36850000  6.09497000  8.43139000  4
2779  1  21.96130000  20.94640000  4.57069000  4
2780  1  0.40359700  23.02830000  6.84560000  4
2781  1  0.81867100  34.66540000  21.98050000  3
2782  1  22.28990000  8.23535000  25.95710000  4
2783  1  21.72110000  31.46510000  7.78108000  3
2784  1  8.60982000  6.40160000  15.65280000  4
2785  1  20.48350000  33.78980000  12.87250000  4
2786  1  0.87495200  9.67845000  23.88080000  4
2787  1  0.60698300  10.49350000  33.23950000  4
2788  1  4.98005000  15.55130000  22.77170000  4
2789  1  14.41820000  8.31383000  29.19400000  3
2790  1  32.76980000  24.40400000  4.36529000  4
2791  1  5.04384000  14.38440000  7.98485000  4
2792  1  32.57620000  34.50360000  35.92260000  4
2793  1  36.80570000  29.53380000  10.59610000  4
2794  1  27.00550000  27.16160000  33.49170000  3
2795  1  16.15060000  30.86380000  3.94157000  4
2796  1  25.21080000  8.27465000  9.00365000  4
2797  1  18.42670000  19.00820000  1.61596000  3
2798  1  18.73140000  0.66842400  3.02961000  4
2799  1  22.86530000  19.63120000  36.29470000  4
2800  1  36.17140000  15.76810000  3.86261000  4
2801  1  36.77220000  14.62560000  28.89900000  4
2802  1  32.29360000  37.34370000  18.31280000  3
2803  1  28.43750000  24.01610000  2.01265000  3
2804  1  29.15120000  17.05720000  9.59315000  3
2805  1  31.42200000  22.46620000  23.94490000  4
2806  1  6.14360000  14.74660000  20.53250000  4
2807  1  2.27414000  35.19440000  32.01780000  4
2808  1  16.36530000  26.76990000  31.45130000  4
2809  1  28.14750000  26.05300000  35.51300000  4
2810  1  21.93330000  32.53140000  18.48690000  4
2811  1  2.46843000  19.95510000  32.93440000  4
2812  1  7.15887000  33.57150000  15.18650000  4
2813  1  13.60040000  25.48870000  35.87200000  4
2814  1  1.04902000  17.80380000  11.95960000  3
2815  1  9.98664000  6.63645000  29.51170000  4
2816  1  32.92590000  14.19290000  21.81880000  4
2817  1  34.22000000  30.20210000  0.50081800  4
2818  1  24.33210000  30.50070000  35.00670000  3
2819  1  7.07300000  27.04640000  25.78280000  4
2820  1  16.63360000  28.11240000  24.83870000  4
2821  1  27.87370000  11.30740000  35.25340000  4
2822  1  18.08910000  19.29570000  12.72660000  3
2823  1  36.64050000  21.23460000  36.45910000  3
2824  1  19.76510000  4.00187000  25.95770000  4
2825  1  7.07594000  6.32493000  20.07910000  4
2826  1  35.93250000  31.92180000  19.98890000  4
2827  1  28.72440000  18.06110000  6.29603000  3
2828  1  16.88640000  36.93220000  1.87487000  4
2829  1  12.38630000  5.56568000  8.47256000  4
2830  1  26.03830000  35.44510000  24.61200000  4
2831  1  2.43019000  7.36001000  20.43240000  4
2832  1  17.80740000  0.06273150  0.49224200  4
2833  1  4.53011000  10.03340000  18.44340000  4
2834  1  35.90530000  27.67090000  35.93920000  4
2835  1  16.01730000  12.44500000  36.48000000  4
2836  1  27.39080000  18.62960000  32.94320000  4
2837  1  33.50270000  0.03359850  8.91611000  4
2838  1  32.41410000  11.82540000  7.97558000  4
2839  1  6.80094000  3.16055000  20.59640000  3
2840  1  30.35460000  5.69111000  17.65720000  3
2841  1  23.02520000  35.30380000  28.89950000  3
2842  1  24.85110000  29.41400000  27.35650000  4
2843  1  26.66590000  29.44010000  14.92140000  4
2844  1  31.78590000  11.37980000  9.23437000  3
2845  1  31.88440000  23.52000000  0.81561500  4
2846  1  10.87060000  20.45060000  1.92913000  4
2847  1  5.82614000  11.02430000  11.22990000  4
2848  1  2.43110000  8.64688000  17.87050000  4
2849  1  13.56710000  36.81540000  34.38400000  4
2850  1  28.47650000  36.18830000  28.82120000  4
2851  1  5.53574000  34.80460000  10.57270000  3
2852  1  14.33150000  20.38090000  15.87270000  4
2853  1  17.19790000  9.05273000  6.11835000  4
2854  1  1.96886000  14.83620000  25.75730000  3
2855  1  18.21300000  18.95010000  26.45120000  4
2856  1  28.22430000  24.96410000  5.19281000  4
2857  1  8.27330000  30.17840000  21.21260000  4
2858  1  37.41180000  7.52168000  14.73400000  3
2859  1  18.15140000  31.47020000  1.62934000  3
2860  1  17.80530000  10.65390000  11.26110000  4
2861  1  35.51050000  20.16890000  36.71400000  4
2862  1  23.38580000  17.65700000  5.94087000  4
2863  1  28.83040000  27.07680000  8.74325000  4
2864  1  26.63970000  21.37760000  37.13910000  4
2865  1  16.93790000  32.26420000  31.60460000  4
2866  1  17.43350000  14.09010000  29.23610000  3
2867  1  33.77220000  0.05669340  33.35290000  4
2868  1  19.38690000  19.20220000  27.16890000  3
2869  1  35.91330000  25.13940000  15.22830000  4
2870  1  15.63480000  31.31910000  26.35320000  4
2871  1  26.33240000  11.58350000  26.21450000  4
2872  1  36.49920000  26.42530000  23.05450000  4
2873  1  7.89731000  28.50360000  6.98795000  3
2874  1  6.92327000  26.15260000  7.61464000  4
2875  1  1.65454000  28.67050000  10.97160000  3
2876  1  31.51120000  29.71890000  22.00200000  4
2877  1  6.18268000  22.90340000  18.61340000  4
2878  1  10.73570000  19.40050000  32.75300000  4
2879  1  17.05200000  22.38150000  5.95802000  4
2880  1  3.03953000  0.23772400  7.23530000  3
2881  1  3.68987000  4.64104000  23.02760000  4
2882  1  19.14800000  3.37630000  7.05895000  4
2883  1  17.89200000  16.83080000  9.98309000  3
2884  1  9.04952000  21.63320000  13.87680000  4
2885  1  16.00660000  26.00520000  22.77790000  3
2886  1  30.86770000  19.56910000  19.68170000  4
2887  1  3.25128000  29.85950000  4.76047000  3
2888  1  2.28082000  21.22090000  0.52931400  4
2889  1  14.60600000  14.95710000  32.37700000  4
2890  1  21.79980000  0.59248400  35.31290000  3
2891  1  30.24130000  28.46830000  25.04250000  4
2892  1  28.86920000  11.59800000  2.14567000  3
2893  1  12.89540000  15.02130000  34.92540000  4
2894  1  32.01690000  28.81770000  6.42336000  3
2895  1  22.83270000  10.43520000  2.61137000  4
2896  1  34.31540000  34.68250000  13.94400000  4
2897  1  32.66090000  4.54252000  29.62070000  4
2898  1  8.62545000  24.29100000  7.97645000  3
2899  1  15.81200000  10.59300000  14.52470000  3
2900  1  26.52120000  22.01710000  4.71187000  4
2901  1  21.04270000  13.92130000  30.01980000  4
2902  1  13.65160000  35.71430000  0.34176000  3
2903  1  12.91090000  23.38100000  36.98440000  4
2904  1  30.67470000  2.42551000  24.73440000  4
2905  1  23.53360000  26.48670000  34.81800000  3
2906  1  13.58840000  17.68680000  29.33820000  4
2907  1  8.67991000  6.84916000  37.39350000  4
2908  1  17.48250000  25.58210000  0.57815900  4
2909  1  13.57560000  26.94320000  17.03520000  3
2910  1  21.44000000  8.76229000  27.25340000  4
2911  1  30.99120000  15.44940000  33.76990000  4
2912  1  35.03320000  2.42574000  9.08795000  4
2913  1  7.07434000  1.87135000  0.38767600  3
2914  1  33.49230000  16.85040000  20.18770000  4
2915  1  15.33280000  12.50370000  1.30114000  3
2916  1  27.83610000  30.20070000  36.20960000  4
2917  1  37.37710000  33.27460000  14.87620000  4
2918  1  12.05280000  33.50950000  6.93657000  4
2919  1  7.47646000  32.55420000  9.87962000  3
2920  1  37.07240000  11.04220000  17.26040000  4
2921  1  29.87700000  29.37720000  2.47356000  4
2922  1  25.16860000  35.91620000  19.42330000  4
2923  1  21.64780000  33.76870000  7.61563000  3
2924  1  27.36720000  6.08361000  17.74480000  3
2925  1  21.27610000  29.13100000  28.32010000  4
2926  1  12.20710000  15.17070000  32.76420000  3
2927  1  14.11920000  13.41740000  24.10460000  4
2928  1  25.44380000  15.39230000  28.49960000  3
2929  1  6.36905000  28.79970000  18.05770000  4
2930  1  0.52720300  12.96200000  0.21949900  4
2931  1  13.97920000  19.17270000  23.83710000  4
2932  1  28.37570000  8.29271000  18.45930000  4
2933  1  26.34900000  8.00929000  14.91160000  4
2934  1  31.37420000  16.64380000  26.80500000  4
2935  1  36.81950000  24.60200000  20.00670000  3
2936  1  22.96860000  19.02770000  16.96840000  4
2937  1  27.65250000  34.01370000  5.97830000  4
2938  1  6.67333000  25.70910000  2.36162000  3
2939  1  25.12210000  25.57820000  33.42240000  4
2940  1  27.81180000  30.70280000  9.44878000  4
2941  1  18.20630000  33.52670000  20.51900000  4
2942  1  19.02360000  6.74420000  13.01640000  4
2943  1  35.40040000  23.50670000  3.26401000  4
2944  1  13.85770000  12.75470000  30.76350000  4
2945  1  4.82701000  33.47480000  20.01000000  4
2946  1  25.89290000  1.04092000  36.88270000  3
2947  1  13.32000000  8.59587000  35.39120000  4
2948  1  12.11780000  27.57660000  23.77590000  3
2949  1  2.87701000  12.19170000  26.64680000  3
2950  1  13.09190000  30.07880000  18.85610000  3
2951  1  28.50650000  6.90386000  13.53400000  4
2952  1  20.78210000  7.05430000  34.37270000  4
2953  1  33.23840000  26.65010000  1.00415000  4
2954  1  34.07470000  4.06602000  27.71660000  3
2955  1  0.90582100  1.11828000  28.61140000  4
2956  1  31.63540000  34.74180000  11.13190000  4
2957  1  34.98340000  23.45690000  19.32220000  4
2958  1  32.44280000  33.42350000  25.58930000  4
2959  1  9.89426000  5.35899000  9.77496000  3
2960  1  17.27080000  14.23150000  36.61620000  4
2961  1  18.05250000  11.70420000  13.71000000  4
2962  1  28.22980000  6.12766000  12.13720000  4
2963  1  8.98574000  11.55030000  21.41700000  3
2964  1  21.07190000  3.64085000  5.09682000  4
2965  1  7.02999000  29.03040000  14.00550000  4
2966  1  3.44571000  8.70555000  5.80754000  4
2967  1  32.59200000  21.93900000  20.02050000  3
2968  1  19.29770000  15.62900000  30.52710000  3
2969  1  5.24616000  12.53840000  36.79600000  4
2970  1  36.14160000  29.79960000  21.60410000  4
2971  1  14.98380000  13.66060000  20.61660000  3
2972  1  18.27130000  20.69490000  20.29340000  4
2973  1  11.19380000  31.08830000  25.18510000  4
2974  1  2.93968000  17.45550000  6.72393000  4
2975  1  19.32530000  29.82590000  19.02540000  3
2976  1  5.48180000  0.67733900  20.72210000  4
2977  1  4.43650000  36.66300000  23.78870000  4
2978  1  17.57430000  21.84790000  35.05980000  4
2979  1  31.51660000  3.49556000  23.95530000  4
2980  1  37.18170000  9.27289000  10.86620000  4
2981  1  21.03560000  24.28550000  4.00043000  4
2982  1  13.77930000  1.85692000  18.85910000  3
2983  1  10.96640000  32.23950000  14.88610000  4
2984  1  19.15320000  4.74688000  6.16995000  4
2985  1  34.15400000  16.42010000  10.01270000  4
2986  1  37.15250000  23.11820000  13.67750000  4
2987  1  18.03720000  35.56430000  7.08680000  4
2988  1  6.25969000  22.56870000  23.98400000  4
2989  1  29.71550000  29.46830000  26.11610000  4
2990  1  19.63850000  34.24120000  10.32770000  4
2991  1  17.09760000  26.77580000  36.15450000  4
2992  1  32.43600000  4.81764000  14.13280000  4
2993  1  17.54610000  36.00270000  27.55440000  4
2994  1  11.91750000  4.80791000  24.83540000  4
2995  1  32.35210000  3.62600000  3.58689000  4
2996  1  14.27700000  6.68916000  6.49627000  3
2997  1  24.42120000  24.50500000  19.97250000  3
2998  1  21.94890000  9.49950000  14.54230000  4
2999  1  30.33470000  17.26550000  35.71230000  4
3000  1  3.04971000  10.84940000  18.85440000  4
3001  1  33.25190000  35.18840000  29.07110000  4
3002  1  24.82710000  2.97559000  13.44190000  4
3003  1  0.04201750  13.39280000  20.28650000  4
3004  1  29.80090000  35.60610000  2.55241000  4
3005  1  17.17170000  20.50820000  19.30820000  3
3006  1  30.17950000  10.71630000  16.81510000  4
3007  1  16.62050000  27.24640000  34.77760000  4
3008  1  12.80190000  15.46270000  8.24098000  3
3009  1  28.24960000  3.44615000  11.27840000  4
3010  1  7.56306000  20.76860000  19.64580000  4
3011  1  6.31478000  27.16700000  12.68490000  4
3012  1  9.44514000  30.35140000  13.64390000  4
3013  1  26.03630000  24.00080000  17.78260000  3
3014  1  23.15630000  15.68050000  26.42140000  4
3015  1  2.29427000  18.40290000  3.40600000  3
3016  1  0.98818700  35.83190000  19.10880000  4
3017  1  6.46901000  23.41710000  16.25920000  3
3018  1  5.04765000  12.27960000  9.31384000  3
3019  1  20.33500000  3.10974000  22.13360000  4
3020  1  33.55440000  28.90400000  0.43896400  4
3021  1  27.07460000  26.83710000  20.59510000  4
3022  1  18.74760000  2.17503000  32.95640000  4
3023  1  17.23500000  37.22780000  12.87250000  4
3024  1  35.58750000  17.62940000  0.01575810  4
3025  1  14.21450000  4.71723000  26.97590000  4
3026  1  29.70520000  19.49730000  12.28180000  4
3027  1  23.68050000  2.25090000  14.23510000  4
3028  1  26.44970000  16.28220000  28.28990000  3
3029  1  10.46610000  11.06560000  25.83550000  3
3030  1  26.19070000  29.43280000  24.89540000  4
3031  1  35.99600000  12.20280000  7.34063000  3
3032  1  17.04260000  9.72660000  28.18800000  4
3033  1  16.60480000  35.35130000  20.13210000  4
3034  1  36.87410000  6.33701000  4.08500000  4
3035  1  31.21330000  3.92183000  11.66160000  4
3036  1  13.50150000  13.51810000  2.55842000  4
3037  1  15.43790000  4.45087000  4.58573000  3
3038  1  23.15210000  21.86600000  22.07160000  3
3039  1  8.09482000  35.98690000  4.20464000  4
3040  1  21.75490000  1.45158000  12.52970000  4
3041  1  37.30200000  23.10320000  16.78450000  4
3042  1  12.57160000  22.59200000  19.84160000  4
3043  1  8.41465000  24.59910000  33.37240000  4
3044  1  36.24140000  22.86080000  27.66360000  4
3045  1  26.93480000  24.73120000  19.85350000  3
3046  1  24.93060000  15.45000000  33.01400000  4
3047  1  16.66500000  16.22150000  2.80954000  4
3048  1  21.01470000  7.65634000  24.00480000  4
3049  1  6.64219000  8.50732000  8.02488000  4
3050  1  30.44200000  23.77630000  19.47380000  4
3051  1  22.99270000  15.41330000  36.32540000  4
3052  1  0.47558200  1.50472000  2.51620000  4
3053  1  19.31470000  33.49510000  2.08628000  4
3054  1  32.70130000  7.32759000  13.82270000  4
3055  1  7.02010000  15.13220000  29.74010000  3
3056  1  19.68870000  11.16850000  29.99980000  4
3057  1  2.04252000  24.57750000  3.82980000  4
3058  1  3.89365000  17.67660000  13.97380000  4
3059  1  23.41380000  4.04857000  22.85640000  4
3060  1  9.68548000  20.01750000  18.44890000  4
3061  1  14.94580000  31.79150000  13.14750000  3
3062  1  29.00920000  18.74320000  33.02880000  4
3063  1  13.29140000  16.01370000  25.87830000  4
3064  1  31.32600000  19.41830000  2.56503000  3
3065  1  17.26660000  29.35890000  27.88200000  4
3066  1  6.56438000  10.16600000  29.49430000  3
3067  1  7.93757000  5.22932000  25.46600000  4
3068  1  26.95320000  3.45489000  12.14170000  4
3069  1  4.50154000  7.10687000  3.91567000  4
3070  1  20.06330000  25.92110000  0.71150600  4
3071  1  30.07900000  33.95710000  27.60270000  4
3072  1  28.43640000  8.95718000  23.45340000  4
3073  1  4.71797000  29.66610000  16.82270000  4
3074  1  19.58530000  17.66120000  14.87060000  4
3075  1  28.26730000  18.59770000  35.37410000  4
3076  1  20.60350000  37.00630000  4.22968000  3
3077  1  0.88824900  29.25180000  13.80200000  4
3078  1  31.32440000  11.85020000  27.91270000  4
3079  1  35.43610000  23.55300000  5.84301000  4
3080  1  5.65720000  0.57629800  4.57978000  4
3081  1  35.44220000  36.14990000  28.34590000  4
3082  1  12.31500000  23.89450000  26.87210000  4
3083  1  4.69260000  23.74220000  14.59750000  4
3084  1  21.06720000  33.83180000  22.16570000  4
3085  1  35.49810000  27.58770000  15.63170000  4
3086  1  9.02918000  36.21800000  25.41410000  4
3087  1  9.29783000  8.10231000  35.20570000  4
3088  1  4.65637000  26.54990000  6.53513000  4
3089  1  2.33445000  15.22460000  32.70960000  3
3090  1  10.04620000  7.79009000  10.73320000  4
3091  1  6.55541000  2.20447000  13.69070000  4
3092  1  18.63870000  26.89600000  30.30220000  4
3093  1  20.44150000  9.06575000  18.54270000  4
3094  1  0.00508317  17.77030000  21.47050000  4
3095  1  22.11140000  3.11603000  15.84030000  4
3096  1  27.86260000  35.74280000  26.41680000  4
3097  1  26.90040000  21.93290000  17.63070000  3
3098  1  21.02150000  18.36980000  3.83716000  3
3099  1  31.44810000  11.71970000  37.11520000  4
3100  1  34.76190000  32.89380000  20.20650000  4
3101  1  15.51460000  20.45680000  17.02590000  4
3102  1  17.32360000  16.71430000  29.41930000  3
3103  1  19.85590000  14.86430000  37.10510000  3
3104  1  10.04890000  9.28763000  35.46220000  4
3105  1  10.12500000  21.98000000  21.67690000  4
3106  1  6.41624000  30.46300000  25.18280000  3
3107  1  13.40310000  35.32560000  1.73094000  4
3108  1  23.79300000  25.86380000  8.14116000  4
3109  1  4.12757000  28.37640000  11.19880000  4
3110  1  21.86220000  1.27257000  5.54306000  4
3111  1  6.51282000  26.33920000  33.05220000  3
3112  1  1.30618000  36.23590000  12.13230000  3
3113  1  19.47270000  26.66020000  22.69960000  3
3114  1  8.21572000  0.54589500  5.69251000  4
3115  1  5.20062000  12.69820000  26.56690000  4
3116  1  2.55470000  36.73810000  0.26063600  4
3117  1  14.04670000  33.08750000  1.60654000  4
3118  1  16.64910000  34.23830000  10.84200000  3
3119  1  9.42380000  29.09780000  32.55430000  4
3120  1  15.97310000  17.18620000  19.69260000  4
3121  1  26.70950000  13.87950000  7.12866000  4
3122  1  16.90370000  0.71954900  21.19920000  4
3123  1  3.83521000  8.64169000  0.46822500  4
3124  1  17.80780000  36.23790000  11.92290000  4
3125  1  24.14610000  20.80150000  17.16450000  4
3126  1  11.87290000  19.78050000  6.16955000  4
3127  1  3.53873000  37.18780000  27.62170000  4
3128  1  21.43240000  16.20530000  6.29873000  3
3129  1  17.58710000  24.27840000  35.90220000  4
3130  1  13.25430000  33.70780000  7.94772000  4
3131  1  4.12248000  33.12130000  8.14642000  4
3132  1  5.53808000  23.72360000  35.90730000  3
3133  1  3.04117000  10.34670000  16.38410000  4
3134  1  33.13760000  2.32905000  13.66650000  4
3135  1  28.71850000  6.65329000  27.76520000  4
3136  1  16.97650000  32.29790000  0.94531800  4
3137  1  6.68888000  20.22540000  24.07820000  3
3138  1  31.25250000  24.12800000  12.95820000  4
3139  1  29.27660000  16.52670000  26.06560000  4
3140  1  25.50130000  21.40980000  8.34058000  4
3141  1  32.57300000  23.64010000  9.42908000  4
3142  1  17.34470000  29.98550000  4.52114000  4
3143  1  1.57748000  1.36897000  36.56110000  4
3144  1  26.96490000  13.78020000  35.22190000  3
3145  1  0.83406600  2.79919000  16.23780000  4
3146  1  2.56428000  23.74960000  26.18790000  4
3147  1  36.31960000  14.31500000  19.69400000  4
3148  1  10.57880000  28.01990000  25.51710000  3
3149  1  8.59290000  35.00030000  13.81640000  4
3150  1  30.58170000  12.54910000  15.20100000  4
3151  1  30.15660000  34.10280000  2.64740000  3
3152  1  12.45800000  17.34580000  23.88150000  4
3153  1  22.61600000  4.44825000  28.11140000  4
3154  1  19.81750000  7.05656000  35.56100000  4
3155  1  23.38090000  18.87060000  14.14810000  4
3156  1  10.75330000  25.26090000  23.94230000  3
3157  1  28.29640000  11.60800000  15.59850000  4
3158  1  4.90794000  7.02138000  29.00770000  4
3159  1  17.93500000  1.59857000  4.11077000  4
3160  1  22.92530000  13.25860000  0.54680600  4
3161  1  2.79882000  19.86530000  10.76540000  4
3162  1  18.95620000  2.09865000  36.73510000  4
3163  1  24.64780000  6.60375000  15.55200000  4
3164  1  21.49760000  4.47809000  36.99750000  4
3165  1  37.28790000  15.53920000  22.61500000  4
3166  1  31.22110000  21.83740000  28.16840000  4
3167  1  11.79780000  32.98320000  23.79220000  4
3168  1  31.78930000  4.83498000  28.48180000  3
3169  1  33.66460000  3.55259000  28.95970000  4
3170  1  24.84400000  37.37370000  31.08060000  4
3171  1  27.09780000  6.65876000  14.09090000  4
3172  1  17.47950000  28.83670000  14.80910000  4
3173  1  27.43200000  32.57720000  12.21920000  4
3174  1  16.90700000  3.08055000  20.21280000  4
3175  1  14.27860000  29.11490000  33.16650000  4
3176  1  30.74370000  6.18423000  37.23640000  4
3177  1  7.23903000  32.25990000  5.99562000  4
3178  1  5.84882000  21.14100000  21.95700000  4
3179  1  18.58500000  24.18700000  32.16040000  3
3180  1  24.23280000  20.84170000  1.67103000  4
3181  1  37.09790000  13.01360000  21.64430000  3
3182  1  11.14950000  29.49320000  27.41170000  4
3183  1  25.23910000  11.15100000  3.26672000  4
3184  1  15.25890000  22.10370000  19.21600000  4
3185  1  32.90590000  13.84760000  33.44800000  3
3186  1  24.41230000  18.14170000  14.92170000  4
3187  1  0.58136400  20.41990000  3.13143000  4
3188  1  10.15660000  28.89840000  23.18890000  3
3189  1  10.67390000  20.33780000  23.32460000  4
3190  1  10.64990000  22.71190000  28.88350000  4
3191  1  30.57410000  23.78210000  5.11614000  4
3192  1  20.46940000  11.30080000  24.67050000  3
3193  1  14.69470000  21.17090000  31.39310000  4
3194  1  0.29000000  4.14479000  10.97100000  4
3195  1  13.97180000  32.08180000  30.60690000  4
3196  1  18.68980000  25.95460000  34.37220000  4
3197  1  7.33413000  22.56450000  25.17590000  4
3198  1  2.27559000  29.90650000  30.21470000  4
3199  1  33.09370000  4.74581000  0.15144300  4
3200  1  7.02534000  19.40290000  34.32450000  4
3201  1  7.19487000  23.48930000  3.70917000  4
3202  1  34.61220000  24.43810000  22.02890000  3
3203  1  12.44440000  22.81760000  14.94700000  3
3204  1  15.66630000  33.95800000  36.03370000  4
3205  1  0.90569600  19.22000000  7.76508000  4
3206  1  8.51777000  13.79080000  13.38360000  3
3207  1  9.85481000  7.55481000  30.87850000  4
3208  1  35.55150000  19.51110000  18.50660000  4
3209  1  26.29260000  4.96412000  33.05740000  4
3210  1  29.26680000  21.70570000  4.95523000  3
3211  1  29.68840000  12.60010000  12.86850000  3
3212  1  14.89790000  9.64217000  23.50840000  3
3213  1  20.67730000  14.13910000  32.68580000  4
3214  1  17.44350000  31.92740000  18.73070000  3
3215  1  7.99090000  23.84780000  9.19713000  4
3216  1  20.52560000  22.44710000  18.41710000  4
3217  1  9.19382000  3.96531000  12.24950000  4
3218  1  25.57610000  35.94920000  20.97050000  4
3219  1  29.68100000  31.00460000  2.84633000  4
3220  1  8.62591000  12.84120000  22.00140000  4
3221  1  23.98870000  13.39280000  31.28890000  4
3222  1  3.18368000  34.80820000  34.30890000  3
3223  1  6.54754000  32.24100000  34.21540000  4
3224  1  21.06070000  7.41767000  5.22162000  4
3225  1  5.78700000  28.55040000  21.23160000  3
3226  1  20.21390000  9.14602000  21.36080000  3
3227  1  17.23610000  32.71510000  12.57840000  3
3228  1  21.20500000  15.43770000  22.03150000  4
3229  1  6.19357000  4.22874000  1.09430000  4
3230  1  27.74200000  10.52390000  28.09000000  4
3231  1  15.97080000  15.66190000  8.15400000  4
3232  1  18.18690000  15.63820000  3.29250000  4
3233  1  15.76760000  12.84140000  16.44150000  4
3234  1  25.09290000  23.80450000  6.45039000  3
3235  1  0.18971900  36.42880000  31.69370000  4
3236  1  33.54590000  36.67670000  7.71801000  3
3237  1  10.24630000  21.28770000  10.87010000  4
3238  1  0.11095800  30.72890000  5.07319000  3
3239  1  14.25520000  1.71110000  31.78330000  3
3240  1  2.69062000  19.96550000  1.56314000  4
3241  1  21.18630000  26.04560000  35.08320000  3
3242  1  18.83270000  18.75400000  24.90440000  4
3243  1  16.93150000  8.88215000  36.73020000  3
3244  1  28.35540000  11.91090000  21.33420000  4
3245  1  4.45801000  30.72270000  29.72700000  3
3246  1  11.42770000  32.91430000  35.71200000  4
3247  1  12.68610000  17.73820000  3.89695000  4
3248  1  35.27520000  4.59057000  14.17340000  4
3249  1  35.46750000  23.99090000  28.36360000  4
3250  1  8.63827000  23.41930000  18.44890000  4
3251  1  7.13035000  34.49420000  26.95790000  4
3252  1  22.07570000  35.79870000  18.84140000  3
3253  1  12.31080000  0.91815200  25.43210000  4
3254  1  16.04220000  33.86880000  7.16637000  4
3255  1  24.85460000  16.64830000  3.99705000  4
3256  1  8.25272000  3.85952000  34.04950000  4
3257  1  27.60740000  12.58740000  25.60060000  4
3258  1  15.02040000  17.89600000  17.43670000  4
3259  1  9.69324000  25.26390000  23.05540000  3
3260  1  22.12870000  15.87750000  33.21830000  4
3261  1  34.73340000  36.40800000  6.86664000  4
3262  1  15.69520000  25.12640000  21.75290000  3
3263  1  1.76285000  14.95290000  28.20210000  4
3264  1  19.12110000  4.45235000  20.07040000  4
3265  1  7.53820000  32.87270000  33.18150000  4
3266  1  22.58730000  15.30580000  10.05880000  4
3267  1  0.52038200  13.76580000  30.81550000  4
3268  1  35.99040000  5.16964000  3.93925000  3
3269  1  0.76550600  36.39180000  23.69460000  4
3270  1  14.68610000  35.00130000  15.74220000  3
3271  1  7.54791000  3.27297000  14.28550000  4
3272  1  31.67310000  27.39120000  3.13930000  4
3273  1  7.20455000  32.17260000  14.17980000  4
3274  1  4.40516000  14.16730000  26.51600000  4
3275  1  19.50080000  30.60360000  28.32270000  3
3276  1  17.25790000  6.65064000  23.12380000  3
3277  1  22.53320000  36.46900000  7.61641000  4
3278  1  31.17360000  36.43840000  20.16250000  3
3279  1  3.17138000  29.20000000  21.40500000  4
3280  1  24.66980000  21.27450000  11.92940000  4
3281  1  9.07895000  28.19280000  27.19660000  4
3282  1  37.02420000  32.65060000  30.70240000  4
3283  1  9.84531000  25.26510000  1.81925000  4
3284  1  18.30010000  15.58610000  9.47937000  4
3285  1  25.10060000  21.46330000  27.11020000  4
3286  1  14.69350000  9.34046000  10.48200000  3
3287  1  25.43350000  16.82560000  25.85660000  3
3288  1  23.95150000  2.29901000  28.17050000  4
3289  1  29.03360000  14.29810000  6.27058000  4
3290  1  3.03653000  33.42400000  3.46042000  4
3291  1  12.84700000  34.82790000  26.67540000  4
3292  1  4.08338000  3.94460000  3.36732000  4
3293  1  31.99450000  32.64620000  19.69060000  4
3294  1  9.68978000  35.99600000  35.23710000  3
3295  1  10.40380000  36.49830000  29.77280000  4
3296  1  3.82603000  37.34170000  6.12775000  3
3297  1  34.74740000  20.90640000  30.16060000  4
3298  1  26.66930000  34.63510000  17.60840000  4
3299  1  9.11449000  0.20160500  21.84810000  4
3300  1  32.51200000  1.37958000  16.03090000  3
3301  1  4.14540000  14.75530000  10.62570000  4
3302  1  33.93520000  15.47650000  26.58430000  3
3303  1  6.88327000  17.48260000  20.52500000  4
3304  1  16.13040000  0.18827200  25.72170000  4
3305  1  8.54248000  5.87385000  9.83786000  3
3306  1  16.61710000  30.46330000  12.30090000  3
3307  1  4.49469000  35.04250000  34.92140000  3
3308  1  26.05270000  20.81910000  33.90870000  4
3309  1  14.73270000  25.13720000  1.46451000  4
3310  1  31.69130000  26.35990000  31.76460000  4
3311  1  11.71780000  31.63690000  4.77014000  4
3312  1  3.47917000  9.78024000  23.46910000  4
3313  1  15.56020000  29.40350000  33.83550000  4
3314  1  29.98630000  33.40670000  20.44840000  4
3315  1  5.32821000  8.15810000  29.96750000  4
3316  1  22.60430000  8.46376000  33.42960000  4
3317  1  27.11220000  23.89720000  13.48150000  4
3318  1  1.62220000  4.56868000  21.12760000  3
3319  1  30.11990000  2.10540000  20.24980000  3
3320  1  20.61710000  33.89390000  2.60711000  4
3321  1  31.48630000  18.71990000  22.24620000  4
3322  1  9.10887000  35.09920000  3.64391000  4
3323  1  6.65194000  12.54490000  7.45249000  4
3324  1  13.41090000  0.85820100  28.13200000  4
3325  1  11.79320000  33.58020000  0.61735100  3
3326  1  30.95830000  3.36077000  5.80491000  4
3327  1  16.44910000  33.17950000  2.43391000  4
3328  1  4.87958000  13.96440000  23.36540000  4
3329  1  25.36560000  5.46547000  35.35050000  4
3330  1  36.12170000  19.60920000  20.04790000  4
3331  1  11.73310000  28.14210000  18.80730000  3
3332  1  30.18270000  16.06850000  4.78699000  4
3333  1  16.52710000  11.75320000  23.42850000  4
3334  1  6.61105000  5.58695000  16.92450000  3
3335  1  17.50250000  28.88430000  9.04196000  4
3336  1  18.54810000  8.40466000  9.46679000  3
3337  1  12.74530000  28.60940000  6.92323000  4
3338  1  15.52970000  24.03590000  28.41040000  4
3339  1  18.57170000  1.62263000  23.32600000  4
3340  1  25.41210000  9.40251000  9.93139000  4
3341  1  9.52038000  21.43300000  26.76080000  4
3342  1  29.77760000  18.61890000  31.79490000  3
3343  1  5.71539000  9.95638000  32.70100000  3
3344  1  27.76610000  10.05190000  29.55410000  3
3345  1  13.08080000  8.79451000  28.87460000  4
3346  1  18.82670000  37.34990000  8.37527000  4
3347  1  9.86117000  32.96810000  29.84670000  3
3348  1  36.38420000  3.34668000  35.04560000  3
3349  1  4.99434000  16.81130000  8.86894000  3
3350  1  27.64870000  35.23110000  10.28890000  3
3351  1  13.48320000  19.12870000  33.80420000  3
3352  1  11.23030000  4.51934000  3.41024000  3
3353  1  26.77700000  8.65763000  1.90405000  3
3354  1  1.07938000  27.21720000  22.16710000  4
3355  1  25.85440000  24.23410000  21.96180000  3
3356  1  25.38050000  3.46155000  4.77264000  3
3357  1  6.90691000  7.98301000  14.51750000  4
3358  1  7.22050000  28.25550000  19.15730000  4
3359  1  3.34857000  0.75621500  15.57480000  4
3360  1  18.86060000  13.34100000  31.18790000  4
3361  1  33.82370000  33.88170000  7.42965000  4
3362  1  18.06500000  24.84980000  28.60180000  4
3363  1  6.13439000  19.44290000  1.46234000  3
3364  1  1.67123000  16.98870000  19.67370000  4
3365  1  2.34035000  9.49784000  19.15270000  4
3366  1  8.78769000  0.71215000  9.45758000  3
3367  1  19.78780000  35.59060000  28.68960000  3
3368  1  7.86138000  16.51470000  25.19180000  3
3369  1  13.50820000  16.62840000  15.68180000  3
3370  1  19.19340000  5.66054000  35.66630000  4
3371  1  17.93470000  3.14819000  30.68440000  3
3372  1  13.32610000  36.50970000  14.02120000  4
3373  1  13.23970000  8.70577000  12.38910000  4
3374  1  25.81360000  22.64370000  18.31530000  4
3375  1  26.28720000  24.20860000  6.94448000  3
3376  1  7.12727000  30.26700000  9.20910000  3
3377  1  8.01800000  26.08570000  33.22780000  4
3378  1  28.53140000  10.62640000  16.79870000  4
3379  1  37.17780000  26.20760000  18.22990000  4
3380  1  25.79540000  26.40790000  36.75730000  4
3381  1  31.94370000  1.18038000  6.44437000  4
3382  1  10.71290000  27.23350000  18.22030000  4
3383  1  26.84080000  32.55330000  7.49012000  3
3384  1  4.09694000  12.09250000  34.07180000  4
3385  1  36.63140000  29.89120000  12.13590000  4
3386  1  36.83390000  5.52208000  7.91767000  3
3387  1  5.04951000  17.70970000  32.15450000  4
3388  1  22.08440000  1.77808000  3.88237000  4
3389  1  5.61902000  20.27390000  25.24840000  4
3390  1  19.15550000  3.09840000  34.03740000  3
3391  1  7.97508000  31.23760000  10.07920000  4
3392  1  31.77300000  28.70120000  12.01610000  3
3393  1  6.63493000  7.31956000  12.17380000  3
3394  1  3.27344000  12.21220000  14.72280000  4
3395  1  33.05110000  17.00150000  17.01710000  3
3396  1  11.24190000  18.74940000  12.22470000  4
3397  1  33.27400000  17.33080000  33.24070000  4
3398  1  32.75670000  22.79090000  24.63570000  4
3399  1  15.61390000  8.99834000  3.36935000  3
3400  1  8.44700000  34.09540000  2.72192000  4
3401  1  34.95310000  34.13190000  17.96640000  4
3402  1  24.13780000  11.73760000  16.86330000  4
3403  1  20.89610000  10.18850000  1.62245000  4
3404  1  0.16665300  5.18401000  27.60230000  4
3405  1  9.56455000  14.56220000  17.87480000  4
3406  1  29.63770000  3.90083000  37.04000000  4
3407  1  29.15650000  19.87730000  35.01670000  4
3408  1  33.49970000  27.42590000  36.15940000  4
3409  1  32.27760000  28.12290000  23.69270000  4
3410  1  23.92000000  31.70290000  18.70610000  4
3411  1  2.74184000  5.20702000  28.35990000  4
3412  1  33.54950000  4.21176000  23.26520000  4
3413  1  37.22670000  30.69700000  15.39530000  4
3414  1  19.98540000  14.37890000  31.14140000  4
3415  1  35.34510000  19.19920000  27.00280000  4
3416  1  11.99510000  23.58740000  22.41210000  4
3417  1  8.99555000  17.96130000  5.37492000  4
3418  1  23.75260000  2.86233000  22.00220000  3
3419  1  11.06670000  13.02810000  13.72800000  3
3420  1  26.86670000  14.94100000  25.00970000  4
3421  1  23.98310000  7.74873000  14.59790000  4
3422  1  3.45422000  23.64220000  0.40789700  4
3423  1  23.84090000  0.34739400  3.28427000  3
3424  1  23.82890000  6.58042000  16.76920000  4
3425  1  1.50388000  4.45673000  28.10410000  4
3426  1  35.43970000  8.22523000  25.23760000  4
3427  1  20.63600000  22.47070000  34.94020000  3
3428  1  16.58120000  7.38359000  25.20130000  4
3429  1  6.11454000  10.75240000  21.34170000  4
3430  1  21.87870000  24.79800000  18.21330000  4
3431  1  36.84970000  12.58920000  34.93660000  3
3432  1  19.99780000  32.69990000  10.66500000  4
3433  1  13.59880000  26.42230000  2.95905000  3
3434  1  26.07650000  18.32730000  7.56069000  3
3435  1  9.18840000  19.77260000  3.56802000  3
3436  1  8.21832000  20.95450000  9.79983000  4
3437  1  23.45720000  23.28210000  17.11430000  4
3438  1  9.36498000  23.95890000  22.62700000  4
3439  1  16.24320000  33.08970000  30.44570000  4
3440  1  7.40692000  7.03303000  28.33020000  4
3441  1  28.64390000  34.23090000  10.28130000  3
3442  1  21.38530000  27.00280000  17.06460000  4
3443  1  18.28730000  34.29120000  14.28100000  4
3444  1  17.04910000  25.10200000  16.68640000  4
3445  1  16.16850000  36.18210000  34.51400000  4
3446  1  30.99300000  32.53400000  13.60170000  4
3447  1  3.77371000  19.19720000  27.03310000  4
3448  1  18.98890000  12.26380000  21.12150000  4
3449  1  11.82080000  22.55700000  9.28839000  4
3450  1  28.87680000  27.30720000  36.12260000  3
3451  1  15.31200000  20.66790000  21.84430000  4
3452  1  23.59040000  17.52490000  12.05270000  4
3453  1  4.38216000  28.28690000  23.56740000  3
3454  1  15.98460000  13.24770000  14.34450000  4
3455  1  31.57670000  34.88400000  6.97243000  4
3456  1  24.67090000  0.41964500  0.06994080  4
3457  1  17.79390000  11.56080000  1.91689000  4
3458  1  23.34610000  6.98560000  29.20430000  3
3459  1  17.68360000  32.01220000  33.80540000  4
3460  1  13.50410000  27.80290000  21.78960000  4
3461  1  15.37960000  0.30062700  11.03500000  4
3462  1  32.50310000  31.39580000  2.64917000  4
3463  1  35.52420000  30.19780000  33.64490000  3
3464  1  2.60998000  27.53500000  25.15520000  4
3465  1  7.08605000  21.78770000  10.27200000  4
3466  1  29.03660000  4.12667000  27.60910000  4
3467  1  35.31350000  36.90760000  17.98950000  3
3468  1  27.40240000  19.84640000  3.24802000  4
3469  1  2.91866000  26.29820000  18.73840000  3
3470  1  18.72540000  34.94330000  20.44090000  3
3471  1  8.95697000  17.02090000  24.30260000  4
3472  1  18.28540000  33.13420000  22.09430000  4
3473  1  22.06300000  23.45330000  8.89921000  3
3474  1  19.24470000  9.44885000  16.13210000  4
3475  1  27.71040000  27.87840000  3.12734000  3
3476  1  12.05350000  7.14189000  2.66599000  4
3477  1  10.28510000  17.56210000  11.76000000  4
3478  1  11.21550000  2.86332000  15.11820000  4
3479  1  27.61050000  26.00110000  11.82990000  4
3480  1  24.52820000  10.56490000  11.91030000  4
3481  1  13.56990000  9.91942000  6.53942000  4
3482  1  27.44650000  10.48210000  17.83300000  3
3483  1  36.67850000  28.14380000  33.58550000  4
3484  1  5.98592000  18.03900000  4.59343000  3
3485  1  2.94322000  17.03610000  27.20490000  4
3486  1  31.44050000  27.83720000  7.41368000  4
3487  1  8.20480000  21.80770000  23.04750000  3
3488  1  32.50260000  28.68290000  16.91510000  4
3489  1  10.60920000  12.51010000  25.31530000  4
3490  1  16.90850000  13.86380000  2.36583000  4
3491  1  6.23082000  26.85920000  10.09900000  3
3492  1  5.44890000  0.96739800  34.40080000  3
3493  1  30.27370000  24.96160000  28.69170000  4
3494  1  36.86730000  29.72490000  33.35290000  4
3495  1  24.90630000  6.13395000  27.23720000  4
3496  1  18.98420000  18.17890000  8.21922000  4
3497  1  28.68930000  35.79690000  3.51955000  3
3498  1  13.82750000  2.83368000  6.75400000  4
3499  1  32.73510000  7.70087000  36.83210000  4
3500  1  14.34560000  25.46770000  11.98490000  4
3501  1  36.07960000  8.76752000  4.70948000  4
3502  1  11.31010000  10.95910000  6.15623000  3
3503  1  3.18289000  15.71850000  16.72590000  4
3504  1  22.38840000  28.44430000  19.10900000  4
3505  1  8.88812000  13.46350000  31.90020000  4
3506  1  20.10090000  23.94700000  16.08460000  3
3507  1  23.95430000  22.88860000  21.45340000  4
3508  1  14.03290000  23.81620000  28.69460000  4
3509  1  7.87481000  4.08766000  4.17390000  3
3510  1  29.13870000  3.63542000  9.05278000  4
3511  1  3.42539000  2.94486000  12.52580000  4
3512  1  10.49470000  1.91097000  24.37340000  4
3513  1  5.49816000  7.18114000  11.26490000  3
3514  1  3.73189000  36.87520000  12.21850000  3
3515  1  32.40430000  3.62224000  35.37580000  3
3516  1  18.73600000  1.00539000  27.02420000  4
3517  1  26.01610000  33.16160000  0.22718900  4
3518  1  26.35830000  33.23500000  14.51400000  4
3519  1  7.83925000  4.12645000  11.44030000  4
3520  1  10.48690000  7.06182000  35.21890000  4
3521  1  22.38950000  36.00930000  17.42190000  4
3522  1  27.15410000  25.17510000  32.15640000  4
3523  1  22.28050000  2.43203000  13.59150000  4
3524  1  32.36930000  3.81232000  5.17663000  4
3525  1  2.83832000  23.62240000  33.62410000  4
3526  1  12.00280000  5.75059000  26.20180000  4
3527  1  6.71374000  4.92306000  27.80660000  4
3528  1  32.13540000  36.72890000  17.00800000  4
3529  1  17.17740000  34.42000000  1.73858000  4
3530  1  28.92680000  34.28120000  35.59680000  3
3531  1  18.31080000  22.09410000  14.94280000  4
3532  1  31.09510000  19.88670000  15.03040000  4
3533  1  14.67820000  34.40830000  7.53391000  4
3534  1  35.38400000  20.75610000  9.85825000  3
3535  1  18.90810000  21.27850000  13.58340000  4
3536  1  24.19970000  31.08440000  25.66850000  4
3537  1  10.64490000  33.26960000  3.30958000  4
3538  1  17.84330000  6.82380000  7.14993000  3
3539  1  31.79980000  13.20540000  15.94860000  3
3540  1  13.72740000  17.90450000  8.88974000  4
3541  1  16.82600000  11.80270000  14.58050000  4
3542  1  16.43010000  25.85150000  3.32824000  4
3543  1  36.98980000  16.32620000  25.27370000  3
3544  1  1.70816000  31.11500000  6.90816000  4
3545  1  10.16770000  31.04240000  1.37194000  4
3546  1  37.29770000  1.17245000  7.90283000  3
3547  1  34.12540000  28.23960000  19.64140000  4
3548  1  19.36600000  21.51030000  27.25920000  4
3549  1  22.85880000  6.39369000  19.61460000  4
3550  1  13.35100000  17.65470000  2.55151000  4
3551  1  9.57258000  27.53450000  4.48678000  4
3552  1  9.59350000  17.50290000  34.65230000  4
3553  1  35.96080000  27.55070000  13.08710000  3
3554  1  25.13180000  26.88890000  6.47843000  3
3555  1  16.00890000  19.91580000  25.87990000  4
3556  1  4.42544000  5.43107000  26.47100000  3
3557  1  24.49020000  23.04250000  23.80650000  4
3558  1  33.87060000  35.33970000  16.50890000  3
3559  1  21.31520000  30.84870000  16.01230000  4
3560  1  4.45073000  22.48820000  7.89301000  3
3561  1  4.76751000  18.55040000  21.18760000  4
3562  1  13.29270000  31.67080000  20.70060000  4
3563  1  34.65170000  1.97423000  30.64550000  4
3564  1  3.32536000  12.11420000  19.54540000  3
3565  1  37.28090000  28.71450000  0.58776400  4
3566  1  12.49670000  29.13240000  17.95000000  4
3567  1  36.00190000  21.45490000  15.45300000  4
3568  1  20.37430000  1.64206000  8.17336000  4
3569  1  11.07960000  28.56050000  20.07380000  4
3570  1  33.61830000  26.25310000  7.03880000  4
3571  1  34.76710000  16.09820000  18.22500000  4
3572  1  0.95357200  9.87294000  28.47630000  4
3573  1  24.74060000  3.25081000  34.14410000  4
3574  1  16.87240000  13.87720000  18.58340000  3
3575  1  4.82885000  6.89414000  6.58384000  4
3576  1  22.03180000  27.24480000  24.63800000  4
3577  1  25.00730000  14.72910000  27.25420000  4
3578  1  26.06970000  4.06618000  5.84976000  4
3579  1  2.31808000  2.74799000  36.44210000  4
3580  1  25.97700000  33.93270000  26.57860000  4
3581  1  14.63380000  25.44290000  14.56340000  4
3582  1  12.98240000  1.44648000  10.79610000  4
3583  1  11.05830000  27.86130000  3.68510000  4
3584  1  18.98820000  26.68460000  16.51210000  4
3585  1  0.95881500  10.61940000  35.77830000  3
3586  1  11.78600000  27.97800000  14.63590000  4
3587  1  17.24460000  12.83250000  37.28700000  4
3588  1  33.75320000  11.57590000  28.54320000  4
3589  1  31.14110000  24.19670000  20.70710000  3
3590  1  9.14972000  20.83180000  25.43500000  4
3591  1  23.46960000  2.65877000  29.52740000  3
3592  1  1.45386000  22.49790000  32.05760000  4
3593  1  23.47820000  2.70103000  15.60080000  3
3594  1  30.21950000  31.26220000  23.89260000  3
3595  1  0.46070700  20.16640000  34.69420000  4
3596  1  21.11180000  6.36838000  27.98530000  4
3597  1  31.33540000  34.98630000  34.91570000  4
3598  1  2.01267000  1.79962000  34.11550000  4
3599  1  22.16530000  22.52260000  27.53500000  4
3600  1  29.12890000  25.42840000  23.39540000  4
3601  1  14.82350000  34.60750000  13.35140000  3
3602  1  10.60380000  5.06725000  37.28100000  4
3603  1  36.75700000  6.68586000  0.09914820  4
3604  1  27.12520000  23.16420000  27.95360000  3
3605  1  22.62890000  12.67650000  24.17180000  4
3606  1  6.36014000  13.36180000  32.27870000  4
3607  1  32.52380000  16.96010000  31.86310000  4
3608  1  16.61920000  15.93640000  17.60370000  3
3609  1  18.35240000  11.17380000  32.17380000  4
3610  1  9.87101000  30.45020000  25.65520000  3
3611  1  30.35060000  18.19160000  13.14190000  4
3612  1  4.19791000  11.68500000  27.00980000  3
3613  1  4.76159000  27.74890000  19.26930000  4
3614  1  19.84230000  2.92527000  4.40267000  4
3615  1  27.13960000  17.53670000  3.89479000  4
3616  1  7.24936000  37.27840000  19.19460000  3
3617  1  34.25340000  6.44251000  29.50700000  3
3618  1  30.65260000  15.75040000  12.84680000  4
3619  1  29.02160000  28.38130000  7.95279000  4
3620  1  5.36893000  35.74330000  19.49090000  4
3621  1  27.11700000  18.31070000  1.46696000  4
3622  1  29.87430000  30.49860000  34.05450000  4
3623  1  36.98400000  29.86720000  25.97860000  4
3624  1  31.44610000  8.56788000  8.41095000  4
3625  1  8.82818000  20.77210000  33.04380000  4
3626  1  29.65790000  23.04810000  11.56520000  4
3627  1  18.67340000  23.31370000  23.46570000  3
3628  1  34.64370000  14.39280000  30.08880000  4
3629  1  6.32959000  4.94616000  29.27490000  3
3630  1  15.49380000  32.78920000  19.77400000  4
3631  1  2.77207000  25.96730000  32.58980000  4
3632  1  20.42250000  0.50556300  18.02970000  4
3633  1  35.33170000  2.69211000  35.75520000  3
3634  1  36.75400000  27.28890000  1.37867000  4
3635  1  17.04800000  10.51990000  20.13490000  4
3636  1  20.66770000  18.48040000  32.19380000  3
3637  1  8.86454000  24.90070000  17.91580000  4
3638  1  31.68630000  15.13110000  6.39723000  4
3639  1  21.20050000  2.09178000  26.60090000  3
3640  1  4.22098000  12.34290000  6.25455000  4
3641  1  23.13110000  29.05520000  29.85370000  4
3642  1  14.75060000  12.79160000  37.41230000  4
3643  1  5.74102000  0.74216300  25.57930000  4
3644  1  11.63250000  28.25930000  29.60620000  4
3645  1  36.86580000  20.57590000  33.81870000  3
3646  1  27.49150000  34.30300000  14.84330000  4
3647  1  23.00510000  3.39669000  33.89430000  4
3648  1  27.71020000  10.88250000  10.79170000  4
3649  1  9.51697000  5.96276000  4.97735000  4
3650  1  5.99321000  20.44020000  19.66560000  4
3651  1  3.98868000  5.43749000  35.38140000  3
3652  1  31.72560000  27.46840000  22.35770000  4
3653  1  17.54060000  14.35450000  15.84780000  3
3654  1  5.70838000  9.30298000  19.24750000  4
3655  1  36.24530000  22.98690000  26.15730000  4
3656  1  7.69233000  34.26870000  23.42390000  4
3657  1  17.96220000  3.81779000  22.87690000  4
3658  1  5.79637000  8.49761000  2.72610000  4
3659  1  35.40930000  9.65532000  18.70680000  3
3660  1  14.35750000  3.85348000  2.38883000  3
3661  1  35.62020000  31.45610000  8.42113000  4
3662  1  26.96490000  9.92859000  6.71739000  4
3663  1  31.00030000  21.87780000  6.67008000  3
3664  1  27.67490000  25.43640000  20.86990000  4
3665  1  19.36250000  0.46738300  29.66720000  4
3666  1  16.53250000  3.99150000  5.54670000  4
3667  1  33.60750000  0.22577600  27.59290000  4
3668  1  2.44504000  31.45050000  28.25670000  3
3669  1  15.54080000  27.66170000  14.85350000  4
3670  1  27.04810000  31.22840000  1.48580000  4
3671  1  9.55223000  15.30090000  19.21340000  4
3672  1  10.64590000  7.58945000  14.71240000  4
3673  1  16.23970000  25.34390000  14.29340000  4
3674  1  35.78680000  0.19516900  30.64730000  4
3675  1  4.42098000  19.21800000  9.47313000  4
3676  1  22.61470000  12.70670000  31.58920000  4
3677  1  12.26000000  33.73460000  36.71420000  3
3678  1  8.28428000  26.92400000  26.58390000  4
3679  1  36.57770000  36.81590000  3.46326000  4
3680  1  14.68680000  31.20850000  36.82080000  3
3681  1  5.52066000  35.51350000  15.06820000  3
3682  1  17.68770000  28.44800000  28.93280000  3
3683  1  22.71010000  19.08250000  6.02766000  4
3684  1  33.37410000  1.53385000  31.27850000  4
3685  1  18.04770000  9.15746000  30.33820000  4
3686  1  11.70400000  9.33290000  22.94130000  3
3687  1  3.56570000  8.26702000  1.91686000  4
3688  1  20.98600000  10.68170000  33.54270000  3
3689  1  8.24004000  5.16157000  6.92923000  3
3690  1  17.12180000  11.17520000  34.68140000  4
3691  1  3.27876000  6.52869000  21.44450000  4
3692  1  0.51990900  34.52690000  35.63060000  3
3693  1  9.81431000  28.27790000  1.22333000  4
3694  1  20.98990000  34.65970000  36.58100000  2
3695  1  15.45780000  24.42470000  32.65930000  3
3696  1  1.92920000  21.04200000  22.77720000  4
3697  1  18.76000000  5.72504000  27.95280000  3
3698  1  20.36020000  6.53291000  0.60507100  4
3699  1  33.75050000  25.60750000  4.42188000  3
3700  1  29.79990000  14.83300000  1.00417000  4
3701  1  32.51730000  10.04740000  18.40080000  3
3702  1  9.71236000  30.82890000  21.59750000  4
3703  1  7.19869000  10.45420000  14.19180000  3
3704  1  19.63980000  23.03160000  27.04520000  4
3705  1  18.29050000  23.55270000  33.43610000  3
3706  1  17.88740000  7.15249000  17.80820000  3
3707  1  6.54113000  32.52490000  1.45757000  4
3708  1  15.92990000  36.27880000  30.15520000  4
3709  1  2.98481000  26.52010000  17.35220000  4
3710  1  15.59170000  2.26105000  37.43040000  4
3711  1  30.26740000  20.64610000  12.98550000  4
3712  1  16.26300000  21.44950000  19.92320000  3
3713  1  22.46610000  33.94750000  16.01050000  4
3714  1  7.89483000  25.25120000  11.15870000  4
3715  1  32.05850000  19.29600000  33.43720000  4
3716  1  3.79429000  2.90193000  4.35543000  4
3717  1  13.43980000  19.31750000  25.14710000  4
3718  1  7.74327000  2.88465000  15.72320000  4
3719  1  36.41380000  3.41200000  24.06820000  4
3720  1  12.27080000  22.69160000  24.62850000  4
3721  1  3.48991000  16.65180000  29.43740000  4
3722  1  4.94445000  30.83630000  32.50050000  4
3723  1  29.12700000  31.50450000  24.85000000  4
3724  1  22.63290000  17.37230000  8.23764000  4
3725  1  33.27050000  23.69960000  17.24250000  4
3726  1  1.75541000  4.17498000  14.60940000  4
3727  1  5.15563000  23.55300000  11.54060000  4
3728  1  23.34000000  23.53690000  27.21800000  4
3729  1  31.06850000  20.58230000  31.11710000  4
3730  1  5.73150000  25.13580000  26.04430000  4
3731  1  35.00200000  12.26500000  3.55862000  3
3732  1  14.68010000  11.51880000  29.98000000  4
3733  1  5.97317000  2.12158000  29.01520000  3
3734  1  28.71800000  8.32709000  11.13090000  4
3735  1  35.21920000  10.98400000  35.16920000  4
3736  1  36.51030000  25.17580000  28.50710000  4
3737  1  33.95510000  9.95307000  7.59186000  3
3738  1  33.51780000  16.26110000  30.96690000  4
3739  1  15.72580000  23.62700000  34.80410000  3
3740  1  16.20360000  26.89020000  12.65610000  3
3741  1  29.18920000  33.43830000  1.74752000  4
3742  1  27.90160000  7.45519000  6.88537000  4
3743  1  4.69650000  35.77910000  3.13432000  4
3744  1  4.37682000  5.81212000  5.53908000  4
3745  1  20.36780000  4.14906000  1.90104000  4
3746  1  30.25500000  15.26020000  20.95460000  4
3747  1  12.59870000  26.28880000  36.76940000  4
3748  1  5.66174000  31.23980000  7.22062000  4
3749  1  10.52170000  20.97920000  13.66760000  4
3750  1  9.30998000  33.76920000  34.69840000  4
3751  1  14.57230000  27.80480000  29.63000000  4
3752  1  25.48280000  29.86190000  35.60960000  4
3753  1  15.53130000  17.72700000  12.84570000  3
3754  1  34.11120000  13.49480000  15.83790000  3
3755  1  25.44240000  11.33250000  28.96770000  3
3756  1  28.74800000  25.42200000  17.88040000  4
3757  1  19.01680000  31.17560000  16.28100000  3
3758  1  26.38980000  19.86540000  35.02480000  4
3759  1  19.76520000  10.52130000  4.89832000  4
3760  1  37.36310000  25.47140000  15.61670000  4
3761  1  23.24260000  32.72800000  17.78360000  4
3762  1  13.22840000  24.45960000  1.82470000  4
3763  1  24.79020000  2.23279000  1.90699000  3
3764  1  30.33740000  32.79570000  5.97951000  4
3765  1  21.75100000  24.81600000  30.48140000  4
3766  1  36.54930000  10.73600000  32.99080000  4
3767  1  36.59430000  19.27860000  13.98000000  4
3768  1  12.62330000  29.42950000  29.83120000  4
3769  1  24.44840000  24.70890000  11.62700000  3
3770  1  33.01130000  5.15095000  15.59950000  4
3771  1  2.65801000  32.75770000  28.67010000  3
3772  1  16.18800000  26.67300000  5.61923000  3
3773  1  4.42251000  10.26520000  32.52730000  3
3774  1  29.55050000  27.23550000  20.72500000  4
3775  1  3.63961000  7.70333000  6.88200000  3
3776  1  21.24000000  2.17793000  28.99080000  4
3777  1  4.32766000  24.69720000  2.52658000  4
3778  1  16.01430000  6.55785000  14.57640000  4
3779  1  26.50650000  11.35240000  27.78120000  4
3780  1  18.10970000  23.90060000  20.14130000  4
3781  1  27.93120000  11.05990000  12.29830000  4
3782  1  21.74410000  11.62040000  21.18580000  4
3783  1  20.94300000  18.02730000  23.48380000  4
3784  1  5.14656000  4.81157000  20.04240000  4
3785  1  29.74670000  8.72810000  29.15120000  4
3786  1  13.20560000  26.06850000  33.47220000  3
3787  1  24.02480000  9.13833000  37.32410000  3
3788  1  27.69450000  29.41670000  35.00610000  3
3789  1  30.40780000  26.83850000  16.50720000  3
3790  1  19.99110000  16.81160000  27.08520000  4
3791  1  11.42230000  1.15127000  31.48510000  4
3792  1  19.39150000  22.13680000  22.77270000  4
3793  1  13.23780000  7.32063000  31.82430000  3
3794  1  11.10190000  26.93270000  26.45430000  4
3795  1  28.41280000  33.56360000  12.59430000  3
3796  1  35.85380000  24.03270000  4.53418000  3
3797  1  24.15270000  26.56710000  37.03300000  4
3798  1  16.11040000  18.50650000  11.70670000  4
3799  1  16.41830000  12.59170000  24.88460000  4
3800  1  9.84600000  29.63370000  31.09240000  4
3801  1  26.18170000  28.79270000  10.70890000  4
3802  1  9.80243000  1.88924000  37.23110000  4
3803  1  36.07500000  6.55512000  21.81340000  4
3804  1  21.25780000  28.91440000  26.67380000  4
3805  1  5.93921000  31.23960000  13.75610000  4
3806  1  20.68030000  29.14840000  5.31948000  4
3807  1  29.98010000  9.15258000  23.28410000  4
3808  1  8.83128000  3.40985000  32.79000000  3
3809  1  15.44970000  17.75800000  10.61900000  3
3810  1  14.99430000  8.77838000  32.72540000  4
3811  1  2.61083000  1.70717000  11.92220000  4
3812  1  12.60090000  31.15720000  2.64329000  4
3813  1  13.75820000  1.70438000  14.69540000  4
3814  1  30.72000000  3.83716000  7.19062000  4
3815  1  16.45790000  18.36360000  8.35857000  4
3816  1  22.91070000  24.77810000  11.59030000  4
3817  1  28.45730000  25.06090000  36.82910000  4
3818  1  22.83300000  5.54996000  7.04981000  3
3819  1  15.41990000  18.33900000  33.86520000  4
3820  1  26.98670000  18.00170000  0.00966871  4
3821  1  14.34140000  31.40790000  31.95280000  4
3822  1  3.82889000  14.56420000  30.44340000  3
3823  1  32.03640000  3.58109000  30.82560000  4
3824  1  24.49280000  3.06519000  16.62370000  4
3825  1  2.08123000  26.72680000  14.75990000  4
3826  1  16.50710000  15.42570000  33.83260000  4
3827  1  1.76873000  4.09663000  16.10780000  4
3828  1  7.72511000  14.51970000  35.45760000  4
3829  1  26.93750000  0.51563100  14.11980000  3
3830  1  33.25950000  19.51920000  28.04640000  3
3831  1  27.14250000  34.59020000  23.94530000  4
3832  1  26.34920000  9.78732000  31.50780000  4
3833  1  34.78270000  4.10545000  22.44260000  3
3834  1  27.99710000  17.59500000  14.75020000  3
3835  1  25.92230000  3.95023000  8.51212000  4
3836  1  16.73460000  0.05452450  22.55260000  4
3837  1  16.88360000  18.56890000  33.51190000  4
3838  1  31.03110000  34.03210000  25.24200000  3
3839  1  3.55404000  34.42420000  30.10030000  4
3840  1  2.29538000  9.42027000  24.39370000  4
3841  1  18.24160000  2.87089000  15.81550000  4
3842  1  12.85940000  1.60088000  20.06330000  4
3843  1  16.00670000  25.43580000  8.19586000  4
3844  1  28.18340000  21.94520000  34.48790000  3
3845  1  23.26240000  34.46260000  34.42470000  4
3846  1  15.76390000  8.66188000  6.37588000  3
3847  1  27.35930000  17.05920000  12.54640000  4
3848  1  14.48250000  6.44156000  9.39680000  3
3849  1  28.23600000  24.79940000  12.89990000  4
3850  1  11.99230000  6.65967000  9.48664000  4
3851  1  27.59620000  20.99990000  21.10140000  3
3852  1  36.19460000  24.14750000  11.61590000  3
3853  1  34.44360000  25.39600000  20.91130000  4
3854  1  8.74242000  26.06100000  0.96460800  4
3855  1  8.94440000  6.50029000  12.43540000  4
3856  1  11.11910000  18.95740000  1.49589000  4
3857  1  20.82180000  37.21840000  31.42460000  3
3858  1  21.52410000  20.21780000  27.02410000  3
3859  1  4.33791000  34.09120000  17.40870000  4
3860  1  6.15800000  34.10420000  4.00161000  4
3861  1  7.28774000  6.91708000  0.54688800  4
3862  1  18.96840000  22.70080000  29.13110000  4
3863  1  8.07373000  5.78467000  27.77990000  4
3864  1  10.30520000  24.74480000  13.15340000  3
3865  1  34.24740000  35.95820000  33.29180000  4
3866  1  36.13110000  32.07900000  11.07770000  3
3867  1  19.03090000  35.72480000  12.49330000  3
3868  1  26.11470000  30.21290000  3.69022000  4
3869  1  16.98110000  0.79447900  16.38190000  3
3870  1  15.78830000  37.41180000  16.11660000  4
3871  1  20.46990000  16.34730000  17.49420000  4
3872  1  8.29653000  29.34270000  19.82390000  4
3873  1  13.43900000  35.97310000  10.89790000  4
3874  1  37.19610000  20.80910000  17.51470000  4
3875  1  20.90410000  15.76660000  12.34000000  4
3876  1  0.49118000  1.16758000  24.62610000  4
3877  1  33.88660000  2.39894000  8.16506000  4
3878  1  4.51779000  27.82080000  14.22590000  3
3879  1  10.19870000  7.27747000  7.80347000  4
3880  1  7.55934000  11.66280000  13.67380000  3
3881  1  23.79690000  15.76890000  19.48830000  4
3882  1  1.36799000  20.20830000  11.13810000  4
3883  1  15.96210000  24.80670000  2.35605000  4
3884  1  14.19980000  18.17790000  12.83120000  3
3885  1  14.04050000  11.09940000  17.01520000  4
3886  1  1.48842000  26.01320000  31.74420000  4
3887  1  30.59710000  10.52090000  22.95250000  4
3888  1  1.81399000  27.15240000  32.78310000  4
3889  1  12.17300000  4.00660000  28.02910000  4
3890  1  34.50080000  30.11000000  11.12680000  3
3891  1  15.94200000  31.83070000  14.27360000  4
3892  1  36.10120000  3.07910000  20.51550000  4
3893  1  6.95024000  21.27820000  31.11500000  4
3894  1  12.23180000  13.65330000  18.42450000  3
3895  1  36.02490000  8.05513000  8.53078000  4
3896  1  32.07360000  21.99740000  29.45130000  4
3897  1  3.97892000  4.26774000  9.95594000  4
3898  1  5.14343000  0.99698300  28.99150000  3
3899  1  4.41813000  28.23720000  16.68230000  4
3900  1  1.44357000  35.37580000  5.45732000  4
3901  1  9.18828000  36.96390000  30.42740000  3
3902  1  26.59870000  32.01600000  15.61330000  4
3903  1  5.00156000  18.54800000  1.04348000  4
3904  1  25.58210000  9.41141000  1.62207000  4
3905  1  8.53906000  16.75390000  32.69550000  4
3906  1  9.34634000  33.42120000  7.08092000  4
3907  1  12.12170000  6.68753000  12.37550000  4
3908  1  21.65080000  31.84240000  28.48470000  4
3909  1  3.99530000  16.05650000  24.99020000  4
3910  1  17.02830000  35.36770000  16.35530000  3
3911  1  7.26958000  31.55440000  23.27840000  3
3912  1  33.35120000  37.20990000  12.52980000  4
3913  1  12.64550000  10.64560000  3.12786000  4
3914  1  22.77380000  28.95100000  7.72475000  3
3915  1  31.91410000  13.04310000  12.92120000  4
3916  1  24.68850000  8.57890000  34.76290000  3
3917  1  1.10518000  34.05500000  24.54120000  3
3918  1  11.64120000  35.11180000  31.55820000  4
3919  1  28.35960000  36.91710000  4.21877000  3
3920  1  24.14940000  7.20648000  19.33060000  4
3921  1  19.72090000  14.05790000  19.19780000  4
3922  1  4.31226000  18.65360000  22.62150000  3
3923  1  26.54820000  27.07780000  2.94296000  4
3924  1  25.02020000  28.43670000  35.76260000  4
3925  1  0.79681300  2.10166000  17.55840000  4
3926  1  32.32110000  7.75387000  15.28070000  4
3927  1  27.85610000  35.02030000  20.23610000  4
3928  1  28.72820000  4.71191000  21.72690000  4
3929  1  31.23480000  34.08170000  30.05200000  4
3930  1  2.61879000  8.30699000  37.10760000  4
3931  1  15.11180000  4.93131000  1.60598000  4
3932  1  0.18546700  1.58881000  36.40340000  4
3933  1  12.74880000  31.58450000  19.07810000  4
3934  1  16.33210000  25.46280000  10.60500000  3
3935  1  8.07330000  15.91510000  9.90314000  3
3936  1  17.85440000  20.38010000  7.48029000  4
3937  1  13.06930000  26.28000000  11.17070000  4
3938  1  36.20870000  21.05580000  20.84660000  4
3939  1  21.39580000  26.27220000  0.15935700  4
3940  1  4.98022000  32.88480000  12.52950000  3
3941  1  16.26670000  33.27150000  4.90320000  4
3942  1  1.68114000  5.25312000  6.08268000  3
3943  1  16.57150000  34.71790000  9.50266000  3
3944  1  30.04460000  21.15430000  2.93815000  4
3945  1  1.68997000  20.31660000  5.11593000  4
3946  1  31.44090000  12.89530000  7.30209000  4
3947  1  8.19719000  1.36312000  15.89010000  4
3948  1  34.08280000  12.22530000  31.85250000  4
3949  1  13.71390000  22.69580000  12.03040000  4
3950  1  17.37210000  27.56980000  32.44280000  4
3951  1  14.78880000  15.87710000  37.20470000  4
3952  1  12.58080000  11.51580000  23.90540000  4
3953  1  20.23550000  8.13607000  29.36820000  4
3954  1  32.72140000  12.54600000  1.74264000  4
3955  1  21.20150000  29.99790000  17.30390000  3
3956  1  22.14110000  27.19310000  4.93247000  4
3957  1  24.70230000  19.13200000  9.82896000  4
3958  1  25.16820000  36.83240000  17.04320000  4
3959  1  0.28598200  2.21000000  22.34700000  3
3960  1  6.97275000  28.17450000  31.31280000  3
3961  1  8.32195000  23.26920000  23.32050000  4
3962  1  36.85940000  35.46100000  3.06110000  3
3963  1  30.37510000  4.40073000  5.02267000  3
3964  1  5.13709000  35.10140000  21.97930000  4
3965  1  5.08460000  10.61200000  1.07900000  4
3966  1  25.83030000  16.82250000  12.75160000  4
3967  1  35.83750000  28.40790000  6.02662000  4
3968  1  23.37780000  31.09770000  32.90540000  4
3969  1  36.73460000  34.12040000  19.88910000  4
3970  1  9.36092000  20.70380000  1.84826000  3
3971  1  8.55856000  5.92943000  2.52765000  4
3972  1  18.36680000  15.66730000  15.99440000  4
3973  1  16.11560000  1.71969000  34.77590000  4
3974  1  8.23866000  33.84470000  10.11860000  4
3975  1  13.41020000  4.10708000  24.65220000  4
3976  1  11.05520000  4.61016000  30.13390000  4
3977  1  35.94050000  24.98550000  0.07807510  4
3978  1  7.95121000  34.81200000  11.43430000  4
3979  1  17.74510000  12.82610000  19.04000000  4
3980  1  14.66660000  1.67257000  23.91080000  4
3981  1  4.88270000  25.75420000  21.13530000  3
3982  1  35.21840000  35.81150000  32.08390000  4
3983  1  24.82240000  8.00735000  11.91000000  3
3984  1  4.35460000  18.99500000  34.18390000  4
3985  1  24.68180000  18.92210000  3.06998000  4
3986  1  22.40820000  10.02320000  13.09140000  4
3987  1  33.06110000  13.69060000  17.94330000  3
3988  1  20.22000000  9.58584000  26.76260000  4
3989  1  27.25690000  33.22370000  24.65920000  3
3990  1  27.74560000  6.88137000  20.57280000  3
3991  1  36.52480000  31.16840000  26.34100000  3
3992  1  21.88720000  5.90508000  36.29690000  4
3993  1  34.43460000  12.97120000  5.75811000  4
3994  1  30.07410000  5.32202000  23.85960000  4
3995  1  21.19960000  33.40850000  30.43670000  4
3996  1  9.01222000  23.96600000  21.11750000  4
3997  1  5.35899000  34.43090000  2.60138000  4
3998  1  11.74850000  37.14950000  12.14630000  4
3999  1  10.24220000  11.56000000  36.81530000  4
4000  1  32.63660000  10.66780000  5.53328000  4
4001  1  14.05690000  25.98610000  4.28404000  4
4002  1  32.53650000  35.73320000  0.68496700  4
4003  1  25.14320000  27.08560000  2.50912000  4
4004  1  7.05544000  29.31700000  16.85760000  4
4005  1  30.86090000  27.11540000  34.19980000  4
4006  1  16.93480000  2.38617000  18.87820000  4
4007  1  28.97070000  22.59300000  9.23792000  4
4008  1  11.81330000  26.24210000  11.82210000  4
4009  1  11.88520000  20.30370000  8.35370000  3
4010  1  0.07136000  2.45304000  35.06880000  4
4011  1  4.74211000  16.21070000  10.25220000  4
4012  1  24.69810000  7.43462000  21.79190000  4
4013  1  3.09845000  5.89966000  26.97460000  4
4014  1  10.49140000  17.34700000  5.00019000  4
4015  1  20.52620000  36.07940000  22.57810000  3
4016  1  21.47590000  21.96610000  19.49290000  4
4017  1  24.17020000  20.89550000  22.43510000  4
4018  1  8.37489000  23.25800000  29.82020000  4
4019  1  30.65100000  6.33743000  20.76580000  3
4020  1  0.48163300  19.74160000  26.96090000  4
4021  1  20.06390000  10.12150000  29.16530000  4
4022  1  26.81190000  32.91920000  25.88900000  3
4023  1  20.25030000  1.40207000  20.43700000  3
4024  1  12.33880000  28.11780000  9.42257000  4
4025  1  37.16410000  4.57187000  31.19090000  4
4026  1  33.27430000  3.32022000  10.70760000  4
4027  1  21.55570000  0.78260700  8.56459000  4
4028  1  15.58150000  31.50390000  22.64130000  3
4029  1  29.83830000  27.03160000  29.69240000  3
4030  1  1.64478000  6.64082000  16.58370000  4
4031  1  10.02910000  36.60090000  28.21620000  4
4032  1  32.09950000  19.65890000  29.01800000  4
4033  1  1.32461000  28.59020000  0.20325300  4
4034  1  11.84870000  1.34545000  0.71416100  3
4035  1  14.65900000  36.28680000  35.29660000  4
4036  1  17.15050000  1.74073000  6.99344000  4
4037  1  7.75973000  25.83910000  4.62370000  3
4038  1  17.07300000  31.42060000  13.26900000  4
4039  1  22.65110000  15.62160000  4.37083000  3
4040  1  26.73390000  6.13239000  12.60560000  4
4041  1  15.42230000  37.00830000  22.93920000  3
4042  1  33.40470000  4.47111000  9.47649000  4
4043  1  14.61550000  31.17410000  27.51130000  4
4044  1  22.94130000  27.90510000  1.20972000  4
4045  1  31.00980000  20.28820000  28.13070000  4
4046  1  14.14870000  33.41970000  11.54620000  3
4047  1  19.63420000  19.62970000  10.29890000  4
4048  1  3.26365000  31.53690000  0.19214900  4
4049  1  25.60000000  13.01820000  6.52666000  4
4050  1  29.08120000  12.87050000  15.63090000  4
4051  1  31.52650000  22.65220000  12.97110000  4
4052  1  34.55960000  28.41420000  30.53440000  4
4053  1  16.67490000  19.43680000  30.89250000  4
4054  1  32.14150000  22.30570000  11.51200000  4
4055  1  2.42535000  33.48200000  19.14100000  4
4056  1  12.72460000  9.86504000  35.98740000  4
4057  1  33.28510000  22.42290000  28.81360000  3
4058  1  6.04518000  34.11540000  27.97830000  4
4059  1  0.86178600  4.54497000  0.03276390  4
4060  1  11.20070000  12.75260000  2.82723000  4
4061  1  28.25030000  27.72570000  27.30140000  3
4062  1  36.99220000  16.41550000  2.91318000  3
4063  1  15.29620000  18.15650000  23.63340000  4
4064  1  0.70367600  4.12880000  6.26616000  4
4065  1  4.17219000  23.47100000  28.32470000  4
4066  1  17.82130000  20.93540000  24.18350000  4
4067  1  23.27220000  21.89690000  35.28000000  4
4068  1  20.57300000  3.55830000  34.36520000  4
4069  1  3.93541000  23.39750000  19.16080000  4
4070  1  5.47646000  30.99200000  37.00480000  4
4071  1  27.02620000  2.63442000  31.80780000  4
4072  1  16.41410000  14.47990000  4.75858000  3
4073  1  18.81110000  15.55750000  21.29420000  3
4074  1  33.92090000  36.10170000  25.71320000  4
4075  1  13.56500000  5.29762000  37.13740000  4
4076  1  11.61930000  4.07324000  32.50400000  3
4077  1  8.70049000  32.00370000  33.02290000  3
4078  1  34.04560000  22.81850000  5.89894000  4
4079  1  4.93979000  20.83210000  11.81200000  4
4080  1  1.07750000  15.85470000  34.36830000  4
4081  1  3.42358000  2.49332000  13.92450000  4
4082  1  27.95120000  1.95524000  16.40810000  3
4083  1  21.27340000  18.05630000  11.29780000  4
4084  1  15.49290000  16.61080000  18.24770000  4
4085  1  25.13220000  29.95080000  21.45350000  4
4086  1  12.63560000  2.32944000  22.97210000  4
4087  1  33.93040000  21.65210000  20.18750000  3
4088  1  20.45380000  28.21920000  29.28820000  4
4089  1  23.60620000  32.72660000  11.86490000  4
4090  1  35.80080000  24.30700000  33.26010000  4
4091  1  30.77020000  36.35520000  16.48180000  4
4092  1  21.11490000  8.38893000  33.82070000  4
4093  1  10.48990000  8.54289000  17.66480000  4
4094  1  14.77360000  5.73591000  32.35430000  4
4095  1  3.85054000  11.66560000  21.86170000  4
4096  1  34.98470000  34.95700000  26.01270000  4
4097  1  12.55440000  14.40330000  27.18960000  4
4098  1  3.21082000  8.78611000  29.34000000  4
4099  1  29.93240000  36.43500000  17.83910000  3
4100  1  22.04270000  16.50810000  31.87320000  3
4101  1  29.67880000  10.57100000  5.14150000  3
4102  1  12.43570000  5.52384000  16.77100000  4
4103  1  6.08823000  19.63980000  6.49781000  4
4104  1  9.44698000  22.01510000  9.80052000  4
4105  1  8.16630000  30.16860000  17.45440000  4
4106  1  22.42600000  22.57930000  31.75830000  3
4107  1  3.70510000  28.43170000  33.22320000  4
4108  1  28.83980000  35.65910000  7.29032000  3
4109  1  25.07730000  21.87440000  2.50473000  4
4110  1  14.03020000  29.33040000  3.71723000  3
4111  1  21.12500000  9.60002000  22.29780000  3
4112  1  14.90820000  29.99250000  28.46140000  4
4113  1  11.47600000  25.78140000  30.05830000  4
4114  1  22.09580000  35.46560000  36.43180000  3
4115  1  28.02750000  23.88590000  4.26998000  3
4116  1  5.72726000  31.50410000  16.43730000  3
4117  1  11.89260000  20.16080000  31.83140000  4
4118  1  18.84780000  24.34240000  36.63420000  3
4119  1  15.64990000  4.68798000  26.78810000  3
4120  1  30.32910000  9.61230000  28.09290000  4
4121  1  36.57240000  32.35940000  35.46900000  4
4122  1  25.22360000  26.58630000  28.77470000  3
4123  1  18.82870000  24.55470000  7.47161000  4
4124  1  14.58340000  17.66100000  15.85060000  4
4125  1  33.78020000  27.57940000  23.69120000  4
4126  1  8.04799000  19.36440000  35.56570000  3
4127  1  20.36090000  26.66480000  7.69538000  4
4128  1  4.72430000  11.63300000  12.10720000  4
4129  1  3.42125000  8.44429000  12.16620000  4
4130  1  19.31870000  26.49250000  24.15700000  4
4131  1  2.86653000  5.29469000  34.16250000  4
4132  1  9.33237000  15.60190000  33.24600000  4
4133  1  14.28060000  1.79396000  0.80792500  4
4134  1  23.71800000  30.46630000  15.16700000  4
4135  1  23.30680000  14.45540000  28.96800000  4
4136  1  3.07833000  35.29290000  20.42860000  4
4137  1  1.56577000  18.30930000  21.82490000  4
4138  1  29.25710000  4.56326000  25.02590000  4
4139  1  23.62410000  2.11984000  31.85670000  3
4140  1  27.20060000  7.02226000  37.01410000  4
4141  1  33.79650000  19.33510000  12.98740000  4
4142  1  11.33080000  0.93136000  34.26690000  4
4143  1  12.00450000  10.48410000  34.69920000  4
4144  1  14.35750000  29.64870000  19.58290000  4
4145  1  11.91180000  5.67576000  22.38880000  3
4146  1  2.71907000  19.44030000  25.96690000  3
4147  1  8.38093000  23.67850000  11.44070000  3
4148  1  10.91510000  5.54611000  16.55100000  3
4149  1  16.31800000  31.51480000  9.01569000  4
4150  1  15.78020000  10.14570000  13.19270000  4
4151  1  23.59370000  32.97540000  34.40820000  4
4152  1  11.62030000  15.70100000  30.24960000  4
4153  1  18.31630000  6.39643000  29.11920000  4
4154  1  0.25552500  12.15500000  4.94552000  4
4155  1  11.14270000  26.80680000  6.16393000  4
4156  1  18.73780000  3.95537000  3.73718000  4
4157  1  15.09770000  22.66740000  11.29780000  3
4158  1  32.98900000  13.18250000  5.62117000  3
4159  1  21.19320000  21.33350000  37.06400000  4
4160  1  5.89192000  27.46540000  26.77750000  4
4161  1  16.16780000  27.96870000  19.78650000  3
4162  1  16.04340000  32.21430000  33.78270000  4
4163  1  17.75190000  28.98950000  16.25370000  3
4164  1  32.73410000  20.28310000  4.48584000  4
4165  1  2.35486000  23.98770000  1.43917000  3
4166  1  21.06950000  30.31730000  30.48250000  4
4167  1  32.27660000  19.15030000  19.99620000  4
4168  1  7.43907000  0.40192000  6.98437000  4
4169  1  35.78340000  5.44760000  19.66080000  4
4170  1  8.85407000  16.03270000  23.04030000  4
4171  1  22.61450000  16.47990000  5.52138000  3
4172  1  17.33250000  9.88059000  24.78250000  3
4173  1  26.59480000  19.67060000  1.75792000  4
4174  1  21.07330000  21.63780000  33.84540000  3
4175  1  15.16240000  7.78379000  25.41860000  4
4176  1  31.85910000  2.19759000  33.46270000  4
4177  1  24.12500000  30.26950000  11.22450000  4
4178  1  29.66960000  36.74270000  9.49664000  3
4179  1  5.60295000  25.81800000  28.60520000  4
4180  1  5.50933000  4.68812000  3.50544000  4
4181  1  28.84510000  29.89620000  21.94890000  4
4182  1  10.97650000  34.37380000  19.65720000  4
4183  1  29.76420000  7.49509000  24.94130000  4
4184  1  31.42070000  8.88461000  1.90973000  4
4185  1  24.80900000  1.88738000  17.90010000  4
4186  1  31.39390000  23.20560000  30.13050000  4
4187  1  28.35510000  13.69650000  9.70664000  3
4188  1  23.85630000  19.59340000  17.96580000  4
4189  1  16.28520000  32.60500000  6.34064000  4
4190  1  5.51932000  2.58940000  23.17720000  4
4191  1  0.28927600  10.79830000  20.16970000  4
4192  1  6.86431000  30.75100000  7.89898000  3
4193  1  7.89138000  6.82403000  23.76140000  4
4194  1  33.45850000  2.92756000  5.49594000  4
4195  1  2.56423000  5.25908000  14.01090000  3
4196  1  1.23859000  7.33411000  7.24069000  4
4197  1  13.60030000  18.50330000  4.89097000  4
4198  1  26.30390000  36.54730000  31.33600000  4
4199  1  30.68850000  28.57880000  3.64158000  4
4200  1  20.70510000  19.34590000  13.32220000  3
4201  1  23.11700000  28.76480000  32.28260000  4
4202  1  13.98150000  32.42920000  8.37412000  4
4203  1  18.10120000  29.28450000  26.62940000  4
4204  1  27.54940000  10.09710000  8.09966000  3
4205  1  24.52220000  11.49540000  0.77843500  4
4206  1  5.64161000  6.59588000  31.55970000  4
4207  1  10.33370000  36.46490000  5.27702000  4
4208  1  19.58920000  17.99560000  29.43910000  4
4209  1  25.23910000  8.45022000  0.37722100  4
4210  1  7.62877000  7.14821000  22.26940000  4
4211  1  36.23330000  19.61180000  22.82730000  4
4212  1  13.34930000  7.09408000  10.19780000  4
4213  1  25.39760000  33.97870000  3.59498000  3
4214  1  33.34020000  22.32400000  15.04890000  4
4215  1  8.44464000  12.95720000  9.70398000  4
4216  1  33.24470000  10.47730000  22.25860000  4
4217  1  1.40943000  6.96809000  25.65770000  4
4218  1  14.40500000  1.86635000  28.40550000  4
4219  1  2.55813000  11.53440000  31.96750000  4
4220  1  8.80473000  33.75690000  21.32090000  4
4221  1  0.38100700  9.69626000  13.32970000  4
4222  1  12.32810000  10.23110000  13.98620000  4
4223  1  21.66030000  18.62120000  8.28794000  4
4224  1  25.05870000  33.44470000  12.09450000  4
4225  1  31.39010000  14.14180000  27.80810000  3
4226  1  2.51612000  6.46173000  19.15230000  4
4227  1  19.80640000  0.51266000  11.76870000  4
4228  1  25.48440000  2.86848000  20.09470000  4
4229  1  31.69210000  29.39480000  27.45900000  4
4230  1  22.98600000  34.93440000  10.29450000  3
4231  1  34.23150000  7.94620000  24.38570000  3
4232  1  10.76980000  8.03933000  4.45277000  4
4233  1  24.37850000  9.22404000  11.14370000  4
4234  1  27.99940000  31.94110000  34.34080000  3
4235  1  14.51540000  6.78072000  31.32250000  4
4236  1  27.44850000  21.41860000  3.47885000  4
4237  1  30.71210000  15.53770000  27.58880000  4
4238  1  30.38410000  2.60127000  21.62430000  4
4239  1  9.81496000  13.97280000  30.91590000  3
4240  1  1.64270000  17.81480000  5.85886000  4
4241  1  8.22293000  15.92820000  35.58150000  4
4242  1  4.01000000  33.23630000  18.75300000  4
4243  1  6.31793000  22.11000000  28.66530000  4
4244  1  9.69309000  14.21860000  20.33040000  4
4245  1  37.19080000  6.80829000  34.68970000  4
4246  1  1.24615000  10.34040000  21.27530000  3
4247  1  23.68330000  11.51750000  5.14498000  4
4248  1  22.69820000  8.14571000  31.94570000  4
4249  1  10.67130000  5.68202000  4.03545000  3
4250  1  34.26860000  26.91720000  11.02010000  3
4251  1  8.25192000  12.44440000  34.09680000  4
4252  1  4.11455000  0.30432900  31.48400000  4
4253  1  12.59050000  34.62150000  9.04965000  4
4254  1  36.02980000  33.59930000  17.03540000  4
4255  1  8.20637000  27.34000000  18.26720000  4
4256  1  0.69590400  33.75210000  13.57150000  4
4257  1  16.86350000  31.77800000  27.16810000  4
4258  1  4.96427000  33.09730000  36.15280000  3
4259  1  8.85152000  10.30830000  22.16100000  4
4260  1  17.64860000  7.93451000  23.31930000  3
4261  1  1.26789000  6.21540000  22.77360000  4
4262  1  37.38290000  15.95540000  17.77990000  4
4263  1  21.08990000  26.21600000  30.28940000  4
4264  1  9.42089000  26.53700000  28.76630000  4
4265  1  28.94710000  21.86940000  36.91340000  4
4266  1  20.24550000  6.06174000  3.38265000  4
4267  1  6.61177000  28.02940000  28.05960000  3
4268  1  16.58090000  19.56100000  7.32094000  3
4269  1  12.77120000  33.88280000  1.76374000  4
4270  1  29.92270000  12.73850000  33.08820000  3
4271  1  3.24748000  36.85850000  8.50688000  4
4272  1  10.69880000  8.36671000  13.21770000  4
4273  1  3.41027000  14.64250000  25.38250000  4
4274  1  3.94519000  4.46082000  28.88380000  4
4275  1  30.88910000  22.69650000  10.74530000  4
4276  1  31.37310000  37.18420000  22.55070000  3
4277  1  22.53940000  14.44490000  7.63672000  4
4278  1  27.25780000  3.74807000  33.06090000  4
4279  1  20.48870000  8.87304000  12.60810000  4
4280  1  1.18986000  21.87670000  23.68430000  4
4281  1  14.73030000  17.99110000  22.26490000  4
4282  1  31.32840000  0.12726100  11.12770000  4
4283  1  13.89220000  34.69420000  33.05680000  4
4284  1  8.45803000  19.71600000  10.80190000  4
4285  1  28.79820000  7.55813000  3.14799000  4
4286  1  1.36114000  21.63660000  11.91150000  4
4287  1  19.33160000  34.16130000  8.95236000  3
4288  1  30.58060000  5.33169000  7.26197000  4
4289  1  7.69174000  28.05890000  16.09930000  4
4290  1  29.07470000  31.39580000  21.48360000  4
4291  1  31.24240000  6.18823000  28.19010000  4
4292  1  29.80120000  0.42809900  0.66770600  4
4293  1  12.21670000  15.11850000  14.35990000  3
4294  1  26.31710000  12.06770000  5.46040000  4
4295  1  14.88010000  32.47910000  28.43430000  4
4296  1  0.13447500  30.55120000  9.50152000  4
4297  1  35.09640000  12.20690000  0.53227000  4
4298  1  10.81630000  8.63453000  31.01630000  3
4299  1  21.19430000  4.00729000  31.64810000  3
4300  1  16.66180000  12.84850000  22.34580000  4
4301  1  37.00230000  17.67530000  30.44540000  4
4302  1  33.91460000  8.53809000  31.94660000  3
4303  1  17.67680000  15.25830000  4.77594000  4
4304  1  17.43890000  15.09640000  18.40870000  3
4305  1  2.16146000  3.80294000  30.42790000  3
4306  1  33.33080000  32.31380000  16.64670000  3
4307  1  11.52430000  8.44315000  19.73530000  4
4308  1  19.02190000  29.91660000  11.63280000  4
4309  1  12.47660000  6.26738000  13.79280000  4
4310  1  29.54550000  17.80680000  16.76200000  3
4311  1  20.60070000  4.46536000  29.34810000  3
4312  1  7.10062000  8.86819000  34.21740000  4
4313  1  5.34868000  26.20930000  16.05930000  4
4314  1  5.20882000  26.09210000  27.12960000  4
4315  1  35.60770000  2.21306000  16.70660000  3
4316  1  20.97080000  23.68200000  30.31320000  3
4317  1  26.37630000  10.41260000  23.97420000  4
4318  1  2.53337000  30.73160000  31.36860000  4
4319  1  34.16630000  30.74260000  24.22770000  4
4320  1  27.98600000  28.54370000  18.57170000  4
4321  1  34.69410000  5.53343000  25.21400000  4
4322  1  15.46610000  25.46000000  9.53941000  3
4323  1  29.59260000  19.86910000  9.54162000  4
4324  1  26.24410000  2.24819000  1.70950000  4
4325  1  12.22770000  25.33400000  20.64700000  4
4326  1  30.84120000  32.75130000  28.04610000  4
4327  1  24.84210000  13.39230000  36.35140000  4
4328  1  29.41150000  8.13488000  32.39970000  4
4329  1  13.91920000  27.26020000  20.48290000  3
4330  1  17.36170000  19.89240000  33.82780000  3
4331  1  9.73395000  23.02570000  15.73490000  3
4332  1  9.53695000  1.35743000  6.05102000  4
4333  1  9.89636000  23.85770000  1.12663000  4
4334  1  7.70782000  9.91751000  3.49583000  3
4335  1  7.23825000  18.85070000  28.01820000  4
4336  1  8.51278000  36.38450000  21.06690000  4
4337  1  13.65260000  36.61700000  24.71510000  4
4338  1  5.36910000  27.91090000  7.18853000  4
4339  1  11.83890000  15.56740000  2.22923000  4
4340  1  8.95439000  10.41440000  12.03430000  4
4341  1  28.64120000  25.69520000  14.10080000  4
4342  1  12.86030000  8.80112000  0.85044100  4
4343  1  0.79600500  4.72844000  18.23800000  4
4344  1  35.33760000  2.78524000  18.06870000  4
4345  1  25.82320000  30.17650000  11.19240000  4
4346  1  32.07860000  7.86396000  25.76110000  4
4347  1  18.16830000  17.75250000  1.14518000  3
4348  1  1.78993000  11.77670000  35.50590000  4
4349  1  24.95120000  23.84770000  0.15467500  3
4350  1  13.10170000  22.48480000  8.34320000  4
4351  1  12.75700000  27.91000000  31.61980000  4
4352  1  10.96580000  18.29510000  14.46750000  3
4353  1  19.10280000  26.84990000  15.09890000  4
4354  1  31.67820000  24.35630000  29.11720000  4
4355  1  2.85579000  9.60037000  26.66880000  4
4356  1  0.06648780  18.83440000  20.21750000  4
4357  1  9.90255000  22.84860000  26.57640000  3
4358  1  4.46127000  21.38770000  22.65460000  4
4359  1  25.09300000  8.49156000  7.54268000  3
4360  1  18.68740000  7.52198000  4.71314000  4
4361  1  8.22053000  36.79280000  7.73933000  4
4362  1  11.77380000  36.91320000  18.00560000  3
4363  1  4.86730000  13.03870000  12.68820000  3
4364  1  22.19980000  9.41457000  1.57154000  4
4365  1  14.95070000  11.65030000  8.58869000  4
4366  1  25.48540000  6.93494000  1.01354000  4
4367  1  22.13330000  29.56160000  4.79651000  4
4368  1  26.47660000  35.24010000  36.07960000  3
4369  1  17.81340000  9.93617000  36.88640000  4
4370  1  35.56570000  13.05820000  34.29120000  4
4371  1  33.15990000  1.13379000  2.23829000  3
4372  1  26.52670000  21.64050000  23.20870000  3
4373  1  1.95241000  31.30700000  2.83765000  4
4374  1  19.07380000  14.07430000  26.45760000  4
4375  1  25.32940000  21.39490000  10.67330000  3
4376  1  10.75540000  22.41060000  24.22820000  4
4377  1  18.27250000  10.11810000  22.45510000  3
4378  1  33.11460000  27.44100000  10.40330000  3
4379  1  36.17330000  18.50920000  9.08156000  4
4380  1  19.48920000  33.32000000  18.50850000  4
4381  1  8.57733000  32.69870000  25.96570000  4
4382  1  29.65170000  22.54450000  31.72240000  3
4383  1  8.20887000  30.49280000  18.89680000  3
4384  1  35.13560000  16.26370000  28.46370000  3
4385  1  32.09840000  3.86736000  0.83197200  3
4386  1  21.21270000  7.32170000  14.64390000  4
4387  1  5.34682000  16.68440000  15.82230000  4
4388  1  19.31940000  31.14320000  20.10080000  4
4389  1  32.51280000  29.05930000  31.31310000  4
4390  1  32.80900000  1.27163000  24.91300000  4
4391  1  7.53680000  6.95996000  29.83930000  4
4392  1  29.26260000  12.18370000  35.44130000  4
4393  1  32.45560000  22.90480000  35.00630000  4
4394  1  10.05040000  32.56330000  36.48210000  4
4395  1  0.65172000  26.42110000  19.48940000  4
4396  1  16.15320000  15.93860000  0.64113700  4
4397  1  6.41408000  15.39660000  28.43720000  3
4398  1  10.60480000  14.89890000  21.55030000  4
4399  1  17.16840000  26.37200000  30.22320000  4
4400  1  1.68660000  36.71850000  3.14425000  4
4401  1  5.30620000  29.50350000  36.89920000  4
4402  1  22.99140000  21.32240000  12.32290000  4
4403  1  22.89210000  31.77460000  29.56680000  4
4404  1  27.09690000  1.18313000  2.68205000  4
4405  1  14.04080000  11.43860000  34.21030000  3
4406  1  25.61440000  18.34450000  36.97170000  4
4407  1  11.99570000  23.07770000  34.51240000  4
4408  1  0.11544200  21.78720000  12.85490000  4
4409  1  15.97170000  11.38260000  35.57510000  3
4410  1  21.64950000  20.41130000  19.21460000  4
4411  1  9.21456000  27.53820000  11.20640000  3
4412  1  16.68300000  36.41130000  14.03850000  4
4413  1  27.98510000  0.03063500  19.35000000  4
4414  1  25.26150000  35.72840000  36.59980000  4
4415  1  22.91200000  23.32180000  35.01680000  4
4416  1  18.89120000  27.02430000  27.70810000  4
4417  1  11.43720000  34.07620000  16.45280000  3
4418  1  14.11930000  29.66120000  5.15523000  4
4419  1  27.30120000  14.05330000  0.02236230  4
4420  1  0.94884900  5.12488000  35.89270000  4
4421  1  37.32150000  13.54150000  17.49680000  4
4422  1  6.68164000  35.74120000  6.11563000  4
4423  1  29.08430000  8.43968000  17.12360000  3
4424  1  15.83940000  1.70004000  13.09170000  4
4425  1  34.90160000  30.89290000  1.72897000  4
4426  1  11.60960000  30.09330000  5.07371000  4
4427  1  31.74650000  19.92170000  24.50860000  4
4428  1  28.63490000  12.55370000  4.32420000  4
4429  1  14.86650000  21.45740000  36.86130000  4
4430  1  18.34070000  3.42942000  36.32160000  4
4431  1  10.78770000  24.83310000  9.09820000  3
4432  1  22.07960000  13.43540000  5.38191000  4
4433  1  13.37370000  34.13610000  20.54650000  3
4434  1  14.95270000  2.82182000  10.98460000  4
4435  1  4.15524000  2.99357000  2.03037000  4
4436  1  16.81340000  12.70150000  1.39440000  4
4437  1  4.81564000  35.34880000  24.48250000  4
4438  1  1.45540000  19.35700000  2.46962000  4
4439  1  11.02100000  35.75740000  35.07030000  3
4440  1  33.31890000  26.02730000  23.48170000  4
4441  1  10.75320000  6.96429000  3.35112000  4
4442  1  25.13470000  11.83100000  4.56134000  4
4443  1  34.47540000  33.32650000  2.61855000  4
4444  1  18.72400000  37.27330000  34.75850000  4
4445  1  32.54410000  15.11820000  4.02723000  3
4446  1  22.68380000  37.14710000  21.36790000  4
4447  1  6.50217000  26.10560000  11.43730000  4
4448  1  9.81221000  13.31760000  29.54240000  4
4449  1  19.61880000  35.28750000  23.36730000  4
4450  1  5.73701000  36.89550000  26.39300000  3
4451  1  12.34880000  7.51368000  28.09450000  4
4452  1  33.99910000  24.27780000  26.15660000  3
4453  1  18.09770000  17.86350000  14.69910000  4
4454  1  27.05240000  16.82510000  20.01530000  3
4455  1  7.11773000  11.68170000  11.26310000  3
4456  1  25.94890000  35.51070000  30.19540000  4
4457  1  6.75100000  31.44580000  36.28240000  4
4458  1  16.92580000  29.37490000  5.81387000  4
4459  1  36.68060000  28.41730000  21.40490000  3
4460  1  4.51024000  34.61530000  32.24390000  3
4461  1  13.87330000  20.86810000  25.28250000  4
4462  1  18.08740000  26.03720000  24.80170000  3
4463  1  19.80440000  33.00410000  24.17430000  4
4464  1  27.94930000  28.67860000  0.74850800  4
4465  1  30.39540000  36.29320000  27.05400000  3
4466  1  9.61326000  31.55330000  14.65420000  4
4467  1  20.55440000  28.47510000  0.58303600  4
4468  1  4.84540000  3.34240000  12.08240000  4
4469  1  7.70690000  16.08360000  30.56350000  3
4470  1  28.86790000  35.07630000  25.56490000  3
4471  1  6.87801000  1.80729000  21.16860000  4
4472  1  1.89987000  18.22670000  34.58850000  4
4473  1  16.12220000  18.48970000  36.56120000  3
4474  1  5.72293000  6.00639000  22.55840000  3
4475  1  35.42280000  13.05550000  29.92540000  4
4476  1  16.19680000  35.84880000  4.51736000  3
4477  1  0.77058300  22.16540000  29.08730000  4
4478  1  18.68660000  20.17980000  0.82933000  4
4479  1  10.08300000  1.19369000  4.74538000  3
4480  1  2.35366000  18.25190000  17.21510000  4
4481  1  21.35640000  12.75870000  12.75640000  4
4482  1  33.76700000  14.25320000  25.70420000  4
4483  1  17.65470000  21.89260000  37.38820000  3
4484  1  18.29440000  17.44020000  17.97110000  4
4485  1  36.97380000  12.75340000  2.42423000  4
4486  1  10.96610000  15.00170000  25.39940000  4
4487  1  15.01160000  9.70040000  6.93432000  3
4488  1  21.90390000  10.88580000  22.53250000  4
4489  1  37.01650000  21.99150000  33.74620000  3
4490  1  21.73400000  34.75180000  33.78510000  4
4491  1  20.91860000  9.76796000  4.17398000  3
4492  1  3.73449000  16.32900000  23.48470000  4
4493  1  6.32083000  36.63600000  12.12040000  4
4494  1  5.88323000  0.08512530  31.09510000  4
4495  1  23.43450000  21.66800000  29.24620000  3
4496  1  22.07650000  14.92870000  29.73750000  4
4497  1  28.20630000  23.38760000  22.51640000  4
4498  1  17.95690000  6.13447000  21.97750000  4
4499  1  5.51317000  16.14530000  25.48600000  4
4500  1  18.43370000  32.49320000  24.86680000  4
4501  1  28.08920000  1.98459000  37.22640000  4
4502  1  31.33800000  8.63397000  6.15913000  4
4503  1  13.97450000  37.40500000  12.93000000  4
4504  1  36.43100000  0.02652970  1.10714000  4
4505  1  10.13940000  10.74350000  12.94870000  3
4506  1  26.24920000  11.00900000  21.22630000  3
4507  1  36.85640000  28.03720000  15.35090000  3
4508  1  17.77670000  3.39897000  13.31180000  4
4509  1  27.27210000  5.38720000  3.76959000  4
4510  1  33.22620000  33.10550000  35.51000000  4
4511  1  25.10050000  10.86120000  7.86444000  3
4512  1  13.47640000  2.11174000  35.08610000  4
4513  1  13.16730000  24.73220000  27.80540000  4
4514  1  11.39020000  12.89980000  17.54270000  4
4515  1  3.25209000  3.90919000  16.72420000  4
4516  1  30.68950000  13.04260000  13.72860000  3
4517  1  33.74520000  16.37320000  21.70310000  4
4518  1  1.33252000  17.89070000  37.28980000  4
4519  1  9.26084000  25.39600000  31.07910000  4
4520  1  32.26110000  9.76452000  29.37430000  4
4521  1  1.48336000  2.76325000  19.67790000  3
4522  1  19.50140000  8.70258000  6.84929000  4
4523  1  21.74040000  6.38001000  13.54210000  4
4524  1  22.31890000  10.12990000  8.52862000  3
4525  1  13.32010000  32.99160000  24.05410000  3
4526  1  13.02940000  19.25150000  31.64230000  4
4527  1  8.59365000  31.44690000  23.85110000  3
4528  1  28.19050000  11.53400000  8.23468000  4
4529  1  37.35500000  13.93210000  22.79260000  4
4530  1  1.40002000  7.67448000  27.12460000  4
4531  1  34.68230000  11.43170000  17.32080000  4
4532  1  17.08440000  2.80546000  29.47850000  4
4533  1  21.74900000  25.48880000  36.39410000  4
4534  1  34.36060000  2.00072000  34.99730000  3
4535  1  10.85370000  36.35520000  16.87870000  4
4536  1  34.81660000  19.79900000  35.48550000  3
4537  1  19.30260000  10.79860000  11.27270000  3
4538  1  18.50500000  14.05440000  5.57833000  4
4539  1  17.23030000  27.05670000  1.22940000  4
4540  1  34.63780000  29.13190000  27.15610000  4
4541  1  15.79570000  23.47740000  18.80110000  3
4542  1  0.79867100  28.06220000  23.47300000  4
4543  1  10.51780000  13.03070000  33.84190000  3
4544  1  6.27862000  25.89630000  37.39500000  4
4545  1  12.49060000  16.38640000  20.81940000  3
4546  1  13.09440000  15.67110000  16.55790000  3
4547  1  0.74542400  34.91480000  31.75260000  4
4548  1  6.73638000  29.85250000  1.57481000  3
4549  1  6.15132000  33.47990000  19.40790000  3
4550  1  20.39570000  31.70420000  23.79380000  3
4551  1  9.96093000  36.65990000  32.75620000  4
4552  1  16.66310000  20.88320000  3.41351000  3
4553  1  12.80240000  33.94990000  31.99380000  4
4554  1  32.58200000  36.77780000  11.32080000  3
4555  1  25.07100000  5.09579000  8.12590000  3
4556  1  12.93660000  22.19380000  4.75920000  4
4557  1  36.59110000  21.12350000  11.95920000  4
4558  1  29.43120000  12.19950000  30.66060000  3
4559  1  37.17340000  34.50490000  17.45740000  4
4560  1  26.57700000  17.47780000  15.23350000  4
4561  1  36.58950000  4.60123000  34.22610000  4
4562  1  2.25152000  3.62824000  0.27276000  4
4563  1  22.28690000  30.42310000  33.86800000  4
4564  1  23.81860000  11.53190000  23.94200000  4
4565  1  22.53240000  17.63030000  1.87220000  4
4566  1  10.29650000  15.17070000  6.95475000  4
4567  1  22.56840000  11.01040000  36.20960000  4
4568  1  21.63530000  30.07280000  10.77230000  4
4569  1  14.20810000  23.78710000  20.79800000  4
4570  1  23.23770000  23.84970000  20.55220000  4
4571  1  37.11980000  14.80670000  25.06630000  4
4572  1  10.69500000  32.78600000  27.31880000  4
4573  1  22.91960000  20.43900000  16.10730000  4
4574  1  1.86747000  34.35280000  9.85408000  3
4575  1  28.48270000  18.44310000  23.88930000  4
4576  1  22.56450000  25.99740000  19.10150000  4
4577  1  27.67350000  14.94060000  22.39380000  4
4578  1  6.95601000  0.66456300  1.21909000  4
4579  1  35.43300000  3.18807000  12.06470000  4
4580  1  22.98190000  10.63790000  19.22500000  4
4581  1  19.81370000  1.98370000  31.78850000  4
4582  1  16.85530000  10.45420000  25.92760000  3
4583  1  33.26680000  33.74950000  31.16180000  3
4584  1  27.39540000  0.17005900  1.30751000  4
4585  1  0.90111900  17.69080000  9.43272000  3
4586  1  35.02630000  12.44610000  28.62160000  3
4587  1  0.22885700  31.31200000  35.53730000  3
4588  1  6.41033000  29.88400000  5.57668000  4
4589  1  36.75630000  2.37100000  2.87859000  4
4590  1  28.47600000  34.15870000  7.36262000  4
4591  1  23.13730000  27.79190000  10.26330000  4
4592  1  9.51011000  18.76340000  27.57040000  3
4593  1  23.14360000  33.47150000  31.87960000  4
4594  1  23.77090000  16.60510000  17.29650000  4
4595  1  28.81400000  34.17200000  21.06400000  4
4596  1  20.31710000  31.11040000  35.18340000  3
4597  1  12.52580000  0.96767000  14.87770000  3
4598  1  31.51790000  13.75990000  35.50880000  4
4599  1  7.44780000  23.31950000  19.42900000  4
4600  1  31.82950000  16.85830000  17.72600000  3
4601  1  2.71010000  15.10200000  7.53668000  3
4602  1  12.85210000  9.46123000  7.79213000  3
4603  1  12.80320000  30.76090000  16.26800000  3
4604  1  12.97660000  14.15420000  9.11867000  4
4605  1  29.34160000  32.54790000  32.42610000  4
4606  1  24.70380000  3.11436000  24.91510000  4
4607  1  17.40280000  36.49850000  35.51130000  4
4608  1  8.80273000  37.02890000  31.79660000  4
4609  1  8.93337000  9.29185000  8.46879000  4
4610  1  16.09200000  22.39370000  25.10810000  4
4611  1  30.17090000  10.45730000  7.55873000  3
4612  1  16.89970000  26.64340000  19.96970000  4
4613  1  5.32652000  4.72033000  7.18194000  3
4614  1  16.56150000  34.95690000  22.72350000  4
4615  1  2.96995000  32.74850000  32.78810000  4
4616  1  0.96722100  1.28563000  33.06550000  4
4617  1  4.59449000  28.22950000  8.62163000  4
4618  1  14.49230000  27.21740000  24.27610000  4
4619  1  29.69780000  25.25790000  19.08980000  4
4620  1  20.53610000  22.80230000  13.98730000  4
4621  1  13.64490000  6.20034000  35.92880000  3
4622  1  7.35132000  26.31410000  22.83110000  3
4623  1  34.35130000  8.82755000  28.74410000  4
4624  1  13.53670000  6.61379000  20.40090000  3
4625  1  19.65530000  10.79630000  16.33560000  3
4626  1  27.39690000  21.85900000  28.48860000  4
4627  1  33.16600000  14.25860000  8.33716000  4
4628  1  26.37220000  13.94220000  20.47070000  3
4629  1  26.04700000  20.38680000  13.21880000  4
4630  1  34.23360000  28.13620000  3.97770000  3
4631  1  23.52080000  32.01560000  22.80040000  4
4632  1  26.01350000  7.18058000  16.14480000  4
4633  1  24.93510000  33.78450000  14.92010000  4
4634  1  27.70920000  28.16750000  29.77180000  4
4635  1  19.31470000  13.06510000  15.24780000  4
4636  1  13.55060000  9.92493000  4.12882000  3
4637  1  25.22670000  20.76450000  30.63420000  4
4638  1  31.92620000  2.49237000  21.74310000  3
4639  1  35.53590000  20.62370000  4.22464000  3
4640  1  20.68860000  17.90610000  13.75180000  4
4641  1  8.40520000  27.55660000  1.36796000  4
4642  1  11.94960000  34.81460000  25.47020000  3
4643  1  15.78620000  21.32180000  5.74368000  4
4644  1  24.60140000  6.09560000  32.03730000  3
4645  1  17.21490000  32.91760000  17.71630000  3
4646  1  27.39510000  19.61700000  25.60730000  3
4647  1  16.51850000  21.51140000  21.43790000  4
4648  1  24.26470000  32.27370000  20.27100000  4
4649  1  22.46120000  27.23910000  18.07510000  4
4650  1  32.18620000  2.13240000  30.27810000  4
4651  1  28.86620000  18.99780000  2.91048000  4
4652  1  4.90795000  9.11796000  26.56660000  4
4653  1  20.67120000  2.19173000  36.85710000  4
4654  1  36.13970000  10.98200000  6.75283000  3
4655  1  1.41876000  18.21770000  28.71300000  4
4656  1  17.16300000  1.14401000  23.57710000  4
4657  1  29.91860000  2.67585000  32.00760000  4
4658  1  2.53960000  14.98010000  10.55400000  4
4659  1  8.51074000  16.23250000  19.44140000  3
4660  1  19.28590000  0.86149300  35.73640000  3
4661  1  9.56050000  18.50420000  13.83910000  4
4662  1  6.47072000  7.60966000  30.77410000  4
4663  1  27.02100000  15.96110000  33.96280000  4
4664  1  36.51690000  31.88570000  0.26630300  3
4665  1  27.12690000  8.85973000  4.55365000  4
4666  1  19.52320000  6.53133000  22.18080000  4
4667  1  3.91006000  10.07830000  0.10798800  4
4668  1  13.50130000  13.08870000  18.76500000  4
4669  1  14.93550000  9.06211000  35.19900000  4
4670  1  6.01344000  23.46070000  0.90900000  3
4671  1  15.70660000  18.23170000  1.64598000  3
4672  1  14.94590000  26.64720000  17.20320000  3
4673  1  23.49130000  31.56810000  1.83445000  3
4674  1  14.93670000  31.03860000  4.93299000  4
4675  1  31.15560000  16.15070000  22.10620000  4
4676  1  32.77080000  0.20132100  22.33370000  4
4677  1  12.04520000  21.64660000  34.01120000  4
4678  1  18.85060000  33.19990000  15.06890000  3
4679  1  13.72680000  3.04725000  23.59810000  4
4680  1  13.28230000  15.22260000  20.73690000  3
4681  1  5.68838000  30.63280000  12.20310000  4
4682  1  32.94160000  1.46498000  8.85025000  4
4683  1  16.75910000  28.33990000  23.25180000  4
4684  1  24.72850000  36.57920000  34.22910000  4
4685  1  28.22500000  8.93495000  0.47670300  3
4686  1  1.02816000  21.79870000  1.16375000  3
4687  1  4.66032000  16.72350000  34.55550000  4
4688  1  36.70620000  11.75540000  31.71850000  4
4689  1  36.02200000  17.81420000  10.39670000  3
4690  1  3.00699000  22.60730000  8.05643000  4
4691  1  12.31160000  3.92189000  19.90230000  3
4692  1  3.75311000  36.01350000  5.64330000  3
4693  1  36.59800000  27.40530000  29.68480000  4
4694  1  32.72170000  22.04390000  26.01010000  3
4695  1  8.12621000  29.41560000  33.26810000  3
4696  1  10.30600000  11.85120000  29.55040000  4
4697  1  2.55623000  30.67770000  21.69080000  4
4698  1  17.89350000  17.54980000  34.10700000  4
4699  1  23.08430000  17.41860000  22.26010000  4
4700  1  26.13490000  19.19760000  32.23390000  4
4701  1  12.41600000  36.22860000  2.60340000  4
4702  1  36.36040000  12.76910000  9.57102000  3
4703  1  32.93900000  14.35040000  12.81600000  4
4704  1  25.88430000  0.34210400  16.25520000  3
4705  1  29.78300000  16.79180000  13.41080000  3
4706  1  37.05380000  24.83060000  4.35930000  4
4707  1  32.38660000  2.27637000  10.12650000  4
4708  1  10.91670000  24.65870000  27.50310000  4
4709  1  30.30720000  8.91478000  34.43430000  4
4710  1  22.96850000  13.79550000  22.98750000  4
4711  1  0.33050600  32.04090000  26.57900000  4
4712  1  31.90450000  30.91000000  8.51358000  3
4713  1  34.27960000  1.91496000  6.82513000  4
4714  1  27.41560000  34.09620000  19.01190000  4
4715  1  5.55384000  8.54832000  22.78180000  3
4716  1  3.79817000  13.20520000  18.67260000  3
4717  1  10.82530000  7.27960000  20.42210000  4
4718  1  33.25790000  3.78302000  32.05560000  4
4719  1  13.90190000  34.93290000  4.60355000  4
4720  1  30.40600000  10.97370000  15.30990000  4
4721  1  9.71532000  33.32720000  12.85040000  4
4722  1  31.36080000  2.36355000  3.07620000  4
4723  1  13.54110000  9.48328000  27.43720000  3
4724  1  11.18940000  23.09400000  1.33035000  4
4725  1  36.01000000  22.83990000  8.65927000  4
4726  1  15.67590000  33.65360000  34.48670000  4
4727  1  10.42950000  17.28170000  21.44860000  3
4728  1  28.89050000  18.73210000  30.57920000  4
4729  1  32.22910000  20.69240000  30.16250000  4
4730  1  12.89270000  15.34660000  6.78671000  4
4731  1  4.56130000  3.72344000  19.03730000  4
4732  1  5.96993000  33.38450000  30.79930000  3
4733  1  21.92020000  5.98824000  34.74790000  4
4734  1  36.50570000  8.11984000  2.14573000  4
4735  1  25.80260000  31.72880000  27.57960000  4
4736  1  25.89610000  10.86810000  1.09127000  4
4737  1  3.97470000  35.26800000  25.74050000  4
4738  1  19.70000000  7.48324000  5.88242000  4
4739  1  0.02805080  5.57550000  11.45220000  3
4740  1  15.62960000  30.94680000  34.55580000  4
4741  1  35.30170000  34.09390000  19.53850000  4
4742  1  6.99844000  24.41740000  26.57740000  4
4743  1  13.55020000  32.38810000  18.03820000  3
4744  1  13.15480000  7.56338000  24.34140000  4
4745  1  28.53180000  2.15150000  31.19250000  4
4746  1  9.30281000  2.65828000  21.23910000  4
4747  1  22.22540000  28.24120000  36.30080000  4
4748  1  18.29060000  10.54890000  35.57890000  4
4749  1  1.19258000  9.42235000  32.21940000  3
4750  1  5.80141000  25.43690000  18.56000000  3
4751  1  33.57260000  29.76960000  17.54370000  4
4752  1  8.46124000  20.40920000  6.09072000  4
4753  1  21.33350000  32.45250000  33.14230000  4
4754  1  32.91580000  34.22720000  13.52490000  4
4755  1  35.07500000  34.34960000  11.51920000  4
4756  1  32.27090000  6.01586000  13.24940000  4
4757  1  6.84259000  1.51684000  36.32970000  4
4758  1  32.42480000  0.99762600  28.12910000  4
4759  1  36.60850000  32.99450000  3.76704000  3
4760  1  5.37989000  17.14770000  20.72690000  4
4761  1  29.60780000  4.76029000  10.02970000  4
4762  1  35.43530000  27.76510000  1.92843000  4
4763  1  7.11645000  21.18290000  3.30198000  4
4764  1  12.22420000  2.13331000  12.99560000  4
4765  1  13.04490000  29.34400000  34.05820000  4
4766  1  1.22198000  21.85300000  26.18740000  3
4767  1  0.32335800  18.93560000  36.57660000  4
4768  1  10.21630000  3.10409000  23.56390000  4
4769  1  26.60770000  31.53930000  26.23680000  4
4770  1  25.59460000  25.29510000  24.87730000  4
4771  1  22.62410000  37.19820000  33.03970000  4
4772  1  16.80960000  11.54400000  5.45284000  4
4773  1  27.82650000  29.65040000  19.65260000  3
4774  1  24.90610000  18.04190000  8.54454000  4
4775  1  31.10560000  20.04800000  1.14697000  4
4776  1  18.21870000  2.61992000  9.37693000  4
4777  1  27.87170000  27.79180000  24.77170000  4
4778  1  7.58848000  4.28575000  23.08570000  4
4779  1  11.18930000  18.54740000  9.69046000  4
4780  1  25.71860000  9.47491000  22.73210000  4
4781  1  14.30080000  3.11546000  29.08990000  4
4782  1  18.43800000  31.01050000  13.80100000  4
4783  1  7.29891000  10.59190000  2.24426000  4
4784  1  8.31178000  18.41380000  22.17290000  4
4785  1  17.33760000  22.48050000  10.68980000  4
4786  1  18.81760000  24.78860000  10.60720000  4
4787  1  11.52150000  5.78236000  23.79440000  4
4788  1  15.69040000  2.94331000  15.79930000  4
4789  1  13.83980000  24.10270000  5.92548000  4
4790  1  16.78380000  27.69300000  37.36240000  4
4791  1  2.60293000  11.20400000  4.58066000  4
4792  1  3.05953000  23.14580000  29.58870000  4
4793  1  17.23460000  16.33020000  34.82500000  4
4794  1  35.76150000  25.98020000  6.19749000  4
4795  1  4.64209000  32.15920000  20.90950000  4
4796  1  26.09700000  27.47160000  28.07870000  4
4797  1  33.29470000  14.60190000  11.35900000  4
4798  1  19.80290000  22.46700000  21.33610000  4
4799  1  8.73513000  19.79650000  29.79100000  4
4800  1  1.70904000  12.89560000  36.75810000  4
4801  1  36.43370000  20.32450000  28.66340000  4
4802  1  19.06090000  9.02307000  29.17700000  4
4803  1  27.81680000  17.00810000  8.92032000  4
4804  1  20.40000000  34.18370000  19.34830000  4
4805  1  25.87540000  25.08480000  9.55195000  4
4806  1  24.13920000  8.20639000  24.18170000  4
4807  1  30.43340000  23.28220000  17.08490000  3
4808  1  7.49275000  18.69070000  33.15350000  4
4809  1  36.01550000  16.82900000  26.15750000  3
4810  1  17.39120000  26.33890000  6.39151000  4
4811  1  13.68720000  34.54460000  29.61320000  3
4812  1  3.46242000  6.53591000  10.48420000  3
4813  1  2.97146000  31.07240000  19.14520000  4
4814  1  19.31820000  27.12770000  18.80810000  3
4815  1  1.16531000  6.64616000  5.79061000  4
4816  1  6.72809000  18.63540000  30.86320000  3
4817  1  28.44370000  6.10848000  33.15870000  4
4818  1  31.05350000  13.15100000  36.89910000  4
4819  1  25.41110000  31.66420000  4.01457000  4
4820  1  11.39680000  22.47960000  31.62430000  3
4821  1  31.94040000  1.54377000  11.34070000  4
4822  1  35.23620000  12.00250000  31.01870000  4
4823  1  34.51510000  34.06830000  27.22000000  4
4824  1  36.45540000  10.07840000  30.00330000  4
4825  1  6.05177000  16.04730000  11.15610000  4
4826  1  22.51510000  9.87707000  6.16506000  3
4827  1  24.62500000  13.90680000  5.72536000  4
4828  1  2.94607000  1.89356000  23.71890000  4
4829  1  20.80940000  19.02040000  0.78364100  4
4830  1  27.62400000  31.96530000  21.63150000  4
4831  1  34.65980000  29.21260000  34.32400000  4
4832  1  4.19863000  3.27166000  33.92690000  3
4833  1  20.65940000  17.53530000  0.33680500  4
4834  1  12.83590000  33.59720000  27.55780000  4
4835  1  7.00400000  3.66770000  19.15760000  4
4836  1  35.74460000  4.69033000  31.84650000  3
4837  1  28.25520000  1.15473000  35.74380000  4
4838  1  2.04519000  0.82790200  16.17320000  4
4839  1  4.97608000  15.56360000  21.18540000  4
4840  1  14.85080000  18.03200000  2.84690000  4
4841  1  8.36435000  10.71840000  0.87250800  4
4842  1  10.57530000  18.36660000  0.15674100  4
4843  1  26.32970000  26.23830000  4.14920000  4
4844  1  27.85630000  35.61570000  33.74440000  4
4845  1  26.68470000  22.00040000  2.11617000  4
4846  1  29.52030000  18.22740000  5.09180000  4
4847  1  32.46230000  35.19590000  27.67660000  4
4848  1  34.61090000  9.85015000  32.01390000  4
4849  1  36.29140000  20.57780000  7.67589000  3
4850  1  30.90250000  30.37830000  26.54570000  4
4851  1  2.83858000  20.01680000  13.42830000  3
4852  1  13.09700000  31.51360000  9.30228000  4
4853  1  29.29380000  0.34984800  24.48720000  4
4854  1  34.46870000  20.12790000  6.48157000  3
4855  1  11.98630000  11.79610000  3.77102000  4
4856  1  35.56760000  31.73280000  36.58100000  4
4857  1  7.52919000  30.72030000  30.48100000  4
4858  1  32.16380000  22.11030000  1.80687000  4
4859  1  26.00760000  3.17006000  25.69320000  4
4860  1  12.66150000  16.63970000  10.44030000  4
4861  1  9.86649000  11.73820000  15.64310000  3
4862  1  20.02440000  23.20710000  1.08343000  4
4863  1  15.25460000  25.71840000  31.88360000  4
4864  1  19.97360000  34.59420000  0.02911830  3
4865  1  30.57160000  22.23570000  9.33664000  4
4866  1  9.12813000  34.80000000  35.77260000  4
4867  1  10.07400000  17.75580000  10.19080000  4
4868  1  34.48490000  35.76290000  17.83190000  4
4869  1  3.33114000  7.46800000  22.61290000  4
4870  1  20.12720000  8.66054000  24.62400000  3
4871  1  7.13246000  20.97470000  15.09190000  3
4872  1  7.43261000  33.26650000  3.68421000  4
4873  1  3.87415000  13.89410000  29.11360000  4
4874  1  21.27230000  24.69840000  15.66760000  4
4875  1  23.98910000  3.32097000  2.70435000  4
4876  1  32.51930000  35.19130000  16.84280000  4
4877  1  34.60500000  7.91681000  16.32610000  4
4878  1  7.80759000  31.83390000  19.44450000  4
4879  1  34.90250000  7.41708000  32.09730000  3
4880  1  28.97240000  26.80680000  12.05840000  4
4881  1  3.36658000  30.00570000  0.67677800  4
4882  1  32.59560000  32.08540000  26.34930000  4
4883  1  0.29951500  34.62810000  7.67903000  4
4884  1  16.58930000  29.38890000  10.15070000  4
4885  1  2.14596000  28.45720000  23.95350000  4
4886  1  13.87260000  29.13650000  29.12250000  3
4887  1  28.26190000  9.22233000  16.33470000  3
4888  1  3.11177000  19.13240000  35.14040000  4
4889  1  4.25368000  10.57440000  13.22070000  4
4890  1  17.78510000  9.35184000  16.63080000  4
4891  1  34.46550000  33.22100000  31.75460000  4
4892  1  20.58330000  26.76990000  2.92274000  4
4893  1  34.60250000  19.08710000  15.74940000  4
4894  1  8.89069000  7.71935000  8.49670000  4
4895  1  23.22550000  25.77200000  3.37124000  4
4896  1  26.46540000  25.88730000  0.65583500  4
4897  1  14.10160000  11.69320000  28.65790000  3
4898  1  32.95760000  28.12570000  9.17199000  3
4899  1  17.65140000  26.51810000  17.21360000  4
4900  1  14.96020000  29.57670000  24.47820000  4
4901  1  8.94314000  27.80580000  29.63620000  4
4902  1  27.01430000  5.41845000  29.25310000  4
4903  1  32.15220000  17.90820000  34.14800000  4
4904  1  17.38520000  15.42580000  0.00622147  3
4905  1  6.51175000  3.61662000  3.96983000  4
4906  1  11.49540000  36.88630000  27.34160000  4
4907  1  34.18980000  26.09660000  12.28220000  3
4908  1  13.30480000  6.27725000  0.85982200  4
4909  1  0.36793900  29.05680000  35.43920000  4
4910  1  30.04850000  5.41325000  15.16150000  4
4911  1  34.46010000  12.44070000  11.65390000  3
4912  1  1.49085000  34.64760000  27.18480000  4
4913  1  34.97660000  26.37500000  15.03620000  4
4914  1  21.46160000  19.39490000  6.88188000  4
4915  1  27.79690000  3.14946000  20.04110000  4
4916  1  29.09140000  12.21580000  19.01010000  3
4917  1  22.75360000  8.57648000  0.35448200  4
4918  1  14.52810000  14.05090000  18.10250000  3
4919  1  3.24605000  31.28960000  6.50255000  4
4920  1  1.01244000  31.13460000  27.70020000  4
4921  1  4.55904000  22.28330000  14.05460000  4
4922  1  7.98548000  31.27430000  7.01064000  4
4923  1  14.56910000  12.53300000  32.16610000  4
4924  1  24.79760000  1.70055000  24.31650000  3
4925  1  32.99370000  24.19280000  25.23440000  3
4926  1  13.04480000  16.32090000  14.38990000  3
4927  1  9.70058000  3.67778000  25.95330000  4
4928  1  1.11427000  12.32030000  24.49760000  4
4929  1  24.36610000  36.47920000  26.80660000  4
4930  1  18.02020000  36.87100000  2.84154000  3
4931  1  23.41490000  5.14916000  20.44030000  4
4932  1  7.64568000  11.77950000  4.98979000  4
4933  1  7.17693000  10.83620000  9.02432000  4
4934  1  35.34870000  31.61230000  33.52260000  3
4935  1  10.08500000  29.18210000  26.32540000  4
4936  1  27.17490000  0.21811700  24.65190000  4
4937  1  2.68297000  13.77420000  21.32370000  4
4938  1  33.61370000  26.11640000  15.52460000  4
4939  1  33.76250000  37.08490000  15.00390000  4
4940  1  10.88740000  11.13890000  27.19370000  3
4941  1  27.12020000  5.32141000  26.15710000  4
4942  1  34.85880000  18.37320000  35.22500000  3
4943  1  9.11564000  31.41830000  34.32100000  4
4944  1  34.24910000  32.32220000  23.95220000  4
4945  1  22.05750000  36.29710000  6.20144000  3
4946  1  24.06860000  5.04430000  1.16499000  3
4947  1  33.25620000  24.79500000  33.41700000  4
4948  1  12.07430000  33.93880000  10.37290000  4
4949  1  20.97610000  35.70280000  16.71710000  4
4950  1  14.51730000  2.88896000  8.32016000  4
4951  1  28.25370000  13.89690000  32.13740000  3
4952  1  8.99655000  12.00970000  0.20871500  4
4953  1  0.91538000  20.53470000  21.87290000  3
4954  1  3.58251000  4.53189000  18.07660000  4
4955  1  25.13830000  15.47720000  8.08365000  4
4956  1  36.07370000  33.91020000  22.30990000  4
4957  1  4.29596000  29.59890000  12.36460000  4
4958  1  9.09278000  30.89800000  12.28510000  3
4959  1  32.27240000  36.71250000  31.47550000  4
4960  1  21.29000000  12.13770000  3.72504000  4
4961  1  24.60770000  4.27148000  0.15526800  3
4962  1  2.88070000  33.97870000  27.69620000  4
4963  1  19.92720000  33.62040000  34.96340000  3
4964  1  29.60830000  4.62162000  30.68420000  3
4965  1  11.55480000  22.51110000  4.93530000  3
4966  1  37.11860000  26.87590000  35.63410000  3
4967  1  28.99290000  12.58450000  32.10870000  4
4968  1  25.01770000  12.46550000  23.51000000  4
4969  1  36.46460000  3.32700000  10.80990000  4
4970  1  25.03080000  17.08430000  33.29940000  4
4971  1  16.01060000  27.07520000  2.42480000  4
4972  1  10.67530000  34.33090000  10.86410000  3
4973  1  33.60330000  19.78420000  33.39980000  4
4974  1  10.03230000  19.44500000  30.49810000  4
4975  1  19.31090000  36.25690000  25.83720000  4
4976  1  26.53590000  9.06278000  19.97890000  4
4977  1  28.02000000  21.57230000  7.09637000  4
4978  1  27.87730000  3.26785000  27.23020000  4
4979  1  5.46793000  31.21070000  18.88470000  4
4980  1  2.17828000  1.07229000  21.51160000  4
4981  1  20.71830000  19.96090000  4.15746000  4
4982  1  34.01840000  24.41990000  19.91380000  3
4983  1  36.90060000  7.93978000  23.34900000  3
4984  1  12.51750000  25.72060000  13.28120000  4
4985  1  21.37520000  18.85680000  21.14130000  4
4986  1  1.43142000  14.27870000  11.22850000  3
4987  1  18.17990000  0.90762000  13.57300000  4
4988  1  35.67570000  10.24910000  17.31090000  4
4989  1  11.53970000  7.13412000  34.07660000  4
4990  1  9.94222000  28.07880000  12.38250000  4
4991  1  36.16640000  25.99640000  29.81620000  4
4992  1  3.71128000  0.25742900  0.25003100  4
4993  1  1.44050000  7.27084000  2.99340000  4
4994  1  26.46800000  29.78650000  34.55470000  3
4995  1  7.21098000  36.69950000  0.48228900  4
4996  1  13.52120000  16.41450000  9.10503000  4
4997  1  26.40190000  16.34260000  4.44911000  4
4998  1  29.55330000  13.03150000  11.58090000  3
4999  1  8.08622000  33.75770000  0.23094500  4
5000  1  18.37520000  29.02060000  2.41394000  4
5001  1  26.77570000  12.01230000  10.16730000  3
5002  1  26.33830000  15.93440000  2.21015000  3
5003  1  13.81030000  25.99140000  26.95840000  4
5004  1  15.67910000  37.30570000  14.67430000  3
5005  1  0.32882200  26.46230000  36.85110000  3
5006  1  35.46430000  19.85620000  8.70498000  4
5007  1  30.69480000  31.11510000  36.84930000  4
5008  1  18.66390000  22.40090000  20.10610000  4
5009  1  3.55758000  8.01454000  32.60360000  4
5010  1  18.33760000  30.07800000  8.37565000  4
5011  1  34.54950000  22.02620000  18.90040000  4
5012  1  30.77300000  13.02900000  3.24375000  4
5013  1  16.27970000  7.00946000  27.81280000  4
5014  1  14.67850000  35.62710000  25.13790000  3
5015  1  11.00590000  32.51570000  33.25850000  4
5016  1  27.62690000  30.40730000  7.94771000  4
5017  1  21.29370000  19.82200000  29.96540000  4
5018  1  23.53380000  6.76289000  27.67700000  4
5019  1  9.88775000  13.16260000  18.11000000  3
5020  1  1.72705000  24.30860000  18.30440000  3
5021  1  19.63190000  3.79799000  11.48760000  4
5022  1  2.01383000  27.63640000  29.65300000  4
5023  1  8.56743000  23.44320000  1.68011000  3
5024  1  19.33390000  34.66300000  13.25710000  3
5025  1  13.74820000  31.62470000  1.67000000  4
5026  1  34.23100000  9.94211000  8.94065000  3
5027  1  0.97120300  11.44700000  15.11070000  3
5028  1  10.55810000  6.02652000  7.14367000  3
5029  1  35.70020000  5.20364000  33.12690000  3
5030  1  0.21684800  36.73590000  6.84362000  3
5031  1  19.98130000  28.80390000  33.26300000  4
5032  1  3.11088000  36.36590000  23.11800000  4
5033  1  23.22770000  10.77680000  30.04950000  4
5034  1  2.34383000  19.34700000  8.21134000  3
5035  1  20.97870000  11.79420000  18.57630000  3
5036  1  29.09560000  3.12921000  34.59410000  4
5037  1  32.33920000  7.50280000  6.46841000  4
5038  1  2.92586000  28.03750000  2.22633000  4
5039  1  29.41220000  31.98620000  8.15548000  3
5040  1  25.12470000  13.34990000  19.78050000  4
5041  1  28.70920000  33.33070000  18.46300000  4
5042  1  5.02752000  18.58620000  36.96250000  4
5043  1  31.61480000  27.85610000  25.10180000  4
5044  1  14.10570000  11.13590000  32.80840000  4
5045  1  26.90580000  36.62970000  13.64080000  3
5046  1  32.61040000  23.39610000  33.57050000  3
5047  1  30.36160000  24.13390000  34.88910000  3
5048  1  34.71280000  24.60420000  9.66819000  3
5049  1  31.79240000  23.39210000  21.72500000  3
5050  1  6.81237000  32.28440000  22.10620000  4
5051  1  30.05720000  5.03177000  0.65818000  4
5052  1  4.54931000  18.15620000  26.12910000  4
5053  1  32.76350000  33.85550000  29.83310000  4
5054  1  10.76600000  29.80250000  22.17800000  4
5055  1  19.89040000  30.39750000  33.00530000  4
5056  1  11.66500000  3.15378000  11.96780000  4
5057  1  22.05500000  23.73640000  12.29970000  3
5058  1  6.64867000  21.32130000  4.76456000  4
5059  1  29.77360000  9.42653000  31.65520000  4
5060  1  21.43210000  10.73180000  3.11472000  4
5061  1  18.04720000  32.98450000  32.65660000  4
5062  1  9.38684000  17.49510000  31.71010000  4
5063  1  2.76416000  16.22370000  31.80630000  3
5064  1  30.63590000  18.84000000  0.27114000  4
5065  1  8.85098000  30.18270000  37.35370000  4
5066  1  21.47050000  23.90360000  13.70600000  4
5067  1  22.72350000  17.76350000  10.79340000  4
5068  1  0.55156700  5.54650000  23.94510000  4
5069  1  24.74230000  11.15480000  21.01490000  4
5070  1  7.40515000  3.58738000  27.30600000  4
5071  1  31.53780000  32.61010000  12.13370000  4
5072  1  16.77330000  7.53942000  33.50120000  4
5073  1  20.84890000  13.66970000  3.25107000  4
5074  1  11.11130000  4.77070000  34.93060000  4
5075  1  34.11250000  19.18750000  24.32690000  4
5076  1  8.20957000  32.65370000  4.94627000  4
5077  1  24.49690000  22.77220000  33.01330000  4
5078  1  30.77530000  35.28310000  5.61867000  4
5079  1  17.98770000  22.19830000  33.69070000  3
5080  1  35.12670000  23.16950000  24.05600000  3
5081  1  23.79320000  36.21910000  31.06750000  4
5082  1  11.47240000  32.55160000  16.34530000  4
5083  1  25.11990000  4.15689000  3.49172000  3
5084  1  5.83031000  36.44420000  8.23777000  4
5085  1  15.25450000  19.30720000  30.51220000  4
5086  1  14.62580000  6.51306000  33.65880000  4
5087  1  8.62178000  1.72018000  13.27800000  3
5088  1  18.94070000  15.11520000  18.33470000  4
5089  1  19.77960000  37.42480000  26.73060000  3
5090  1  3.82832000  18.62260000  10.90370000  4
5091  1  3.89091000  36.73250000  15.92000000  4
5092  1  21.48950000  5.47072000  10.30940000  4
5093  1  20.38250000  12.30000000  21.60360000  3
5094  1  18.41780000  29.83920000  24.27290000  4
5095  1  30.73190000  27.76770000  10.03550000  4
5096  1  22.88270000  34.38820000  26.75530000  3
5097  1  3.42326000  31.20760000  2.38763000  3
5098  1  32.41300000  8.51553000  31.48320000  4
5099  1  31.82770000  1.57387000  1.75572000  4
5100  1  5.07227000  7.42238000  32.78580000  4
5101  1  5.87831000  32.56910000  26.09380000  4
5102  1  8.48720000  8.07074000  32.61150000  4
5103  1  6.38675000  16.13620000  23.21730000  4
5104  1  18.37050000  34.96140000  4.74307000  4
5105  1  14.35880000  2.14109000  16.00560000  4
5106  1  12.07460000  35.97770000  24.72230000  4
5107  1  14.16420000  19.61730000  12.36640000  4
5108  1  10.54740000  29.68680000  33.76170000  4
5109  1  16.50520000  9.57948000  9.16581000  4
5110  1  7.41335000  16.35350000  18.41350000  4
5111  1  12.86960000  32.43670000  26.49690000  4
5112  1  36.10500000  12.01180000  13.74950000  4
5113  1  13.13430000  4.36623000  15.90320000  4
5114  1  9.17274000  10.64540000  10.57220000  3
5115  1  15.32980000  15.50620000  6.84647000  3
5116  1  25.55390000  22.03480000  13.05770000  4
5117  1  24.13210000  15.95330000  30.76280000  4
5118  1  30.71700000  25.00870000  35.99000000  3
5119  1  27.83750000  14.07520000  20.10870000  4
5120  1  34.24770000  11.02520000  15.12270000  4
5121  1  35.59250000  20.94880000  17.98130000  4
5122  1  30.58040000  31.19230000  4.08057000  4
5123  1  2.38911000  9.80321000  3.69483000  4
5124  1  7.07558000  7.29957000  5.60985000  4
5125  1  31.76960000  18.17580000  29.43830000  4
5126  1  24.69170000  16.98000000  19.65240000  4
5127  1  29.88400000  11.53290000  23.92210000  4
5128  1  34.39400000  27.91360000  5.41471000  4
5129  1  22.36570000  5.82353000  27.29590000  4
5130  1  4.81853000  10.28880000  14.68760000  4
5131  1  27.15580000  22.86490000  11.19750000  3
5132  1  20.10810000  19.32380000  6.45152000  3
5133  1  35.56070000  17.98730000  7.73140000  4
5134  1  16.35320000  34.73590000  33.70140000  4
5135  1  34.79330000  21.83390000  21.42370000  4
5136  1  17.61100000  0.17752700  27.74420000  4
5137  1  13.62220000  3.00136000  18.10420000  3
5138  1  15.98160000  25.36680000  20.28190000  4
5139  1  13.06600000  36.62980000  21.12710000  4
5140  1  35.42930000  17.07840000  15.09570000  4
5141  1  26.03960000  1.08833000  27.26960000  4
5142  1  21.89110000  10.45710000  20.20220000  3
5143  1  5.28545000  21.27550000  31.18180000  4
5144  1  7.21119000  8.29931000  15.94200000  3
5145  1  3.73139000  13.61810000  31.58950000  4
5146  1  8.48705000  13.95600000  21.09570000  3
5147  1  30.41860000  10.43590000  21.47680000  4
5148  1  21.64180000  36.29860000  25.20990000  4
5149  1  27.18060000  14.04180000  26.18260000  4
5150  1  13.47290000  29.99760000  24.31170000  3
5151  1  28.56450000  30.23110000  25.49820000  4
5152  1  5.03687000  33.23030000  27.12010000  4
5153  1  12.14330000  20.36870000  17.58670000  3
5154  1  24.25600000  28.58140000  25.03280000  4
5155  1  17.13830000  14.04600000  24.28740000  4
5156  1  23.60280000  29.36760000  21.09450000  4
5157  1  12.64780000  21.71120000  25.72780000  4
5158  1  27.29530000  1.03624000  11.91730000  4
5159  1  35.34410000  32.00120000  26.10170000  4
5160  1  2.67078000  20.73690000  28.68360000  4
5161  1  9.62181000  23.90550000  37.10100000  4
5162  1  22.86280000  12.02450000  27.82690000  3
5163  1  32.64330000  27.27670000  17.61530000  4
5164  1  22.31040000  29.73520000  18.25120000  4
5165  1  22.62210000  16.94710000  34.12280000  3
5166  1  29.06460000  18.38160000  15.44710000  4
5167  1  33.36550000  19.95330000  16.28700000  4
5168  1  34.22430000  23.17020000  0.89442000  4
5169  1  14.82530000  0.82263100  13.89840000  4
5170  1  4.94514000  14.17680000  11.80040000  3
5171  1  17.21890000  12.35650000  32.52860000  4
5172  1  0.54166500  5.87684000  0.58889600  3
5173  1  15.36920000  29.14140000  22.97300000  4
5174  1  23.20460000  18.95810000  0.09407830  3
5175  1  26.49070000  22.53150000  8.87187000  4
5176  1  34.98550000  10.51770000  30.56850000  4
5177  1  19.88210000  29.87080000  17.72780000  3
5178  1  0.25299600  18.40180000  32.81370000  4
5179  1  36.57630000  35.15280000  5.33284000  4
5180  1  14.54020000  5.21211000  7.10368000  4
5181  1  36.36660000  10.70940000  27.25100000  3
5182  1  2.50748000  5.31412000  22.11840000  4
5183  1  2.67063000  12.55070000  30.96780000  3
5184  1  35.23480000  9.77460000  6.71226000  4
5185  1  24.96460000  1.78557000  12.50710000  4
5186  1  29.99890000  32.01350000  22.64670000  4
5187  1  32.19880000  26.81990000  30.36720000  3
5188  1  0.38448400  0.99354700  12.53020000  4
5189  1  30.11000000  19.57380000  22.19670000  4
5190  1  30.42150000  24.28920000  8.08455000  4
5191  1  33.16940000  26.42780000  20.99940000  4
5192  1  16.28480000  31.40050000  19.52900000  4
5193  1  34.83800000  8.39361000  18.79600000  3
5194  1  34.34910000  2.19505000  11.39520000  4
5195  1  3.55346000  18.29090000  36.34430000  4
5196  1  14.85740000  5.97977000  17.83790000  4
5197  1  17.59780000  28.65600000  3.64045000  4
5198  1  2.65044000  23.28150000  22.43370000  4
5199  1  18.18710000  5.91279000  18.50240000  4
5200  1  16.70090000  35.22250000  11.80580000  3
5201  1  32.43710000  12.32880000  28.97610000  4
5202  1  10.65440000  35.83410000  0.83589100  3
5203  1  21.86010000  37.20880000  0.85393800  4
5204  1  17.54320000  33.60070000  0.39557900  4
5205  1  34.79740000  9.50576000  35.10200000  4
5206  1  26.72730000  11.87670000  12.67010000  3
5207  1  32.67950000  17.84690000  8.72154000  4
5208  1  9.12997000  5.76946000  32.67940000  3
5209  1  19.69370000  33.28980000  6.08728000  3
5210  1  17.00140000  34.70390000  6.56763000  3
5211  1  9.28731000  2.68242000  6.66361000  3
5212  1  28.15680000  20.44220000  9.50313000  3
5213  1  31.83190000  30.08060000  11.43790000  4
5214  1  27.24220000  27.33090000  31.10370000  4
5215  1  22.11990000  13.50320000  32.77000000  4
5216  1  19.66000000  9.36585000  9.09783000  3
5217  1  24.71880000  15.56740000  26.04400000  4
5218  1  35.33820000  36.47960000  20.31110000  4
5219  1  33.50250000  6.55194000  3.32171000  3
5220  1  21.39870000  11.11590000  12.38870000  4
5221  1  34.03210000  14.63030000  14.86050000  4
5222  1  33.11590000  30.45310000  31.11900000  4
5223  1  17.91510000  32.10220000  35.31960000  4
5224  1  4.72823000  29.55650000  20.76720000  4
5225  1  24.93930000  13.06300000  33.85040000  4
5226  1  13.29780000  2.90475000  13.85480000  4
5227  1  28.24570000  23.88060000  27.35840000  4
5228  1  36.76940000  5.75599000  16.49810000  4
5229  1  11.96020000  36.26240000  36.05460000  4
5230  1  20.81700000  4.32378000  9.45375000  4
5231  1  36.26770000  12.35790000  15.23760000  4
5232  1  20.46620000  8.51760000  8.15797000  4
5233  1  25.99840000  4.75845000  12.03370000  4
5234  1  33.65200000  20.99570000  26.07560000  3
5235  1  6.48193000  22.37960000  2.84082000  3
5236  1  2.88156000  0.08446400  2.53036000  4
5237  1  7.71471000  35.15210000  19.06280000  3
5238  1  14.18980000  13.11360000  6.49598000  4
5239  1  15.21350000  32.42720000  25.46830000  3
5240  1  20.97670000  17.06980000  25.97650000  4
5241  1  31.27140000  15.55740000  30.18070000  4
5242  1  7.47490000  15.20840000  22.93560000  4
5243  1  16.89330000  4.55460000  8.22897000  4
5244  1  2.03588000  6.63276000  10.47590000  4
5245  1  31.64670000  36.07800000  33.83030000  4
5246  1  24.04840000  7.33700000  9.34040000  4
5247  1  3.07206000  25.61710000  15.25310000  3
5248  1  16.07090000  3.29825000  8.67461000  4
5249  1  3.25801000  17.67750000  2.49919000  3
5250  1  5.92358000  34.49510000  17.32700000  4
5251  1  13.95940000  5.32024000  8.57424000  4
5252  1  4.06719000  8.75574000  22.49260000  4
5253  1  15.95320000  12.19810000  31.76540000  3
5254  1  9.34836000  8.43058000  26.66130000  4
5255  1  13.32230000  26.05410000  8.79041000  4
5256  1  32.12980000  36.29400000  29.90680000  4
5257  1  36.40810000  37.29550000  17.02500000  4
5258  1  37.10490000  5.52063000  26.23220000  3
5259  1  27.33480000  37.21370000  29.16680000  4
5260  1  8.50989000  12.73260000  6.02371000  4
5261  1  8.53628000  3.51469000  28.24000000  3
5262  1  4.28498000  14.84190000  14.38970000  4
5263  1  4.54806000  1.81672000  10.23110000  4
5264  1  3.31140000  6.36260000  4.38738000  4
5265  1  33.14540000  25.09820000  19.01010000  4
5266  1  21.20580000  27.59220000  35.23780000  4
5267  1  36.72070000  16.70330000  0.04826110  4
5268  1  4.67081000  0.56450500  24.56150000  3
5269  1  20.63170000  4.89018000  5.72937000  4
5270  1  18.58570000  24.23260000  5.09335000  4
5271  1  20.41770000  1.38202000  12.72390000  3
5272  1  28.92190000  35.19060000  31.17450000  4
5273  1  5.24338000  36.61660000  22.56230000  4
5274  1  4.43931000  21.63220000  1.54198000  3
5275  1  2.27573000  26.12350000  3.56092000  4
5276  1  30.09750000  35.16950000  35.83340000  4
5277  1  35.60880000  15.48950000  29.59680000  4
5278  1  15.47870000  1.90092000  27.42740000  3
5279  1  1.52790000  29.43450000  36.35860000  4
5280  1  27.55100000  12.73730000  24.04100000  4
5281  1  4.15148000  9.13971000  21.01240000  4
5282  1  14.09210000  22.24170000  20.24530000  4
5283  1  17.01070000  18.32050000  31.89200000  4
5284  1  1.73595000  33.98680000  3.06605000  4
5285  1  24.08360000  34.02770000  17.92430000  4
5286  1  31.42560000  26.41550000  17.50430000  3
5287  1  35.18340000  1.36244000  4.26134000  3
5288  1  20.20790000  35.71150000  3.61321000  4
5289  1  18.55400000  24.31860000  14.42970000  4
5290  1  2.69324000  3.76873000  10.52230000  4
5291  1  18.66000000  37.01340000  24.64990000  4
5292  1  3.88730000  11.10950000  5.38236000  4
5293  1  34.05240000  14.50390000  36.06050000  4
5294  1  25.83070000  17.53330000  6.36936000  3
5295  1  14.47880000  27.99350000  22.91990000  3
5296  1  17.02180000  2.11887000  8.46933000  4
5297  1  1.66600000  9.20451000  29.53930000  3
5298  1  20.56010000  15.03930000  35.93990000  3
5299  1  20.55360000  30.16460000  36.23030000  4
5300  1  29.67060000  6.68201000  5.33416000  4
5301  1  2.45149000  24.42330000  29.08850000  3
5302  1  7.54441000  22.46180000  11.62440000  4
5303  1  30.56740000  16.21150000  36.64910000  4
5304  1  8.08486000  8.49290000  3.55720000  4
5305  1  32.91250000  5.17079000  5.65094000  3
5306  1  17.11830000  24.45210000  1.46927000  4
5307  1  2.55141000  16.06070000  21.36590000  4
5308  1  33.94020000  27.00030000  32.52080000  4
5309  1  8.77271000  9.58382000  32.55930000  4
5310  1  20.85180000  23.86660000  9.66380000  3
5311  1  18.61180000  27.82610000  26.34290000  4
5312  1  18.94530000  22.65160000  1.90794000  4
5313  1  16.38460000  7.32325000  15.90670000  4
5314  1  24.83600000  36.18710000  5.54988000  4
5315  1  5.06816000  31.76290000  4.69246000  4
5316  1  14.89280000  15.78280000  9.26535000  4
5317  1  30.34050000  12.90800000  25.89240000  4
5318  1  35.04890000  6.54232000  20.55140000  4
5319  1  33.66310000  34.71020000  9.96986000  4
5320  1  5.04264000  6.32326000  14.17550000  4
5321  1  10.71160000  24.24290000  6.70259000  4
5322  1  4.58928000  10.57460000  21.12240000  3
5323  1  9.52544000  12.50000000  32.93240000  4
5324  1  11.40910000  17.09060000  0.29342300  4
5325  1  31.78190000  9.45132000  4.92812000  4
5326  1  31.73430000  23.84790000  31.37050000  4
5327  1  11.37320000  16.19390000  21.69110000  4
5328  1  2.64051000  28.50940000  30.79790000  4
5329  1  5.45013000  27.76230000  1.51512000  4
5330  1  1.94720000  2.49992000  14.14310000  4
5331  1  22.56140000  31.43800000  15.44810000  4
5332  1  26.25550000  34.39150000  8.55978000  4
5333  1  19.06080000  8.59468000  26.70360000  3
5334  1  3.14857000  33.64230000  14.17400000  3
5335  1  6.40497000  6.10711000  37.02750000  4
5336  1  22.24560000  10.58920000  15.40600000  3
5337  1  3.05778000  13.29240000  34.09990000  4
5338  1  0.70677100  7.87292000  15.96440000  4
5339  1  28.37330000  30.68270000  16.59100000  3
5340  1  20.12520000  12.95970000  18.15450000  4
5341  1  23.67710000  3.86809000  30.22910000  4
5342  1  25.51930000  25.19290000  28.83140000  4
5343  1  31.62290000  16.41110000  10.50560000  3
5344  1  32.14700000  12.88780000  34.26970000  4
5345  1  9.69835000  5.10605000  29.65620000  4
5346  1  20.15110000  5.87334000  7.83867000  4
5347  1  2.81234000  25.98470000  12.09150000  4
5348  1  23.89770000  36.63420000  22.53120000  4
5349  1  37.44190000  35.81940000  11.72240000  3
5350  1  13.52220000  20.87030000  29.07970000  4
5351  1  27.50500000  23.76710000  30.11770000  3
5352  1  29.21840000  11.19970000  13.04260000  4
5353  1  36.79970000  18.47380000  4.21928000  3
5354  1  17.16840000  23.27280000  3.40272000  3
5355  1  27.26390000  8.92163000  25.90370000  4
5356  1  14.42480000  23.21450000  35.13850000  4
5357  1  35.65650000  26.43490000  20.62740000  4
5358  1  18.09440000  24.02960000  17.55590000  4
5359  1  32.25740000  7.27634000  7.96375000  4
5360  1  23.08670000  22.72520000  5.86223000  4
5361  1  9.74351000  11.62010000  20.18180000  4
5362  1  11.92600000  26.64340000  33.41220000  3
5363  1  2.59255000  28.45180000  20.14540000  4
5364  1  18.22550000  8.09500000  31.45970000  4
5365  1  29.37810000  34.34070000  0.49438800  4
5366  1  24.24220000  23.16900000  2.28986000  4
5367  1  15.07850000  10.08630000  4.11877000  3
5368  1  19.71220000  23.84320000  6.15711000  4
5369  1  5.93500000  34.64050000  6.74549000  3
5370  1  28.58280000  33.18720000  16.86960000  4
5371  1  0.38423000  6.40115000  8.46142000  4
5372  1  20.33750000  30.94050000  0.11840900  3
5373  1  29.31390000  20.87420000  16.55660000  4
5374  1  22.53530000  21.16050000  26.61780000  4
5375  1  12.69630000  11.92780000  28.62330000  3
5376  1  3.81991000  9.24964000  17.33030000  4
5377  1  12.59000000  23.84490000  21.00140000  4
5378  1  36.12800000  21.42250000  25.87340000  4
5379  1  26.65710000  35.54790000  14.59570000  3
5380  1  24.85840000  21.95350000  20.43600000  4
5381  1  7.61072000  11.47530000  23.89920000  3
5382  1  7.22838000  19.18160000  0.56473200  3
5383  1  22.70880000  29.00530000  26.32270000  4
5384  1  19.28560000  6.75050000  31.26210000  4
5385  1  34.17030000  30.96800000  8.52016000  4
5386  1  28.78070000  28.25980000  11.73300000  4
5387  1  35.99440000  30.02890000  7.85692000  4
5388  1  24.98730000  19.50340000  24.88970000  4
5389  1  21.04620000  34.84250000  31.13470000  4
5390  1  17.57900000  36.20580000  22.35260000  4
5391  1  20.72590000  9.91885000  25.18680000  4
5392  1  6.40879000  29.62820000  4.08892000  4
5393  1  30.12960000  25.29590000  7.00223000  4
5394  1  21.22180000  4.17311000  19.81650000  4
5395  1  30.20050000  18.30000000  19.10760000  4
5396  1  13.92230000  26.26250000  7.34885000  4
5397  1  32.41600000  16.39020000  6.66357000  3
5398  1  36.53390000  22.58440000  6.23245000  4
5399  1  20.83620000  22.84800000  3.66503000  3
5400  1  6.26241000  34.07340000  1.48990000  4
5401  1  7.42601000  25.01160000  9.80293000  3
5402  1  4.07116000  6.90597000  23.90810000  3
5403  1  31.40150000  5.84833000  35.88380000  4
5404  1  18.50440000  31.64170000  22.38620000  4
5405  1  33.27490000  2.31868000  32.63820000  4
5406  1  17.68700000  24.74660000  25.20650000  3
5407  1  11.18990000  7.09237000  25.78140000  4
5408  1  3.87639000  37.06750000  32.86940000  4
5409  1  6.16211000  11.97330000  15.93060000  4
5410  1  4.39376000  21.20980000  25.17790000  4
5411  1  1.14828000  23.26720000  26.71140000  4
5412  1  24.68770000  24.32290000  4.98568000  4
5413  1  4.57665000  34.90510000  20.52480000  4
5414  1  9.88813000  10.64130000  4.29959000  3
5415  1  14.18420000  34.00440000  34.34730000  4
5416  1  2.24712000  25.19560000  36.20630000  3
5417  1  17.72910000  23.75530000  22.54310000  3
5418  1  11.54700000  19.40400000  15.31950000  4
5419  1  26.14250000  27.99800000  17.28840000  4
5420  1  17.51130000  30.81620000  31.25340000  4
5421  1  10.20070000  27.71240000  14.97790000  4
5422  1  3.06115000  15.82710000  28.13120000  4
5423  1  34.22820000  1.48892000  25.40940000  4
5424  1  9.03613000  25.73360000  26.31290000  4
5425  1  15.78330000  22.14190000  10.10810000  4
5426  1  37.42890000  14.27170000  7.65610000  4
5427  1  6.87322000  22.77640000  8.93443000  4
5428  1  5.79192000  9.57964000  11.74490000  3
5429  1  35.55240000  27.40860000  10.35750000  4
5430  1  27.20620000  9.20804000  15.30480000  4
5431  1  12.82440000  13.93620000  21.01450000  3
5432  1  18.32240000  30.58400000  33.58310000  4
5433  1  32.75160000  11.72360000  34.91450000  4
5434  1  22.50330000  35.57050000  21.17780000  4
5435  1  17.61330000  18.48750000  11.60640000  4
5436  1  32.65830000  29.97570000  28.48780000  4
5437  1  20.11770000  23.93580000  21.48990000  3
5438  1  19.77770000  29.27890000  15.02960000  4
5439  1  13.57650000  20.60630000  10.05700000  3
5440  1  28.60050000  4.75208000  15.11160000  3
5441  1  18.55760000  20.89560000  22.89400000  4
5442  1  4.79274000  15.94140000  3.75926000  4
5443  1  22.25560000  14.51430000  14.31590000  4
5444  1  23.85010000  23.01800000  0.69809000  4
5445  1  36.47960000  22.89670000  2.54068000  3
5446  1  13.13080000  30.94570000  34.48330000  4
5447  1  22.54670000  5.05630000  14.06880000  4
5448  1  27.94540000  2.75351000  6.98055000  4
5449  1  2.20996000  32.98040000  20.63340000  4
5450  1  8.43403000  26.82930000  34.50430000  4
5451  1  9.65826000  7.58071000  5.36518000  4
5452  1  1.78153000  22.94370000  36.05680000  4
5453  1  34.45500000  20.83580000  0.09888130  4
5454  1  0.36530900  25.75490000  12.96440000  4
5455  1  0.43375000  36.97560000  14.44940000  4
5456  1  21.94200000  25.06670000  32.08460000  4
5457  1  33.89730000  16.03520000  33.84580000  4
5458  1  30.62240000  15.48780000  16.26740000  3
5459  1  5.80139000  4.69775000  16.01430000  4
5460  1  6.59434000  17.88460000  32.11100000  4
5461  1  29.16530000  28.09220000  31.81810000  4
5462  1  2.86224000  18.66160000  30.83660000  4
5463  1  17.49610000  36.38200000  29.91300000  4
5464  1  6.23399000  24.88810000  36.23190000  3
5465  1  20.67280000  31.57880000  2.88092000  4
5466  1  19.83790000  13.51880000  12.73960000  4
5467  1  19.40960000  25.67490000  8.43239000  4
5468  1  25.26220000  8.17270000  23.08390000  3
5469  1  5.95722000  3.92752000  36.19040000  4
5470  1  2.52392000  6.73198000  36.94640000  4
5471  1  7.27996000  25.39180000  1.06665000  4
5472  1  1.26960000  13.61340000  23.63100000  4
5473  1  23.42870000  17.67630000  16.17220000  4
5474  1  20.66510000  15.47990000  33.47090000  4
5475  1  26.24430000  22.88760000  15.47860000  4
5476  1  0.84968800  9.00879000  21.59330000  3
5477  1  11.34350000  37.11840000  9.86042000  3
5478  1  32.55090000  14.84420000  35.60540000  4
5479  1  4.79222000  19.21500000  11.89470000  4
5480  1  35.10000000  18.35910000  2.51442000  4
5481  1  29.51600000  3.15729000  25.16490000  3
5482  1  24.75830000  0.93089100  4.31354000  4
5483  1  17.75660000  8.64449000  14.23660000  4
5484  1  29.35260000  4.68018000  18.05320000  3
5485  1  30.45190000  15.32810000  32.30040000  4
5486  1  28.20710000  16.61310000  6.35999000  4
5487  1  1.87394000  25.38850000  19.28270000  4
5488  1  0.71696000  7.63975000  35.53710000  4
5489  1  10.25240000  19.62670000  20.96820000  4
5490  1  12.96960000  30.07630000  23.02630000  3
5491  1  7.10812000  1.16820000  25.04120000  4
5492  1  8.01973000  29.88040000  2.27552000  4
5493  1  14.04800000  32.53140000  15.47080000  4
5494  1  27.30790000  22.10830000  20.24610000  3
5495  1  32.81580000  10.36620000  11.17110000  4
5496  1  27.70010000  14.32040000  23.84680000  4
5497  1  29.43110000  13.28220000  34.32500000  3
5498  1  11.96420000  29.30340000  36.49020000  4
5499  1  15.39800000  0.91554400  3.75958000  4
5500  1  23.20430000  26.47230000  29.76240000  4
5501  1  32.21360000  12.28890000  23.73680000  4
5502  1  33.10850000  19.37680000  18.76620000  3
5503  1  9.97927000  20.28450000  33.76580000  3
5504  1  16.75960000  8.06327000  3.59086000  4
5505  1  34.94080000  29.46910000  22.63460000  4
5506  1  2.40570000  15.70550000  22.81950000  4
5507  1  20.21940000  21.62560000  8.96684000  3
5508  1  19.46180000  5.92794000  19.41950000  4
5509  1  27.56050000  18.43490000  11.90920000  3
5510  1  34.59300000  13.11720000  26.24330000  3
5511  1  16.21900000  4.99420000  6.89721000  4
5512  1  5.35360000  18.79630000  25.13790000  3
5513  1  12.38030000  12.56010000  30.92410000  3
5514  1  8.87344000  33.09670000  19.85110000  4
5515  1  24.75420000  17.79640000  5.25094000  4
5516  1  24.64160000  27.55060000  34.46740000  4
5517  1  35.30490000  6.13653000  28.55020000  3
5518  1  22.71630000  2.67437000  20.90780000  4
5519  1  5.18365000  28.62010000  3.94264000  4
5520  1  25.24060000  6.75878000  20.47620000  4
5521  1  35.94240000  1.48768000  31.47470000  4
5522  1  4.44362000  26.77920000  35.36240000  4
5523  1  20.51510000  3.13398000  10.39370000  4
5524  1  19.26510000  21.30400000  5.48542000  4
5525  1  9.91103000  27.63560000  32.65020000  4
5526  1  26.60950000  16.33980000  6.00970000  4
5527  1  4.74569000  1.23218000  19.49680000  4
5528  1  36.46230000  6.47946000  10.89930000  4
5529  1  19.37880000  4.92700000  2.72291000  4
5530  1  32.81750000  23.62880000  15.77090000  4
5531  1  26.09140000  17.29490000  34.46820000  4
5532  1  3.25589000  17.97080000  15.31620000  4
5533  1  9.36155000  29.71080000  1.37965000  4
5534  1  20.53560000  7.49939000  16.89380000  3
5535  1  18.44830000  31.79470000  15.08610000  3
5536  1  29.42370000  2.26607000  10.89290000  4
5537  1  28.67470000  17.72430000  3.81469000  4
5538  1  14.53010000  19.86820000  37.29120000  4
5539  1  0.55066500  0.86614100  30.11920000  4
5540  1  7.09845000  8.64298000  11.64060000  4
5541  1  7.44088000  23.91030000  0.82806900  4
5542  1  25.18320000  9.52624000  19.27460000  4
5543  1  36.96020000  2.78643000  4.38396000  3
5544  1  33.21710000  11.82660000  11.19610000  3
5545  1  29.00390000  2.71079000  1.89085000  4
5546  1  21.22420000  36.27570000  30.30270000  4
5547  1  15.58030000  18.93990000  0.38979500  3
5548  1  1.21336000  15.77500000  20.55360000  4
5549  1  29.30260000  27.92990000  5.75092000  4
5550  1  14.78800000  23.23530000  15.80330000  4
5551  1  26.08150000  32.69930000  13.03850000  4
5552  1  7.86560000  26.46200000  21.53580000  3
5553  1  28.40100000  11.00860000  4.71490000  4
5554  1  12.82620000  17.48890000  0.33249900  4
5555  1  7.62620000  11.52550000  7.80632000  3
5556  1  28.06210000  26.94600000  15.82560000  4
5557  1  10.53190000  16.55650000  7.30195000  4
5558  1  22.45810000  24.51460000  3.09800000  4
5559  1  33.03390000  31.08910000  9.35535000  3
5560  1  19.22850000  17.03190000  0.46358100  3
5561  1  35.60290000  33.01850000  27.24410000  4
5562  1  11.03260000  26.30810000  17.11820000  4
5563  1  26.87450000  28.22110000  32.32280000  4
5564  1  15.77500000  3.63473000  29.52090000  4
5565  1  6.78074000  23.82920000  13.47080000  3
5566  1  30.11890000  19.71200000  3.36757000  4
5567  1  31.33670000  3.13590000  9.49315000  4
5568  1  33.10160000  28.64340000  28.96300000  3
5569  1  23.65180000  37.17170000  13.22980000  4
5570  1  25.02380000  10.63210000  9.22347000  3
5571  1  5.60422000  0.76273500  1.67990000  3
5572  1  22.71220000  21.24040000  13.81790000  3
5573  1  10.14330000  25.98830000  21.90120000  4
5574  1  29.12210000  24.28090000  34.26110000  3
5575  1  0.00783305  14.01370000  33.19850000  4
5576  1  31.75070000  1.91475000  17.17030000  4
5577  1  30.60750000  35.18560000  13.53730000  4
5578  1  31.59320000  7.17387000  33.20180000  3
5579  1  18.70020000  26.58970000  35.95420000  4
5580  1  22.24390000  1.40332000  19.07300000  3
5581  1  31.32290000  1.02006000  26.94390000  4
5582  1  30.85740000  26.22020000  18.91150000  4
5583  1  20.18080000  23.67550000  29.11260000  4
5584  1  35.71610000  33.49160000  30.89520000  4
5585  1  3.44815000  26.25710000  21.02250000  4
5586  1  29.54810000  26.78080000  13.57990000  4
5587  1  23.40150000  3.39499000  25.82550000  4
5588  1  4.37324000  28.57130000  2.47048000  4
5589  1  37.17090000  28.32050000  5.29253000  3
5590  1  9.39214000  36.59400000  12.16550000  3
5591  1  23.97820000  23.01800000  4.58567000  4
5592  1  0.68479400  10.64480000  9.00777000  4
5593  1  8.80240000  34.12900000  14.98920000  4
5594  1  11.85250000  11.82010000  32.16130000  4
5595  1  30.73720000  8.17526000  22.30660000  4
5596  1  37.26740000  3.36810000  30.15250000  4
5597  1  24.74840000  12.21060000  7.49258000  4
5598  1  23.21590000  14.44090000  9.06262000  4
5599  1  2.19618000  7.87903000  24.68030000  4
5600  1  16.09820000  36.27130000  31.89490000  4
5601  1  2.52365000  35.92430000  25.43040000  4
5602  1  32.94710000  0.09736580  16.16620000  3
5603  1  12.87350000  19.36080000  14.42970000  4
5604  1  27.43700000  12.62140000  9.11070000  4
5605  1  8.66180000  36.28970000  23.95300000  4
5606  1  24.91470000  19.74330000  29.46820000  4
5607  1  9.91964000  25.05340000  20.78440000  4
5608  1  7.53591000  22.42300000  27.64420000  4
5609  1  5.35863000  29.84430000  18.30620000  4
5610  1  14.84170000  19.93520000  9.55474000  3
5611  1  27.77910000  4.62735000  24.91270000  4
5612  1  35.15020000  18.67930000  20.89260000  4
5613  1  1.29285000  11.88470000  32.87500000  4
5614  1  23.40040000  34.09800000  2.62014000  3
5615  1  30.66180000  26.12910000  27.79990000  3
5616  1  15.55900000  19.98100000  11.78630000  4
5617  1  21.18370000  3.43813000  35.86420000  4
5618  1  18.11620000  13.24090000  22.19040000  4
5619  1  12.78420000  30.55280000  13.72340000  4
5620  1  21.60120000  2.45519000  17.10500000  4
5621  1  0.98050200  16.82630000  8.22602000  4
5622  1  32.98090000  32.35470000  29.10210000  4
5623  1  12.81020000  7.21388000  6.53268000  4
5624  1  30.73910000  20.88190000  8.84786000  4
5625  1  6.77748000  23.81200000  23.12020000  4
5626  1  13.65050000  6.89571000  27.64260000  3
5627  1  21.49400000  23.22240000  7.69070000  3
5628  1  0.91178700  36.64570000  9.30442000  4
5629  1  0.00206303  16.29670000  36.32710000  4
5630  1  1.70188000  20.76320000  34.03950000  4
5631  1  36.96670000  26.96980000  12.39670000  3
5632  1  3.64031000  9.31297000  31.78530000  4
5633  1  32.24830000  14.93960000  2.70336000  3
5634  1  30.70430000  1.39095000  35.92030000  4
5635  1  4.30893000  31.80610000  16.79390000  4
5636  1  23.72040000  33.90800000  13.87940000  4
5637  1  23.75880000  18.97350000  12.66120000  4
5638  1  35.77600000  4.53060000  37.38310000  3
5639  1  22.90830000  7.83973000  16.68270000  4
5640  1  32.36340000  20.85680000  0.82782500  4
5641  1  12.58120000  21.12540000  0.22684500  4
5642  1  13.44260000  12.03980000  37.05070000  4
5643  1  22.29730000  15.37300000  12.75750000  4
5644  1  5.59477000  28.85230000  23.46240000  3
5645  1  27.76420000  9.66872000  19.00250000  4
5646  1  31.74530000  3.50769000  34.18190000  3
5647  1  8.77319000  18.45680000  23.57300000  4
5648  1  34.84530000  9.42135000  5.21161000  4
5649  1  36.94830000  34.73690000  21.25190000  4
5650  1  18.26880000  35.42100000  28.87120000  4
5651  1  26.78290000  3.68650000  1.87332000  3
5652  1  3.52449000  15.04770000  20.72910000  4
5653  1  24.26510000  11.96290000  11.24220000  4
5654  1  14.77520000  19.66310000  33.47760000  4
5655  1  25.58290000  33.47760000  17.79960000  4
5656  1  16.56850000  13.91640000  13.16900000  4
5657  1  1.00657000  15.97600000  23.56260000  4
5658  1  19.42690000  7.92632000  12.06690000  4
5659  1  32.20680000  15.98680000  36.58630000  4
5660  1  2.20596000  15.41270000  37.11830000  3
5661  1  15.48480000  16.23360000  20.67670000  3
5662  1  23.10110000  32.04970000  35.62470000  3
5663  1  27.13240000  29.49950000  28.96440000  4
5664  1  14.89050000  35.20340000  2.40849000  4
5665  1  31.68160000  32.23050000  3.70469000  4
5666  1  32.25970000  24.36210000  18.08270000  3
5667  1  31.03140000  12.06820000  24.82000000  4
5668  1  20.52920000  31.45520000  21.00730000  4
5669  1  16.22790000  31.26500000  37.27080000  4
5670  1  4.19008000  29.60040000  26.82350000  4
5671  1  12.98060000  13.15990000  4.04149000  4
5672  1  3.67927000  25.84510000  27.18270000  4
5673  1  33.46750000  9.47555000  10.13040000  4
5674  1  21.32140000  2.06214000  21.51380000  4
5675  1  14.23550000  8.60621000  14.84850000  4
5676  1  5.73900000  18.87100000  34.91800000  4
5677  1  32.62270000  33.97890000  6.43469000  4
5678  1  10.16600000  19.70100000  12.81790000  4
5679  1  3.01297000  23.94160000  36.37710000  4
5680  1  10.09890000  10.86460000  16.86800000  4
5681  1  31.58020000  6.03630000  18.59820000  4
5682  1  26.12750000  1.17040000  23.75880000  4
5683  1  2.84716000  20.93280000  5.90688000  4
5684  1  15.06170000  18.14270000  29.30550000  4
5685  1  22.21800000  10.22860000  9.96121000  3
5686  1  30.06340000  3.41825000  18.09160000  4
5687  1  5.19865000  27.60320000  15.43900000  4
5688  1  24.50750000  22.77990000  29.16130000  4
5689  1  23.02470000  9.27426000  18.68830000  4
5690  1  11.64940000  13.91350000  21.73930000  3
5691  1  11.32870000  28.18840000  28.17410000  3
5692  1  22.71270000  30.50730000  30.41170000  4
5693  1  25.24700000  28.74050000  23.77270000  4
5694  1  20.35580000  18.31140000  10.18060000  3
5695  1  8.03028000  30.55050000  11.43400000  3
5696  1  19.03080000  36.60140000  15.42210000  4
5697  1  6.01149000  16.37350000  0.31023500  4
5698  1  7.57651000  4.96781000  10.24320000  3
5699  1  5.64736000  4.87383000  24.58170000  4
5700  1  13.62810000  23.23560000  3.91163000  4
5701  1  25.14530000  4.57507000  27.58250000  4
5702  1  28.38140000  17.12380000  27.34790000  4
5703  1  28.62990000  8.77883000  34.75160000  4
5704  1  22.38930000  30.16800000  24.00270000  4
5705  1  18.85620000  1.90277000  1.96012000  4
5706  1  3.43573000  18.71560000  7.43638000  4
5707  1  5.42800000  4.96857000  35.09970000  4
5708  1  34.40920000  4.42792000  2.19273000  4
5709  1  0.77213000  0.89138800  21.88630000  4
5710  1  2.35372000  13.54870000  28.84910000  4
5711  1  1.91748000  31.80470000  37.36910000  3
5712  1  30.65880000  12.12960000  9.38579000  4
5713  1  5.80875000  4.06582000  21.26870000  4
5714  1  19.01980000  1.54162000  12.51910000  4
5715  1  28.16220000  27.74740000  21.19170000  4
5716  1  13.14800000  29.38080000  21.63320000  4
5717  1  17.06020000  6.20873000  37.35640000  3
5718  1  29.41270000  1.84634000  0.62972300  4
5719  1  6.63450000  5.47685000  31.68380000  3
5720  1  3.53408000  13.73030000  24.05020000  4
5721  1  19.98560000  23.49780000  37.02080000  4
5722  1  15.69290000  4.20295000  35.11860000  4
5723  1  2.68250000  17.96700000  29.42250000  4
5724  1  13.04350000  35.12140000  36.53680000  4
5725  1  29.75340000  33.19220000  7.38564000  4
5726  1  15.45180000  26.27810000  34.34870000  4
5727  1  13.02760000  29.12300000  8.45051000  4
5728  1  16.61070000  12.35630000  6.74183000  4
5729  1  4.09180000  22.89690000  34.06350000  4
5730  1  21.81880000  29.94470000  12.32980000  4
5731  1  10.71940000  33.72300000  7.93229000  4
5732  1  16.87050000  9.70837000  18.87390000  3
5733  1  22.37330000  1.72430000  29.91020000  4
5734  1  22.12740000  15.92690000  24.05200000  4
5735  1  27.28830000  25.78280000  10.37100000  4
5736  1  35.88150000  1.75098000  33.00070000  4
5737  1  15.63680000  11.81800000  18.59620000  4
5738  1  8.06383000  3.70373000  25.90000000  4
5739  1  20.90230000  31.07230000  33.83550000  4
5740  1  23.54940000  7.83827000  34.32810000  3
5741  1  12.06980000  36.22940000  13.27560000  4
5742  1  19.72690000  12.22900000  25.43530000  3
5743  1  35.27360000  36.94560000  25.96470000  4
5744  1  35.02980000  15.49460000  21.60090000  4
5745  1  33.46100000  8.28525000  20.96610000  3
5746  1  24.10440000  6.14228000  35.69990000  3
5747  1  9.17219000  27.17030000  21.60850000  4
5748  1  31.27830000  30.55750000  33.56810000  3
5749  1  19.97850000  27.04890000  17.48980000  3
5750  1  1.69785000  36.83470000  16.67790000  4
5751  1  5.28824000  12.11210000  3.52927000  4
5752  1  19.60490000  22.29710000  6.49859000  4
5753  1  23.71890000  14.81910000  15.09020000  4
5754  1  34.91510000  6.81658000  15.22640000  4
5755  1  11.50980000  9.72435000  2.64091000  4
5756  1  9.87456000  11.01340000  28.24690000  4
5757  1  32.68970000  32.72240000  14.10310000  4
5758  1  35.41450000  28.25120000  29.32320000  4
5759  1  1.26532000  29.78360000  2.34721000  4
5760  1  25.23260000  23.64740000  32.08610000  3
5761  1  6.17455000  8.58642000  32.93700000  4
5762  1  34.82310000  0.71335200  14.75780000  4
5763  1  15.72700000  29.26280000  31.38090000  4
5764  1  13.02630000  7.51024000  21.43300000  4
5765  1  30.24800000  10.31820000  33.87590000  4
5766  1  25.89480000  1.63854000  35.63890000  3
5767  1  17.71230000  20.52610000  21.75140000  4
5768  1  37.19300000  21.84630000  5.20826000  3
5769  1  5.58500000  11.64730000  6.76302000  4
5770  1  1.59290000  17.69850000  27.17680000  4
5771  1  6.61378000  4.39843000  13.70400000  4
5772  1  20.83850000  27.80000000  8.74078000  4
5773  1  25.93400000  25.70710000  16.21430000  4
5774  1  30.27040000  22.52930000  36.72020000  3
5775  1  11.94690000  8.10985000  12.45920000  3
5776  1  10.94790000  25.15640000  19.79040000  4
5777  1  9.57149000  1.04590000  26.54940000  4
5778  1  8.59773000  36.17900000  11.15810000  3
5779  1  23.93200000  1.62630000  0.85471400  4
5780  1  36.08990000  10.48920000  2.28482000  4
5781  1  8.89773000  2.32727000  31.74250000  4
5782  1  30.98140000  1.28724000  4.18201000  3
5783  1  26.65600000  30.97440000  32.25380000  4
5784  1  2.22444000  27.45330000  7.75943000  4
5785  1  34.91120000  24.61190000  1.16495000  4
5786  1  26.35410000  28.35760000  0.67140300  4
5787  1  25.54350000  15.36680000  1.09395000  4
5788  1  21.00770000  32.64130000  8.39281000  4
5789  1  17.34730000  12.63950000  34.01400000  4
5790  1  7.95290000  36.00040000  1.54590000  3
5791  1  27.37280000  35.15540000  1.23427000  4
5792  1  18.65120000  3.71332000  14.46050000  4
5793  1  26.04090000  24.50840000  32.96560000  4
5794  1  2.68640000  2.88971000  24.80980000  4
5795  1  6.95269000  22.07670000  7.51523000  4
5796  1  15.34270000  18.46800000  26.54260000  4
5797  1  27.04000000  30.74330000  29.87720000  4
5798  1  12.65360000  7.02355000  16.22440000  4
5799  1  34.46030000  26.72490000  33.95680000  4
5800  1  12.49440000  34.32190000  19.42550000  3
5801  1  33.44240000  36.25360000  3.13665000  4
5802  1  29.82180000  33.89610000  26.03310000  4
5803  1  7.93066000  35.53890000  33.57230000  4
5804  1  33.51980000  30.22760000  13.90760000  3
5805  1  17.61800000  6.22909000  4.92344000  4
5806  1  25.46820000  27.19970000  14.30720000  4
5807  1  12.85800000  21.35910000  12.53780000  4
5808  1  19.30430000  10.78550000  13.94830000  4
5809  1  18.16190000  35.51790000  26.30810000  3
5810  1  10.61020000  23.83680000  34.37560000  4
5811  1  34.90030000  27.15530000  3.10773000  3
5812  1  8.59691000  4.54636000  30.55010000  4
5813  1  16.15680000  28.23520000  3.54903000  4
5814  1  15.18940000  28.22620000  25.13110000  4
5815  1  13.72610000  3.55341000  26.11730000  4
5816  1  27.55460000  27.30980000  9.55658000  4
5817  1  35.99680000  18.95250000  30.64320000  4
5818  1  24.73000000  22.84330000  27.67860000  4
5819  1  6.68670000  33.46180000  29.42450000  4
5820  1  7.03364000  33.55090000  16.71340000  4
5821  1  25.32090000  19.16470000  4.37434000  4
5822  1  9.75614000  31.74700000  22.95300000  4
5823  1  21.67320000  18.59690000  17.66400000  4
5824  1  2.96942000  26.58190000  2.22780000  3
5825  1  31.13710000  6.57231000  3.09368000  4
5826  1  32.58790000  7.09686000  34.19050000  4
5827  1  13.39070000  27.11080000  0.51119700  4
5828  1  23.19100000  20.14450000  19.27040000  4
5829  1  31.45240000  25.77050000  6.09112000  4
5830  1  22.75430000  34.84440000  19.75440000  4
5831  1  18.63150000  27.78800000  31.52270000  3
5832  1  1.69466000  28.48450000  3.32370000  4
5833  1  22.95880000  5.29104000  17.06490000  4
5834  1  28.72010000  7.89120000  21.03800000  4
5835  1  27.46330000  33.49420000  8.38077000  4
5836  1  2.54086000  36.68700000  30.02890000  4
5837  1  34.34670000  29.70030000  35.64790000  3
5838  1  27.89580000  13.40860000  6.29929000  4
5839  1  7.21082000  1.42472000  4.76140000  4
5840  1  30.87700000  0.02166600  31.97040000  4
5841  1  26.23690000  7.47771000  11.69960000  4
5842  1  5.31040000  10.16510000  35.59270000  3
5843  1  10.58430000  2.65309000  18.91850000  3
5844  1  17.21950000  9.21474000  11.69590000  4
5845  1  30.33950000  6.86964000  9.34216000  4
5846  1  2.92712000  32.23440000  23.59830000  3
5847  1  1.09307000  29.88970000  26.61230000  4
5848  1  23.51310000  7.94092000  26.67800000  3
5849  1  19.51180000  12.19550000  31.93170000  4
5850  1  32.85050000  6.03913000  31.58380000  3
5851  1  8.53962000  20.57870000  15.00620000  4
5852  1  36.72130000  9.81122000  28.41230000  4
5853  1  35.31730000  35.24890000  34.25230000  4
5854  1  13.12500000  36.51040000  18.00950000  4
5855  1  37.24710000  24.89270000  33.33830000  3
5856  1  13.67560000  5.72173000  34.59840000  4
5857  1  18.48990000  3.88186000  8.33112000  4
5858  1  5.90859000  7.13750000  27.80460000  4
5859  1  22.97030000  20.63970000  7.97699000  4
5860  1  19.21250000  11.52850000  36.11800000  4
5861  1  17.13740000  17.66980000  15.79680000  4
5862  1  32.78670000  17.93220000  3.12325000  3
5863  1  20.43630000  8.36254000  32.47310000  4
5864  1  20.13390000  17.23070000  35.23440000  3
5865  1  14.65670000  0.08063410  36.36980000  4
5866  1  25.15050000  10.99400000  35.70210000  4
5867  1  34.87810000  23.06990000  9.73471000  4
5868  1  11.63320000  22.94740000  2.63902000  3
5869  1  6.73120000  29.71850000  11.61050000  4
5870  1  11.22110000  4.58315000  21.83630000  4
5871  1  6.22801000  9.50369000  1.57850000  4
5872  1  36.76780000  24.74460000  18.56230000  4
5873  1  3.97656000  35.40920000  4.40409000  3
5874  1  13.68070000  3.70289000  10.63480000  4
5875  1  23.57660000  9.48484000  3.52501000  4
5876  1  14.81850000  15.77710000  23.13030000  3
5877  1  1.85713000  27.47600000  26.68970000  4
5878  1  34.13710000  32.20460000  32.94760000  4
5879  1  24.56660000  4.28906000  12.71140000  4
5880  1  29.04820000  0.99233700  19.00890000  3
5881  1  34.10310000  14.04260000  17.11330000  3
5882  1  24.74770000  10.40640000  29.79750000  4
5883  1  0.45660100  0.23766100  3.44306000  4
5884  1  23.77650000  10.57170000  33.77880000  4
5885  1  0.31810300  25.08450000  31.91500000  4
5886  1  3.14555000  2.05701000  29.34640000  4
5887  1  33.09800000  0.24567800  3.46226000  4
5888  1  27.15560000  4.26433000  36.53340000  3
5889  1  34.89350000  0.11766000  9.67211000  3
5890  1  32.31590000  19.66630000  17.57810000  4
5891  1  24.31340000  2.41777000  19.20680000  4
5892  1  32.88280000  10.38450000  19.72120000  3
5893  1  5.89088000  19.75640000  21.09020000  4
5894  1  5.10551000  33.27710000  4.78736000  3
5895  1  12.50530000  25.98090000  17.02840000  3
5896  1  35.35500000  18.01750000  16.58360000  4
5897  1  13.15890000  17.84000000  36.38080000  4
5898  1  36.14180000  30.71230000  5.17293000  3
5899  1  14.54590000  26.53320000  32.98700000  4
5900  1  29.04710000  23.35430000  3.27299000  4
5901  1  24.39480000  24.25510000  29.66340000  4
5902  1  33.14480000  21.65640000  36.91120000  4
5903  1  23.17800000  23.19520000  3.33650000  4
5904  1  34.00090000  14.87600000  24.39250000  3
5905  1  20.66960000  35.70680000  18.97740000  4
5906  1  4.85478000  22.70330000  10.25780000  4
5907  1  25.71640000  36.34220000  2.90943000  4
5908  1  33.22060000  3.76220000  13.19730000  4
5909  1  27.13190000  4.47209000  9.13074000  3
5910  1  30.42720000  18.55360000  14.66630000  4
5911  1  18.52710000  5.76776000  9.83970000  4
5912  1  4.38387000  36.34610000  18.41680000  4
5913  1  3.48618000  18.67890000  1.33573000  4
5914  1  3.32064000  15.83700000  30.59300000  3
5915  1  22.95400000  4.16033000  1.80038000  4
5916  1  35.19910000  35.07100000  10.12130000  4
5917  1  25.81750000  21.02110000  6.93515000  3
5918  1  11.39130000  15.99070000  36.76600000  4
5919  1  21.68910000  13.12900000  8.29362000  4
5920  1  29.98020000  27.83260000  7.00374000  3
5921  1  2.79692000  10.96740000  0.82903100  4
5922  1  21.48520000  19.15500000  36.02880000  3
5923  1  28.89870000  12.03980000  26.12080000  4
5924  1  36.00960000  35.45260000  15.27810000  4
5925  1  14.96520000  10.12680000  32.21930000  3
5926  1  16.56550000  23.78970000  6.43613000  4
5927  1  9.81652000  33.04450000  14.33750000  4
5928  1  18.46770000  16.96000000  23.44700000  3
5929  1  24.02360000  5.54712000  24.67220000  4
5930  1  30.47180000  32.77000000  11.12380000  4
5931  1  28.98750000  10.79820000  25.04300000  4
5932  1  9.20865000  15.57570000  9.12894000  3
5933  1  9.81513000  8.58632000  15.52230000  3
5934  1  35.00050000  20.81300000  26.69990000  4
5935  1  0.41999500  33.10020000  7.79259000  4
5936  1  0.81570500  6.70541000  29.57810000  4
5937  1  27.67840000  14.69530000  11.78280000  3
5938  1  7.35153000  1.68298000  12.59390000  3
5939  1  32.05350000  29.58410000  35.83740000  4
5940  1  12.39010000  4.71534000  5.97161000  4
5941  1  19.03940000  0.47589200  14.70450000  3
5942  1  20.37800000  17.81970000  8.83059000  4
5943  1  7.83049000  9.69155000  29.81860000  3
5944  1  7.15106000  0.89321300  30.80460000  4
5945  1  15.20740000  12.40220000  3.89326000  4
5946  1  14.75700000  0.86952800  18.29910000  4
5947  1  23.03400000  1.06954000  35.87180000  3
5948  1  25.06950000  19.55680000  1.78490000  4
5949  1  9.08446000  25.19890000  14.04830000  4
5950  1  2.87986000  22.19690000  15.70170000  3
5951  1  7.01474000  13.85320000  9.60399000  3
5952  1  17.82400000  5.11737000  0.36019500  4
5953  1  36.80700000  33.72200000  1.52270000  4
5954  1  14.29260000  15.04760000  2.57099000  4
5955  1  10.93190000  37.03660000  19.17920000  3
5956  1  3.23288000  30.37720000  34.51530000  4
5957  1  4.42281000  27.28150000  29.54910000  4
5958  1  32.71890000  25.49640000  29.66020000  4
5959  1  24.09070000  32.60850000  6.05622000  4
5960  1  11.86590000  24.86010000  28.78120000  4
5961  1  0.01102810  6.03602000  30.87040000  3
5962  1  33.03220000  28.52130000  15.49240000  4
5963  1  21.74510000  20.90620000  7.09744000  4
5964  1  33.35710000  22.23240000  17.77960000  4
5965  1  3.58896000  1.04048000  14.05480000  4
5966  1  27.37220000  8.67809000  6.05840000  3
5967  1  1.75772000  31.38600000  18.16230000  4
5968  1  8.59338000  9.20803000  21.18900000  3
5969  1  20.95380000  30.00960000  2.52012000  4
5970  1  3.84950000  10.81530000  2.04406000  4
5971  1  19.09880000  9.85681000  0.25102800  4
5972  1  3.03056000  26.72570000  6.50101000  4
5973  1  14.83480000  8.60735000  17.65820000  3
5974  1  20.73430000  13.11520000  22.81960000  4
5975  1  21.05480000  35.20160000  21.54300000  4
5976  1  25.61660000  8.60162000  27.73500000  3
5977  1  5.76933000  5.86382000  26.91600000  4
5978  1  10.67510000  19.80470000  5.43863000  3
5979  1  4.59556000  1.45107000  3.85598000  4
5980  1  32.05840000  18.84800000  6.52580000  3
5981  1  2.67830000  2.24131000  22.19490000  3
5982  1  16.87310000  22.41470000  14.38060000  4
5983  1  7.78609000  36.64590000  36.58030000  3
5984  1  35.48700000  30.20690000  18.92680000  4
5985  1  30.81870000  1.07026000  29.91250000  4
5986  1  8.99155000  21.04130000  0.46733300  3
5987  1  29.55210000  3.97080000  3.86329000  4
5988  1  5.30253000  17.01500000  14.17310000  4
5989  1  34.67970000  8.53628000  10.52810000  4
5990  1  15.91360000  4.60627000  24.45160000  4
5991  1  30.45890000  17.66250000  29.04180000  3
5992  1  11.61420000  15.99700000  35.26300000  4
5993  1  8.40766000  10.57710000  4.62642000  4
5994  1  5.18299000  23.06150000  33.01480000  3
5995  1  35.30750000  5.55545000  8.31343000  4
5996  1  31.92070000  2.49986000  0.46104000  4
5997  1  21.90440000  30.99470000  5.18981000  4
5998  1  8.96084000  17.03950000  21.76120000  4
5999  1  27.08880000  6.77070000  8.01299000  4
6000  1  25.74980000  24.10550000  20.43010000  4
6001  1  12.35180000  27.04400000  30.24690000  4
6002  1  5.83747000  14.75170000  25.96000000  4
6003  1  12.77790000  31.05460000  6.88347000  4
6004  1  8.80209000  14.36990000  1.36459000  4
6005  1  28.43190000  16.08600000  30.63690000  3
6006  1  11.11160000  2.02695000  1.83273000  3
6007  1  6.30327000  12.31170000  21.80060000  4
6008  1  32.27320000  10.11200000  24.61330000  3
6009  1  31.11900000  4.45956000  10.21610000  4
6010  1  20.31030000  33.23820000  15.41540000  4
6011  1  5.54995000  6.11994000  9.08659000  4
6012  1  20.51450000  13.80300000  0.53278200  4
6013  1  34.71000000  28.33060000  24.78670000  4
6014  1  20.82890000  7.21941000  36.71810000  4
6015  1  9.39632000  16.08810000  27.15470000  4
6016  1  11.65040000  2.51424000  20.00660000  4
6017  1  7.05469000  14.87010000  32.81000000  4
6018  1  9.16370000  17.83700000  37.20190000  4
6019  1  31.83090000  27.42460000  11.09970000  4
6020  1  32.60420000  1.98308000  20.50570000  4
6021  1  19.86880000  14.44190000  27.75990000  3
6022  1  5.50364000  21.87210000  19.64430000  4
6023  1  7.10076000  26.65620000  14.16260000  4
6024  1  34.52390000  5.34949000  15.46660000  4
6025  1  25.28020000  1.07214000  8.14618000  4
6026  1  28.30750000  8.88199000  33.25170000  4
6027  1  26.15020000  1.56292000  32.53650000  3
6028  1  15.03810000  21.63560000  17.80710000  3
6029  1  24.26570000  30.00400000  16.73110000  4
6030  1  16.31810000  3.35170000  32.77230000  4
6031  1  34.33380000  25.77350000  3.08560000  4
6032  1  2.82871000  16.69050000  13.32500000  4
6033  1  12.99320000  25.16610000  24.35110000  4
6034  1  10.21400000  21.81270000  31.06250000  4
6035  1  24.73850000  12.49950000  32.30820000  4
6036  1  10.80290000  14.01470000  28.74400000  3
6037  1  5.39731000  7.78304000  14.22810000  3
6038  1  10.35980000  4.35570000  1.11038000  4
6039  1  25.19850000  25.55870000  12.63020000  4
6040  1  13.01700000  29.04400000  1.66885000  3
6041  1  33.09180000  1.94883000  37.07810000  4
6042  1  32.08930000  33.20730000  0.68731600  4
6043  1  0.47918600  17.04630000  24.41200000  3
6044  1  24.04360000  8.68355000  19.63960000  4
6045  1  3.35638000  31.22000000  13.71340000  4
6046  1  31.48520000  17.71140000  9.71728000  4
6047  1  28.47520000  8.00006000  28.52490000  4
6048  1  0.02239580  12.53930000  25.69900000  4
6049  1  13.86410000  30.78830000  0.39963700  3
6050  1  13.56730000  22.57330000  6.11306000  4
6051  1  25.92300000  19.42280000  19.32450000  3
6052  1  13.13850000  34.97310000  18.29780000  3
6053  1  35.59360000  0.48984900  37.29900000  4
6054  1  13.25940000  1.75076000  3.05640000  4
6055  1  17.34930000  11.64460000  29.88000000  4
6056  1  31.84240000  22.79800000  27.03350000  4
6057  1  29.55550000  3.71755000  33.20700000  4
6058  1  21.38340000  36.16940000  12.84580000  4
6059  1  32.47650000  5.36043000  23.00140000  4
6060  1  3.31521000  27.73040000  28.67810000  4
6061  1  21.29890000  19.50040000  11.98530000  4
6062  1  7.17185000  18.80790000  21.13920000  4
6063  1  31.48520000  25.00290000  14.13970000  4
6064  1  12.70360000  34.25910000  14.28370000  4
6065  1  29.22500000  25.36730000  31.11500000  4
6066  1  25.96020000  33.12390000  29.66580000  4
6067  1  0.49507400  4.76946000  33.53240000  4
6068  1  19.57850000  36.05080000  34.58740000  3
6069  1  22.31370000  17.38640000  23.60660000  4
6070  1  6.43776000  18.04400000  13.97660000  4
6071  1  28.70350000  18.92080000  7.46569000  4
6072  1  11.55700000  19.15810000  28.83020000  4
6073  1  11.95880000  14.23400000  10.40700000  4
6074  1  2.61779000  23.27210000  32.18640000  3
6075  1  6.31615000  6.36742000  35.44960000  4
6076  1  26.99180000  11.89380000  21.97530000  3
6077  1  10.69600000  25.13000000  35.21270000  3
6078  1  30.20230000  29.30670000  29.83570000  4
6079  1  29.67430000  24.39160000  12.37800000  4
6080  1  9.72978000  0.74351800  24.27790000  3
6081  1  13.71060000  9.47372000  19.74310000  3
6082  1  19.97400000  31.27100000  22.50450000  4
6083  1  27.56990000  23.02020000  14.65800000  4
6084  1  5.82325000  12.44160000  25.19240000  4
6085  1  24.16110000  16.16140000  0.85080500  3
6086  1  20.93180000  26.94030000  22.51950000  4
6087  1  2.62949000  36.27800000  28.59690000  4
6088  1  29.03450000  23.57110000  8.09939000  4
6089  1  12.72870000  6.53491000  19.15830000  4
6090  1  17.36400000  27.07730000  25.63680000  4
6091  1  29.94950000  3.68296000  13.60290000  4
6092  1  10.80740000  15.62500000  32.52360000  4
6093  1  32.53610000  26.65260000  37.00720000  4
6094  1  36.10100000  29.66860000  17.49710000  4
6095  1  11.83700000  31.42380000  11.27230000  3
6096  1  9.04269000  17.44390000  12.83530000  4
6097  1  18.59550000  31.32570000  29.09900000  4
6098  1  5.27460000  14.94950000  0.60702300  4
6099  1  11.05480000  12.88760000  22.45560000  3
6100  1  2.44149000  32.36880000  14.07690000  4
6101  1  32.53640000  11.67190000  20.26250000  3
6102  1  31.80730000  36.42730000  5.09261000  4
6103  1  2.63343000  24.94720000  20.57700000  4
6104  1  34.10090000  6.55118000  26.02270000  3
6105  1  12.64860000  11.80220000  0.87139400  4
6106  1  30.93120000  37.39760000  9.60138000  4
6107  1  11.46890000  37.11900000  25.71790000  4
6108  1  1.35579000  16.56150000  5.06541000  3
6109  1  18.73560000  11.14550000  17.46190000  4
6110  1  11.58540000  27.82120000  32.58420000  4
6111  1  2.74152000  5.83589000  8.32235000  4
6112  1  13.17130000  9.87159000  30.98380000  3
6113  1  16.10350000  6.78537000  11.89740000  3
6114  1  36.74270000  29.83390000  24.52080000  3
6115  1  11.05560000  36.73900000  37.22830000  3
6116  1  26.61220000  30.24490000  12.52480000  4
6117  1  36.67180000  15.19920000  10.12480000  4
6118  1  33.69660000  12.73970000  8.26476000  3
6119  1  22.54460000  32.39810000  23.94040000  4
6120  1  32.31370000  34.16270000  32.22690000  4
6121  1  23.88580000  20.50080000  27.13750000  4
6122  1  27.90180000  31.13780000  12.52690000  3
6123  1  20.23250000  14.23450000  15.85620000  4
6124  1  19.99340000  14.99830000  13.39410000  4
6125  1  22.72240000  3.94067000  19.98850000  4
6126  1  36.16110000  14.19930000  4.25886000  4
6127  1  5.14745000  0.54862300  6.05019000  4
6128  1  3.79514000  23.31990000  5.30337000  3
6129  1  33.16910000  30.64980000  10.75010000  4
6130  1  2.77536000  0.42191700  12.89280000  4
6131  1  26.95870000  15.17930000  15.61620000  3
6132  1  24.56690000  18.58130000  0.63753200  4
6133  1  34.43010000  20.83960000  11.01030000  4
6134  1  12.11890000  2.36109000  34.37080000  4
6135  1  15.32600000  20.75820000  34.37400000  3
6136  1  0.53594100  13.37610000  34.45640000  4
6137  1  34.68500000  0.40903300  20.65730000  4
6138  1  1.61874000  11.19430000  22.41430000  3
6139  1  28.16930000  9.20014000  21.90230000  4
6140  1  12.13670000  34.90860000  6.16402000  4
6141  1  23.86000000  35.27640000  25.94600000  4
6142  1  28.33630000  33.80220000  36.85120000  4
6143  1  30.88810000  22.89330000  35.33140000  3
6144  1  6.56199000  14.58360000  27.24190000  3
6145  1  3.84707000  20.09640000  6.66065000  4
6146  1  14.06590000  20.61860000  23.76840000  4
6147  1  10.45030000  20.92230000  24.61890000  4
6148  1  0.47351600  34.05820000  30.45690000  4
6149  1  1.63278000  26.30450000  30.23430000  3
6150  1  6.66408000  12.39050000  33.40950000  4
6151  1  25.27840000  2.56829000  21.67310000  4
6152  1  1.26627000  3.31711000  24.94310000  4
6153  1  28.60370000  3.74617000  14.18010000  3
6154  1  16.30860000  21.07020000  12.60180000  4
6155  1  5.33311000  15.89940000  7.93719000  3
6156  1  19.46040000  2.19265000  16.38620000  4
6157  1  8.29641000  8.21634000  5.10750000  4
6158  1  12.46360000  8.19031000  7.67662000  3
6159  1  22.38620000  25.67600000  1.02990000  3
6160  1  31.56420000  11.81180000  3.86062000  4
6161  1  0.69375700  3.93575000  32.33790000  4
6162  1  27.73160000  13.87540000  17.61830000  3
6163  1  33.99170000  6.31670000  18.10580000  3
6164  1  11.96280000  15.06990000  18.47720000  3
6165  1  3.98896000  11.13290000  15.65220000  4
6166  1  37.36770000  2.03439000  30.94770000  4
6167  1  31.17910000  20.44710000  18.28650000  4
6168  1  7.13613000  31.31350000  20.86870000  4
6169  1  17.32440000  19.01170000  16.68530000  4
6170  1  4.69256000  3.69221000  0.80325700  4
6171  1  27.49700000  6.96084000  31.11160000  4
6172  1  33.33700000  31.28100000  21.98110000  3
6173  1  1.39252000  18.80220000  26.08140000  4
6174  1  24.51380000  26.09090000  16.98860000  4
6175  1  0.52931400  17.49810000  31.65570000  4
6176  1  17.61450000  36.62700000  8.05256000  4
6177  1  28.89050000  5.26810000  7.34583000  4
6178  1  32.24450000  29.64290000  23.35160000  4
6179  1  18.15300000  21.61880000  6.59791000  4
6180  1  15.25380000  4.15883000  30.76240000  3
6181  1  11.45280000  0.22519200  30.12670000  4
6182  1  24.02910000  31.21390000  4.05098000  3
6183  1  14.58020000  22.35880000  8.01200000  3
6184  1  16.71780000  24.20970000  19.71010000  4
6185  1  16.12700000  32.84160000  24.51650000  3
6186  1  4.08169000  29.74790000  8.59416000  4
6187  1  22.84890000  32.47210000  33.05050000  4
6188  1  4.02742000  34.57770000  8.20555000  3
6189  1  19.80480000  29.24260000  3.23242000  4
6190  1  9.80615000  33.17330000  22.55610000  4
6191  1  19.44090000  20.46450000  8.97797000  4
6192  1  7.55395000  24.28300000  20.62450000  4
6193  1  33.47960000  32.60180000  19.38180000  3
6194  1  20.85300000  23.35720000  27.74990000  3
6195  1  32.62240000  4.11521000  11.85390000  4
6196  1  26.38100000  3.16786000  7.06734000  4
6197  1  25.01850000  29.58640000  31.11950000  4
6198  1  6.92645000  7.56165000  3.11805000  4
6199  1  5.32600000  11.05040000  17.90990000  3
6200  1  16.02280000  2.18338000  23.43580000  3
6201  1  14.21550000  27.74400000  32.27910000  4
6202  1  0.72186300  24.61390000  34.37480000  3
6203  1  20.30870000  4.86438000  0.42255900  4
6204  1  37.22880000  10.68230000  36.76700000  4
6205  1  31.39160000  7.47429000  10.57030000  4
6206  1  25.10850000  3.17731000  9.53498000  3
6207  1  16.56310000  5.46298000  34.82450000  3
6208  1  20.34420000  24.66740000  1.64166000  4
6209  1  30.68810000  32.33910000  31.65470000  4
6210  1  5.98715000  3.64227000  8.94078000  4
6211  1  14.14650000  31.56280000  7.24295000  3
6212  1  29.30790000  4.42483000  35.59860000  4
6213  1  3.72414000  8.17835000  26.29310000  4
6214  1  23.50940000  30.53660000  23.06100000  3
6215  1  26.32770000  25.25620000  18.54670000  4
6216  1  31.32000000  22.08650000  3.13417000  4
6217  1  3.20033000  25.13580000  25.89530000  4
6218  1  32.05270000  36.55390000  9.12166000  4
6219  1  9.52644000  7.96488000  12.28170000  4
6220  1  1.53099000  27.16010000  37.22700000  3
6221  1  11.66590000  3.48251000  29.38970000  4
6222  1  35.46630000  0.86342000  21.82150000  4
6223  1  24.97530000  20.95960000  24.84070000  3
6224  1  19.44250000  10.82960000  8.86532000  4
6225  1  8.42759000  25.94000000  27.76390000  4
6226  1  0.63920800  15.18390000  30.73050000  3
6227  1  29.73540000  13.46260000  30.17030000  3
6228  1  23.19540000  15.22830000  23.29920000  4
6229  1  13.98910000  18.99880000  15.38400000  3
6230  1  16.10260000  3.70416000  25.77500000  4
6231  1  25.79320000  21.58560000  25.85510000  4
6232  1  36.58250000  17.91380000  6.69287000  3
6233  1  24.19320000  34.64250000  19.27570000  4
6234  1  28.59450000  18.53570000  1.53226000  3
6235  1  27.19970000  8.74464000  11.69480000  4
6236  1  26.88670000  1.36156000  0.43912600  4
6237  1  8.80041000  4.24585000  17.29060000  4
6238  1  18.68560000  36.48100000  17.06050000  4
6239  1  4.92823000  11.71670000  24.15820000  4
6240  1  8.20929000  30.28380000  34.49330000  4
6241  1  17.06030000  29.02830000  20.21340000  3
6242  1  31.77580000  1.67275000  7.88910000  4
6243  1  25.70030000  30.93040000  25.06580000  4
6244  1  23.18360000  35.86410000  32.39470000  4
6245  1  11.45770000  21.67540000  28.10860000  4
6246  1  17.76070000  19.09310000  14.06200000  3
6247  1  29.83720000  28.97780000  10.70890000  4
6248  1  23.30620000  25.66180000  36.15360000  4
6249  1  9.31041000  33.56830000  5.56594000  3
6250  1  20.66340000  33.20730000  28.98450000  4
6251  1  20.79690000  11.30070000  0.52201600  4
6252  1  13.41940000  20.00250000  0.94038800  4
6253  1  19.63320000  25.82340000  30.43320000  4
6254  1  36.34790000  16.23490000  5.31707000  4
6255  1  7.34101000  19.35570000  11.80500000  4
6256  1  26.86960000  35.68650000  9.16226000  3
6257  1  33.20590000  33.98090000  8.78420000  3
6258  1  17.17510000  14.73030000  8.78960000  4
6259  1  36.76900000  19.57250000  12.39960000  4
6260  1  35.57330000  4.69374000  16.49480000  4
6261  1  18.28240000  4.31804000  26.06280000  4
6262  1  25.15440000  17.90920000  26.76920000  3
6263  1  21.22510000  2.60278000  32.06600000  4
6264  1  14.64190000  28.02910000  9.85289000  3
6265  1  10.09290000  28.70950000  34.85470000  4
6266  1  33.29080000  3.75197000  8.07614000  4
6267  1  29.87700000  22.50090000  28.50540000  4
6268  1  9.32176000  7.03997000  20.60430000  4
6269  1  14.68310000  15.10250000  20.21920000  4
6270  1  26.52790000  11.86780000  23.36790000  4
6271  1  26.60320000  32.71150000  1.80916000  4
6272  1  17.16240000  4.83527000  12.98080000  4
6273  1  9.62619000  5.22145000  6.34816000  4
6274  1  11.01050000  15.49310000  28.89830000  4
6275  1  30.35430000  8.82460000  24.60810000  4
6276  1  8.05589000  24.82770000  25.55440000  4
6277  1  6.52015000  13.13260000  27.52390000  4
6278  1  17.86790000  34.49340000  33.30230000  4
6279  1  9.30873000  4.51118000  31.93850000  4
6280  1  30.26010000  2.23666000  13.15070000  4
6281  1  25.39270000  2.07342000  7.02952000  3
6282  1  26.70450000  14.51230000  12.98200000  4
6283  1  5.58292000  9.24789000  28.89600000  4
6284  1  16.23110000  30.18420000  6.85477000  4
6285  1  6.17252000  29.07120000  24.92400000  4
6286  1  13.72220000  26.62160000  29.90130000  3
6287  1  9.48490000  28.21690000  18.13360000  4
6288  1  11.87980000  4.85226000  13.80670000  4
6289  1  0.11364300  6.46069000  25.20810000  4
6290  1  23.03750000  16.80270000  27.34320000  3
6291  1  15.67540000  22.43800000  23.67750000  4
6292  1  19.54130000  13.96370000  11.25320000  4
6293  1  5.28468000  30.42920000  27.45710000  3
6294  1  28.55850000  18.67290000  25.39440000  4
6295  1  8.08770000  31.47710000  16.71160000  4
6296  1  25.63110000  37.01360000  7.75655000  4
6297  1  15.93030000  37.17570000  33.31910000  4
6298  1  28.67670000  26.65520000  31.85030000  4
6299  1  3.66405000  24.99740000  28.47190000  4
6300  1  32.13780000  26.36340000  34.75200000  4
6301  1  3.25718000  34.47890000  36.85300000  4
6302  1  11.75390000  20.95810000  7.09796000  4
6303  1  10.54880000  31.80910000  3.84652000  4
6304  1  1.61578000  23.04730000  5.81142000  4
6305  1  31.12260000  29.26040000  16.92720000  4
6306  1  11.70420000  7.19025000  24.29090000  4
6307  1  30.12960000  1.32867000  23.82270000  4
6308  1  31.36310000  23.26770000  8.46709000  4
6309  1  26.77990000  19.00660000  4.28762000  3
6310  1  31.62560000  10.44910000  13.35630000  4
6311  1  28.49190000  21.11960000  35.63400000  4
6312  1  29.24190000  12.80460000  2.86086000  4
6313  1  3.64098000  15.96040000  4.73679000  4
6314  1  28.37500000  22.97450000  32.27080000  4
6315  1  1.24009000  37.09100000  18.10150000  4
6316  1  10.64700000  19.60060000  4.08777000  4
6317  1  3.95088000  12.06520000  2.78861000  3
6318  1  19.61770000  27.74510000  25.21920000  4
6319  1  6.32992000  22.88080000  12.43660000  4
6320  1  34.69510000  13.21930000  35.62210000  4
6321  1  17.85660000  15.40800000  29.97800000  4
6322  1  12.85530000  4.14862000  36.70270000  3
6323  1  7.81740000  28.95310000  3.46831000  4
6324  1  26.36590000  13.78470000  3.68416000  4
6325  1  32.39850000  19.41700000  13.03100000  3
6326  1  19.76740000  1.92526000  29.24910000  4
6327  1  24.24530000  1.56998000  11.14460000  4
6328  1  1.45721000  9.56220000  8.12931000  4
6329  1  15.00870000  6.36422000  20.54900000  4
6330  1  12.07580000  31.92550000  13.78380000  4
6331  1  7.45459000  10.66500000  26.76460000  3
6332  1  22.63540000  3.38700000  35.27780000  3
6333  1  2.23796000  34.51050000  21.60780000  4
6334  1  32.32310000  29.52030000  14.39180000  4
6335  1  26.69270000  16.98370000  23.71610000  4
6336  1  34.43260000  20.43890000  13.83350000  3
6337  1  34.08010000  29.75110000  19.03910000  4
6338  1  13.80600000  37.15250000  27.23010000  4
6339  1  1.05516000  29.78590000  7.08987000  4
6340  1  1.76248000  8.09188000  10.20990000  4
6341  1  10.29080000  4.62609000  17.52000000  4
6342  1  34.65870000  4.35157000  12.81850000  4
6343  1  37.32890000  13.58520000  5.01409000  3
6344  1  14.79740000  29.80400000  15.20400000  4
6345  1  9.45006000  12.74500000  24.35560000  3
6346  1  22.97890000  13.10530000  26.88500000  3
6347  1  35.47240000  20.07580000  14.74030000  4
6348  1  29.06040000  20.16580000  33.52810000  4
6349  1  34.34710000  16.21450000  1.86498000  4
6350  1  13.55620000  23.44670000  31.29810000  4
6351  1  14.27600000  14.68830000  6.34384000  4
6352  1  13.65870000  4.38668000  28.37520000  4
6353  1  18.84910000  12.91520000  4.52652000  4
6354  1  17.12480000  5.70918000  31.40970000  4
6355  1  12.51940000  29.75070000  26.62280000  4
6356  1  6.25850000  5.47213000  14.66020000  4
6357  1  11.27700000  11.56270000  20.20660000  4
6358  1  35.41330000  24.21470000  18.08540000  4
6359  1  32.72510000  19.39690000  3.14140000  4
6360  1  25.70440000  37.10930000  26.63870000  4
6361  1  11.25670000  35.98520000  23.28270000  4
6362  1  19.39260000  6.29921000  24.98000000  4
6363  1  16.52870000  20.08590000  24.24420000  4
6364  1  14.97400000  11.64830000  27.50250000  4
6365  1  10.14320000  6.16763000  15.26120000  4
6366  1  5.29399000  31.94150000  11.52580000  3
6367  1  6.67659000  35.58400000  4.57636000  4
6368  1  11.38430000  0.96900400  4.24179000  4
6369  1  5.26481000  8.46920000  20.26910000  3
6370  1  35.76990000  7.66303000  22.62060000  3
6371  1  30.80680000  13.42610000  8.62482000  4
6372  1  29.56190000  37.30590000  13.14400000  3
6373  1  15.18680000  21.19960000  26.04530000  4
6374  1  23.74170000  34.22900000  29.52240000  4
6375  1  33.46410000  22.38070000  9.39868000  4
6376  1  3.50209000  18.69480000  20.24040000  4
6377  1  7.13765000  1.07151000  18.67200000  3
6378  1  0.40974800  30.21540000  34.53610000  4
6379  1  7.24160000  9.07279000  26.89270000  4
6380  1  21.09140000  37.29150000  5.54877000  4
6381  1  34.37180000  5.35434000  6.06367000  4
6382  1  15.93900000  8.91798000  33.88490000  4
6383  1  25.41810000  31.10720000  8.67426000  4
6384  1  28.64140000  21.59280000  26.49680000  4
6385  1  21.05710000  24.38520000  5.49662000  4
6386  1  12.78030000  16.58940000  5.91569000  4
6387  1  34.80870000  31.67330000  12.93930000  3
6388  1  5.15268000  17.18450000  19.15600000  4
6389  1  4.86674000  11.78230000  16.79480000  4
6390  1  14.76710000  12.29790000  12.55900000  4
6391  1  15.34680000  25.20890000  17.11640000  4
6392  1  6.32720000  12.81180000  1.52638000  3
6393  1  13.68080000  12.97210000  20.35840000  4
6394  1  17.60440000  36.37610000  31.53560000  4
6395  1  4.14110000  25.06590000  30.80060000  3
6396  1  31.07160000  1.39824000  14.16960000  4
6397  1  10.09400000  2.80666000  9.95450000  4
6398  1  18.17710000  5.26909000  24.90800000  4
6399  1  3.18190000  27.85090000  34.71180000  4
6400  1  32.58080000  17.42520000  27.22230000  4
6401  1  29.08650000  10.02830000  19.77020000  4
6402  1  9.05240000  10.90360000  17.88010000  3
6403  1  29.06060000  3.75131000  7.54154000  4
6404  1  9.85343000  7.19004000  0.82805100  4
6405  1  13.36650000  11.59990000  9.06650000  4
6406  1  5.46454000  2.01736000  26.54880000  3
6407  1  12.92860000  35.74490000  33.51490000  4
6408  1  27.55320000  29.13150000  20.92000000  4
6409  1  10.82850000  30.54670000  28.47340000  4
6410  1  18.86740000  11.61000000  27.84470000  4
6411  1  32.15160000  26.60650000  7.05819000  3
6412  1  16.63240000  5.10296000  14.38110000  4
6413  1  14.05210000  34.91230000  22.63960000  3
6414  1  22.78600000  36.46810000  37.35450000  4
6415  1  12.23990000  9.60840000  10.22470000  4
6416  1  23.71140000  19.14750000  20.28060000  4
6417  1  8.65796000  21.04820000  3.19990000  4
6418  1  2.72674000  21.33640000  12.62150000  4
6419  1  31.54650000  10.08270000  14.87840000  4
6420  1  36.17590000  27.34910000  18.22020000  4
6421  1  2.97629000  6.25189000  30.83350000  3
6422  1  6.65781000  25.30810000  23.55650000  3
6423  1  13.65950000  3.87275000  9.14466000  4
6424  1  31.42820000  10.65940000  30.40500000  4
6425  1  36.86320000  13.40520000  29.70100000  4
6426  1  21.04270000  29.91470000  1.04771000  4
6427  1  36.52270000  6.36095000  15.03360000  4
6428  1  5.10802000  16.14010000  6.56149000  3
6429  1  11.50370000  3.36145000  4.07517000  3
6430  1  18.64110000  32.37980000  19.45370000  4
6431  1  29.95830000  26.67440000  9.50420000  3
6432  1  20.89980000  8.30125000  3.84964000  4
6433  1  37.24030000  3.51817000  15.61890000  3
6434  1  4.23877000  4.44804000  15.58680000  4
6435  1  29.26720000  17.32720000  33.76770000  4
6436  1  19.80660000  19.61360000  1.66970000  4
6437  1  28.12290000  3.86624000  1.38817000  4
6438  1  25.64850000  36.10510000  27.71850000  4
6439  1  31.94560000  5.01489000  2.71058000  4
6440  1  26.53700000  15.37120000  7.34863000  4
6441  1  27.43890000  26.32100000  6.98550000  4
6442  1  29.47370000  14.06290000  8.76827000  3
6443  1  20.61610000  11.60300000  31.08560000  4
6444  1  30.29240000  15.01620000  24.10120000  3
6445  1  0.76282300  10.02450000  26.12690000  4
6446  1  25.08330000  26.13980000  23.72160000  3
6447  1  6.44914000  3.63203000  24.00330000  4
6448  1  27.00330000  18.43800000  23.67080000  4
6449  1  15.59150000  37.08840000  6.54525000  4
6450  1  6.36596000  35.07860000  11.79380000  4
6451  1  18.46810000  21.14420000  30.89220000  4
6452  1  1.33241000  2.15666000  12.64310000  4
6453  1  13.34120000  36.90980000  31.40300000  3
6454  1  33.92680000  8.27005000  4.69336000  4
6455  1  7.66743000  35.24180000  35.88290000  4
6456  1  23.77280000  3.67775000  27.36700000  4
6457  1  1.81827000  18.47740000  33.11550000  4
6458  1  17.00320000  34.28230000  36.62200000  4
6459  1  31.90400000  12.71180000  11.39090000  4
6460  1  30.98740000  18.52230000  36.22610000  4
6461  1  35.64300000  0.06672590  13.60040000  4
6462  1  0.72061400  26.02340000  14.42210000  3
6463  1  30.00250000  34.81480000  32.21110000  4
6464  1  29.31450000  13.03660000  21.93640000  4
6465  1  1.67593000  1.98805000  5.22763000  4
6466  1  30.58250000  14.00170000  4.35451000  3
6467  1  31.97830000  24.36550000  5.64521000  4
6468  1  3.26754000  24.40060000  14.43370000  4
6469  1  17.02790000  15.19360000  25.34130000  3
6470  1  3.42630000  2.51839000  17.13960000  3
6471  1  0.57990500  24.56640000  22.17150000  3
6472  1  0.94586400  28.64430000  18.52060000  3
6473  1  35.33950000  29.16850000  10.19090000  4
6474  1  32.62040000  32.23180000  4.90685000  3
6475  1  7.64576000  19.16650000  24.44740000  4
6476  1  19.07230000  32.91340000  27.16340000  3
6477  1  12.31580000  9.49995000  29.96990000  3
6478  1  20.65270000  36.36270000  15.40550000  4
6479  1  33.04150000  5.14809000  32.65530000  3
6480  1  22.25960000  19.00950000  1.17025000  4
6481  1  8.32270000  5.36139000  23.99860000  4
6482  1  6.32067000  3.83810000  7.55861000  4
6483  1  26.48020000  6.80999000  29.07300000  3
6484  1  18.67960000  15.66240000  13.39040000  3
6485  1  17.88660000  36.05610000  20.84860000  4
6486  1  2.46863000  16.42410000  10.47480000  3
6487  1  15.66890000  23.59140000  26.04390000  4
6488  1  31.26460000  9.33197000  0.46241400  4
6489  1  8.40915000  23.59800000  28.31850000  4
6490  1  33.92290000  5.52105000  35.28580000  3
6491  1  3.18932000  34.37240000  0.91785900  3
6492  1  5.07208000  35.29950000  28.24470000  4
6493  1  10.99060000  12.79180000  36.25610000  3
6494  1  0.21493300  7.07576000  18.58800000  4
6495  1  27.23710000  5.36751000  5.29267000  4
6496  1  29.10250000  2.55702000  19.27160000  4
6497  1  5.77133000  1.48585000  18.37060000  4
6498  1  22.62200000  0.93527700  2.87056000  3
6499  1  32.84850000  17.03100000  12.53270000  4
6500  1  32.55220000  18.96170000  26.80850000  4
6501  1  22.96560000  12.93000000  9.27055000  4
6502  1  9.58761000  33.84110000  25.12740000  4
6503  1  30.50280000  28.75930000  28.29400000  4
6504  1  28.32970000  37.07860000  35.79720000  3
6505  1  15.03380000  15.89510000  33.54920000  4
6506  1  32.10740000  7.18849000  31.93210000  3
6507  1  19.09960000  12.37200000  2.13860000  3
6508  1  20.13350000  20.44310000  26.57220000  4
6509  1  13.75280000  22.14580000  32.00590000  4
6510  1  26.41480000  20.11330000  31.11730000  3
6511  1  21.83890000  8.17023000  2.62110000  4
6512  1  9.06974000  30.71680000  30.43700000  4
6513  1  6.63692000  1.76312000  22.63720000  3
6514  1  18.06260000  22.48470000  30.32720000  4
6515  1  8.13857000  0.96853600  32.02440000  4
6516  1  30.66540000  30.22240000  10.57670000  4
6517  1  14.00660000  36.53210000  8.32019000  3
6518  1  37.36360000  30.40150000  22.25570000  3
6519  1  23.58280000  35.43710000  8.00427000  4
6520  1  19.89600000  17.48310000  3.83796000  3
6521  1  15.51230000  7.90741000  31.47860000  4
6522  1  26.26870000  29.72650000  5.29370000  3
6523  1  11.77460000  1.95047000  26.51790000  4
6524  1  10.57080000  4.14428000  9.36747000  3
6525  1  11.78790000  30.88800000  22.70680000  4
6526  1  27.30150000  20.64660000  15.26610000  4
6527  1  8.24185000  15.16490000  13.65800000  3
6528  1  36.48920000  4.05735000  27.97600000  4
6529  1  28.05300000  9.82167000  35.60400000  3
6530  1  10.50560000  2.43153000  29.56000000  4
6531  1  20.28220000  3.12851000  27.10930000  4
6532  1  9.42803000  29.33990000  17.08250000  4
6533  1  7.48366000  15.00510000  21.32530000  4
6534  1  37.12980000  32.52110000  6.74422000  3
6535  1  0.26647800  15.34570000  8.75805000  4
6536  1  7.15198000  20.08300000  5.51194000  4
6537  1  31.47620000  37.06790000  26.43730000  4
6538  1  26.28090000  26.62810000  12.25650000  4
6539  1  36.20370000  33.32460000  11.68860000  3
6540  1  2.39270000  8.58802000  8.83335000  4
6541  1  16.28870000  17.36260000  26.33230000  3
6542  1  32.08730000  33.65900000  23.15790000  4
6543  1  4.36876000  20.19630000  17.57240000  4
6544  1  9.22771000  34.08930000  23.67870000  4
6545  1  34.55310000  5.10220000  18.75270000  4
6546  1  16.95790000  5.51466000  9.53758000  4
6547  1  14.41960000  6.29108000  1.96664000  4
6548  1  32.77020000  15.92200000  1.70053000  4
6549  1  27.17890000  28.95260000  17.34030000  3
6550  1  22.88900000  30.59920000  35.24240000  4
6551  1  12.05190000  19.14760000  11.04690000  4
6552  1  15.48730000  30.33190000  9.51574000  4
6553  1  1.86813000  21.29800000  36.36080000  4
6554  1  28.02130000  17.22440000  25.90140000  4
6555  1  37.11530000  34.37670000  4.12349000  4
6556  1  21.89150000  15.70330000  25.52030000  4
6557  1  32.79020000  27.61250000  19.02050000  4
6558  1  3.85177000  24.05440000  20.39790000  3
6559  1  12.17800000  9.71770000  21.71680000  3
6560  1  6.54056000  2.29706000  27.54490000  4
6561  1  14.06600000  32.19760000  4.44762000  3
6562  1  36.33260000  11.68020000  1.39610000  4
6563  1  24.56030000  20.43060000  4.94862000  4
6564  1  20.89500000  36.05270000  34.18960000  3
6565  1  31.95500000  1.29755000  34.82660000  4
6566  1  29.89570000  1.94668000  28.99300000  4
6567  1  8.53990000  18.83510000  8.39249000  4
6568  1  29.91310000  24.71790000  37.13550000  3
6569  1  32.02020000  7.80917000  23.16290000  4
6570  1  1.51439000  3.02765000  34.92390000  4
6571  1  27.63820000  34.75590000  28.56180000  4
6572  1  14.52800000  28.03840000  35.81830000  4
6573  1  32.47040000  7.13944000  28.00120000  3
6574  1  34.09250000  20.76440000  34.64830000  4
6575  1  0.45703700  12.10060000  29.50550000  4
6576  1  22.84330000  32.84380000  2.25510000  3
6577  1  34.61350000  4.52010000  7.32267000  4
6578  1  18.02480000  23.68310000  8.50202000  3
6579  1  15.47050000  20.96000000  23.42310000  4
6580  1  24.11680000  8.42973000  31.32160000  4
6581  1  11.55320000  24.88900000  13.92340000  3
6582  1  22.32390000  7.52980000  5.93361000  3
6583  1  32.61540000  19.54310000  21.51630000  4
6584  1  33.09430000  21.40080000  10.66830000  4
6585  1  37.02080000  29.28460000  14.55650000  4
6586  1  22.33280000  23.87510000  14.95130000  4
6587  1  33.96620000  21.30270000  22.62690000  4
6588  1  10.14180000  10.02270000  33.00250000  4
6589  1  21.91910000  36.52040000  26.93970000  4
6590  1  1.32853000  6.26842000  11.92320000  4
6591  1  14.57930000  15.57310000  26.69340000  4
6592  1  1.39670000  23.06750000  11.31950000  4
6593  1  31.94860000  26.35890000  25.70620000  4
6594  1  14.68480000  14.29040000  36.71410000  4
6595  1  23.44660000  14.40610000  27.47050000  4
6596  1  36.04450000  28.73770000  26.46050000  3
6597  1  4.85420000  17.48000000  28.95090000  4
6598  1  21.56290000  2.69058000  33.56290000  4
6599  1  17.89540000  4.64909000  27.47260000  4
6600  1  16.71630000  23.01540000  35.66900000  4
6601  1  30.68550000  17.37400000  5.19182000  3
6602  1  6.24070000  23.66250000  21.59470000  4
6603  1  6.76328000  35.86460000  26.18950000  4
6604  1  6.63855000  12.82610000  19.18270000  3
6605  1  4.75228000  18.26530000  5.17149000  3
6606  1  31.49000000  30.77080000  24.20400000  3
6607  1  19.70510000  12.50470000  0.83858200  4
6608  1  30.47780000  1.22657000  8.65525000  4
6609  1  0.19851600  34.18850000  33.08430000  4
6610  1  33.90050000  26.40630000  17.08470000  4
6611  1  16.29630000  13.69350000  28.21200000  4
6612  1  12.70660000  17.39750000  18.33200000  4
6613  1  31.82960000  0.23234600  29.26000000  3
6614  1  22.59060000  9.46255000  29.47620000  4
6615  1  2.06209000  34.59810000  13.92070000  4
6616  1  2.92947000  35.52200000  30.78750000  4
6617  1  19.55480000  21.36350000  28.81030000  4
6618  1  30.97020000  11.55370000  20.53470000  4
6619  1  30.49070000  2.52531000  37.18950000  4
6620  1  3.39089000  7.40808000  28.78080000  4
6621  1  4.32732000  1.59850000  16.35760000  4
6622  1  32.50360000  20.95010000  22.15130000  4
6623  1  26.21430000  6.11028000  0.06525870  3
6624  1  24.90190000  30.07800000  22.99870000  4
6625  1  33.90510000  22.41850000  23.68570000  3
6626  1  4.68722000  14.49860000  35.62240000  3
6627  1  28.15960000  3.48921000  37.33590000  4
6628  1  2.47570000  32.04460000  4.11042000  4
6629  1  7.00538000  19.02170000  4.17252000  4
6630  1  13.56030000  16.20100000  28.99960000  4
6631  1  7.07545000  4.89364000  12.51820000  3
6632  1  0.33906000  8.21740000  10.15010000  3
6633  1  9.74405000  4.92420000  22.21550000  4
6634  1  13.22480000  29.99250000  15.09010000  4
6635  1  28.86430000  5.24007000  3.30904000  4
6636  1  36.36740000  11.63420000  35.94250000  4
6637  1  17.06850000  26.59870000  7.93166000  4
6638  1  29.65310000  30.77200000  29.78950000  4
6639  1  33.64420000  30.23540000  22.95380000  4
6640  1  31.67900000  14.71740000  15.72410000  3
6641  1  13.37190000  4.89043000  11.59410000  4
6642  1  5.47463000  8.43426000  8.90689000  3
6643  1  31.96940000  28.51850000  0.93660000  4
6644  1  36.10590000  23.41460000  20.41630000  4
6645  1  25.37930000  14.81030000  17.43360000  4
6646  1  5.53377000  20.73110000  28.05430000  4
6647  1  27.00530000  2.44161000  23.56020000  4
6648  1  27.96700000  25.80390000  26.02080000  4
6649  1  14.37330000  34.92740000  35.63960000  4
6650  1  35.72870000  21.49030000  31.23150000  4
6651  1  30.20450000  33.80260000  14.16120000  4
6652  1  28.17680000  17.39670000  20.62210000  3
6653  1  19.81470000  3.39623000  24.51990000  4
6654  1  0.99131900  14.58920000  35.24830000  4
6655  1  13.52530000  11.04990000  1.99042000  4
6656  1  35.22350000  21.72960000  11.92790000  4
6657  1  24.84460000  9.88895000  31.42340000  4
6658  1  26.50500000  20.84610000  27.76000000  4
6659  1  20.05780000  13.69250000  25.25690000  4
6660  1  27.91620000  18.90980000  18.22020000  3
6661  1  7.96419000  17.09920000  1.75465000  4
6662  1  6.13188000  32.80990000  9.29866000  4
6663  1  29.32460000  18.64750000  29.07730000  4
6664  1  21.49300000  0.83057900  10.14490000  4
6665  1  11.23820000  12.41780000  15.11100000  4
6666  1  36.39620000  4.54251000  20.82510000  4
6667  1  8.23750000  20.76720000  18.27170000  4
6668  1  0.71065900  18.02100000  19.12220000  4
6669  1  35.21680000  13.29020000  27.47600000  3
6670  1  15.08570000  11.10880000  23.03890000  4
6671  1  19.07000000  8.65966000  19.19330000  4
6672  1  24.79990000  13.05510000  12.19870000  4
6673  1  9.99891000  34.92160000  18.60310000  4
6674  1  3.60136000  30.58320000  16.26660000  4
6675  1  27.12100000  1.63413000  34.82710000  4
6676  1  19.66010000  21.97360000  3.15685000  4
6677  1  12.17330000  28.23430000  13.20710000  4
6678  1  24.43010000  0.13834000  5.54520000  3
6679  1  35.01630000  35.29980000  12.66440000  4
6680  1  19.19350000  9.32607000  14.59770000  4
6681  1  9.54985000  7.18231000  25.75440000  4
6682  1  0.72409300  31.81480000  5.85552000  4
6683  1  1.24227000  32.64500000  0.76492200  3
6684  1  11.46360000  28.00000000  7.09263000  4
6685  1  20.86260000  37.38720000  23.04420000  4
6686  1  10.85480000  8.78973000  36.68560000  4
6687  1  2.17844000  10.29530000  25.53450000  4
6688  1  31.64530000  10.72590000  33.01770000  4
6689  1  30.78370000  31.67840000  30.23070000  4
6690  1  33.63760000  25.62010000  28.46800000  3
6691  1  24.01630000  21.46360000  0.20198700  4
6692  1  4.97513000  36.76350000  17.12120000  4
6693  1  11.92770000  9.64479000  37.24740000  4
6694  1  28.17080000  13.24520000  28.17960000  4
6695  1  0.06228040  31.82480000  31.84570000  3
6696  1  4.12111000  23.56680000  24.28360000  4
6697  1  17.60650000  16.94120000  6.71455000  3
6698  1  23.71990000  27.43690000  16.77930000  4
6699  1  5.86991000  3.06426000  18.10560000  4
6700  1  22.12270000  26.05470000  11.90440000  4
6701  1  26.04860000  36.87410000  9.27402000  4
6702  1  18.85110000  7.43087000  20.15770000  4
6703  1  33.57530000  24.86470000  12.46710000  3
6704  1  27.89380000  31.91300000  16.23490000  3
6705  1  6.08415000  24.09710000  32.96090000  3
6706  1  27.59320000  2.32706000  28.56110000  4
6707  1  20.64800000  15.59310000  23.43620000  4
6708  1  28.50140000  27.39030000  0.03056470  3
6709  1  35.95450000  29.10060000  13.36410000  4
6710  1  36.38110000  36.99490000  22.24150000  4
6711  1  28.87760000  15.29980000  32.11550000  4
6712  1  27.59550000  1.71381000  9.29470000  4
6713  1  1.85396000  7.57342000  23.20540000  4
6714  1  17.86010000  0.26583400  29.28270000  4
6715  1  29.58020000  31.95430000  1.48757000  4
6716  1  27.86290000  21.69280000  8.70572000  4
6717  1  23.48020000  31.67380000  10.94240000  3
6718  1  21.95910000  7.42879000  20.29700000  3
6719  1  31.80830000  21.96790000  21.20960000  4
6720  1  36.90630000  25.21640000  2.85489000  4
6721  1  16.62370000  33.80470000  20.46810000  4
6722  1  14.72890000  19.03550000  3.99828000  4
6723  1  7.67162000  16.11270000  0.49526500  4
6724  1  34.02520000  35.91490000  0.17176600  4
6725  1  31.49310000  9.09509000  18.19840000  3
6726  1  27.24210000  31.31240000  23.02300000  4
6727  1  15.99350000  36.08700000  25.72300000  4
6728  1  29.59180000  24.14800000  22.54780000  4
6729  1  17.15280000  30.96970000  7.84516000  4
6730  1  10.39200000  24.79990000  17.48660000  4
6731  1  13.14310000  15.30920000  30.30180000  4
6732  1  2.47059000  14.08370000  22.83650000  4
6733  1  22.27100000  9.56091000  25.17320000  4
6734  1  19.06860000  32.08390000  2.59188000  4
6735  1  26.90990000  26.75360000  16.80840000  4
6736  1  21.55330000  23.43890000  35.31710000  3
6737  1  25.02210000  21.63060000  23.57640000  4
6738  1  31.60910000  11.05100000  35.75390000  4
6739  1  33.10380000  33.36010000  24.20070000  3
6740  1  29.91090000  22.41750000  30.15270000  4
6741  1  22.70020000  12.40570000  10.72410000  4
6742  1  25.79850000  0.99529400  22.19230000  4
6743  1  22.12660000  4.79270000  15.76230000  4
6744  1  18.80070000  13.18030000  34.18460000  4
6745  1  8.10723000  28.61390000  28.32630000  4
6746  1  29.02860000  14.89350000  7.74281000  3
6747  1  2.90443000  27.96660000  16.87130000  4
6748  1  0.19790500  18.47770000  1.82964000  4
6749  1  21.46050000  0.88523600  17.02410000  4
6750  1  5.15479000  0.47757000  9.93856000  3
6751  1  1.53023000  10.36490000  14.27960000  4
6752  1  2.40274000  3.95835000  12.00760000  4
6753  1  16.04560000  21.16520000  14.05050000  4
6754  1  29.96720000  31.38360000  35.42790000  4
6755  1  9.05540000  32.06020000  1.74154000  4
6756  1  19.82150000  30.12730000  4.49772000  4
6757  1  33.47080000  20.46750000  30.85410000  4
6758  1  24.92560000  33.65820000  20.21960000  4
6759  1  20.08070000  36.33890000  7.93721000  4
6760  1  29.03200000  15.61280000  5.62850000  3
6761  1  36.99700000  20.71650000  22.23250000  4
6762  1  18.86990000  20.31840000  29.67470000  4
6763  1  2.30674000  14.27080000  6.34030000  4
6764  1  25.98920000  22.69010000  10.28330000  4
6765  1  25.95360000  28.86830000  20.92980000  4
6766  1  28.34700000  1.96468000  3.06612000  3
6767  1  8.94002000  6.46920000  18.24360000  4
6768  1  4.52503000  8.68140000  14.97430000  4
6769  1  5.02646000  4.39352000  10.94680000  3
6770  1  14.83820000  28.54440000  6.10796000  4
6771  1  34.70260000  17.76430000  19.85910000  4
6772  1  20.02940000  36.42610000  17.81250000  4
6773  1  12.46630000  2.99047000  32.93790000  4
6774  1  32.79450000  30.24090000  3.72606000  4
6775  1  8.46326000  10.35050000  31.08040000  4
6776  1  19.08260000  22.15660000  18.66360000  3
6777  1  2.51298000  2.45511000  6.53602000  4
6778  1  17.99690000  17.98420000  21.49960000  3
6779  1  16.18530000  35.55060000  1.72023000  3
6780  1  11.41870000  36.78550000  20.60110000  4
6781  1  11.18930000  17.48230000  34.54830000  4
6782  1  8.01735000  0.74227000  26.32700000  4
6783  1  7.26598000  28.05790000  24.80320000  3
6784  1  0.61949900  15.66070000  29.28150000  4
6785  1  15.48620000  9.54763000  15.51400000  4
6786  1  2.54452000  7.95162000  13.37740000  3
6787  1  8.58560000  0.45898800  34.55980000  4
6788  1  16.62100000  0.23552700  7.47070000  4
6789  1  0.30027100  17.27810000  29.27220000  3
6790  1  25.72360000  27.39580000  23.13900000  4
6791  1  7.60999000  24.75140000  27.97910000  4
6792  1  33.74870000  28.98150000  25.90300000  4
6793  1  11.57890000  13.42200000  16.15570000  3
6794  1  0.68725300  2.83821000  26.32410000  4
6795  1  21.33430000  5.10824000  7.16739000  4
6796  1  26.31240000  30.80990000  14.76410000  3
6797  1  14.53830000  36.86680000  20.30450000  4
6798  1  2.06147000  18.59840000  23.36100000  4
6799  1  5.60865000  3.96650000  33.85940000  4
6800  1  4.48575000  13.29390000  14.22680000  4
6801  1  27.48340000  21.06500000  30.98570000  4
6802  1  21.26450000  17.68850000  36.21450000  4
6803  1  32.42750000  25.39250000  24.63030000  4
6804  1  34.32460000  17.40490000  17.55880000  4
6805  1  34.05230000  30.56580000  27.82550000  4
6806  1  13.41270000  5.36287000  29.68880000  4
6807  1  23.90460000  7.48562000  12.93740000  4
6808  1  17.82280000  17.98660000  24.08040000  3
6809  1  7.38197000  11.44830000  31.38430000  4
6810  1  34.43480000  8.25692000  23.00690000  4
6811  1  9.20189000  15.97290000  13.12410000  3
6812  1  9.19961000  21.88050000  32.17190000  4
6813  1  19.43570000  4.90545000  8.89370000  4
6814  1  0.45573600  20.29650000  9.93554000  4
6815  1  30.52130000  23.55110000  0.21156000  3
6816  1  23.14710000  16.72030000  9.66210000  4
6817  1  20.40730000  27.83100000  14.87580000  4
6818  1  3.47390000  17.76880000  23.32460000  3
6819  1  34.84780000  6.95775000  8.07132000  4
6820  1  9.79137000  27.89350000  37.10720000  4
6821  1  15.19480000  24.52040000  0.04501310  4
6822  1  2.71627000  19.98510000  23.53500000  4
6823  1  27.78910000  27.30660000  5.91769000  4
6824  1  17.51350000  19.33490000  29.46750000  4
6825  1  9.17036000  23.41780000  10.27960000  4
6826  1  13.91470000  7.43866000  22.83370000  4
6827  1  21.66560000  14.02920000  22.11980000  4
6828  1  19.50840000  15.25360000  16.84830000  4
6829  1  8.08791000  23.73600000  36.94490000  4
6830  1  13.55570000  35.64010000  5.88607000  4
6831  1  12.51120000  22.32940000  7.03257000  4
6832  1  13.40580000  1.62060000  21.55550000  4
6833  1  26.91840000  15.23080000  3.46500000  4
6834  1  6.66789000  15.27070000  34.28040000  4
6835  1  11.51800000  20.59600000  25.79700000  4
6836  1  0.63398100  3.01005000  5.18073000  3
6837  1  25.82740000  10.70380000  12.84290000  4
6838  1  35.30850000  14.93610000  17.36530000  4
6839  1  6.59243000  29.10930000  33.16910000  4
6840  1  3.28452000  14.60800000  19.10550000  4
6841  1  31.54720000  20.99140000  23.39220000  4
6842  1  2.60826000  26.37610000  36.85610000  3
6843  1  20.55460000  24.81500000  25.59780000  3
6844  1  7.37533000  20.35120000  12.84930000  3
6845  1  6.34814000  33.01250000  32.16360000  3
6846  1  27.72760000  34.35250000  16.39920000  3
6847  1  13.87440000  24.91210000  13.33820000  4
6848  1  26.16810000  1.13969000  9.38190000  4
6849  1  33.68090000  31.29000000  7.11009000  4
6850  1  0.75371800  8.42764000  2.05077000  4
6851  1  1.31190000  19.53060000  20.97600000  4
6852  1  34.38130000  19.22520000  7.65851000  4
6853  1  10.45050000  16.89110000  17.58910000  3
6854  1  33.87390000  14.48400000  0.15914600  4
6855  1  20.63770000  15.26620000  5.60976000  3
6856  1  5.99428000  33.94280000  12.91790000  4
6857  1  32.10970000  30.95250000  36.43500000  4
6858  1  29.20170000  28.22810000  30.22400000  4
6859  1  1.16307000  32.57310000  2.21415000  4
6860  1  34.92940000  11.80390000  4.88712000  4
6861  1  34.09840000  13.28940000  1.17162000  4
6862  1  29.63410000  4.91546000  26.46730000  3
6863  1  17.52240000  8.69598000  8.55672000  3
6864  1  25.19800000  7.20833000  4.10738000  4
6865  1  29.47120000  35.08630000  21.98550000  3
6866  1  26.84500000  32.58270000  10.68410000  4
6867  1  23.18920000  8.03908000  3.23874000  3
6868  1  2.76391000  23.33370000  11.07060000  3
6869  1  19.03470000  29.70970000  16.38810000  4
6870  1  7.83350000  29.23550000  22.31340000  3
6871  1  35.34100000  15.77770000  27.10360000  4
6872  1  1.83565000  13.48560000  12.49320000  4
6873  1  20.09680000  0.60773800  3.51665000  3
6874  1  26.18590000  27.06860000  1.49303000  4
6875  1  8.74317000  0.23939900  23.38020000  4
6876  1  15.24310000  19.03510000  28.02010000  4
6877  1  33.63490000  5.98458000  33.91580000  4
6878  1  22.61990000  26.04040000  27.31140000  4
6879  1  4.87338000  12.66120000  31.82490000  4
6880  1  36.05790000  1.58089000  27.31350000  4
6881  1  26.57890000  24.10700000  8.41464000  4
6882  1  34.91500000  6.54412000  35.88570000  4
6883  1  1.55989000  23.24780000  34.47460000  4
6884  1  9.64566000  36.48120000  18.73830000  4
6885  1  20.28250000  4.28307000  21.01750000  4
6886  1  21.32280000  24.47280000  22.13790000  3
6887  1  31.64440000  28.46670000  19.82570000  4
6888  1  32.09870000  6.55832000  24.01990000  4
6889  1  33.85820000  3.34746000  3.09378000  4
6890  1  20.37190000  20.59380000  2.76229000  4
6891  1  24.81340000  29.75160000  8.72854000  3
6892  1  11.23020000  27.28960000  8.51774000  4
6893  1  18.87290000  8.53914000  32.70060000  4
6894  1  30.59970000  24.60330000  15.20830000  3
6895  1  8.17243000  31.28130000  15.15450000  4
6896  1  10.32340000  15.08340000  35.37480000  4
6897  1  18.97760000  32.01890000  9.74537000  4
6898  1  8.46638000  23.56840000  24.81960000  4
6899  1  0.36553700  27.71750000  34.63390000  4
6900  1  26.13940000  12.66150000  16.37770000  4
6901  1  21.69800000  8.51978000  36.69060000  3
6902  1  8.99352000  32.47300000  35.34580000  3
6903  1  29.26440000  36.45850000  21.41150000  4
6904  1  8.23443000  17.58660000  33.82820000  4
6905  1  32.23850000  4.12681000  25.15280000  3
6906  1  2.42438000  34.99610000  19.06260000  4
6907  1  27.28140000  17.39450000  32.18830000  4
6908  1  31.35480000  7.37403000  1.83363000  3
6909  1  13.60840000  35.73220000  9.42253000  3
6910  1  22.97400000  22.83490000  24.59280000  4
6911  1  29.80310000  25.43670000  10.14440000  4
6912  1  10.62260000  19.42140000  27.73100000  3
6913  1  28.96830000  30.63610000  13.30950000  3
6914  1  34.26800000  19.84310000  2.34488000  4
6915  1  9.86539000  22.52370000  35.02410000  4
6916  1  37.02970000  28.11710000  30.98860000  3
6917  1  11.67280000  30.48430000  29.63360000  3
6918  1  9.19739000  33.04600000  27.36990000  4
6919  1  13.74760000  27.53750000  6.36970000  4
6920  1  27.14850000  25.01670000  24.84410000  4
6921  1  24.54020000  32.81440000  15.87840000  3
6922  1  4.77267000  8.35613000  16.58950000  4
6923  1  31.49400000  33.59730000  18.69320000  3
6924  1  24.85160000  0.33917100  29.53160000  4
6925  1  32.27890000  15.74850000  13.39200000  4
6926  1  28.37490000  31.22710000  3.43885000  3
6927  1  13.44350000  26.02850000  20.05500000  3
6928  1  17.77040000  30.12800000  1.63670000  3
6929  1  10.67710000  19.15860000  36.24960000  4
6930  1  7.35224000  11.37880000  36.01660000  4
6931  1  7.51287000  9.39068000  9.01231000  4
6932  1  31.08530000  29.16540000  31.04170000  3
6933  1  16.20530000  35.03850000  13.16140000  4
6934  1  35.00390000  30.13590000  2.98388000  4
6935  1  11.84880000  12.02650000  29.68140000  3
6936  1  24.90640000  2.54172000  35.33060000  3
6937  1  21.40660000  14.19900000  25.54540000  3
6938  1  13.71980000  4.25571000  6.42589000  3
6939  1  25.93380000  30.57100000  0.64780200  3
6940  1  11.55570000  29.22570000  3.82254000  3
6941  1  21.08010000  21.28880000  29.60600000  4
6942  1  24.22530000  15.68800000  29.23720000  4
6943  1  35.45320000  23.24370000  21.80610000  4
6944  1  16.72840000  35.87110000  18.67820000  4
6945  1  15.16760000  26.78000000  27.28760000  4
6946  1  7.20585000  1.75096000  7.62913000  4
6947  1  30.16850000  22.37640000  24.67850000  4
6948  1  21.50600000  34.70850000  12.01090000  4
6949  1  20.96200000  33.71910000  6.31769000  3
6950  1  6.34017000  35.32200000  24.82730000  4
6951  1  18.82840000  1.43398000  20.13870000  4
6952  1  12.87730000  37.00790000  30.03120000  4
6953  1  34.58880000  9.73345000  22.78660000  3
6954  1  19.00820000  28.84780000  12.61750000  3
6955  1  13.21680000  25.05950000  34.46990000  3
6956  1  21.42840000  2.31986000  0.84328600  4
6957  1  15.84500000  15.07340000  2.04128000  4
6958  1  9.66980000  7.13553000  2.31545000  4
6959  1  15.48550000  16.80300000  3.74565000  4
6960  1  20.17580000  4.60353000  17.37130000  4
6961  1  25.23150000  14.74800000  24.76510000  4
6962  1  1.03940000  22.14510000  33.58290000  4
6963  1  3.84885000  2.99577000  5.87791000  4
6964  1  14.83300000  1.21701000  25.41340000  4
6965  1  31.60930000  17.88710000  15.54900000  4
6966  1  32.12640000  22.57720000  7.39330000  4
6967  1  33.32240000  18.11340000  0.67457600  4
6968  1  19.79990000  26.96820000  6.25328000  3
6969  1  14.51720000  4.92000000  15.63620000  4
6970  1  17.42590000  30.36150000  11.05520000  4
6971  1  35.68330000  8.74427000  34.26590000  3
6972  1  24.38560000  13.46590000  14.79810000  3
6973  1  4.12251000  0.65967300  33.93570000  4
6974  1  0.26563100  6.83400000  28.03590000  4
6975  1  7.69987000  24.79260000  35.85210000  4
6976  1  35.05980000  25.55980000  36.53000000  3
6977  1  33.47990000  32.44790000  0.45227100  4
6978  1  29.02890000  20.39220000  6.93195000  4
6979  1  23.57970000  10.39890000  16.20880000  4
6980  1  25.33140000  16.71540000  23.33590000  3
6981  1  3.96675000  5.80223000  9.31868000  4
6982  1  27.52870000  28.86780000  7.65125000  4
6983  1  22.47150000  26.12460000  8.59188000  3
6984  1  9.27240000  17.18280000  16.84660000  3
6985  1  2.60142000  29.54200000  9.06923000  4
6986  1  25.43870000  34.55940000  32.90000000  4
6987  1  30.90410000  35.24190000  27.92740000  4
6988  1  19.63870000  27.77260000  35.67810000  4
6989  1  8.49829000  14.48700000  32.86360000  3
6990  1  10.34480000  16.29690000  9.60707000  4
6991  1  3.67741000  23.00610000  26.94970000  3
6992  1  33.32610000  1.56197000  5.81386000  4
6993  1  9.89080000  23.52620000  27.80930000  4
6994  1  36.90380000  31.88900000  14.37320000  4
6995  1  8.88336000  0.82603000  14.42710000  4
6996  1  37.20030000  25.79070000  5.47569000  4
6997  1  17.82990000  2.05784000  21.09220000  4
6998  1  26.56330000  6.77716000  3.46782000  4
6999  1  11.10600000  8.88060000  32.45990000  4
7000  1  15.75500000  16.05500000  25.72290000  4
7001  1  23.89250000  11.56570000  2.37699000  4
7002  1  22.32680000  2.31375000  25.68700000  3
7003  1  12.76540000  37.07030000  15.33060000  4
7004  1  31.14140000  17.26330000  24.40830000  4
7005  1  30.06140000  2.44718000  9.54591000  4
7006  1  28.88300000  31.77990000  18.95510000  4
7007  1  19.56190000  24.44460000  17.31560000  4
7008  1  12.74710000  0.85622000  12.21750000  4
7009  1  19.85240000  16.31690000  3.07942000  3
7010  1  12.45210000  3.19961000  26.79970000  3
7011  1  34.77900000  26.99300000  36.72690000  4
7012  1  15.98050000  35.73100000  27.30010000  4
7013  1  20.24110000  17.83870000  24.83000000  4
7014  1  12.27550000  21.55850000  32.45520000  4
7015  1  12.73840000  11.19010000  6.50897000  3
7016  1  21.00590000  0.91862500  19.34900000  3
7017  1  18.70600000  12.62050000  17.73410000  4
7018  1  17.75190000  26.97850000  21.23880000  4
7019  1  3.78198000  2.77656000  21.40160000  3
7020  1  5.07308000  7.91505000  37.27730000  4
7021  1  13.08420000  15.94770000  18.08480000  4
7022  1  18.56070000  27.91840000  9.37225000  3
7023  1  6.34243000  19.84040000  2.92015000  4
7024  1  35.17560000  21.70930000  16.72660000  4
7025  1  26.03700000  4.32423000  28.72540000  3
7026  1  12.36060000  30.44340000  8.44883000  4
7027  1  1.73925000  32.23660000  33.61490000  4
7028  1  27.59460000  7.58372000  4.00924000  3
7029  1  16.97010000  2.06292000  15.50820000  4
7030  1  36.98080000  19.73450000  32.70570000  3
7031  1  25.54120000  32.14440000  5.58054000  4
7032  1  12.99880000  19.75950000  5.27873000  3
7033  1  9.05342000  22.96400000  14.51480000  3
7034  1  29.00910000  10.82830000  14.46500000  4
7035  1  13.58710000  17.17970000  32.10540000  4
7036  1  1.87127000  0.41180000  30.77460000  4
7037  1  9.73544000  33.61390000  10.12740000  3
7038  1  16.93650000  5.86305000  24.41990000  4
7039  1  22.46530000  25.03580000  21.23890000  4
7040  1  2.37530000  25.98270000  24.67230000  4
7041  1  4.09107000  21.37210000  34.53020000  4
7042  1  21.01170000  34.11500000  16.49380000  4
7043  1  34.79700000  6.97247000  6.51669000  4
7044  1  15.34950000  5.00749000  16.88720000  3
7045  1  27.94890000  9.99389000  3.77808000  4
7046  1  25.71830000  27.36790000  21.37360000  4
7047  1  2.64005000  21.66050000  9.22753000  4
7048  1  4.47103000  24.49880000  25.37790000  3
7049  1  8.12584000  18.23790000  0.80603500  3
7050  1  37.13900000  36.98100000  30.31840000  4
7051  1  15.34400000  34.40200000  27.34900000  4
7052  1  34.27780000  21.63070000  6.96694000  4
7053  1  10.62020000  9.42306000  16.43510000  4
7054  1  5.68484000  24.65040000  13.96920000  4
7055  1  10.97660000  24.00670000  18.77190000  4
7056  1  32.01970000  12.04380000  5.29757000  4
7057  1  18.13020000  14.62540000  11.04700000  4
7058  1  6.81050000  10.94880000  32.83900000  4
7059  1  34.03390000  17.83160000  13.26110000  4
7060  1  25.14670000  36.46400000  0.50921500  4
7061  1  5.41100000  31.62990000  1.06249000  4
7062  1  24.84300000  28.55990000  16.68010000  4
7063  1  0.34707300  5.25822000  20.66950000  4
7064  1  8.79537000  13.41660000  3.59121000  4
7065  1  24.42270000  12.31190000  35.20930000  4
7066  1  10.50690000  12.12290000  12.67010000  4
7067  1  27.51560000  21.83390000  32.15120000  3
7068  1  34.39320000  21.72970000  13.14370000  3
7069  1  29.39670000  1.08297000  6.05705000  4
7070  1  17.34320000  33.61870000  24.78530000  4
7071  1  27.29730000  13.04150000  4.70711000  4
7072  1  31.20050000  33.69440000  10.21440000  3
7073  1  11.10750000  30.71100000  30.99300000  4
7074  1  8.26113000  11.11310000  34.82840000  4
7075  1  19.88820000  17.12400000  19.96440000  4
7076  1  12.70660000  8.82701000  20.73950000  4
7077  1  20.79820000  21.32340000  17.13640000  4
7078  1  37.01890000  27.26490000  8.12282000  4
7079  1  0.16763700  11.41590000  26.77940000  4
7080  1  37.03540000  13.67460000  15.86050000  4
7081  1  25.05620000  34.49910000  25.41350000  4
7082  1  28.23070000  27.51290000  22.63440000  3
7083  1  11.45810000  21.76450000  12.80550000  3
7084  1  12.00030000  4.55589000  12.27160000  4
7085  1  22.96730000  34.29670000  11.67990000  4
7086  1  12.98820000  20.98480000  35.06720000  4
7087  1  30.92500000  5.01290000  20.64040000  3
7088  1  33.62070000  33.29720000  17.95450000  4
7089  1  32.58420000  15.55690000  22.37580000  4
7090  1  8.15301000  25.37110000  7.21183000  3
7091  1  10.52630000  30.39590000  17.10370000  3
7092  1  0.03443640  0.64700800  17.89710000  4
7093  1  5.93978000  31.06290000  3.48178000  4
7094  1  29.13650000  28.89420000  27.40660000  4
7095  1  23.31230000  5.32311000  21.91140000  3
7096  1  33.70740000  7.78132000  6.06189000  3
7097  1  26.34210000  2.00339000  18.00940000  4
7098  1  35.65640000  2.49951000  4.94639000  4
7099  1  29.42910000  18.74300000  17.93530000  4
7100  1  31.76300000  3.24373000  8.05438000  4
7101  1  32.19520000  12.45370000  17.27470000  4
7102  1  31.83170000  30.93600000  1.38927000  4
7103  1  35.02510000  6.52961000  33.34650000  4
7104  1  20.31260000  25.39910000  24.32690000  3
7105  1  16.27460000  15.37090000  12.65960000  4
7106  1  13.83990000  33.64120000  30.87520000  4
7107  1  9.10166000  7.92756000  17.70250000  4
7108  1  16.28230000  5.05492000  29.13770000  3
7109  1  12.07740000  23.53880000  30.90710000  4
7110  1  22.64940000  16.01260000  30.70750000  4
7111  1  27.13750000  9.74660000  12.85290000  4
7112  1  8.51548000  1.15374000  28.64490000  4
7113  1  28.21640000  6.77874000  1.68546000  4
7114  1  37.17630000  29.78620000  1.74794000  4
7115  1  18.23920000  8.73125000  27.92220000  4
7116  1  28.44980000  23.13430000  26.02970000  4
7117  1  22.31750000  23.34850000  0.59099800  4
7118  1  9.44912000  9.61102000  1.29484000  4
7119  1  36.20610000  22.90380000  30.72220000  4
7120  1  36.87950000  4.74983000  23.44340000  3
7121  1  31.75770000  31.82800000  32.63530000  4
7122  1  14.60780000  29.16790000  8.71838000  4
7123  1  9.05546000  29.99060000  5.19407000  4
7124  1  9.80404000  23.09360000  19.22350000  3
7125  1  9.04301000  36.48270000  34.06300000  4
7126  1  18.29250000  12.88340000  9.24588000  4
7127  1  30.21990000  16.36250000  0.61530600  3
7128  1  30.05810000  9.92487000  25.66010000  4
7129  1  17.07810000  19.04690000  21.97850000  4
7130  1  2.52676000  6.94459000  1.93963000  4
7131  1  32.11240000  33.23870000  33.32820000  4
7132  1  22.22750000  31.43060000  10.16100000  4
7133  1  1.36507000  17.07910000  13.14570000  3
7134  1  8.67315000  3.40762000  1.88174000  4
7135  1  32.60050000  3.17525000  17.68480000  4
7136  1  8.46229000  33.70930000  17.24790000  4
7137  1  20.35320000  13.43730000  28.71430000  3
7138  1  15.45610000  8.80720000  36.71000000  4
7139  1  35.45580000  10.63590000  26.08450000  4
7140  1  24.39220000  22.11730000  17.93620000  4
7141  1  35.70800000  3.70090000  9.63694000  4
7142  1  24.24320000  0.27923600  17.85240000  4
7143  1  32.93140000  36.46190000  26.88800000  4
7144  1  21.24370000  9.82635000  36.07900000  4
7145  1  33.07330000  16.12940000  11.09850000  4
7146  1  1.25409000  37.32950000  13.11410000  4
7147  1  11.74420000  31.36130000  35.16650000  4
7148  1  27.34950000  36.95690000  17.98130000  4
7149  1  11.43570000  6.47929000  28.77860000  4
7150  1  7.99007000  8.41545000  18.77670000  4
7151  1  8.69258000  8.85439000  29.02270000  4
7152  1  31.45350000  2.05853000  19.48940000  4
7153  1  1.36331000  25.91660000  11.85700000  3
7154  1  35.56300000  21.52700000  28.05100000  4
7155  1  12.52360000  17.45760000  19.95450000  3
7156  1  14.87830000  4.20421000  19.59080000  3
7157  1  9.66877000  20.78660000  15.98970000  4
7158  1  17.86320000  35.13200000  35.81620000  3
7159  1  28.85860000  37.08730000  10.70990000  4
7160  1  17.92050000  27.24180000  33.87700000  4
7161  1  18.47370000  27.66970000  1.79350000  3
7162  1  17.20570000  37.42440000  18.79050000  4
7163  1  4.29581000  21.93170000  15.57330000  4
7164  1  37.15560000  32.69220000  20.14010000  3
7165  1  33.92130000  34.67200000  21.56870000  4
7166  1  28.51300000  0.56919000  31.37810000  4
7167  1  31.00830000  33.98430000  31.52140000  4
7168  1  24.85300000  36.57420000  10.19190000  4
7169  1  11.09080000  19.08760000  8.32492000  4
7170  1  27.72910000  34.51530000  3.54742000  4
7171  1  15.98040000  23.78570000  29.79260000  4
7172  1  26.69030000  16.41820000  16.26120000  3
7173  1  2.86816000  15.30490000  13.96780000  4
7174  1  11.20840000  35.25080000  8.32063000  4
7175  1  23.80900000  35.72270000  0.64013300  4
7176  1  10.49110000  25.30200000  11.61730000  4
7177  1  25.98140000  25.02340000  27.38300000  4
7178  1  27.24430000  24.68000000  22.27990000  4
7179  1  11.69280000  0.11339300  22.90000000  4
7180  1  1.80742000  28.14700000  15.67110000  4
7181  1  10.82230000  36.48280000  14.13170000  4
7182  1  23.87820000  1.15307000  8.76529000  4
7183  1  18.46600000  10.00600000  4.02231000  3
7184  1  14.18460000  6.36114000  3.41672000  3
7185  1  15.37230000  31.39860000  6.37942000  4
7186  1  14.47930000  6.03292000  23.00450000  3
7187  1  20.79110000  33.96180000  24.71230000  3
7188  1  35.77710000  32.31740000  7.26828000  3
7189  1  32.56380000  6.44464000  10.65550000  4
7190  1  4.43691000  33.36780000  14.81480000  4
7191  1  22.04320000  17.71590000  18.93460000  3
7192  1  25.17170000  34.22380000  9.68785000  3
7193  1  19.13860000  6.24385000  6.79447000  4
7194  1  6.34496000  2.62562000  6.64550000  4
7195  1  7.04986000  15.36350000  14.58080000  4
7196  1  8.81599000  13.65750000  26.43180000  4
7197  1  13.53570000  6.03436000  26.51470000  4
7198  1  8.04651000  15.69860000  6.00955000  3
7199  1  12.41370000  35.01730000  3.90825000  4
7200  1  5.74981000  36.57950000  3.96071000  3
7201  1  28.40520000  24.82010000  10.00000000  4
7202  1  33.48530000  14.21080000  19.34930000  4
7203  1  0.93967700  22.48050000  4.55050000  4
7204  1  8.16136000  9.10558000  24.48870000  4
7205  1  2.66644000  30.87940000  23.17250000  3
7206  1  7.55136000  2.69917000  10.52080000  4
7207  1  13.91490000  6.28775000  13.63830000  4
7208  1  22.37120000  28.30910000  30.99740000  4
7209  1  1.09210000  14.75180000  24.56400000  4
7210  1  18.06230000  3.69047000  34.78950000  4
7211  1  8.42662000  29.73420000  14.61930000  4
7212  1  30.13130000  19.40820000  10.87160000  3
7213  1  6.10433000  18.89590000  11.10670000  4
7214  1  6.93809000  32.06220000  2.94010000  4
7215  1  28.02420000  11.34870000  32.69630000  4
7216  1  25.74890000  36.62860000  29.09140000  4
7217  1  0.59711900  35.16350000  34.22810000  4
7218  1  28.73080000  5.30995000  1.74811000  4
7219  1  21.30690000  30.94210000  6.56978000  3
7220  1  34.54340000  19.90310000  22.97270000  4
7221  1  35.65430000  16.28530000  10.65220000  4
7222  1  11.70500000  28.73880000  10.75570000  4
7223  1  23.51120000  28.30540000  6.76174000  3
7224  1  4.36229000  29.82580000  33.62810000  4
7225  1  4.89257000  26.54010000  0.64231800  4
7226  1  8.61632000  18.82840000  14.95150000  4
7227  1  1.30396000  30.79130000  15.73350000  4
7228  1  29.34560000  8.57386000  19.71890000  4
7229  1  8.74817000  2.22988000  9.50115000  4
7230  1  17.54440000  16.80780000  5.28337000  4
7231  1  4.18320000  19.07640000  13.38930000  4
7232  1  13.93870000  12.94670000  11.40260000  4
7233  1  22.98750000  3.64665000  8.41107000  3
7234  1  6.14447000  27.67780000  32.48580000  4
7235  1  7.41869000  33.73200000  21.99380000  4
7236  1  13.42310000  23.66690000  17.69420000  4
7237  1  28.70410000  6.96655000  31.96640000  3
7238  1  29.65640000  23.83380000  27.87690000  4
7239  1  32.94440000  15.52110000  23.83030000  3
7240  1  12.65650000  11.89190000  34.57880000  4
7241  1  31.86210000  32.56780000  6.15558000  4
7242  1  6.92202000  35.46210000  34.55850000  3
7243  1  1.34012000  32.51290000  13.16880000  3
7244  1  34.96870000  4.74957000  4.77321000  3
7245  1  31.95520000  6.85560000  0.58508100  4
7246  1  31.35440000  27.71140000  37.24580000  4
7247  1  17.94700000  4.99140000  15.23630000  4
7248  1  11.24450000  7.97400000  23.03730000  4
7249  1  20.94050000  27.32280000  25.87890000  4
7250  1  3.48637000  31.20490000  4.94982000  4
7251  1  8.37500000  36.43050000  19.52370000  4
7252  1  5.03603000  20.87870000  4.70432000  4
7253  1  7.42772000  36.26500000  8.82195000  4
7254  1  14.88860000  2.61891000  32.83930000  4
7255  1  9.43103000  34.13050000  32.38830000  3
7256  1  35.75570000  16.74000000  19.33000000  4
7257  1  18.07010000  29.07770000  23.10630000  3
7258  1  3.95962000  6.56222000  19.14610000  3
7259  1  6.04570000  1.25219000  14.74200000  4
7260  1  20.35200000  36.85170000  29.11080000  4
7261  1  33.50720000  19.04680000  31.00760000  3
7262  1  25.79620000  5.06524000  31.59340000  4
7263  1  35.46350000  27.87700000  34.43910000  4
7264  1  29.78580000  0.99388100  15.05170000  4
7265  1  15.37220000  30.19840000  17.47370000  3
7266  1  3.56882000  3.44523000  29.91780000  4
7267  1  33.77030000  11.39370000  13.75740000  4
7268  1  36.47990000  15.26430000  0.74171200  4
7269  1  11.36850000  31.98200000  12.40850000  3
7270  1  1.67535000  22.60130000  20.37400000  3
7271  1  26.47680000  17.38210000  2.45897000  4
7272  1  21.45580000  3.90699000  8.13048000  4
7273  1  31.75530000  18.30150000  12.42050000  4
7274  1  30.57230000  32.91340000  29.44200000  3
7275  1  28.39870000  1.01240000  25.61820000  4
7276  1  22.72830000  16.49180000  18.47070000  4
7277  1  35.27700000  23.84400000  25.41070000  4
7278  1  4.79093000  3.18938000  36.91930000  3
7279  1  11.85350000  29.61920000  12.89800000  4
7280  1  30.82400000  32.54780000  35.15900000  3
7281  1  36.43660000  8.58979000  7.10920000  4
7282  1  15.14680000  23.81690000  21.93910000  4
7283  1  19.05430000  4.82413000  36.93970000  4
7284  1  4.36204000  4.60606000  31.96680000  4
7285  1  2.29192000  35.91590000  36.54430000  4
7286  1  2.95890000  29.18730000  35.62950000  4
7287  1  3.83294000  29.21700000  36.93980000  4
7288  1  14.06460000  0.38078900  32.10150000  3
7289  1  35.20110000  1.47134000  10.10430000  4
7290  1  26.38840000  6.61927000  34.80190000  4
7291  1  5.81996000  2.89660000  31.41700000  4
7292  1  15.92280000  1.12006000  36.32120000  4
7293  1  1.32748000  18.94080000  18.06300000  4
7294  1  17.82110000  18.13720000  9.22235000  4
7295  1  16.29770000  2.32626000  5.81857000  4
7296  1  13.33440000  10.73880000  19.40970000  4
7297  1  30.26690000  21.61290000  20.83020000  3
7298  1  17.31680000  29.50520000  25.29040000  4
7299  1  8.33398000  3.27795000  18.55400000  4
7300  1  12.45620000  0.05778830  35.24830000  4
7301  1  12.13880000  33.62990000  3.21291000  4
7302  1  16.67140000  21.34560000  2.08200000  3
7303  1  30.97440000  7.63897000  12.05990000  4
7304  1  10.27640000  31.18370000  37.17770000  4
7305  1  34.38810000  3.07767000  25.48790000  4
7306  1  33.92220000  11.29330000  37.35140000  4
7307  1  6.22641000  20.47360000  26.66740000  3
7308  1  5.17619000  10.21060000  7.23396000  4
7309  1  13.00570000  31.47820000  32.77150000  4
7310  1  32.54370000  37.39460000  34.41820000  4
7311  1  21.67420000  11.95880000  15.21250000  4
7312  1  28.32560000  19.79320000  20.57240000  4
7313  1  17.07220000  12.04400000  16.07800000  4
7314  1  10.40780000  29.07570000  7.19473000  4
7315  1  8.59219000  5.43175000  34.07900000  4
7316  1  13.05830000  35.15280000  21.60930000  4
7317  1  17.87580000  21.48890000  26.80740000  4
7318  1  25.00990000  17.49300000  2.74252000  4
7319  1  7.75929000  10.13000000  33.67140000  4
7320  1  7.66106000  21.28220000  37.24570000  4
7321  1  0.96639900  13.73740000  14.89710000  4
7322  1  35.10460000  34.89420000  7.14293000  4
7323  1  35.72180000  18.65700000  11.62750000  4
7324  1  31.96970000  30.84030000  25.55900000  4
7325  1  8.90744000  28.82870000  4.35568000  3
7326  1  30.28160000  17.57280000  8.84287000  4
7327  1  35.72340000  7.26265000  34.56000000  4
7328  1  0.76325000  13.41750000  1.69633000  4
7329  1  8.62728000  13.33480000  35.27560000  4
7330  1  22.61830000  19.83680000  33.61820000  3
7331  1  24.74980000  12.67130000  15.83120000  3
7332  1  14.17580000  9.73346000  1.36343000  4
7333  1  13.44530000  8.58614000  10.74210000  4
7334  1  28.02330000  5.01525000  18.37030000  3
7335  1  15.97850000  13.98230000  35.79530000  4
7336  1  24.69630000  33.90590000  31.70940000  4
7337  1  29.25830000  16.40170000  10.84530000  3
7338  1  13.84190000  10.69110000  36.46830000  4
7339  1  20.95830000  33.54840000  34.03100000  3
7340  1  11.37190000  33.42410000  22.40570000  4
7341  1  29.57340000  9.35700000  26.90740000  3
7342  1  19.58810000  34.63780000  31.78240000  3
7343  1  20.01640000  10.45050000  12.54560000  4
7344  1  4.10650000  21.74690000  26.63410000  3
7345  1  0.55410800  17.93120000  7.04066000  4
7346  1  27.91890000  25.85860000  28.79160000  4
7347  1  32.45810000  15.16090000  0.44037800  4
7348  1  18.61770000  1.97147000  6.55953000  4
7349  1  18.89960000  25.65120000  37.24060000  4
7350  1  4.73929000  37.08160000  8.95698000  3
7351  1  23.52050000  24.85200000  14.91990000  4
7352  1  30.97140000  4.29620000  14.57240000  4
7353  1  24.59090000  27.00670000  29.96910000  4
7354  1  3.43048000  17.10390000  25.85350000  3
7355  1  30.71280000  25.07100000  31.78130000  4
7356  1  27.23800000  33.19050000  34.32310000  4
7357  1  32.49530000  14.11760000  20.41650000  3
7358  1  27.67920000  30.60000000  26.58320000  3
7359  1  29.94760000  28.25050000  16.68520000  4
7360  1  17.38770000  0.55973300  24.95680000  4
7361  1  16.22010000  7.38626000  10.68140000  3
7362  1  26.68480000  9.65124000  21.44050000  4
7363  1  6.80991000  2.36303000  30.32710000  4
7364  1  15.03350000  11.24500000  21.51390000  4
7365  1  10.11280000  5.57953000  18.69230000  4
7366  1  36.49150000  25.30060000  31.16000000  3
7367  1  35.81440000  8.86749000  11.55380000  4
7368  1  36.02560000  25.13570000  9.32197000  4
7369  1  30.39080000  35.23720000  11.99410000  4
7370  1  5.98918000  26.04530000  20.01990000  4
7371  1  9.39956000  15.96660000  34.73680000  4
7372  1  15.81540000  23.50710000  3.02354000  4
7373  1  8.10121000  27.35100000  23.72540000  4
7374  1  23.50000000  26.11120000  21.86810000  3
7375  1  24.09180000  5.49139000  33.32340000  4
7376  1  8.98789000  31.37700000  4.23069000  4
7377  1  15.75250000  8.75354000  21.45500000  3
7378  1  24.60220000  17.77570000  22.73330000  4
7379  1  17.37930000  31.76020000  10.24590000  4
7380  1  34.44140000  22.80850000  14.06640000  4
7381  1  35.30790000  4.86454000  27.58480000  4
7382  1  37.03820000  27.10880000  10.92900000  4
7383  1  36.65540000  23.74750000  36.74500000  4
7384  1  28.98000000  17.08860000  23.18600000  4
7385  1  21.11300000  28.48210000  20.25630000  4
7386  1  22.89210000  31.23000000  8.75549000  4
7387  1  19.90320000  28.25430000  9.91468000  4
7388  1  0.77280100  8.19939000  30.18010000  4
7389  1  33.99240000  9.88936000  13.17750000  4
7390  1  12.38810000  30.14430000  25.30300000  3
7391  1  14.00880000  15.98240000  34.64610000  3
7392  1  17.94710000  24.70490000  18.90790000  4
7393  1  19.57500000  33.76090000  22.87460000  4
7394  1  35.67790000  36.52840000  10.13500000  3
7395  1  26.43010000  31.14990000  10.05090000  4
7396  1  6.59713000  18.72490000  16.35830000  4
7397  1  18.36620000  19.18380000  4.64146000  3
7398  1  34.40420000  19.45640000  11.53090000  4
7399  1  34.37280000  32.82590000  36.67850000  4
7400  1  8.27775000  2.98437000  30.40090000  4
7401  1  31.86660000  4.70832000  19.56080000  4
7402  1  16.57110000  29.10470000  32.65130000  4
7403  1  34.19570000  10.14290000  26.55360000  3
7404  1  2.80201000  1.04897000  1.25266000  4
7405  1  28.59940000  2.67515000  4.28432000  3
7406  1  30.79090000  6.91795000  25.89600000  4
7407  1  27.20800000  20.78260000  26.41610000  4
7408  1  7.92691000  12.92730000  14.42580000  4
7409  1  26.10120000  25.96780000  14.79070000  4
7410  1  28.50090000  13.76740000  11.11040000  3
7411  1  7.56632000  35.96480000  32.19840000  4
7412  1  22.40860000  13.25980000  25.55890000  3
7413  1  25.70620000  15.60760000  36.07410000  4
7414  1  33.40470000  22.95650000  2.09660000  4
7415  1  33.29450000  9.47590000  34.64560000  4
7416  1  26.04110000  30.60200000  30.96100000  3
7417  1  29.98100000  7.95919000  6.08633000  3
7418  1  35.97900000  0.90964300  15.92870000  4
7419  1  9.33345000  9.45716000  25.45630000  3
7420  1  22.79250000  20.20910000  2.07629000  4
7421  1  9.30963000  22.57250000  20.53680000  4
7422  1  4.02665000  10.25760000  27.31140000  4
7423  1  29.60050000  5.56053000  29.69650000  3
7424  1  15.59630000  11.22240000  4.64990000  3
7425  1  26.12430000  36.05440000  18.02160000  4
7426  1  12.27580000  13.20320000  1.68245000  4
7427  1  3.51578000  7.53892000  25.00010000  3
7428  1  4.03965000  14.76560000  27.89220000  3
7429  1  26.85770000  11.73240000  15.48700000  3
7430  1  15.38290000  35.78290000  18.01950000  4
7431  1  18.98840000  37.31320000  9.79085000  3
7432  1  23.35870000  29.77100000  8.78932000  4
7433  1  12.31390000  36.42290000  32.28170000  4
7434  1  4.97803000  6.44037000  0.14163200  4
7435  1  30.82040000  17.04030000  16.59320000  4
7436  1  12.18400000  9.51656000  33.36490000  4
7437  1  7.00473000  14.72060000  6.20663000  3
7438  1  21.99820000  8.78150000  8.17323000  4
7439  1  32.85420000  27.04610000  26.71390000  3
7440  1  13.36860000  23.64220000  34.11620000  4
7441  1  26.99220000  0.85474100  17.12130000  4
7442  1  32.53400000  33.84100000  12.05130000  4
7443  1  14.90100000  12.75840000  25.18440000  4
7444  1  35.07030000  5.99872000  10.68250000  4
7445  1  1.40065000  10.90710000  1.47847000  4
7446  1  25.05290000  17.20900000  18.14540000  4
7447  1  0.38815100  29.70520000  23.55480000  4
7448  1  3.64292000  24.95780000  8.84866000  3
7449  1  30.14340000  33.94460000  4.99035000  4
7450  1  16.08800000  19.09160000  17.61070000  4
7451  1  23.71260000  17.69110000  33.57800000  3
7452  1  23.07290000  16.55920000  13.23560000  4
7453  1  32.57420000  2.88119000  23.03830000  4
7454  1  24.71110000  11.14680000  13.91590000  4
7455  1  36.84310000  8.24432000  16.49390000  3
7456  1  7.42525000  17.92050000  12.59620000  4
7457  1  32.10260000  28.51360000  13.34210000  3
7458  1  24.15130000  2.16360000  6.29425000  3
7459  1  36.73340000  14.00200000  37.14560000  4
7460  1  13.07930000  9.03480000  24.99000000  4
7461  1  2.14164000  9.47579000  15.45900000  4
7462  1  4.35555000  25.74960000  29.50900000  4
7463  1  13.27280000  0.99902200  36.10550000  4
7464  1  17.48150000  6.80114000  20.59420000  4
7465  1  32.31560000  8.13986000  12.57940000  4
7466  1  2.65212000  23.95880000  8.52288000  3
7467  1  16.38450000  17.09840000  7.53724000  4
7468  1  1.07906000  21.52770000  9.00729000  4
7469  1  13.04900000  28.48440000  35.32150000  4
7470  1  0.76396300  11.88460000  8.14343000  3
7471  1  22.39890000  37.42750000  12.33330000  4
7472  1  6.05615000  27.15840000  29.14860000  4
7473  1  3.17822000  14.17720000  32.88890000  3
7474  1  34.32000000  7.47069000  13.98750000  4
7475  1  19.67000000  6.74902000  29.82880000  4
7476  1  28.07640000  9.53347000  14.05220000  4
7477  1  32.23090000  7.00566000  4.02922000  4
7478  1  24.18500000  35.30820000  9.53940000  4
7479  1  0.81102600  25.54860000  6.77527000  4
7480  1  13.28430000  28.35410000  26.71840000  3
7481  1  20.14640000  16.74560000  30.16950000  4
7482  1  18.74350000  4.30389000  23.92530000  3
7483  1  23.63700000  26.29870000  26.18490000  4
7484  1  13.74190000  30.37200000  11.56370000  3
7485  1  23.58220000  30.13810000  12.61820000  4
7486  1  35.81490000  26.63090000  9.01410000  4
7487  1  23.88210000  24.37730000  35.61670000  4
7488  1  36.12010000  15.73790000  20.43130000  4
7489  1  35.82600000  9.30787000  1.45007000  4
7490  1  9.24883000  18.44710000  16.30010000  3
7491  1  21.75570000  35.81940000  14.28890000  4
7492  1  0.30443400  12.16390000  19.44410000  3
7493  1  26.10710000  10.41990000  17.22010000  4
7494  1  24.98060000  5.32628000  20.33570000  3
7495  1  34.73810000  0.77592100  26.62680000  4
7496  1  20.15340000  3.67183000  14.10880000  4
7497  1  27.64490000  2.95865000  34.26740000  3
7498  1  35.72780000  13.95120000  9.98406000  3
7499  1  8.04547000  24.36440000  30.88120000  4
7500  1  32.19660000  18.29720000  31.05630000  4
7501  1  30.75350000  12.90530000  21.36920000  4
7502  1  35.94290000  3.33171000  15.83370000  4
7503  1  4.23887000  16.48350000  2.34335000  4
7504  1  8.07656000  11.70580000  12.36070000  4
7505  1  3.65940000  5.72286000  14.89130000  4
7506  1  37.27120000  11.97690000  11.48530000  3
7507  1  32.00030000  7.24987000  35.62560000  4
7508  1  33.91300000  32.07200000  1.93548000  4
7509  1  15.22730000  32.04580000  29.79780000  4
7510  1  25.09900000  13.86390000  1.51452000  4
7511  1  32.22690000  29.77360000  34.32120000  3
7512  1  11.61810000  13.30540000  6.37474000  3
7513  1  35.36740000  11.51820000  33.78960000  4
7514  1  34.41680000  1.54452000  33.60720000  4
7515  1  35.96670000  27.28410000  7.03264000  4
7516  1  8.97488000  17.33620000  2.89340000  4
7517  1  25.56770000  16.33420000  10.31640000  4
7518  1  8.28350000  1.75949000  18.14440000  3
7519  1  25.66310000  28.90500000  28.59230000  4
7520  1  19.03060000  7.92102000  25.32500000  4
7521  1  5.60003000  15.59970000  13.74780000  4
7522  1  12.00910000  19.13200000  25.59010000  4
7523  1  11.90890000  4.25254000  8.89895000  3
7524  1  31.19760000  23.45180000  15.86530000  4
7525  1  25.91690000  5.56993000  5.99895000  4
7526  1  1.66799000  36.65570000  4.63560000  3
7527  1  31.75740000  1.98937000  25.78450000  4
7528  1  15.16880000  18.16720000  35.48530000  4
7529  1  4.20626000  25.96020000  32.06370000  4
7530  1  19.97630000  7.27820000  10.94320000  3
7531  1  5.60377000  13.27960000  15.37470000  4
7532  1  7.00238000  34.14630000  36.67950000  4
7533  1  17.47950000  17.87190000  19.26760000  4
7534  1  11.64050000  7.05120000  21.81390000  4
7535  1  27.79620000  16.14350000  11.31910000  4
7536  1  6.50566000  19.85490000  8.62453000  4
7537  1  14.96260000  13.88520000  10.71560000  4
7538  1  34.30270000  28.08150000  28.25690000  4
7539  1  29.53880000  26.00810000  25.56540000  4
7540  1  6.36397000  32.93130000  35.83870000  4
7541  1  29.99790000  35.67850000  19.18000000  4
7542  1  21.82760000  21.53580000  16.02520000  4
7543  1  0.35614000  31.53430000  13.22230000  3
7544  1  27.40060000  7.46479000  25.47550000  4
7545  1  9.12502000  18.30770000  26.24900000  4
7546  1  7.64819000  7.46486000  7.81919000  3
7547  1  1.93006000  12.54120000  15.43060000  4
7548  1  22.07370000  29.74810000  36.27170000  4
7549  1  22.93850000  36.67320000  14.47970000  4
7550  1  36.29680000  2.26752000  21.77590000  4
7551  1  36.65150000  19.27250000  27.63770000  4
7552  1  24.74780000  15.43430000  23.49740000  4
7553  1  35.09370000  15.09990000  1.18120000  4
7554  1  22.40230000  37.28740000  10.74060000  4
7555  1  7.76008000  4.09304000  7.62346000  3
7556  1  11.99570000  20.69700000  29.29780000  4
7557  1  9.39309000  13.62510000  5.12760000  4
7558  1  29.08510000  30.70320000  7.57061000  4
7559  1  23.40090000  32.41080000  13.33600000  4
7560  1  30.56840000  19.80710000  35.44580000  4
7561  1  21.03990000  5.07074000  33.74870000  4
7562  1  0.01131580  9.36805000  25.07550000  4
7563  1  27.54250000  27.28970000  28.53160000  4
7564  1  0.15773500  37.30980000  22.79380000  4
7565  1  31.08180000  19.54510000  26.82890000  4
7566  1  10.03340000  8.22395000  6.65380000  3
7567  1  12.07930000  36.49440000  10.88670000  3
7568  1  31.20930000  20.13440000  34.21040000  3
7569  1  33.20290000  17.97110000  23.92200000  4
7570  1  17.81000000  27.40970000  14.58940000  3
7571  1  15.26710000  33.71860000  31.48980000  4
7572  1  25.64620000  0.64352500  14.83540000  3
7573  1  19.50460000  25.08380000  28.98730000  4
7574  1  28.80820000  13.99790000  29.29790000  3
7575  1  35.40380000  17.39470000  23.18490000  4
7576  1  11.45380000  35.01370000  33.91940000  4
7577  1  30.32550000  7.72144000  33.50880000  4
7578  1  32.62540000  15.16370000  34.07390000  4
7579  1  3.56574000  14.04170000  8.15759000  4
7580  1  32.13020000  12.92550000  22.27840000  4
7581  1  29.40250000  30.90370000  17.72760000  4
7582  1  21.73490000  27.72180000  0.19060400  4
7583  1  1.56576000  0.58168400  0.48473100  4
7584  1  0.51435600  3.13035000  18.66380000  4
7585  1  26.13880000  16.17150000  17.70510000  4
7586  1  20.69850000  27.60640000  5.19985000  4
7587  1  19.13810000  30.37740000  26.92590000  4
7588  1  14.07960000  22.44610000  17.03000000  4
7589  1  11.06180000  27.48910000  2.01154000  4
7590  1  22.11850000  21.57940000  5.83066000  3
7591  1  24.66230000  28.68950000  29.92690000  4
7592  1  9.30428000  31.87970000  7.33003000  4
7593  1  34.96300000  35.07550000  35.64220000  3
7594  1  32.91790000  16.99800000  15.54070000  4
7595  1  5.56860000  30.59190000  2.09997000  4
7596  1  11.20640000  26.00830000  1.65781000  4
7597  1  31.49700000  33.30990000  20.97130000  4
7598  1  36.59540000  1.23485000  6.70474000  3
7599  1  18.15280000  1.73677000  25.71030000  4
7600  1  16.69390000  8.88458000  13.08140000  4
7601  1  16.87740000  32.38040000  3.72283000  4
7602  1  28.66580000  2.28878000  29.64330000  3
7603  1  19.35570000  12.37040000  29.06870000  4
7604  1  6.26189000  28.84990000  0.65608700  4
7605  1  5.76125000  8.02645000  5.87550000  4
7606  1  13.66210000  0.29960500  25.78660000  4
7607  1  19.87190000  19.23630000  30.11940000  4
7608  1  11.94500000  12.75020000  33.50950000  4
7609  1  28.15350000  30.01700000  27.89520000  4
7610  1  35.07060000  31.22660000  4.23285000  4
7611  1  32.16090000  32.11070000  35.53800000  3
7612  1  31.39800000  9.84614000  31.76980000  4
7613  1  31.20700000  9.11426000  21.03530000  4
7614  1  3.28902000  22.49090000  13.33430000  4
7615  1  17.80860000  24.81940000  6.21924000  4
7616  1  26.03690000  23.06360000  25.69100000  4
7617  1  3.76785000  33.91990000  26.46430000  4
7618  1  24.91610000  29.61870000  2.68131000  4
7619  1  4.95001000  12.87040000  29.40260000  3
7620  1  1.39293000  13.48950000  17.79690000  3
7621  1  35.91150000  9.29448000  32.82750000  4
7622  1  4.78144000  24.13340000  1.09481000  3
7623  1  31.89290000  31.10340000  21.50040000  4
7624  1  22.20360000  4.07437000  4.13587000  4
7625  1  32.11790000  17.55340000  20.16410000  4
7626  1  10.95580000  1.17370000  28.93520000  4
7627  1  14.41090000  23.42960000  23.36410000  4
7628  1  30.67090000  6.45336000  29.49600000  3
7629  1  34.59530000  25.16120000  33.99480000  4
7630  1  32.94460000  31.06470000  0.24912900  4
7631  1  34.46230000  37.24950000  28.69080000  3
7632  1  7.52090000  12.92580000  31.30900000  4
7633  1  4.27194000  3.24115000  31.23570000  4
7634  1  3.47562000  0.24531600  35.26830000  4
7635  1  31.42920000  29.96200000  4.35828000  4
7636  1  19.27220000  33.65350000  4.67901000  4
7637  1  8.85821000  28.25950000  22.67830000  4
7638  1  6.78177000  4.67531000  37.17950000  4
7639  1  6.77772000  1.64249000  11.32140000  4
7640  1  3.01761000  6.86916000  15.82030000  4
7641  1  14.83370000  29.05860000  16.67010000  4
7642  1  11.33180000  7.34802000  36.47310000  4
7643  1  18.67330000  35.60940000  3.40536000  4
7644  1  3.80917000  27.11890000  12.02760000  3
7645  1  13.52650000  37.27560000  5.36088000  4
7646  1  30.04940000  11.21840000  19.29440000  4
7647  1  0.68099200  6.13154000  3.27942000  3
7648  1  29.45270000  21.37960000  14.02580000  4
7649  1  20.92880000  14.82290000  19.77440000  4
7650  1  8.14925000  5.55827000  4.12136000  4
7651  1  2.07645000  0.80867700  24.39730000  4
7652  1  34.05860000  8.79679000  27.19150000  4
7653  1  4.60924000  34.42410000  36.37410000  4
7654  1  13.79950000  12.18880000  14.94100000  3
7655  1  11.30970000  13.55170000  27.45930000  4
7656  1  24.51650000  36.12080000  12.63670000  3
7657  1  26.76150000  31.97220000  28.91470000  4
7658  1  18.18080000  26.50710000  9.01174000  4
7659  1  7.26766000  11.87530000  25.25700000  3
7660  1  36.47380000  31.23630000  1.56776000  4
7661  1  29.22620000  37.21050000  5.31878000  3
7662  1  9.57803000  12.94590000  19.49250000  3
7663  1  17.93980000  17.01000000  11.35150000  3
7664  1  25.93180000  17.55770000  27.91110000  3
7665  1  14.25830000  13.69220000  33.02590000  4
7666  1  8.15396000  5.63837000  17.04900000  4
7667  1  16.34150000  37.35930000  9.92258000  4
7668  1  22.51310000  7.36588000  12.55360000  3
7669  1  11.01650000  15.20870000  23.92290000  3
7670  1  27.36210000  3.04232000  13.58770000  4
7671  1  24.89030000  10.01870000  34.59940000  3
7672  1  15.72430000  13.23160000  17.88540000  4
7673  1  14.81720000  10.17160000  27.28850000  3
7674  1  3.09316000  21.88320000  22.08190000  4
7675  1  36.31830000  24.22340000  8.08513000  4
7676  1  8.77554000  26.61830000  32.00370000  4
7677  1  26.04200000  3.19208000  14.38120000  4
7678  1  0.83633500  19.15040000  15.78120000  3
7679  1  36.75690000  24.44680000  12.96930000  4
7680  1  29.93480000  6.53853000  14.11240000  4
7681  1  1.35319000  4.16471000  9.77886000  4
7682  1  11.77890000  11.69610000  22.61300000  3
7683  1  37.28270000  15.99150000  16.35280000  3
7684  1  9.89970000  10.93830000  30.73390000  4
7685  1  24.56900000  14.45290000  11.74180000  4
7686  1  23.85590000  15.54410000  3.63829000  3
7687  1  26.86210000  18.44200000  10.64390000  4
7688  1  26.05870000  7.09305000  27.73450000  4
7689  1  22.87890000  18.79180000  21.58400000  4
7690  1  13.41760000  28.38290000  16.86520000  4
7691  1  31.33960000  32.43450000  22.15610000  4
7692  1  36.19820000  7.58708000  6.02079000  4
7693  1  6.94284000  26.98750000  36.61580000  4
7694  1  8.88083000  5.85729000  26.43110000  4
7695  1  4.04915000  33.13400000  16.26890000  3
7696  1  2.21517000  25.44430000  6.23555000  3
7697  1  24.01260000  25.07290000  34.25030000  4
7698  1  0.10718300  8.24819000  19.47320000  4
7699  1  36.91260000  17.89340000  34.13410000  4
7700  1  28.03910000  32.28350000  36.86080000  4
7701  1  27.61620000  31.04250000  19.34610000  3
7702  1  19.68370000  2.04020000  9.54746000  4
7703  1  1.52430000  19.50110000  13.52660000  3
7704  1  3.55146000  34.98030000  28.67190000  4
7705  1  36.99390000  3.75304000  2.11473000  4
7706  1  14.78780000  28.19790000  26.56270000  4
7707  1  33.19380000  28.72220000  33.93780000  4
7708  1  14.00720000  19.04990000  36.08940000  4
7709  1  26.66850000  9.18783000  30.03650000  4
7710  1  14.49600000  21.21740000  14.48110000  4
7711  1  26.96310000  10.85870000  37.40960000  4
7712  1  29.34490000  27.31380000  24.69250000  4
7713  1  8.26430000  31.25130000  2.88588000  4
7714  1  17.97010000  0.33349700  17.41160000  4
7715  1  6.52972000  34.82780000  21.57040000  3
7716  1  5.59001000  32.67660000  24.51220000  4
7717  1  23.51500000  32.51760000  25.17250000  4
7718  1  17.95970000  26.12370000  3.66833000  3
7719  1  9.36296000  9.55597000  6.97365000  4
7720  1  7.51792000  25.73030000  20.31130000  4
7721  1  26.63050000  13.01200000  34.00180000  4
7722  1  3.48339000  21.08150000  11.40690000  4
7723  1  24.10020000  22.82240000  6.89432000  3
7724  1  6.53292000  0.16211000  10.82630000  4
7725  1  33.39000000  33.05230000  34.06500000  3
7726  1  33.87600000  2.58514000  18.56830000  4
7727  1  5.34307000  19.57400000  18.57410000  4
7728  1  3.74378000  5.79239000  36.84450000  4
7729  1  19.37990000  2.78534000  30.53910000  4
7730  1  31.02990000  36.61440000  2.56885000  4
7731  1  18.14760000  13.77700000  8.00896000  4
7732  1  36.79680000  10.25860000  9.77005000  4
7733  1  34.02180000  11.80910000  35.78200000  4
7734  1  8.00970000  16.24920000  16.96020000  4
7735  1  34.45980000  35.27390000  20.13560000  4
7736  1  20.02980000  32.51570000  12.10630000  3
7737  1  8.46398000  26.48370000  13.78100000  3
7738  1  6.82168000  30.84000000  34.84410000  4
7739  1  22.16010000  3.89687000  12.93710000  4
7740  1  17.34090000  34.95290000  24.04530000  4
7741  1  34.60540000  30.03040000  30.88880000  4
7742  1  25.13440000  14.57270000  22.37780000  3
7743  1  7.52182000  6.32589000  12.88320000  4
7744  1  6.80503000  0.58444800  15.93630000  4
7745  1  24.73920000  1.00413000  32.11910000  4
7746  1  6.23828000  36.62360000  32.12340000  3
7747  1  32.51420000  36.75700000  19.59620000  4
7748  1  30.06640000  32.90680000  16.40780000  3
7749  1  5.52220000  3.40165000  13.43080000  4
7750  1  15.93790000  10.11460000  21.03640000  3
7751  1  25.30830000  15.29350000  12.85020000  4
7752  1  7.57858000  26.81680000  17.05230000  4
7753  1  26.32450000  30.65420000  36.68180000  4
7754  1  19.23240000  35.12920000  8.00316000  3
7755  1  14.75660000  9.90830000  0.05422460  3
7756  1  14.61480000  10.12220000  30.74840000  4
7757  1  18.55600000  16.49430000  26.66300000  3
7758  1  35.40160000  3.15599000  14.44280000  4
7759  1  29.07710000  22.66410000  16.82510000  4
7760  1  23.42600000  6.35871000  34.41400000  4
7761  1  22.87840000  27.42690000  11.70570000  4
7762  1  22.59490000  7.89803000  9.44507000  4
7763  1  25.98870000  19.31140000  16.81630000  4
7764  1  11.60190000  15.33420000  3.85616000  4
7765  1  20.77790000  3.65525000  23.47650000  4
7766  1  6.30445000  11.25810000  5.41959000  3
7767  1  25.20230000  24.53850000  2.45185000  4
7768  1  14.33990000  7.91145000  13.31280000  4
7769  1  9.06508000  28.76460000  15.64810000  4
7770  1  15.15190000  18.41820000  9.30973000  4
7771  1  35.63530000  23.47550000  35.55380000  4
7772  1  13.44310000  27.14190000  9.90354000  4
7773  1  25.76890000  17.62030000  32.03520000  4
7774  1  19.92230000  5.90326000  27.29180000  3
7775  1  31.77100000  18.51560000  23.74400000  4
7776  1  23.81320000  0.33591100  10.26470000  4
7777  1  17.11710000  2.03460000  13.92560000  4
7778  1  33.88440000  10.21710000  29.41090000  4
7779  1  26.25860000  33.16640000  19.46220000  4
7780  1  5.37431000  25.38450000  33.22380000  4
7781  1  15.26070000  36.90230000  27.84430000  4
7782  1  8.05331000  17.12310000  6.23726000  3
7783  1  28.39080000  2.25654000  5.62062000  3
7784  1  8.58715000  23.52640000  3.13194000  4
7785  1  8.04366000  36.70250000  26.42200000  4
7786  1  15.03400000  17.21640000  32.77460000  4
7787  1  12.70290000  8.20496000  34.07070000  4
7788  1  23.46700000  29.05150000  27.45420000  3
7789  1  22.05940000  6.99757000  24.95690000  4
7790  1  0.09430730  26.53710000  2.48724000  3
7791  1  0.46754100  19.53960000  14.50750000  3
7792  1  26.45370000  4.41023000  2.99189000  3
7793  1  23.20100000  32.67720000  16.28280000  4
7794  1  8.49608000  36.21190000  16.48270000  3
7795  1  28.06130000  2.03663000  22.47400000  4
7796  1  4.94463000  20.15220000  3.38752000  3
7797  1  30.22960000  19.58030000  4.88062000  4
7798  1  16.86030000  3.22075000  2.14713000  3
7799  1  18.78240000  29.36990000  21.89950000  4
7800  1  22.14880000  22.02080000  28.97740000  3
7801  1  30.98110000  29.62940000  1.26809000  4
7802  1  19.51090000  19.62990000  18.30530000  3
7803  1  23.03910000  12.52650000  17.41160000  4
7804  1  14.77810000  28.19060000  19.71640000  3
7805  1  12.57960000  22.44670000  27.21220000  4
7806  1  14.66830000  21.82670000  6.64829000  3
7807  1  23.16160000  31.83150000  5.01322000  4
7808  1  31.40990000  26.13920000  11.88690000  4
7809  1  25.60820000  20.34390000  9.49228000  4
7810  1  23.87750000  25.66770000  4.76027000  4
7811  1  9.35203000  20.43550000  11.76380000  4
7812  1  6.71075000  12.02940000  2.73043000  4
7813  1  18.69010000  2.57026000  22.27040000  4
7814  1  26.45370000  7.45239000  32.26110000  4
7815  1  20.40470000  7.05993000  8.73668000  4
7816  1  14.05500000  14.01960000  27.29670000  4
7817  1  28.32030000  12.00360000  6.82149000  4
7818  1  17.19390000  30.87980000  28.42610000  4
7819  1  3.38971000  13.97430000  9.64734000  4
7820  1  5.89758000  8.61472000  27.53250000  4
7821  1  32.11770000  6.37098000  5.41523000  4
7822  1  37.29890000  36.31920000  36.94690000  3
7823  1  36.84570000  0.05013590  34.77160000  3
7824  1  7.66493000  22.25140000  32.27130000  4
7825  1  37.41890000  0.72439200  27.38990000  4
7826  1  3.96758000  1.20673000  28.21720000  4
7827  1  30.83050000  16.94460000  34.20360000  4
7828  1  21.94470000  12.57320000  16.46900000  3
7829  1  6.83699000  15.04540000  2.70442000  4
7830  1  29.58100000  33.84580000  33.33210000  4
7831  1  11.30210000  6.16249000  19.57500000  4
7832  1  26.97730000  16.86640000  10.21090000  4
7833  1  36.66120000  8.56966000  30.32710000  4
7834  1  29.19630000  8.03832000  7.24302000  3
7835  1  18.78370000  24.90380000  3.60267000  4
7836  1  31.66790000  13.65670000  2.08653000  4
7837  1  11.38800000  10.90530000  0.40896800  4
7838  1  7.19758000  36.56730000  16.23490000  3
7839  1  29.25930000  16.34380000  3.45099000  4
7840  1  6.04100000  27.60680000  20.05680000  4
7841  1  23.73510000  2.98855000  37.39850000  4
7842  1  18.18130000  12.99270000  29.79570000  4
7843  1  6.38475000  25.77410000  9.11026000  4
7844  1  27.52690000  13.61680000  1.39532000  3
7845  1  1.83523000  34.98400000  15.41710000  4
7846  1  5.83302000  29.91370000  14.46820000  4
7847  1  2.92244000  8.75867000  20.28240000  3
7848  1  24.41050000  26.44570000  32.36450000  4
7849  1  0.60274400  13.55770000  13.40400000  4
7850  1  29.79480000  13.29850000  5.29169000  4
7851  1  4.03926000  32.17060000  1.47186000  4
7852  1  36.53550000  30.88230000  16.66590000  3
7853  1  17.30100000  13.67120000  10.12120000  4
7854  1  23.40490000  19.54470000  31.22220000  3
7855  1  26.28010000  2.11115000  11.72000000  4
7856  1  10.78200000  24.66010000  25.21600000  4
7857  1  36.67950000  1.26865000  13.45400000  4
7858  1  15.54790000  18.72980000  19.98080000  4
7859  1  33.46140000  8.70283000  15.69780000  4
7860  1  26.16730000  0.37755100  3.65156000  4
7861  1  1.76397000  1.34343000  19.97070000  4
7862  1  27.48080000  26.46150000  14.52920000  4
7863  1  10.24310000  26.63850000  15.86340000  3
7864  1  20.75530000  17.10930000  31.69020000  4
7865  1  22.52490000  7.85792000  21.67820000  4
7866  1  27.03140000  0.77568000  20.19680000  3
7867  1  34.34470000  23.83190000  30.95580000  4
7868  1  0.09672170  14.79050000  11.36100000  3
7869  1  30.81500000  6.36794000  24.58420000  4
7870  1  20.05480000  11.55480000  10.21820000  4
7871  1  34.71560000  15.79360000  35.34380000  4
7872  1  27.57260000  25.52060000  23.54650000  4
7873  1  31.06340000  0.25272000  1.39998000  4
7874  1  21.72820000  37.12100000  34.19770000  3
7875  1  0.19718600  30.22470000  32.04760000  4
7876  1  0.85429200  10.28430000  17.59640000  4
7877  1  15.45950000  3.38773000  20.72290000  4
7878  1  30.51550000  0.09761400  36.68430000  4
7879  1  3.88239000  36.46730000  2.12503000  4
7880  1  33.72510000  17.82300000  9.70739000  3
7881  1  6.23356000  36.87050000  20.18880000  4
7882  1  19.40700000  32.77420000  8.44302000  4
7883  1  30.89250000  8.38850000  19.56300000  4
7884  1  8.89064000  7.57875000  29.78070000  4
7885  1  28.62870000  29.02620000  13.16780000  4
7886  1  11.48030000  3.44677000  5.68623000  4
7887  1  3.40017000  22.28750000  10.41160000  4
7888  1  35.98090000  27.62620000  25.41420000  4
7889  1  13.88710000  33.05610000  25.43700000  4
7890  1  15.41250000  21.49210000  4.23073000  4
7891  1  34.90410000  13.23240000  19.70830000  4
7892  1  21.49230000  19.65460000  32.62030000  4
7893  1  3.03375000  33.06200000  30.05720000  3
7894  1  30.83940000  6.17764000  12.90930000  4
7895  1  2.54263000  15.23200000  1.01284000  3
7896  1  18.86520000  34.76580000  34.77020000  4
7897  1  26.34340000  3.42250000  22.45210000  4
7898  1  10.76390000  0.69403200  0.03109470  3
7899  1  2.99195000  23.59910000  17.88220000  4
7900  1  9.77624000  12.71670000  2.64861000  3
7901  1  5.60172000  17.08850000  26.69740000  4
7902  1  32.18730000  28.46620000  21.30580000  4
7903  1  3.62345000  17.15740000  10.74810000  3
7904  1  30.03100000  14.34560000  25.40730000  4
7905  1  23.67060000  20.31080000  28.71770000  4
7906  1  29.04010000  9.03182000  2.98665000  4
7907  1  25.70230000  31.15780000  13.44570000  4
7908  1  0.73959000  23.84030000  3.81337000  4
7909  1  8.18807000  12.81450000  27.61820000  4
7910  1  21.91960000  11.94370000  37.20570000  4
7911  1  14.61740000  3.71849000  13.45890000  4
7912  1  25.79490000  24.64340000  3.96197000  4
7913  1  12.91730000  14.02830000  11.67980000  3
7914  1  17.58230000  10.68140000  23.55890000  3
7915  1  7.34664000  22.77110000  5.11326000  4
7916  1  2.91362000  21.59160000  20.57320000  4
7917  1  22.50830000  5.51075000  4.61383000  4
7918  1  35.87870000  3.56874000  7.13531000  4
7919  1  8.29929000  9.59562000  5.83951000  4
7920  1  25.21920000  14.85700000  10.46440000  3
7921  1  19.63350000  31.27480000  12.74630000  4
7922  1  25.92050000  4.67990000  23.13130000  3
7923  1  17.97420000  26.31470000  18.76510000  4
7924  1  25.25320000  17.06930000  14.22230000  4
7925  1  29.75050000  18.82850000  8.44951000  3
7926  1  13.95410000  8.54107000  18.71830000  3
7927  1  36.61200000  31.73920000  29.51530000  4
7928  1  8.06545000  0.16132200  29.76130000  4
7929  1  18.24760000  33.95910000  17.73100000  3
7930  1  7.90768000  16.45590000  20.74960000  4
7931  1  26.03070000  4.56821000  15.07590000  4
7932  1  19.81910000  16.42100000  32.67340000  3
7933  1  35.45500000  15.32980000  6.14550000  4
7934  1  7.31186000  17.97940000  15.20360000  4
7935  1  14.84390000  35.87050000  3.83227000  4
7936  1  23.13550000  18.13560000  29.34500000  4
7937  1  30.53560000  12.19890000  10.88020000  4
7938  1  32.92960000  23.62750000  6.58296000  4
7939  1  23.69090000  0.85391300  24.43340000  3
7940  1  37.20710000  11.35230000  15.80910000  3
7941  1  35.04860000  14.48610000  23.48420000  4
7942  1  26.35850000  13.14150000  2.19677000  4
7943  1  20.89720000  30.54780000  28.80770000  4
7944  1  7.91295000  32.35180000  0.72027600  4
7945  1  29.41940000  26.93780000  23.15810000  4
7946  1  24.19000000  12.65340000  20.95240000  4
7947  1  29.88070000  27.56210000  4.53272000  4
7948  1  29.85020000  20.84200000  30.20740000  4
7949  1  34.34710000  17.48130000  28.96960000  4
7950  1  0.80235800  9.71534000  19.08470000  4
7951  1  35.42920000  19.70590000  29.47690000  4
7952  1  13.98730000  22.70550000  14.56110000  4
7953  1  17.20670000  20.07660000  26.87200000  4
7954  1  24.92680000  13.25760000  4.24270000  4
7955  1  30.03850000  22.11740000  12.85300000  4
7956  1  15.83550000  17.21820000  15.12010000  3
7957  1  25.34170000  17.13800000  35.78980000  4
7958  1  29.73790000  30.38430000  6.22366000  4
7959  1  15.87850000  16.76020000  29.29480000  4
7960  1  37.38980000  0.70689900  11.07990000  3
7961  1  12.13670000  34.76440000  12.82960000  4
7962  1  3.91887000  13.04920000  17.15360000  4
7963  1  23.20880000  19.33940000  10.31130000  4
7964  1  10.83170000  13.09270000  5.16415000  4
7965  1  21.22730000  33.33070000  14.14800000  4
7966  1  4.69971000  32.04420000  13.81230000  4
7967  1  8.99580000  3.60274000  22.47540000  4
7968  1  0.23711200  4.25718000  14.46660000  4
7969  1  28.07880000  34.02500000  30.81460000  3
7970  1  26.72750000  7.19006000  1.98563000  4
7971  1  9.12089000  15.96620000  3.38964000  3
7972  1  17.44400000  4.75067000  21.78850000  4
7973  1  30.53420000  34.64660000  37.13730000  3
7974  1  20.56800000  10.45660000  19.38390000  4
7975  1  10.94430000  13.01100000  10.42300000  4
7976  1  35.55070000  29.87270000  6.31323000  4
7977  1  33.67220000  15.67520000  19.11530000  3
7978  1  29.71720000  20.19720000  28.79790000  4
7979  1  36.04740000  32.08960000  17.28930000  3
7980  1  0.54753800  11.16290000  23.47520000  4
7981  1  25.44270000  20.65080000  16.57080000  3
7982  1  33.68760000  4.27537000  24.73550000  4
7983  1  17.11280000  5.79089000  2.52485000  3
7984  1  6.69273000  36.80290000  22.79760000  4
7985  1  35.44670000  24.83390000  2.55469000  4
7986  1  17.65790000  30.00150000  32.48750000  3
7987  1  19.57360000  0.52677000  31.24290000  4
7988  1  31.07400000  4.56922000  23.04050000  4
7989  1  35.02790000  26.54320000  13.44380000  4
7990  1  25.29350000  9.17961000  17.71240000  4
7991  1  36.41170000  18.47100000  17.58710000  4
7992  1  33.18310000  25.68750000  32.14410000  4
7993  1  12.31340000  24.18060000  0.62566700  4
7994  1  28.23370000  28.98900000  32.63830000  4
7995  1  10.21390000  3.07487000  11.55750000  3
7996  1  33.24640000  24.78480000  30.96340000  4
7997  1  6.24764000  31.39500000  24.17930000  3
7998  1  22.63890000  12.51020000  4.37018000  4
7999  1  29.02080000  13.63330000  16.99080000  4
8000  2  14.33370000  3.52912000  22.86940000  1
8001  2  19.96440000  5.05378000  35.29390000  1
8002  2  36.51030000  28.76390000  3.47404000  1
8003  2  15.32450000  33.05750000  36.59200000  1
8004  2  31.90760000  35.32870000  21.70090000  1
8005  2  7.05784000  36.86650000  12.90240000  1
8006  2  15.16020000  25.65810000  7.48231000  2
8007  2  35.22250000  5.90580000  24.40350000  1
8008  2  29.69300000  1.10198000  34.22730000  1
8009  2  18.52830000  29.04370000  37.20720000  2
8010  2  12.37790000  29.05540000  37.39820000  1
8011  2  6.55156000  16.96260000  22.53560000  1
8012  2  8.44244000  37.25220000  14.36180000  1
8013  2  35.08360000  25.97640000  29.93150000  1
8014  2  31.60960000  0.31145200  13.84130000  2
8015  2  26.76060000  1.04391000  30.56330000  1
8016  2  25.33290000  5.90081000  18.06690000  1
8017  2  24.86430000  14.99970000  5.71364000  1
8018  2  19.03260000  10.54510000  18.28130000  1
8019  2  3.78245000  28.06660000  37.10200000  2
8020  2  18.24940000  8.40404000  11.68170000  2
8021  2  28.81680000  36.67660000  15.69510000  1
8022  2  4.92688000  6.01777000  13.11070000  1
8023  2  4.38524000  3.89090000  28.04620000  1
8024  2  33.73150000  1.54167000  18.44310000  1
8025  2  27.32320000  6.97332000  22.52250000  1
8026  2  0.98769100  15.89850000  17.95590000  1
8027  2  2.62926000  14.15720000  13.12860000  2
8028  2  32.70250000  14.02300000  25.68280000  1
8029  2  17.72930000  13.81550000  13.47480000  2
8030  2  35.53240000  36.95200000  7.21610000  1
8031  2  30.22380000  29.01650000  24.17730000  1
8032  2  27.84900000  11.37510000  0.36140500  1
8033  2  27.62080000  31.64950000  5.33550000  1
8034  2  36.36760000  32.34130000  24.25720000  1
8035  2  32.48710000  27.35430000  3.83498000  1
8036  2  1.60933000  24.28560000  16.23320000  1
8037  2  8.73812000  1.21368000  20.04510000  1
8038  2  10.15370000  1.00989000  11.50370000  1
8039  2  4.92044000  13.09410000  20.38990000  1
8040  2  17.04640000  16.16100000  22.17610000  1
8041  2  30.18670000  17.65440000  21.04820000  2
8042  2  28.52400000  24.45030000  17.58410000  1
8043  2  0.19768500  21.07380000  13.67070000  1
8044  2  14.58680000  23.78860000  25.94840000  1
8045  2  20.31300000  13.12920000  35.81360000  1
8046  2  34.00270000  32.81860000  10.66310000  1
8047  2  30.89450000  20.66820000  36.03520000  1
8048  2  25.84410000  30.72490000  18.08480000  1
8049  2  0.04966410  27.78910000  28.90390000  2
8050  2  0.80049700  31.05520000  18.51990000  1
8051  2  24.24310000  6.82870000  10.27770000  1
8052  2  21.48850000  1.66207000  33.93480000  1
8053  2  18.75380000  14.25490000  34.13400000  1
8054  2  28.38830000  16.61310000  0.60448800  1
8055  2  23.07630000  28.78300000  21.84880000  1
8056  2  30.19900000  14.75270000  13.05030000  1
8057  2  10.89540000  2.11162000  9.76566000  1
8058  2  7.92129000  30.32850000  27.22590000  1
8059  2  23.72390000  36.05190000  15.02750000  2
8060  2  0.82703700  21.43050000  15.78560000  1
8061  2  35.12380000  17.03610000  7.95024000  1
8062  2  4.01889000  10.80540000  29.40660000  1
8063  2  36.18550000  14.80240000  7.00754000  2
8064  2  25.80430000  5.06632000  11.01830000  1
8065  2  18.70960000  34.44070000  10.83240000  1
8066  2  5.09150000  6.66879000  33.61910000  1
8067  2  33.47760000  30.29790000  19.73980000  1
8068  2  2.80040000  19.97210000  16.09150000  1
8069  2  1.10780000  23.68350000  12.14920000  1
8070  2  17.94570000  26.67770000  11.10220000  1
8071  2  2.74579000  33.64230000  36.48420000  1
8072  2  19.73260000  19.99650000  15.06410000  1
8073  2  17.64320000  33.08860000  35.79560000  2
8074  2  12.50920000  5.24761000  5.02750000  1
8075  2  24.36050000  15.60680000  7.32582000  1
8076  2  32.75360000  21.42160000  32.65080000  1
8077  2  24.02500000  6.57805000  8.57188000  1
8078  2  24.02540000  23.40970000  9.68995000  2
8079  2  30.51000000  24.92700000  32.86300000  1
8080  2  3.23112000  31.42930000  11.58100000  1
8081  2  22.74230000  24.60680000  10.52150000  1
8082  2  22.17050000  23.33900000  24.10080000  1
8083  2  4.66984000  29.08120000  30.72670000  1
8084  2  29.51150000  0.94762800  17.14680000  2
8085  2  15.19010000  13.54130000  33.99880000  2
8086  2  15.90450000  25.61350000  24.91690000  2
8087  2  36.59760000  32.93700000  22.39920000  1
8088  2  20.86720000  3.30920000  19.32030000  1
8089  2  8.73460000  1.49367000  37.29610000  1
8090  2  23.61900000  5.23200000  10.19090000  1
8091  2  2.39219000  16.58870000  18.89920000  1
8092  2  1.83645000  0.54379500  28.36910000  1
8093  2  26.45270000  11.76410000  19.29750000  1
8094  2  5.84508000  2.03999000  32.43520000  2
8095  2  7.81258000  27.69430000  34.44720000  1
8096  2  30.55700000  27.07260000  0.11060300  1
8097  2  23.89500000  31.68380000  29.02530000  1
8098  2  33.24040000  8.31702000  34.07680000  2
8099  2  1.79799000  32.82970000  34.51990000  1
8100  2  36.55570000  8.54016000  19.83100000  1
8101  2  19.21450000  33.84660000  26.65430000  1
8102  2  13.09650000  31.57090000  30.24280000  1
8103  2  30.00250000  26.35520000  33.99250000  2
8104  2  29.96190000  16.42820000  2.72070000  1
8105  2  33.12690000  12.67020000  24.03240000  1
8106  2  1.06263000  28.30650000  13.27250000  1
8107  2  23.24210000  29.80520000  17.31780000  2
8108  2  8.38078000  28.75470000  9.68968000  1
8109  2  16.47250000  10.84620000  12.54330000  2
8110  2  28.28190000  35.87450000  31.61080000  1
8111  2  17.98630000  15.73260000  35.31430000  1
8112  2  36.11180000  1.57222000  24.69520000  1
8113  2  25.13580000  29.58010000  18.97520000  1
8114  2  13.95720000  13.89200000  13.72010000  1
8115  2  4.56831000  32.49360000  27.78610000  1
8116  2  33.63690000  33.86800000  2.90674000  1
8117  2  4.63270000  26.74550000  24.85310000  1
8118  2  9.82856000  7.83855000  23.64660000  2
8119  2  18.09340000  14.24800000  35.96940000  1
8120  2  7.33954000  31.63310000  31.12230000  1
8121  2  1.58590000  22.18970000  17.32090000  1
8122  2  22.04820000  13.71840000  34.89900000  2
8123  2  13.97160000  19.43590000  7.51447000  1
8124  2  2.86943000  33.38110000  11.39530000  1
8125  2  16.48900000  16.71420000  35.52610000  1
8126  2  17.09750000  14.54900000  20.78450000  1
8127  2  24.28200000  6.27806000  13.07490000  2
8128  2  33.98510000  22.96260000  31.42700000  1
8129  2  16.51650000  1.49681000  2.05089000  1
8130  2  20.21150000  24.37790000  19.39200000  1
8131  2  23.90080000  17.90650000  19.85460000  2
8132  2  12.47100000  0.64579300  19.89230000  1
8133  2  14.13550000  6.28595000  30.21580000  2
8134  2  23.46680000  6.04560000  3.67339000  2
8135  2  23.87910000  24.80320000  7.84781000  1
8136  2  2.41320000  27.16720000  13.83090000  1
8137  2  28.65220000  13.46890000  14.81890000  1
8138  2  8.90376000  1.12854000  1.84742000  1
8139  2  10.88760000  16.57990000  8.48392000  2
8140  2  29.18440000  12.33280000  0.22124300  1
8141  2  35.96330000  5.78958000  1.83253000  2
8142  2  3.06831000  25.79310000  10.67050000  2
8143  2  1.53215000  26.18670000  16.93330000  2
8144  2  13.43940000  20.25000000  27.08940000  1
8145  2  8.15179000  21.48840000  25.12720000  2
8146  2  27.09410000  35.18380000  5.81225000  2
8147  2  3.41733000  33.25780000  25.66840000  1
8148  2  30.43320000  24.81200000  9.29303000  2
8149  2  32.15180000  34.80380000  2.60592000  1
8150  2  5.68483000  22.63280000  26.43750000  1
8151  2  14.53340000  33.32350000  0.71156000  1
8152  2  15.77090000  25.08000000  28.18980000  1
8153  2  3.20680000  20.19590000  29.40970000  1
8154  2  14.01360000  20.11860000  19.25670000  1
8155  2  32.09370000  33.43770000  1.72426000  1
8156  2  10.88720000  20.63100000  10.38690000  1
8157  2  15.79240000  35.19890000  29.90420000  1
8158  2  7.51239000  34.18870000  29.64820000  1
8159  2  34.80380000  2.98876000  20.49420000  2
8160  2  11.42550000  1.47234000  16.91420000  1
8161  2  13.45270000  33.26550000  34.50760000  1
8162  2  25.17940000  2.67390000  33.30500000  1
8163  2  34.51800000  36.13470000  2.80460000  1
8164  2  19.52040000  17.06450000  6.57862000  1
8165  2  33.18620000  11.73430000  30.91360000  2
8166  2  16.41710000  3.09922000  18.06100000  2
8167  2  16.45720000  14.23400000  27.24100000  1
8168  2  26.54840000  37.08920000  7.21051000  1
8169  2  9.79310000  10.22570000  22.80210000  1
8170  2  9.60279000  17.06020000  7.33419000  1
8171  2  0.94340700  32.69910000  10.99640000  1
8172  2  34.96850000  26.14670000  26.68250000  1
8173  2  23.06850000  21.98470000  10.13640000  1
8174  2  6.48410000  10.94470000  27.18670000  1
8175  2  9.43203000  14.52430000  10.86220000  1
8176  2  14.67580000  31.33590000  2.18371000  1
8177  2  30.86010000  15.18610000  6.98809000  1
8178  2  22.01930000  33.48980000  10.08130000  1
8179  2  16.13480000  22.61600000  32.12680000  1
8180  2  9.10508000  31.23570000  9.60008000  2
8181  2  5.71321000  23.20030000  30.97110000  1
8182  2  7.38530000  9.54733000  6.40987000  2
8183  2  26.83630000  13.40410000  8.26629000  2
8184  2  0.86206700  16.97730000  27.01850000  1
8185  2  1.53369000  33.85590000  30.16790000  1
8186  2  26.15970000  1.83481000  26.42630000  2
8187  2  15.58250000  27.64310000  0.06730930  2
8188  2  9.67017000  2.89456000  3.78456000  1
8189  2  30.48040000  16.89900000  8.05487000  1
8190  2  32.39930000  25.57130000  33.90490000  2
8191  2  20.32750000  21.91540000  23.30910000  1
8192  2  2.97639000  22.90080000  3.16931000  2
8193  2  8.95277000  14.99450000  26.98180000  2
8194  2  17.80050000  36.89450000  5.38290000  2
8195  2  22.40610000  26.77920000  33.06280000  1
8196  2  8.90880000  26.84630000  24.24520000  1
8197  2  11.02540000  31.56610000  27.91240000  2
8198  2  29.72540000  27.15000000  2.00082000  1
8199  2  11.02760000  15.48470000  16.10410000  1
8200  2  26.99890000  0.50962800  5.54471000  1
8201  2  16.08940000  7.96427000  19.54800000  1
8202  2  8.23254000  2.66755000  24.26620000  1
8203  2  34.66760000  15.77270000  6.77731000  1
8204  2  15.55070000  14.98760000  15.71340000  1
8205  2  25.50830000  35.94180000  23.73110000  1
8206  2  3.41177000  16.69020000  12.31770000  1
8207  2  9.54456000  22.59880000  32.92380000  1
8208  2  7.51832000  35.15120000  31.51440000  1
8209  2  36.80960000  18.31660000  28.12340000  1
8210  2  4.87534000  21.21980000  30.15050000  1
8211  2  4.16482000  31.00240000  25.14450000  1
8212  2  11.69020000  12.53200000  19.96640000  1
8213  2  2.51403000  14.89250000  16.72120000  1
8214  2  23.92750000  1.14154000  34.05890000  1
8215  2  26.29860000  14.35190000  30.50610000  1
8216  2  33.09510000  7.83511000  11.99700000  1
8217  2  13.02510000  10.90620000  26.11350000  1
8218  2  8.63142000  6.21392000  11.41730000  1
8219  2  35.89510000  2.81039000  33.08100000  1
8220  2  28.79530000  29.66790000  4.41007000  1
8221  2  26.19240000  9.25415000  33.47620000  1
8222  2  17.34580000  8.26443000  2.72044000  1
8223  2  19.80680000  21.17500000  16.58640000  1
8224  2  22.91270000  9.66217000  33.72640000  2
8225  2  15.76280000  19.29750000  14.71270000  1
8226  2  6.60709000  1.67031000  8.49086000  1
8227  2  34.24870000  11.70860000  24.73930000  1
8228  2  1.15797000  15.04170000  9.39744000  1
8229  2  28.21650000  22.67020000  21.76050000  1
8230  2  4.82573000  16.74480000  31.71590000  1
8231  2  14.10990000  25.42960000  26.06450000  1
8232  2  20.16470000  4.64070000  15.07140000  2
8233  2  7.80522000  35.70200000  14.00510000  1
8234  2  6.78799000  2.92718000  9.59549000  2
8235  2  28.16470000  36.39870000  17.52610000  1
8236  2  35.13940000  29.99410000  31.83900000  1
8237  2  35.80670000  29.21630000  29.02380000  1
8238  2  19.45600000  25.53570000  17.13360000  2
8239  2  7.01427000  21.55060000  0.59861400  1
