# particle_index particle_type x y z coordination
# type mapping: 1=C
# active pair cutoffs: C-C=1.900000
# skipped pair cutoffs: C-H=1.600000, H-H=0.900000
0  1  26.80050000  20.41970000  37.56730000  3
1  1  37.38420000  49.92830000  4.73221000  3
2  1  41.11780000  4.33309000  28.02330000  3
3  1  37.41770000  37.34990000  0.15394100  3
4  1  26.71350000  21.07000000  2.37128000  2
5  1  1.03672000  15.49510000  19.18210000  2
6  1  38.66320000  40.36600000  42.05420000  3
7  1  35.07620000  10.56220000  11.36870000  3
8  1  29.18470000  45.17080000  22.49530000  3
9  1  13.52370000  11.15900000  29.93210000  3
10  1  11.03620000  48.58520000  13.93780000  3
11  1  20.24290000  32.08160000  39.32120000  3
12  1  39.85540000  39.58580000  1.76664000  3
13  1  29.92990000  38.46530000  29.02140000  3
14  1  45.71010000  36.84890000  27.96920000  3
15  1  21.95090000  46.23980000  31.61090000  3
16  1  45.88780000  16.36830000  12.70400000  3
17  1  39.12780000  2.77448000  1.49086000  3
18  1  27.26850000  20.77590000  36.17690000  3
19  1  22.53780000  46.79820000  16.62130000  3
20  1  1.11251000  29.88010000  16.54650000  3
21  1  7.27637000  20.60460000  34.41860000  3
22  1  40.44930000  8.87264000  19.98660000  3
23  1  49.92790000  34.62300000  48.08050000  3
24  1  15.94720000  21.42030000  23.76880000  2
25  1  9.98315000  1.32747000  42.82810000  2
26  1  5.08183000  19.50550000  11.04160000  3
27  1  6.59695000  47.76050000  3.02655000  3
28  1  29.28690000  43.95470000  27.28030000  3
29  1  30.06060000  40.32440000  36.10870000  3
30  1  40.44760000  9.41437000  46.70980000  3
31  1  5.56255000  4.14270000  21.84300000  3
32  1  14.64770000  38.67250000  32.72300000  3
33  1  15.10930000  11.77630000  49.77160000  3
34  1  29.23780000  24.92140000  20.45260000  3
35  1  33.75520000  40.53430000  24.11310000  3
36  1  37.78980000  12.36370000  38.29750000  3
37  1  34.19670000  28.87790000  1.04375000  3
38  1  6.11866000  8.12207000  37.74190000  3
39  1  15.05220000  39.82830000  45.06080000  3
40  1  10.27330000  2.07125000  39.06940000  3
41  1  42.10910000  22.96760000  18.20740000  3
42  1  14.51130000  20.80950000  48.61020000  3
43  1  24.97030000  12.96440000  16.58140000  3
44  1  27.69380000  11.71720000  18.56490000  3
45  1  8.89624000  28.61930000  10.75840000  3
46  1  47.77660000  25.12910000  0.64487400  3
47  1  47.25140000  43.38820000  16.05830000  3
48  1  31.91310000  44.45110000  29.83870000  3
49  1  33.19090000  39.65130000  50.20720000  3
50  1  25.13800000  23.21210000  29.17010000  3
51  1  14.97170000  23.16890000  10.71540000  3
52  1  12.20630000  3.30709000  3.67909000  3
53  1  28.29000000  50.49980000  35.80020000  3
54  1  28.07950000  4.18169000  5.52725000  3
55  1  47.68430000  30.69270000  24.82770000  3
56  1  49.28760000  36.89840000  12.67160000  3
57  1  6.48637000  26.57280000  36.24780000  3
58  1  45.16950000  20.46890000  33.32630000  3
59  1  32.87220000  6.02864000  35.88310000  3
60  1  4.86819000  26.46180000  4.95694000  3
61  1  38.74770000  20.95410000  38.73680000  3
62  1  18.51190000  34.45050000  10.79510000  3
63  1  22.30400000  5.43606000  47.32550000  3
64  1  28.49580000  4.55795000  26.61300000  3
65  1  4.95361000  26.69110000  27.44600000  3
66  1  49.35300000  25.75160000  49.93360000  3
67  1  24.02770000  48.85200000  45.41610000  3
68  1  33.97020000  24.88050000  48.33510000  3
69  1  44.51010000  15.80040000  18.50630000  3
70  1  6.13096000  25.44150000  46.68440000  3
71  1  21.08420000  16.61860000  13.57100000  3
72  1  9.09835000  32.29270000  48.97400000  3
73  1  3.84307000  9.23181000  45.18980000  3
74  1  46.56700000  34.58810000  44.78430000  3
75  1  45.98150000  25.31820000  11.93680000  3
76  1  30.31720000  17.28070000  18.08990000  3
77  1  28.15400000  29.57110000  10.21380000  3
78  1  47.65070000  33.25680000  0.03625430  3
79  1  30.33650000  26.68790000  19.22460000  3
80  1  42.76850000  9.72770000  40.98980000  3
81  1  34.27050000  10.91420000  45.08080000  3
82  1  47.91000000  31.10680000  50.04920000  2
83  1  50.91980000  10.70180000  19.34220000  3
84  1  20.86870000  4.49423000  6.29055000  3
85  1  17.50830000  29.80810000  24.59110000  3
86  1  4.88473000  46.96810000  7.49991000  2
87  1  15.18370000  5.19283000  34.25630000  3
88  1  19.30830000  19.92580000  6.78308000  3
89  1  31.57430000  12.10730000  32.28750000  3
90  1  38.17640000  30.27770000  21.09040000  3
91  1  32.52530000  21.71980000  24.36460000  2
92  1  41.09240000  34.58460000  24.08350000  3
93  1  31.57010000  23.74650000  38.26280000  3
94  1  25.15490000  34.99320000  5.50960000  3
95  1  49.52490000  24.78490000  12.91370000  3
96  1  36.79040000  37.74910000  31.22450000  3
97  1  25.37410000  39.51590000  27.10360000  3
98  1  4.22563000  24.63500000  22.10190000  3
99  1  48.52880000  23.37320000  35.09780000  3
100  1  11.88030000  43.80350000  46.06950000  3
101  1  4.78963000  39.42770000  6.35485000  3
102  1  0.17492600  28.72290000  36.46790000  3
103  1  49.08120000  32.59510000  18.97640000  3
104  1  0.96384800  1.72440000  38.04650000  3
105  1  29.73560000  2.83507000  17.92700000  3
106  1  24.41640000  24.52240000  27.30580000  3
107  1  22.53530000  20.98060000  22.51670000  3
108  1  11.63520000  14.85820000  2.13667000  3
109  1  38.19660000  30.53500000  48.49700000  3
110  1  4.58410000  21.28830000  32.62640000  3
111  1  14.62750000  31.95910000  12.68760000  3
112  1  49.22430000  15.62710000  31.21000000  3
113  1  33.14000000  1.33333000  21.09690000  3
114  1  1.58715000  30.30720000  25.99300000  3
115  1  31.70860000  27.76930000  4.90384000  2
116  1  42.13550000  31.71910000  30.84920000  3
117  1  14.29400000  38.97570000  16.15350000  3
118  1  34.29010000  36.62290000  20.54880000  3
119  1  26.21200000  1.13310000  10.33850000  3
120  1  41.24190000  23.62220000  32.80140000  3
121  1  41.79160000  31.18030000  4.62590000  3
122  1  50.14520000  47.09860000  22.50070000  3
123  1  24.47140000  5.41826000  18.99890000  3
124  1  3.42261000  22.48740000  21.37620000  3
125  1  31.50110000  1.94368000  42.57910000  2
126  1  46.48000000  36.83760000  15.70610000  3
127  1  39.66450000  29.49610000  24.48350000  3
128  1  19.75780000  7.70985000  31.06230000  3
129  1  25.47190000  42.91570000  12.17930000  3
130  1  45.87610000  49.41930000  33.71730000  4
131  1  0.95148400  45.90820000  13.90660000  4
132  1  9.29207000  23.87430000  36.21970000  3
133  1  16.04370000  48.05560000  33.12540000  3
134  1  34.35360000  38.27950000  31.60100000  3
135  1  37.11600000  31.92740000  16.66570000  3
136  1  14.72440000  47.93900000  42.06940000  3
137  1  49.26790000  47.79860000  33.78180000  3
138  1  9.50494000  42.14350000  19.88560000  3
139  1  43.62700000  3.11424000  4.23284000  3
140  1  21.32450000  11.19150000  34.60670000  3
141  1  14.02120000  9.80219000  16.52460000  3
142  1  19.97950000  20.99460000  2.01984000  3
143  1  48.27790000  15.35310000  32.16890000  3
144  1  6.55643000  12.33750000  25.19290000  3
145  1  26.06260000  38.19870000  44.76820000  3
146  1  30.77860000  13.91300000  45.86060000  3
147  1  6.84980000  50.69070000  12.66820000  3
148  1  16.55480000  19.94360000  47.23920000  3
149  1  12.47660000  24.74010000  47.53870000  3
150  1  49.91260000  33.40870000  2.32565000  3
151  1  15.17100000  48.10990000  32.03410000  3
152  1  6.08821000  2.42302000  3.81244000  3
153  1  38.52500000  33.67840000  26.51980000  3
154  1  30.60550000  3.47116000  27.28920000  3
155  1  17.65700000  43.81910000  40.59130000  3
156  1  16.25570000  40.62910000  42.92580000  3
157  1  27.16210000  16.37100000  47.66350000  3
158  1  37.44620000  25.23970000  7.35957000  3
159  1  13.75910000  7.14532000  23.96390000  3
160  1  13.14670000  30.28820000  38.69870000  3
161  1  48.59790000  31.29630000  2.57004000  3
162  1  41.95210000  24.88050000  30.69020000  3
163  1  35.25160000  14.14000000  43.34830000  3
164  1  32.62670000  0.41043500  29.45310000  3
165  1  13.23750000  36.64320000  15.49750000  3
166  1  31.14220000  26.27390000  43.56670000  3
167  1  22.78840000  44.16300000  44.64360000  3
168  1  38.06260000  18.65900000  26.25880000  3
169  1  7.24988000  11.92170000  16.69550000  3
170  1  37.84250000  37.68760000  30.25900000  2
171  1  31.14290000  5.30799000  24.07700000  3
172  1  11.52080000  37.71310000  38.97480000  3
173  1  42.41820000  45.13200000  9.50228000  3
174  1  49.69260000  42.24170000  42.53000000  3
175  1  7.72378000  38.59260000  16.02540000  3
176  1  27.18050000  47.19570000  35.80530000  3
177  1  2.55338000  8.50801000  32.80900000  3
178  1  22.74480000  41.99730000  42.62490000  3
179  1  4.80079000  29.75420000  16.65640000  3
180  1  34.62520000  11.70900000  3.27242000  3
181  1  48.73840000  21.69530000  5.81153000  3
182  1  38.85770000  1.54052000  18.48560000  3
183  1  38.25460000  8.73394000  28.73140000  3
184  1  36.93710000  5.89525000  19.81490000  3
185  1  5.62432000  9.54490000  27.49850000  3
186  1  17.25150000  50.92630000  39.40850000  3
187  1  8.50428000  2.45658000  3.53959000  3
188  1  3.06207000  8.13115000  34.13390000  3
189  1  20.67200000  15.65660000  4.01369000  3
190  1  45.54340000  46.11340000  5.77022000  3
191  1  2.73799000  23.41210000  41.17650000  2
192  1  47.68080000  3.92169000  29.12490000  3
193  1  50.05370000  46.51830000  30.38910000  3
194  1  22.35530000  25.07860000  5.31122000  3
195  1  32.94940000  48.86550000  4.06044000  3
196  1  1.27330000  15.06580000  2.44860000  3
197  1  49.63990000  23.52200000  0.11314900  3
198  1  47.33360000  21.37610000  29.50520000  3
199  1  0.41129400  18.46570000  6.43262000  3
200  1  8.65111000  33.69340000  30.52450000  3
201  1  24.74140000  18.24190000  18.60270000  3
202  1  29.94990000  45.68480000  31.23590000  3
203  1  28.81310000  39.66490000  35.89870000  3
204  1  50.23310000  15.77140000  42.82020000  3
205  1  29.47810000  51.01870000  0.49476400  3
206  1  40.36810000  10.87600000  24.62540000  3
207  1  24.22580000  29.10140000  23.37370000  3
208  1  14.30500000  11.75370000  30.90310000  3
209  1  42.20530000  36.70910000  46.52670000  3
210  1  1.44191000  40.04780000  22.10030000  3
211  1  24.03960000  38.35710000  34.74370000  3
212  1  8.84564000  35.64250000  26.82620000  3
213  1  34.26450000  34.58850000  26.08990000  3
214  1  6.94028000  4.28568000  10.72780000  3
215  1  19.55100000  47.11530000  33.19500000  3
216  1  5.60777000  9.34604000  11.21990000  3
217  1  30.09040000  39.17220000  42.11420000  3
218  1  5.71748000  39.92290000  32.35490000  2
219  1  11.22110000  48.55230000  1.25915000  3
220  1  44.66730000  13.02560000  37.74620000  3
221  1  35.25330000  47.21980000  38.03760000  3
222  1  11.57730000  42.91690000  16.08790000  3
223  1  50.39590000  16.10030000  21.03200000  2
224  1  1.87011000  15.63350000  47.26410000  3
225  1  39.98630000  47.97280000  9.00735000  3
226  1  30.13280000  35.76000000  36.62130000  3
227  1  0.57445600  38.62520000  20.19490000  3
228  1  12.42050000  42.85510000  12.53910000  3
229  1  22.11220000  36.90720000  32.43480000  3
230  1  50.95130000  45.99680000  20.25160000  3
231  1  13.94290000  40.06100000  36.52540000  3
232  1  8.37837000  7.89518000  48.57180000  3
233  1  44.05980000  49.94000000  4.87717000  3
234  1  22.36670000  7.85202000  18.61530000  3
235  1  41.05990000  19.75420000  23.45600000  3
236  1  1.26259000  37.45170000  0.26122100  3
237  1  49.60080000  45.71940000  2.16548000  3
238  1  10.93890000  8.70060000  36.68960000  3
239  1  24.25960000  32.31360000  39.44510000  3
240  1  46.27380000  27.47210000  8.74396000  2
241  1  15.96030000  22.52360000  9.89727000  3
242  1  9.03668000  27.34110000  4.97954000  3
243  1  12.37510000  30.43080000  31.63310000  3
244  1  37.39910000  26.55070000  7.76363000  3
245  1  30.90160000  39.40250000  0.90533300  3
246  1  3.21464000  1.22248000  26.65540000  3
247  1  24.44080000  2.07034000  13.52330000  3
248  1  14.43660000  41.54550000  8.41195000  3
249  1  8.84234000  4.05127000  19.98470000  3
250  1  27.16730000  41.19620000  5.34778000  3
251  1  44.23090000  48.88580000  47.14750000  3
252  1  35.03610000  10.33590000  3.48427000  3
253  1  47.60520000  8.18807000  38.03720000  2
254  1  50.18950000  2.09305000  21.92700000  3
255  1  12.95800000  39.11820000  20.63200000  3
256  1  41.12620000  13.25610000  33.83750000  3
257  1  48.90030000  1.85055000  1.68129000  3
258  1  21.53670000  11.91500000  35.80560000  3
259  1  2.69185000  35.92740000  45.08340000  3
260  1  32.46170000  42.29730000  17.15520000  3
261  1  31.03760000  17.47760000  42.51930000  3
262  1  4.49563000  8.92025000  29.50690000  3
263  1  4.29618000  27.97720000  27.51110000  3
264  1  31.11550000  20.38420000  18.33040000  3
265  1  44.37410000  46.87930000  45.17590000  3
266  1  29.41970000  10.11840000  19.15290000  3
267  1  31.40610000  49.47140000  45.01340000  3
268  1  8.63365000  43.04190000  2.53773000  3
269  1  16.35890000  29.30190000  43.36340000  3
270  1  6.51724000  27.95150000  16.59630000  3
271  1  14.45580000  30.01260000  4.47337000  3
272  1  36.24890000  24.60540000  6.93945000  3
273  1  36.95740000  35.55200000  22.92370000  3
274  1  35.81660000  13.95860000  26.67460000  3
275  1  23.12480000  46.38070000  26.61170000  3
276  1  38.05690000  46.58030000  25.07920000  3
277  1  14.73740000  5.98079000  26.78690000  3
278  1  6.51266000  34.24440000  17.49820000  3
279  1  15.70820000  21.69880000  5.56566000  3
280  1  19.92990000  47.89950000  25.20640000  3
281  1  39.90820000  1.52414000  9.07310000  3
282  1  5.47494000  24.46910000  30.52150000  3
283  1  38.68980000  26.19550000  29.14320000  3
284  1  46.10600000  16.89350000  5.45513000  3
285  1  3.22564000  21.95020000  0.68024900  3
286  1  43.00150000  16.78550000  10.79250000  3
287  1  18.73300000  15.85090000  29.08260000  3
288  1  33.64340000  13.17070000  11.27240000  3
289  1  35.25110000  28.48550000  43.50380000  3
290  1  5.81575000  7.88114000  18.58690000  3
291  1  19.48490000  2.25187000  37.40350000  3
292  1  17.62530000  14.42660000  7.75171000  3
293  1  13.21720000  10.91610000  32.89590000  3
294  1  48.41620000  11.70110000  20.51310000  3
295  1  18.75930000  41.15430000  32.43700000  3
296  1  3.38481000  45.19990000  3.94935000  3
297  1  21.50900000  18.06940000  29.94130000  3
298  1  17.67640000  5.68110000  2.83679000  3
299  1  49.87370000  18.33810000  19.26730000  3
300  1  20.81880000  30.79910000  25.11090000  3
301  1  15.44120000  40.09820000  34.56640000  3
302  1  49.59790000  1.03213000  22.61900000  3
303  1  14.56440000  44.45680000  43.50850000  3
304  1  5.88088000  10.48650000  49.03860000  3
305  1  14.14760000  19.01220000  47.15470000  3
306  1  47.78710000  13.99580000  1.09705000  3
307  1  48.65750000  18.21310000  40.47890000  3
308  1  34.18320000  33.70930000  29.69790000  3
309  1  34.01230000  43.76830000  37.37100000  3
310  1  9.66959000  13.46050000  2.67710000  3
311  1  4.10265000  11.38610000  47.82240000  3
312  1  14.47230000  46.11060000  35.48670000  3
313  1  45.76640000  43.06010000  14.05270000  3
314  1  50.80510000  15.29410000  15.64190000  3
315  1  1.62737000  48.37770000  3.46542000  3
316  1  10.12340000  8.40871000  34.43240000  3
317  1  47.13080000  23.74540000  35.33520000  3
318  1  24.71900000  5.81069000  20.31960000  3
319  1  25.96330000  47.18860000  36.42650000  3
320  1  16.07270000  15.32330000  39.57570000  3
321  1  48.83320000  10.25020000  36.07040000  3
322  1  9.73912000  43.09090000  21.03580000  3
323  1  32.48490000  36.64580000  15.70520000  3
324  1  18.60270000  45.19440000  35.14510000  3
325  1  43.63190000  33.69830000  27.34490000  3
326  1  8.90061000  27.34470000  43.11800000  3
327  1  44.82520000  9.46079000  28.09270000  3
328  1  4.17177000  18.42480000  33.00300000  3
329  1  16.19900000  7.25858000  23.53340000  3
330  1  50.00200000  18.06490000  28.63980000  3
331  1  32.31400000  3.23952000  38.48830000  3
332  1  48.82340000  35.67400000  4.48451000  3
333  1  12.19190000  50.74330000  18.20110000  3
334  1  9.73775000  1.85469000  40.43270000  3
335  1  34.93560000  4.03474000  23.02080000  3
336  1  40.60840000  23.73710000  14.42080000  2
337  1  50.55090000  4.10496000  43.03460000  3
338  1  32.50120000  36.23290000  37.04100000  3
339  1  42.45020000  30.64310000  33.04170000  3
340  1  11.78940000  23.87070000  18.91040000  2
341  1  44.81580000  40.80150000  3.83414000  3
342  1  33.35440000  9.58844000  9.90024000  3
343  1  42.00700000  5.96570000  49.69490000  3
344  1  48.04040000  39.54330000  5.37333000  3
345  1  44.21530000  5.45830000  19.00750000  3
346  1  4.22105000  34.26910000  45.61320000  3
347  1  32.96450000  43.59870000  27.70940000  3
348  1  9.28408000  24.03400000  49.05640000  3
349  1  33.14460000  25.01110000  2.90779000  3
350  1  3.56018000  0.75799200  34.23960000  3
351  1  8.85589000  22.57400000  34.17350000  3
352  1  35.22800000  21.92900000  0.56938400  3
353  1  4.22969000  16.49280000  47.28480000  3
354  1  30.25690000  23.12850000  5.05886000  3
355  1  40.13060000  24.95110000  3.21997000  3
356  1  50.26070000  2.44731000  39.76880000  3
357  1  47.09610000  25.01550000  45.09250000  3
358  1  31.94580000  17.43160000  1.95237000  3
359  1  28.57950000  44.30660000  47.77910000  3
360  1  24.69590000  10.66790000  40.25360000  3
361  1  38.81040000  19.97660000  40.97340000  3
362  1  21.80260000  45.35970000  46.52810000  3
363  1  16.63800000  46.75420000  35.22190000  3
364  1  33.83770000  10.80150000  10.65640000  3
365  1  23.36660000  4.02204000  45.57980000  3
366  1  31.95780000  37.80800000  39.19370000  3
367  1  27.99280000  41.34390000  4.21068000  3
368  1  20.86260000  32.81390000  30.50140000  3
369  1  14.65640000  0.67822500  41.96040000  3
370  1  9.19040000  17.08360000  48.11690000  3
371  1  14.86790000  23.47190000  3.91667000  3
372  1  23.07980000  15.59040000  20.66040000  3
373  1  30.75180000  50.69550000  45.48130000  3
374  1  32.27980000  30.03400000  4.53040000  3
375  1  7.20931000  44.55580000  27.10570000  3
376  1  11.19060000  29.41220000  15.07920000  3
377  1  3.78725000  24.00670000  5.54712000  3
378  1  0.74756600  45.54370000  17.64730000  3
379  1  12.61520000  38.22710000  22.84680000  3
380  1  33.65260000  36.71960000  37.71480000  3
381  1  18.27510000  47.45020000  21.77060000  3
382  1  14.96620000  18.59760000  11.23800000  3
383  1  36.59270000  19.92930000  42.16090000  3
384  1  9.46566000  4.53326000  8.72676000  3
385  1  26.97700000  14.98350000  16.23210000  3
386  1  46.46670000  44.05140000  48.89820000  3
387  1  42.06830000  33.47320000  34.90810000  3
388  1  42.31450000  2.23328000  36.26220000  3
389  1  30.42460000  6.00975000  23.10550000  3
390  1  10.44180000  33.73860000  37.61180000  3
391  1  38.65170000  20.17060000  43.45180000  3
392  1  21.60580000  7.72877000  46.61900000  2
393  1  12.22650000  40.55870000  11.83990000  3
394  1  34.67430000  50.03840000  43.51150000  3
395  1  33.90160000  51.01110000  42.66490000  3
396  1  11.49900000  9.50788000  39.03130000  3
397  1  46.58150000  20.49980000  31.52250000  3
398  1  5.39740000  49.08070000  20.49880000  3
399  1  28.41920000  48.79340000  0.19812500  3
400  1  14.25970000  50.37160000  11.78580000  3
401  1  33.48310000  30.47750000  12.33880000  3
402  1  33.16550000  4.04991000  24.60720000  3
403  1  23.81700000  1.62541000  10.78700000  3
404  1  14.09850000  6.16124000  17.03870000  3
405  1  10.84690000  10.86570000  8.15630000  3
406  1  11.25520000  21.15210000  47.11880000  3
407  1  17.17930000  7.15805000  34.30380000  3
408  1  29.64420000  28.67080000  18.15080000  3
409  1  47.47640000  29.54420000  1.19856000  3
410  1  31.61360000  34.16590000  33.45730000  3
411  1  26.46460000  15.53370000  7.35887000  3
412  1  29.78380000  14.83960000  9.05165000  3
413  1  43.66500000  38.66450000  50.89200000  2
414  1  38.76320000  17.29930000  28.57300000  3
415  1  22.43570000  25.31900000  31.57150000  3
416  1  5.33333000  40.43540000  40.33640000  3
417  1  11.73870000  41.37430000  37.68330000  3
418  1  47.38440000  26.51220000  0.78372500  3
419  1  21.84800000  41.95330000  43.85660000  3
420  1  27.78220000  43.64420000  11.63790000  3
421  1  9.30586000  1.85677000  46.93400000  3
422  1  31.90510000  48.83670000  39.87000000  3
423  1  36.00360000  6.99006000  42.73530000  3
424  1  2.11163000  47.33500000  20.76700000  3
425  1  23.30130000  9.00146000  44.51290000  2
426  1  16.33560000  29.06630000  25.01670000  3
427  1  8.11631000  36.54780000  23.25620000  3
428  1  12.54360000  45.88490000  10.18510000  3
429  1  1.68747000  18.47310000  25.42900000  3
430  1  40.25720000  11.35570000  48.99280000  3
431  1  11.63600000  16.22270000  47.46820000  3
432  1  26.00430000  36.12230000  13.46750000  3
433  1  36.15200000  5.25322000  20.77850000  3
434  1  14.83890000  45.49190000  7.20107000  3
435  1  27.11980000  45.67180000  33.69100000  3
436  1  25.31220000  21.90260000  15.50930000  3
437  1  26.73850000  32.25050000  18.36590000  3
438  1  30.16460000  44.16110000  2.87760000  3
439  1  0.10337000  22.93270000  13.67270000  3
440  1  21.18030000  46.53010000  16.32560000  3
441  1  11.09500000  4.04834000  26.87240000  3
442  1  21.84740000  4.30755000  5.26902000  3
443  1  3.03959000  45.26640000  32.29070000  3
444  1  43.65020000  11.09750000  15.01120000  3
445  1  37.38240000  29.01260000  42.35550000  3
446  1  2.37043000  46.16080000  15.84430000  3
447  1  10.03500000  42.69660000  47.21660000  3
448  1  26.90840000  26.42210000  50.94600000  3
449  1  34.85780000  39.09250000  48.44390000  2
450  1  14.64130000  37.98510000  24.34900000  3
451  1  5.48722000  12.90970000  3.28526000  3
452  1  31.12730000  22.94400000  33.18400000  3
453  1  48.36070000  15.06200000  12.28700000  3
454  1  39.93670000  36.59230000  45.93380000  3
455  1  19.39300000  49.39590000  10.85260000  3
456  1  22.12600000  3.03188000  13.60340000  3
457  1  38.31620000  7.59101000  37.67070000  2
458  1  24.33230000  23.80920000  1.08580000  3
459  1  8.08278000  39.04500000  47.72140000  3
460  1  36.74590000  44.59980000  35.63660000  3
461  1  16.32710000  29.16340000  40.95080000  3
462  1  40.87940000  36.62050000  18.18560000  3
463  1  48.58150000  34.88450000  5.64791000  3
464  1  47.85230000  33.09190000  32.24590000  3
465  1  36.52220000  17.86670000  29.51360000  3
466  1  9.94619000  45.16650000  46.87350000  3
467  1  16.24400000  31.34400000  0.76733600  3
468  1  41.99030000  29.64710000  25.31800000  3
469  1  27.46280000  34.45200000  28.87680000  3
470  1  49.24380000  16.96230000  21.21480000  3
471  1  37.11580000  21.22030000  22.97370000  3
472  1  27.02680000  35.17020000  13.13190000  3
473  1  10.46560000  29.47240000  4.89610000  2
474  1  42.30080000  17.55400000  37.93560000  3
475  1  33.45470000  23.58360000  32.38220000  3
476  1  22.93110000  46.79240000  21.74080000  3
477  1  6.77217000  5.65753000  4.03092000  3
478  1  22.63190000  5.98822000  24.58090000  3
479  1  7.47597000  7.53282000  35.53630000  3
480  1  19.61020000  18.77830000  34.90150000  3
481  1  3.34314000  22.65430000  5.69086000  3
482  1  50.05850000  42.99800000  40.24530000  3
483  1  46.88720000  31.12930000  13.20340000  3
484  1  42.96450000  31.46150000  10.55980000  3
485  1  41.86920000  18.76230000  37.27400000  3
486  1  10.47920000  33.24520000  15.65790000  3
487  1  50.98970000  28.53350000  35.02590000  3
488  1  43.61640000  49.32430000  6.09657000  3
489  1  13.39480000  37.51060000  9.06551000  3
490  1  13.73090000  14.51490000  7.32948000  3
491  1  24.89380000  35.59890000  14.19230000  3
492  1  16.09680000  30.46180000  50.66920000  3
493  1  42.23490000  20.37510000  35.49770000  3
494  1  50.61650000  37.20170000  2.21342000  3
495  1  13.48010000  22.56170000  20.22910000  2
496  1  0.01492110  39.45460000  1.18693000  3
497  1  25.01880000  31.14590000  22.10880000  3
498  1  26.54030000  33.87200000  12.87050000  3
499  1  11.24320000  8.34756000  22.95730000  2
500  1  1.33797000  3.23064000  21.37580000  3
501  1  30.83720000  16.71820000  27.16390000  3
502  1  1.82159000  47.00080000  3.59542000  3
503  1  36.96810000  33.13580000  31.82920000  3
504  1  46.83300000  41.44350000  48.42000000  3
505  1  23.31390000  22.78020000  32.41980000  3
506  1  24.11710000  24.11580000  28.67060000  3
507  1  36.91630000  35.74300000  3.33492000  3
508  1  32.24620000  18.75460000  40.94650000  3
509  1  48.08130000  2.53094000  12.35040000  3
510  1  19.32510000  6.23875000  27.12220000  3
511  1  43.52850000  8.45935000  12.29720000  3
512  1  35.35880000  43.41590000  27.01860000  3
513  1  13.26120000  43.62360000  10.01290000  3
514  1  39.42920000  45.33140000  17.09840000  2
515  1  5.44070000  16.77540000  22.94570000  3
516  1  30.10130000  50.55810000  46.71920000  3
517  1  50.27310000  8.27515000  23.58090000  3
518  1  42.84660000  47.34960000  40.24040000  3
519  1  18.31480000  38.71950000  20.80580000  3
520  1  32.03440000  23.49280000  35.81280000  3
521  1  44.22900000  36.40480000  21.10910000  3
522  1  1.69098000  47.94830000  21.99090000  3
523  1  24.95580000  16.34000000  35.50270000  3
524  1  43.53540000  7.96160000  37.89170000  2
525  1  21.82460000  40.23960000  26.56310000  2
526  1  31.55620000  0.93259800  39.41960000  3
527  1  40.48870000  43.65520000  48.99160000  3
528  1  41.97190000  3.67741000  45.63950000  3
529  1  50.25200000  32.06190000  40.13820000  3
530  1  47.05650000  34.83410000  30.80420000  3
531  1  10.10820000  24.88710000  36.84340000  3
532  1  39.03910000  21.75510000  45.36650000  3
533  1  43.90450000  37.81280000  7.58452000  3
534  1  3.67422000  25.73840000  46.36510000  3
535  1  4.47018000  17.53130000  28.29170000  3
536  1  40.52980000  16.02570000  29.80350000  3
537  1  22.75170000  41.30700000  41.30010000  3
538  1  39.61390000  50.44800000  17.74820000  3
539  1  30.56790000  15.30720000  0.11298500  3
540  1  41.69140000  6.95950000  18.88420000  3
541  1  29.53330000  1.57971000  49.70830000  3
542  1  41.75220000  50.12210000  42.17850000  3
543  1  7.94654000  27.33300000  40.87600000  3
544  1  43.04460000  25.27790000  29.80140000  3
545  1  49.81170000  7.58056000  3.16933000  3
546  1  41.74910000  31.47600000  32.19890000  3
547  1  34.16560000  4.10743000  36.45810000  3
548  1  42.60900000  22.28020000  2.80454000  3
549  1  41.94280000  44.76800000  50.71300000  3
550  1  21.83520000  31.94300000  17.43270000  3
551  1  11.63440000  29.39940000  33.75980000  3
552  1  6.24945000  26.42980000  37.66390000  3
553  1  45.62540000  16.19170000  19.31870000  3
554  1  44.92550000  15.24850000  10.84460000  3
555  1  13.43990000  5.47378000  26.86810000  3
556  1  18.03470000  18.43000000  38.42230000  3
557  1  50.03840000  30.96440000  41.11270000  3
558  1  50.04370000  41.44910000  2.17763000  3
559  1  27.31690000  44.66520000  28.81600000  3
560  1  50.45080000  43.78020000  27.19080000  3
561  1  42.53100000  48.26280000  39.13040000  3
562  1  25.70830000  38.93810000  47.06190000  3
563  1  20.03020000  9.34668000  33.31410000  3
564  1  9.81030000  47.67020000  46.41650000  3
565  1  29.09140000  5.01682000  25.43980000  3
566  1  12.08460000  43.37330000  14.86860000  3
567  1  35.81810000  24.33650000  31.81290000  3
568  1  37.31330000  36.76590000  16.72010000  3
569  1  41.69690000  13.54430000  1.36413000  3
570  1  33.37270000  7.60107000  21.15850000  3
571  1  7.66610000  11.77790000  49.77020000  3
572  1  43.37630000  46.30740000  26.88670000  3
573  1  37.60240000  32.29900000  15.39450000  3
574  1  4.63959000  38.71210000  18.49410000  3
575  1  16.89580000  29.70530000  42.07420000  3
576  1  20.88220000  13.51010000  11.61120000  3
577  1  10.45750000  25.96680000  34.63650000  3
578  1  20.64660000  21.28180000  49.40100000  3
579  1  37.43280000  4.63507000  10.56740000  3
580  1  3.96120000  17.60590000  35.78440000  3
581  1  38.37350000  3.95184000  1.42677000  3
582  1  48.18260000  19.07420000  30.16210000  3
583  1  39.86590000  25.07760000  7.93105000  3
584  1  33.99310000  11.20370000  20.09960000  3
585  1  33.86990000  44.94180000  2.52568000  3
586  1  0.44943000  24.54900000  49.74940000  3
587  1  43.18170000  40.41990000  37.84530000  3
588  1  25.64470000  18.42270000  36.51830000  3
589  1  37.94150000  44.61990000  34.78260000  3
590  1  16.09800000  33.06800000  3.02223000  3
591  1  17.38200000  23.22050000  23.47890000  3
592  1  22.93290000  36.64330000  48.51140000  3
593  1  24.33850000  16.57160000  22.44200000  3
594  1  13.15200000  47.34130000  8.34093000  3
595  1  31.51180000  14.75040000  11.00040000  3
596  1  25.83650000  29.66560000  43.49570000  3
597  1  7.31372000  7.86489000  38.48000000  3
598  1  45.70910000  19.18020000  46.72720000  3
599  1  8.32572000  23.42750000  10.78270000  3
600  1  21.64250000  24.00990000  40.77730000  3
601  1  12.23510000  11.07860000  8.28393000  3
602  1  45.46440000  40.94240000  33.79020000  3
603  1  50.77100000  30.39240000  38.31280000  3
604  1  27.88730000  12.44130000  36.95710000  3
605  1  48.25150000  34.10840000  49.94500000  3
606  1  48.20770000  43.94620000  17.03480000  3
607  1  28.83330000  47.34950000  34.24880000  3
608  1  1.04408000  42.55600000  50.26740000  3
609  1  14.42800000  49.49710000  12.82360000  3
610  1  38.38380000  35.85070000  9.56580000  3
611  1  11.85400000  1.17738000  41.12940000  2
612  1  36.07500000  7.74293000  41.54490000  3
613  1  41.83920000  0.76955100  28.74690000  3
614  1  50.71050000  20.42120000  37.37300000  3
615  1  7.31883000  7.01114000  3.79807000  3
616  1  26.81200000  47.90810000  6.75190000  3
617  1  36.19730000  10.87560000  5.38968000  3
618  1  30.68440000  37.17370000  18.14820000  3
619  1  2.43604000  3.11519000  46.16640000  3
620  1  20.40200000  41.02590000  24.63840000  3
621  1  46.27100000  43.33120000  10.36100000  3
622  1  43.50800000  9.74596000  30.00380000  3
623  1  36.87140000  13.27040000  40.21540000  3
624  1  31.59680000  34.34180000  29.52720000  3
625  1  10.14760000  33.47270000  40.33890000  3
626  1  26.23820000  49.92560000  42.63660000  3
627  1  4.05831000  13.35980000  40.19420000  3
628  1  36.72340000  23.53040000  2.75583000  3
629  1  15.03210000  6.63508000  46.50440000  3
630  1  12.09110000  3.35336000  35.44350000  3
631  1  2.04537000  40.80860000  41.27440000  3
632  1  24.10280000  23.19040000  50.85310000  3
633  1  6.50475000  43.32130000  36.20100000  3
634  1  33.70180000  12.95320000  28.65710000  3
635  1  19.99770000  20.56060000  24.23680000  3
636  1  26.11030000  37.45710000  13.06630000  2
637  1  44.91780000  12.87550000  8.00461000  3
638  1  21.76930000  49.67730000  50.13140000  3
639  1  44.53400000  50.41000000  33.74760000  4
640  1  18.20200000  15.23500000  27.88090000  3
641  1  49.87800000  40.53760000  23.10360000  3
642  1  20.62530000  6.35462000  27.67150000  3
643  1  27.38260000  21.26320000  38.66250000  3
644  1  22.86860000  20.63910000  4.39163000  3
645  1  33.85110000  22.62670000  49.61970000  3
646  1  15.40190000  28.24020000  43.45520000  3
647  1  23.85870000  41.32830000  40.38600000  3
648  1  44.12870000  18.13320000  14.66580000  3
649  1  3.01723000  46.61750000  18.15280000  3
650  1  38.41760000  25.74400000  46.44710000  3
651  1  47.78630000  42.27550000  45.93560000  3
652  1  38.72650000  12.21610000  20.99690000  3
653  1  41.85190000  13.46640000  46.07860000  2
654  1  10.35170000  25.79450000  31.81040000  3
655  1  33.41290000  7.08074000  9.57773000  3
656  1  26.98600000  34.49680000  31.25310000  2
657  1  37.14180000  14.74360000  24.63410000  3
658  1  16.27930000  42.15050000  6.37500000  3
659  1  3.25447000  11.97890000  28.99710000  3
660  1  6.96633000  36.32200000  22.35690000  3
661  1  12.70280000  11.16150000  27.62880000  3
662  1  2.55064000  19.75640000  1.60965000  3
663  1  41.12720000  21.21170000  35.92310000  3
664  1  49.55220000  0.63746200  35.38250000  3
665  1  35.38430000  40.55780000  50.33850000  2
666  1  20.41570000  14.23740000  18.49390000  3
667  1  18.12930000  18.62020000  41.26490000  3
668  1  3.76277000  15.64110000  26.00480000  3
669  1  11.05690000  47.52160000  45.64030000  3
670  1  32.02450000  28.20800000  18.01660000  3
671  1  44.19020000  36.80630000  12.74460000  3
672  1  13.50760000  1.78907000  2.25459000  3
673  1  47.44120000  46.83420000  35.73060000  3
674  1  11.40650000  35.72530000  34.82790000  3
675  1  15.76920000  8.26613000  16.33750000  3
676  1  34.62520000  22.82690000  1.45780000  3
677  1  42.55730000  6.92781000  19.97520000  3
678  1  16.73760000  39.59240000  31.13950000  3
679  1  28.64320000  15.32520000  40.87170000  3
680  1  33.55570000  28.38700000  8.80798000  3
681  1  33.42700000  13.37610000  1.95276000  3
682  1  4.36158000  1.76592000  36.67200000  3
683  1  20.99480000  43.55850000  36.12370000  3
684  1  37.39100000  30.23360000  42.99480000  3
685  1  8.29122000  13.70590000  22.12130000  3
686  1  0.61401200  17.93930000  40.06220000  3
687  1  0.43909800  27.80680000  34.01890000  2
688  1  4.63514000  11.51670000  41.84710000  3
689  1  30.07860000  43.18670000  46.18600000  3
690  1  48.37230000  47.63300000  1.20853000  3
691  1  28.13410000  43.88570000  40.25410000  3
692  1  41.38100000  17.71610000  44.28290000  3
693  1  37.12340000  6.76516000  5.97002000  2
694  1  8.16887000  16.43140000  48.84650000  3
695  1  21.17180000  24.93120000  35.98020000  3
696  1  47.21380000  7.61110000  47.84860000  3
697  1  9.53833000  17.30810000  33.42230000  2
698  1  31.79600000  20.16120000  3.11889000  3
699  1  41.43240000  14.43580000  51.01870000  4
700  1  34.95340000  21.33890000  5.75574000  3
701  1  9.67672000  28.44500000  42.77550000  3
702  1  10.12870000  34.59950000  11.09860000  3
703  1  12.29730000  20.57330000  27.23510000  3
704  1  0.67652000  35.25870000  1.08473000  3
705  1  7.45997000  14.43750000  3.13918000  3
706  1  34.08910000  34.68220000  8.62919000  3
707  1  19.07730000  20.79220000  4.25084000  3
708  1  46.67110000  17.50880000  41.60440000  3
709  1  32.07270000  46.24390000  20.33610000  3
710  1  1.14607000  10.04680000  18.94820000  3
711  1  42.89050000  0.19858800  46.59370000  3
712  1  49.70090000  48.02830000  32.51610000  2
713  1  9.69613000  2.19533000  30.40270000  3
714  1  19.61920000  48.01390000  49.97590000  3
715  1  41.36530000  46.12680000  15.82430000  3
716  1  43.59220000  28.50130000  34.09290000  3
717  1  9.12424000  20.72910000  15.01000000  3
718  1  28.06830000  10.40950000  18.82450000  3
719  1  47.16510000  9.30711000  49.66500000  3
720  1  36.25580000  45.51050000  3.01205000  3
721  1  4.97847000  0.98756500  34.55750000  3
722  1  21.21270000  41.13970000  31.36950000  3
723  1  27.46630000  29.35400000  2.05403000  3
724  1  23.44240000  22.33420000  20.05530000  3
725  1  4.42799000  28.62140000  3.99499000  3
726  1  28.77510000  48.48920000  1.61965000  3
727  1  42.49730000  28.24380000  27.33060000  3
728  1  0.33892600  9.44895000  3.26035000  3
729  1  29.51440000  40.08000000  24.40090000  3
730  1  26.54900000  41.08500000  48.27580000  3
731  1  5.41561000  19.93850000  44.12630000  3
732  1  47.85520000  5.08408000  0.34792400  3
733  1  48.40310000  24.07200000  5.62973000  2
734  1  36.46730000  4.99777000  46.33280000  3
735  1  12.34850000  8.56882000  8.05740000  3
736  1  34.44950000  8.06376000  33.01550000  3
737  1  41.12610000  6.83346000  47.25420000  3
738  1  46.46940000  44.90110000  28.43210000  3
739  1  16.05770000  37.91040000  24.40800000  3
740  1  35.28630000  7.79183000  0.12151100  3
741  1  19.96810000  15.32870000  50.38870000  3
742  1  26.02990000  42.44530000  39.86510000  3
743  1  41.82010000  40.33080000  3.06805000  3
744  1  12.01210000  3.66528000  32.98700000  3
745  1  24.99730000  48.40200000  10.64360000  3
746  1  33.06840000  24.50900000  26.06540000  3
747  1  47.91510000  0.99785900  1.06783000  3
748  1  45.67310000  41.66970000  50.64190000  2
749  1  23.20670000  36.17550000  46.20160000  3
750  1  13.20590000  48.23590000  14.73770000  4
751  1  12.24730000  1.08238000  2.13129000  3
752  1  10.25120000  9.53495000  8.28167000  3
753  1  4.39091000  4.31396000  4.08189000  3
754  1  47.31220000  33.05520000  6.87282000  3
755  1  26.10600000  13.04730000  17.41420000  3
756  1  10.13500000  20.84370000  14.04560000  3
757  1  49.66920000  39.18200000  3.35402000  3
758  1  44.35460000  15.55900000  4.35188000  2
759  1  2.27994000  26.51410000  39.16210000  3
760  1  20.89580000  20.90760000  35.14450000  3
761  1  45.77290000  4.01677000  31.13270000  3
762  1  15.37240000  50.71080000  10.95860000  3
763  1  47.27340000  36.64690000  42.98070000  3
764  1  7.33356000  15.92090000  8.52375000  3
765  1  31.26620000  46.23980000  31.34890000  3
766  1  47.76320000  0.91069200  32.17760000  3
767  1  46.04320000  19.24800000  5.10301000  2
768  1  40.26320000  49.59290000  31.20320000  3
769  1  24.36540000  19.13700000  25.13460000  3
770  1  2.35209000  19.99380000  6.06653000  3
771  1  47.17610000  39.60760000  34.84700000  3
772  1  50.26800000  37.03120000  5.79156000  2
773  1  10.61880000  37.27000000  40.02470000  3
774  1  1.02682000  42.39490000  39.03880000  3
775  1  11.41650000  37.21080000  3.00179000  3
776  1  3.34292000  3.67089000  23.05800000  4
777  1  5.46839000  22.12980000  29.94250000  3
778  1  41.14620000  20.70930000  9.31990000  3
779  1  28.92250000  6.77484000  20.95700000  3
780  1  6.48171000  44.84550000  28.32210000  3
781  1  10.05760000  2.55805000  34.11950000  3
782  1  17.57220000  6.80363000  44.05480000  3
783  1  33.26360000  23.03220000  1.51774000  3
784  1  26.47990000  47.88360000  4.24880000  3
785  1  48.80160000  36.04450000  40.75490000  3
786  1  11.59650000  20.58410000  28.52850000  3
787  1  22.32240000  15.53430000  18.39460000  3
788  1  0.49794600  12.62330000  2.50351000  3
789  1  44.08040000  21.03790000  46.06410000  3
790  1  13.68280000  41.19940000  9.54386000  3
791  1  17.04720000  12.39510000  48.41130000  3
792  1  4.56799000  10.21790000  3.74691000  3
793  1  38.56380000  45.19850000  25.29760000  3
794  1  13.05080000  23.82830000  12.60110000  3
795  1  14.34640000  24.82130000  3.80214000  3
796  1  35.75050000  28.06190000  47.52270000  3
797  1  42.55370000  12.51510000  8.25923000  3
798  1  16.02020000  40.82800000  6.70600000  3
799  1  29.37570000  23.02400000  38.99420000  3
800  1  25.57900000  23.90050000  26.98520000  3
801  1  25.12640000  18.05000000  41.22540000  3
802  1  9.61369000  48.73560000  14.17920000  3
803  1  13.00060000  12.33490000  8.13895000  3
804  1  21.42140000  3.92555000  35.17170000  3
805  1  19.15170000  41.32090000  24.02890000  2
806  1  36.00910000  35.43430000  10.12770000  3
807  1  8.84371000  36.54810000  19.15530000  3
808  1  46.29920000  23.48220000  28.67650000  3
809  1  32.14380000  34.09310000  30.91790000  3
810  1  39.75430000  32.15160000  40.85690000  3
811  1  4.98484000  17.98340000  27.05380000  3
812  1  25.03000000  14.40830000  33.46510000  3
813  1  34.46730000  25.17160000  17.81090000  3
814  1  41.87550000  36.23650000  20.44550000  3
815  1  5.95604000  38.87710000  17.92240000  3
816  1  46.42080000  32.59290000  19.76650000  3
817  1  40.94570000  40.25010000  43.05920000  3
818  1  20.57330000  40.06570000  40.93760000  2
819  1  34.33520000  3.43383000  24.08670000  3
820  1  23.40520000  34.77310000  32.60370000  3
821  1  19.98380000  38.46500000  2.67123000  3
822  1  48.82250000  15.65370000  14.62880000  3
823  1  7.15522000  49.17290000  19.04520000  3
824  1  31.36960000  35.73130000  13.15040000  3
825  1  47.52220000  37.10220000  18.43590000  3
826  1  31.46150000  17.84000000  30.80530000  3
827  1  48.41920000  44.41230000  39.02560000  3
828  1  0.63663800  11.11290000  31.25090000  3
829  1  1.29669000  43.81740000  8.81155000  2
830  1  40.76170000  27.13730000  28.64940000  3
831  1  49.29700000  20.69530000  37.60630000  3
832  1  43.26260000  48.10410000  37.94290000  3
833  1  20.70660000  28.57010000  7.33124000  3
834  1  48.27810000  37.81620000  33.62860000  3
835  1  46.31900000  22.74550000  45.61670000  3
836  1  17.64180000  11.11480000  21.15130000  3
837  1  43.88900000  36.07320000  22.44640000  3
838  1  29.10860000  46.98570000  17.83530000  3
839  1  48.56230000  21.62050000  36.79710000  3
840  1  39.49510000  21.74660000  37.82290000  3
841  1  16.66370000  44.88910000  5.60529000  3
842  1  42.28750000  41.37080000  35.62420000  3
843  1  24.89300000  14.58280000  46.92140000  3
844  1  6.38644000  34.34740000  11.57220000  3
845  1  33.58530000  15.71520000  24.03220000  3
846  1  12.11190000  32.45870000  8.48568000  3
847  1  30.56160000  44.14850000  29.46360000  3
848  1  27.73480000  30.05880000  18.19900000  3
849  1  22.36710000  2.68631000  9.13562000  3
850  1  17.38740000  8.04802000  46.44020000  3
851  1  3.69462000  22.68490000  12.40200000  3
852  1  43.41680000  3.55066000  50.19220000  3
853  1  2.22951000  38.14150000  18.32560000  3
854  1  22.12160000  21.68660000  0.36157200  3
855  1  3.72108000  18.76930000  23.81230000  3
856  1  48.03000000  43.65450000  41.41520000  3
857  1  42.85490000  25.97130000  2.81811000  3
858  1  29.20400000  34.48120000  34.11220000  3
859  1  43.97070000  3.17942000  24.89010000  3
860  1  35.78170000  3.03655000  5.08903000  3
861  1  35.68990000  24.36770000  21.54070000  3
862  1  16.62830000  30.89340000  49.39350000  3
863  1  37.45470000  34.95040000  24.07020000  3
864  1  20.20230000  46.27080000  3.68221000  3
865  1  10.14540000  47.59510000  1.51825000  3
866  1  37.52380000  4.18038000  48.78740000  3
867  1  7.44122000  45.41230000  31.91670000  3
868  1  8.22860000  1.66812000  20.66880000  3
869  1  22.34540000  22.77240000  20.92110000  3
870  1  36.64510000  33.75830000  34.26820000  3
871  1  19.09630000  48.03550000  12.84260000  3
872  1  39.40130000  14.51480000  49.30530000  3
873  1  43.94570000  46.47770000  40.16510000  3
874  1  36.19610000  29.26250000  19.79520000  3
875  1  22.00490000  13.50610000  12.53370000  3
876  1  44.73030000  16.01670000  35.47190000  3
877  1  3.69853000  15.73540000  2.71349000  3
878  1  50.20140000  10.31980000  14.98970000  3
879  1  26.90650000  3.50183000  30.33310000  3
880  1  14.61440000  46.05060000  18.28260000  3
881  1  23.52540000  0.37111900  1.09522000  3
882  1  40.01900000  18.26150000  1.56070000  3
883  1  45.28160000  21.89480000  2.16145000  3
884  1  27.21380000  21.12960000  40.04190000  3
885  1  25.46680000  18.69790000  38.89710000  3
886  1  12.99380000  24.74740000  50.02440000  3
887  1  15.03190000  4.33760000  45.39390000  3
888  1  18.51600000  10.27050000  14.60700000  3
889  1  44.31330000  49.40770000  2.44371000  3
890  1  5.51143000  25.00140000  32.93200000  3
891  1  14.02710000  44.81510000  50.87880000  3
892  1  37.53950000  11.07400000  38.72740000  3
893  1  30.79450000  48.67190000  2.96575000  3
894  1  13.36850000  45.22100000  35.52810000  3
895  1  32.79380000  35.86770000  13.30820000  3
896  1  27.94030000  48.80870000  41.32130000  3
897  1  13.69510000  22.58740000  50.70690000  3
898  1  45.11490000  3.86108000  16.83870000  3
899  1  15.32000000  29.02710000  48.33030000  3
900  1  21.81180000  19.89510000  6.55306000  3
901  1  51.00040000  1.20931000  29.41320000  3
902  1  42.08090000  38.16440000  5.94332000  3
903  1  29.57740000  1.81840000  8.18279000  3
904  1  35.93290000  34.84380000  5.33925000  3
905  1  15.13930000  7.45359000  9.22516000  3
906  1  38.97840000  44.98310000  2.74641000  2
907  1  18.23960000  10.19110000  45.49090000  3
908  1  20.18080000  34.29860000  21.31400000  3
909  1  41.98310000  30.87970000  9.81934000  3
910  1  3.40998000  15.59900000  40.03430000  3
911  1  24.01180000  11.57170000  43.71970000  3
912  1  30.86400000  35.75750000  24.62070000  3
913  1  29.09040000  23.26230000  5.78090000  3
914  1  24.98510000  15.31260000  2.72983000  3
915  1  30.89300000  22.94460000  31.77910000  3
916  1  41.82750000  6.61382000  41.33370000  3
917  1  18.61290000  41.34110000  22.86430000  2
918  1  14.61270000  29.52270000  12.46080000  3
919  1  26.49780000  43.04490000  11.23830000  3
920  1  46.37900000  20.56490000  19.53350000  3
921  1  32.24070000  44.44310000  38.75410000  3
922  1  40.50560000  38.62320000  3.95787000  3
923  1  4.40611000  41.29840000  5.05522000  3
924  1  26.88080000  42.73700000  8.79072000  3
925  1  23.99280000  25.83770000  43.33640000  3
926  1  13.20160000  42.27230000  10.34260000  3
927  1  11.49310000  37.77640000  47.48320000  2
928  1  29.07750000  19.95990000  48.22110000  3
929  1  33.80310000  43.35820000  23.30800000  3
930  1  1.16430000  15.05440000  15.62700000  3
931  1  30.60130000  34.88990000  26.91450000  3
932  1  22.14290000  16.34900000  15.73800000  3
933  1  6.64225000  28.96590000  31.78490000  3
934  1  23.54500000  46.66910000  20.43090000  3
935  1  15.86290000  8.35660000  22.69440000  3
936  1  15.36710000  39.62320000  15.49000000  3
937  1  36.38730000  19.93860000  24.92850000  3
938  1  28.87330000  36.37440000  16.56070000  3
939  1  46.73390000  14.32900000  8.81755000  3
940  1  47.73960000  8.38968000  13.26260000  3
941  1  5.76573000  6.52113000  47.61820000  3
942  1  24.55740000  17.49130000  39.00140000  3
943  1  23.16860000  14.27790000  12.21140000  3
944  1  20.46050000  35.16430000  31.44610000  3
945  1  36.44550000  46.84410000  45.53990000  3
946  1  26.22360000  18.13260000  28.88200000  3
947  1  47.47820000  17.31360000  47.03410000  3
948  1  16.23550000  38.27950000  28.13360000  3
949  1  2.16710000  41.64840000  39.02330000  3
950  1  37.24810000  28.32880000  2.77106000  3
951  1  11.26360000  31.22340000  44.94230000  3
952  1  13.21630000  49.28260000  13.52790000  3
953  1  18.75620000  6.95034000  22.89950000  3
954  1  1.41317000  22.73030000  23.39260000  3
955  1  40.88050000  50.14910000  8.39854000  3
956  1  10.07730000  28.05020000  10.28420000  3
957  1  29.19090000  33.05460000  10.56220000  3
958  1  3.13162000  42.42430000  48.75060000  3
959  1  14.05310000  30.75260000  13.00930000  3
960  1  45.50970000  43.18750000  12.68230000  3
961  1  42.31000000  36.49310000  14.79970000  3
962  1  36.68290000  41.87410000  19.84520000  3
963  1  20.24410000  20.51710000  45.18840000  3
964  1  13.92220000  9.57901000  50.66560000  3
965  1  33.17630000  3.32156000  4.67914000  3
966  1  28.98430000  24.51260000  45.86550000  3
967  1  41.02620000  47.45170000  16.12170000  3
968  1  45.71880000  19.24730000  21.60890000  3
969  1  28.71450000  42.87530000  17.15270000  3
970  1  33.95770000  0.19447300  4.68955000  3
971  1  27.95520000  17.53270000  47.71760000  3
972  1  39.53010000  24.84320000  31.50660000  3
973  1  34.77190000  29.86070000  10.36550000  3
974  1  1.94136000  26.99750000  42.00180000  3
975  1  30.43420000  44.01790000  12.67050000  3
976  1  39.38420000  31.09720000  48.09130000  3
977  1  11.55960000  13.86950000  15.85200000  3
978  1  19.09020000  19.16690000  36.30480000  3
979  1  9.10028000  43.07970000  22.38980000  3
980  1  2.45701000  9.10073000  45.04250000  3
981  1  16.40910000  46.51810000  41.00450000  3
982  1  32.89800000  12.68090000  29.86520000  3
983  1  15.50530000  50.99580000  4.19399000  2
984  1  6.09304000  1.33126000  22.00500000  3
985  1  38.70750000  2.98759000  18.39010000  3
986  1  15.32930000  16.01450000  5.03678000  3
987  1  42.54050000  18.03540000  11.24110000  3
988  1  35.30270000  44.58450000  12.19670000  3
989  1  28.66620000  30.77280000  9.69480000  3
990  1  35.39020000  36.36040000  21.40440000  3
991  1  45.31710000  3.72873000  22.72670000  3
992  1  19.08800000  0.31352500  7.58382000  3
993  1  23.91800000  0.24697600  45.32250000  3
994  1  0.27683100  36.24050000  8.01698000  3
995  1  4.90272000  3.24267000  11.73320000  3
996  1  15.06630000  33.91670000  40.75610000  3
997  1  20.65470000  47.78650000  49.05280000  3
998  1  25.49210000  10.74050000  18.25950000  3
999  1  35.72400000  18.81200000  27.02250000  3
1000  1  18.23720000  12.32730000  21.49890000  3
1001  1  12.41150000  29.49050000  14.33290000  3
1002  1  11.87680000  4.10136000  28.04470000  3
1003  1  21.47570000  19.57930000  33.36550000  3
1004  1  30.44760000  22.30010000  3.76369000  4
1005  1  1.95497000  33.57770000  24.07220000  3
1006  1  34.14700000  45.08260000  29.44260000  3
1007  1  43.81680000  30.25200000  32.56920000  3
1008  1  15.81250000  3.84717000  3.02688000  3
1009  1  33.76620000  24.78920000  6.57413000  3
1010  1  26.08160000  5.97724000  20.77470000  3
1011  1  43.00490000  39.27880000  44.05480000  3
1012  1  49.75150000  24.41530000  5.47569000  3
1013  1  10.56400000  1.47152000  41.56890000  3
1014  1  23.94600000  37.61020000  48.33530000  3
1015  1  25.53400000  33.25710000  13.58790000  3
1016  1  31.05140000  30.52720000  12.31750000  3
1017  1  42.49260000  45.92020000  15.00980000  2
1018  1  18.46130000  47.82790000  23.15000000  3
1019  1  45.37370000  15.63710000  5.39129000  3
1020  1  32.65400000  11.74730000  20.08770000  3
1021  1  48.70350000  23.16720000  45.26210000  3
1022  1  8.09207000  10.71180000  16.63610000  3
1023  1  50.08490000  30.37380000  25.35600000  3
1024  1  14.16010000  1.29135000  43.13720000  3
1025  1  31.05410000  17.62960000  15.72650000  3
1026  1  20.76370000  39.86550000  29.50270000  3
1027  1  22.71910000  15.41720000  41.74090000  2
1028  1  19.05980000  19.68840000  24.89750000  3
1029  1  29.85520000  0.41799500  16.64470000  3
1030  1  12.89280000  9.78691000  8.60950000  3
1031  1  18.44700000  8.85937000  35.66410000  3
1032  1  42.61850000  15.28950000  47.70780000  3
1033  1  1.13675000  37.68460000  17.50030000  3
1034  1  25.95530000  32.05840000  42.82400000  3
1035  1  25.46650000  21.41140000  13.01540000  3
1036  1  14.72200000  33.45930000  32.04350000  3
1037  1  46.98290000  3.27192000  42.86180000  3
1038  1  46.17100000  47.17290000  29.94150000  3
1039  1  11.12510000  28.14330000  31.68480000  3
1040  1  0.61326800  14.48340000  10.70370000  3
1041  1  26.91330000  4.02552000  4.60601000  3
1042  1  22.68660000  23.03710000  44.12300000  3
1043  1  47.44040000  10.26330000  14.79490000  3
1044  1  2.78253000  20.43370000  12.55270000  3
1045  1  36.15320000  46.04050000  10.46390000  3
1046  1  16.99080000  32.56760000  0.66282000  3
1047  1  50.93340000  41.24120000  23.70370000  3
1048  1  41.44040000  2.18271000  40.01300000  3
1049  1  46.31830000  25.71290000  26.96610000  3
1050  1  27.53850000  33.90430000  16.75950000  3
1051  1  13.91210000  17.03000000  45.67960000  3
1052  1  10.53420000  24.85800000  38.20730000  3
1053  1  19.05730000  14.12590000  47.83920000  3
1054  1  30.06660000  37.61620000  46.90330000  2
1055  1  13.24410000  7.56734000  7.57030000  3
1056  1  7.63895000  29.31350000  33.98830000  3
1057  1  35.85950000  15.07400000  22.55140000  3
1058  1  17.60970000  40.58850000  15.43020000  3
1059  1  7.55534000  18.38590000  46.85580000  3
1060  1  43.75670000  4.33816000  16.85650000  3
1061  1  21.40550000  15.17010000  7.72061000  3
1062  1  37.37300000  22.41930000  6.68857000  3
1063  1  34.18930000  49.57310000  9.44385000  3
1064  1  28.21670000  37.19410000  20.99300000  3
1065  1  5.68065000  19.06140000  20.11130000  3
1066  1  27.03810000  12.65280000  38.05740000  3
1067  1  14.89220000  14.45250000  41.73160000  3
1068  1  3.50261000  1.97445000  3.84852000  3
1069  1  27.44080000  24.63990000  10.24580000  3
1070  1  24.30310000  19.89560000  10.89460000  3
1071  1  42.60470000  9.53758000  4.03437000  3
1072  1  32.87080000  28.15060000  44.20990000  3
1073  1  49.53640000  28.97890000  43.78640000  3
1074  1  20.82130000  47.60730000  3.38099000  3
1075  1  9.89328000  11.96030000  7.98707000  3
1076  1  25.15310000  48.82030000  1.90606000  3
1077  1  19.04980000  15.34870000  5.93281000  3
1078  1  17.27360000  41.67650000  34.27270000  3
1079  1  24.45070000  40.35890000  37.99700000  3
1080  1  35.06380000  25.37030000  7.04454000  3
1081  1  26.10470000  17.97620000  33.98790000  3
1082  1  37.01010000  18.23340000  6.06206000  3
1083  1  49.85880000  15.11760000  8.46828000  3
1084  1  25.19380000  31.68760000  41.64120000  3
1085  1  10.86430000  30.37870000  9.46855000  3
1086  1  5.65016000  30.87530000  16.39020000  3
1087  1  25.65860000  38.80020000  29.38040000  3
1088  1  0.88730300  17.21700000  27.33520000  3
1089  1  31.11510000  6.71405000  22.06960000  3
1090  1  13.29600000  4.97613000  17.50790000  3
1091  1  34.77740000  19.37220000  40.70890000  3
1092  1  7.37038000  50.27760000  20.03910000  3
1093  1  30.25400000  36.75190000  16.82560000  3
1094  1  9.12520000  34.65480000  42.23220000  3
1095  1  11.03970000  24.43290000  14.33300000  3
1096  1  20.11290000  3.93232000  35.59300000  2
1097  1  18.97670000  10.20400000  40.59140000  3
1098  1  19.65030000  31.75660000  40.57180000  3
1099  1  50.67650000  32.89820000  36.38850000  3
1100  1  50.27160000  30.57920000  35.75800000  3
1101  1  26.11820000  7.85883000  38.27130000  3
1102  1  13.13870000  0.71279400  43.93800000  3
1103  1  35.67140000  36.32140000  13.87700000  3
1104  1  38.68510000  36.34610000  33.65850000  2
1105  1  3.53353000  3.34634000  11.98730000  3
1106  1  37.63360000  49.97910000  20.96510000  3
1107  1  22.02000000  16.69410000  25.26490000  3
1108  1  34.37380000  28.38350000  18.46840000  3
1109  1  20.99110000  14.26280000  10.40460000  3
1110  1  29.06220000  21.85620000  3.35099000  3
1111  1  42.87820000  2.19850000  15.92330000  3
1112  1  47.58900000  33.87160000  5.71941000  3
1113  1  5.08628000  33.29640000  27.60500000  3
1114  1  21.94480000  36.48710000  28.11920000  3
1115  1  30.09870000  5.08402000  6.69898000  3
1116  1  35.95410000  18.15020000  47.80640000  3
1117  1  12.16720000  46.48750000  33.73950000  3
1118  1  1.41395000  21.46170000  44.31680000  3
1119  1  46.98920000  12.24080000  22.60750000  3
1120  1  2.09590000  40.50120000  49.48850000  3
1121  1  13.32630000  33.76740000  46.82550000  3
1122  1  10.57930000  21.90780000  30.29230000  3
1123  1  50.16880000  47.96230000  47.72580000  2
1124  1  38.44840000  27.44990000  40.86740000  3
1125  1  36.21370000  2.23944000  9.51989000  3
1126  1  36.82200000  22.21430000  15.85180000  3
1127  1  13.44150000  32.18340000  44.30770000  3
1128  1  18.37900000  6.45398000  29.52760000  3
1129  1  23.78610000  2.70306000  45.07200000  3
1130  1  36.34860000  20.37130000  44.55120000  3
1131  1  50.81600000  20.61860000  1.16313000  3
1132  1  21.70430000  29.93270000  32.70900000  3
1133  1  9.22068000  8.44128000  3.11558000  3
1134  1  31.07290000  3.02559000  41.96290000  2
1135  1  21.30410000  47.44300000  13.97660000  3
1136  1  0.26039400  14.03480000  2.27514000  3
1137  1  45.70310000  50.38650000  24.82220000  3
1138  1  16.76630000  41.26800000  48.66190000  3
1139  1  23.19340000  30.68240000  37.97380000  3
1140  1  9.52445000  29.09060000  41.51990000  3
1141  1  50.24920000  25.80620000  5.29812000  3
1142  1  20.17020000  36.77460000  19.89680000  3
1143  1  25.55060000  27.35630000  44.34230000  3
1144  1  26.64880000  35.62240000  19.98760000  3
1145  1  10.26080000  45.07750000  23.05390000  3
1146  1  32.08340000  50.36360000  9.51062000  3
1147  1  47.31090000  43.44290000  9.29915000  3
1148  1  38.37200000  43.02900000  45.79740000  3
1149  1  18.17150000  32.10710000  48.02530000  3
1150  1  15.63420000  5.87109000  28.00670000  3
1151  1  33.16570000  12.04670000  10.46400000  3
1152  1  8.79322000  15.67210000  17.56600000  3
1153  1  49.82580000  15.89010000  16.59820000  2
1154  1  7.74546000  46.35270000  47.27330000  3
1155  1  33.93440000  14.38030000  2.84728000  3
1156  1  4.82206000  16.20290000  8.34813000  4
1157  1  2.44209000  24.60920000  41.46560000  2
1158  1  5.15274000  37.28700000  43.56030000  3
1159  1  19.68720000  11.94820000  13.16100000  3
1160  1  37.40130000  37.67220000  48.82350000  3
1161  1  39.21600000  29.75700000  40.87150000  3
1162  1  12.02490000  26.02240000  26.05850000  3
1163  1  24.53790000  36.21740000  41.31350000  3
1164  1  26.67200000  29.25840000  20.53380000  3
1165  1  47.85980000  5.96865000  27.16380000  3
1166  1  35.01810000  41.85790000  18.04980000  3
1167  1  29.25360000  18.88660000  49.15990000  3
1168  1  2.19222000  24.58080000  12.59290000  3
1169  1  50.18470000  40.04090000  2.22716000  3
1170  1  43.86710000  30.62770000  23.85400000  3
1171  1  32.63450000  41.69460000  18.45480000  3
1172  1  39.81000000  23.19030000  19.11190000  3
1173  1  11.42510000  3.48549000  29.25650000  3
1174  1  4.04544000  12.95570000  37.75060000  3
1175  1  13.00450000  25.38260000  23.78580000  3
1176  1  6.67047000  1.87649000  44.47360000  2
1177  1  12.87820000  14.78670000  45.72690000  3
1178  1  30.14110000  12.85910000  34.09690000  3
1179  1  39.47280000  21.18410000  22.23800000  3
1180  1  18.91160000  35.04050000  1.47810000  3
1181  1  18.63590000  41.28950000  15.99310000  3
1182  1  41.71020000  20.65480000  45.57430000  3
1183  1  44.21100000  35.35190000  46.39160000  3
1184  1  13.97830000  4.60580000  31.74610000  3
1185  1  24.26070000  3.79196000  4.70679000  3
1186  1  40.44300000  36.37660000  12.91370000  3
1187  1  40.88290000  32.49170000  34.39460000  4
1188  1  2.02394000  31.41820000  1.82873000  3
1189  1  2.64549000  35.59180000  50.54890000  3
1190  1  45.15100000  14.82320000  0.50140000  3
1191  1  18.94100000  48.45740000  27.41210000  3
1192  1  14.04410000  38.37310000  23.08750000  3
1193  1  13.22850000  46.94370000  43.78150000  3
1194  1  20.85260000  42.27260000  17.48480000  3
1195  1  39.21460000  22.07280000  21.19010000  3
1196  1  20.81090000  1.63122000  37.55900000  3
1197  1  11.56600000  33.49350000  3.34870000  3
1198  1  12.19200000  16.47930000  7.36780000  3
1199  1  30.70070000  35.59630000  47.83720000  3
1200  1  34.15250000  33.19970000  5.10347000  3
1201  1  1.51691000  41.30440000  6.45066000  3
1202  1  34.25800000  45.62880000  45.21760000  3
1203  1  9.93074000  33.37860000  35.27760000  3
1204  1  46.08210000  42.95710000  16.78910000  3
1205  1  1.91750000  18.72500000  6.39853000  3
1206  1  16.76360000  6.76675000  11.15950000  3
1207  1  31.78820000  25.59420000  42.45430000  3
1208  1  39.12400000  48.30130000  32.97820000  3
1209  1  23.01380000  15.25930000  39.31050000  3
1210  1  4.75146000  41.63150000  24.33990000  3
1211  1  32.12530000  4.55145000  37.79460000  3
1212  1  21.27030000  18.69150000  32.37050000  3
1213  1  50.21420000  21.25130000  45.28400000  3
1214  1  15.57300000  3.34376000  39.47020000  3
1215  1  21.42470000  4.59785000  15.27660000  3
1216  1  3.87405000  16.67880000  34.75130000  3
1217  1  11.74720000  32.28320000  1.17418000  3
1218  1  26.72270000  1.27775000  13.07340000  3
1219  1  9.93386000  11.07980000  2.32634000  3
1220  1  24.88280000  25.52640000  45.75910000  3
1221  1  3.85934000  50.96330000  30.65800000  3
1222  1  23.80520000  20.65730000  21.82580000  3
1223  1  41.32210000  38.06760000  37.37060000  3
1224  1  25.73030000  47.41250000  1.93540000  4
1225  1  20.60920000  46.82850000  15.03280000  3
1226  1  44.26400000  4.07731000  23.78390000  3
1227  1  42.29180000  47.82900000  41.42950000  3
1228  1  32.20470000  33.64410000  48.01050000  3
1229  1  42.98100000  44.77190000  29.69520000  3
1230  1  4.99584000  25.68740000  45.86130000  3
1231  1  29.43230000  41.83060000  45.97620000  3
1232  1  38.95650000  22.73380000  2.94486000  3
1233  1  4.10485000  12.69160000  3.45342000  3
1234  1  26.34670000  27.85390000  12.91280000  3
1235  1  25.36060000  37.33570000  6.11193000  3
1236  1  27.50310000  0.62385900  35.83790000  3
1237  1  15.71650000  1.11785000  8.95242000  3
1238  1  49.61830000  16.89930000  6.78529000  3
1239  1  7.96257000  36.48120000  47.90590000  3
1240  1  32.35070000  22.37360000  0.58645200  3
1241  1  26.05530000  39.69490000  25.87240000  3
1242  1  10.60270000  32.03670000  5.05349000  2
1243  1  10.44440000  8.66475000  2.40053000  3
1244  1  36.28150000  42.58850000  26.32630000  3
1245  1  44.37010000  14.41500000  18.25260000  3
1246  1  28.78280000  14.41550000  6.60898000  3
1247  1  15.96870000  0.29292600  39.96320000  3
1248  1  42.06390000  5.05151000  39.46690000  3
1249  1  38.40030000  30.82240000  10.42700000  3
1250  1  23.97990000  23.86460000  47.32170000  3
1251  1  21.54230000  45.98440000  32.95250000  3
1252  1  16.75760000  9.00666000  21.79770000  3
1253  1  43.26560000  42.80480000  14.47730000  3
1254  1  48.27250000  32.42950000  23.16320000  3
1255  1  45.76540000  23.86400000  13.90580000  3
1256  1  48.04260000  32.05320000  24.48410000  3
1257  1  46.50740000  2.62845000  41.67760000  2
1258  1  4.20349000  33.57800000  18.20540000  3
1259  1  41.30270000  8.14061000  50.65420000  3
1260  1  0.38261800  47.24390000  13.46170000  3
1261  1  50.93750000  30.33340000  10.59580000  3
1262  1  35.55050000  18.15530000  38.76490000  3
1263  1  33.70160000  28.11990000  2.17834000  3
1264  1  9.40401000  27.93070000  16.06590000  3
1265  1  14.98290000  33.96510000  33.33750000  3
1266  1  49.23880000  10.09670000  22.29760000  3
1267  1  8.71023000  31.90130000  50.29050000  3
1268  1  31.98090000  37.13730000  18.87610000  3
1269  1  4.88989000  31.00960000  1.34540000  3
1270  1  20.97370000  30.99700000  7.87037000  3
1271  1  23.53910000  37.02950000  8.25835000  3
1272  1  41.47120000  43.97710000  11.46920000  3
1273  1  6.95346000  24.55400000  48.69990000  3
1274  1  48.69580000  17.79350000  6.16330000  3
1275  1  35.80710000  48.10240000  45.14520000  3
1276  1  25.86370000  39.82530000  48.18950000  3
1277  1  7.35786000  2.24678000  24.26350000  3
1278  1  39.19640000  36.88150000  5.15919000  3
1279  1  29.90040000  4.48819000  47.48210000  3
1280  1  3.55427000  1.57910000  24.33240000  3
1281  1  27.60410000  41.81960000  19.92040000  3
1282  1  9.36846000  24.49930000  18.77620000  2
1283  1  39.71420000  47.14870000  32.49130000  3
1284  1  4.03317000  39.30570000  42.26380000  3
1285  1  36.40340000  30.23890000  50.31190000  3
1286  1  50.10550000  29.70030000  34.69900000  3
1287  1  13.89660000  31.42680000  40.62670000  3
1288  1  36.53930000  14.59780000  5.65557000  3
1289  1  46.91720000  20.00960000  5.62322000  2
1290  1  40.00160000  43.57570000  33.62550000  3
1291  1  25.84770000  44.81390000  31.25650000  3
1292  1  30.28560000  18.02700000  0.26279200  3
1293  1  10.36210000  46.22300000  1.48596000  3
1294  1  24.46600000  3.75711000  37.23170000  3
1295  1  25.12500000  46.17750000  22.79910000  3
1296  1  24.56430000  5.79294000  41.02310000  3
1297  1  20.79140000  30.75820000  28.44680000  3
1298  1  42.25910000  29.84200000  8.87876000  3
1299  1  33.38500000  4.71695000  9.30648000  3
1300  1  49.43580000  40.36650000  45.69020000  3
1301  1  49.37670000  10.95550000  16.01680000  3
1302  1  34.24050000  23.49300000  48.43220000  3
1303  1  13.91520000  11.52130000  35.28070000  3
1304  1  49.68000000  34.84270000  2.36002000  3
1305  1  40.55630000  9.96009000  49.14570000  3
1306  1  29.15400000  25.67260000  48.25860000  3
1307  1  47.03700000  9.66533000  25.19340000  3
1308  1  43.78250000  11.78790000  28.49360000  3
1309  1  6.54989000  17.48520000  47.36350000  3
1310  1  34.40820000  43.18280000  44.59580000  3
1311  1  42.09400000  32.62830000  17.03560000  3
1312  1  21.52610000  40.00810000  37.89040000  3
1313  1  23.64430000  21.85900000  2.40042000  3
1314  1  2.64956000  39.92190000  42.26260000  3
1315  1  22.20390000  38.08550000  10.19300000  3
1316  1  47.44780000  25.43320000  33.51460000  3
1317  1  38.54780000  12.62300000  46.01500000  3
1318  1  34.30180000  43.83930000  1.76193000  3
1319  1  3.67679000  49.54540000  22.06900000  3
1320  1  46.84080000  37.16350000  20.88270000  3
1321  1  16.50770000  16.67730000  41.54850000  3
1322  1  20.54340000  28.75920000  19.67110000  3
1323  1  4.74113000  28.97180000  28.45160000  3
1324  1  45.48700000  34.34880000  29.01450000  3
1325  1  19.14870000  6.32246000  25.69550000  3
1326  1  17.69320000  31.39700000  46.86760000  3
1327  1  50.13110000  43.70430000  11.67760000  3
1328  1  6.61472000  27.17510000  33.45500000  3
1329  1  37.66340000  44.61590000  11.71080000  3
1330  1  35.62240000  9.84845000  42.74350000  3
1331  1  36.86460000  47.62200000  4.25118000  3
1332  1  38.37380000  42.39810000  15.31250000  3
1333  1  3.84224000  14.06540000  47.83620000  3
1334  1  7.65292000  7.53868000  34.11520000  3
1335  1  11.49680000  23.71860000  47.68710000  3
1336  1  16.27100000  15.84820000  13.47600000  3
1337  1  37.24150000  35.99270000  38.47570000  3
1338  1  32.49280000  5.05525000  23.89640000  3
1339  1  22.38170000  39.48210000  36.89100000  3
1340  1  16.94570000  27.01570000  23.85970000  3
1341  1  27.12730000  4.85915000  26.80770000  3
1342  1  47.42610000  32.62910000  20.82800000  3
1343  1  49.64960000  31.22060000  16.54860000  3
1344  1  41.16000000  36.49290000  10.52670000  3
1345  1  36.04010000  4.58735000  10.26320000  3
1346  1  19.58620000  43.31830000  4.12690000  3
1347  1  4.04257000  4.78383000  46.87720000  3
1348  1  50.08940000  31.81890000  25.53810000  3
1349  1  21.99100000  14.22640000  41.94050000  3
1350  1  21.24830000  47.50190000  25.53740000  3
1351  1  35.31410000  13.38740000  20.38100000  3
1352  1  34.43360000  17.34180000  14.04860000  3
1353  1  34.49670000  9.86266000  1.17138000  3
1354  1  42.16080000  43.50450000  0.35573900  3
1355  1  12.17440000  36.46500000  32.15590000  3
1356  1  9.55173000  14.54800000  17.00120000  3
1357  1  49.22440000  11.63290000  34.00120000  3
1358  1  47.29930000  15.26920000  1.55169000  3
1359  1  41.65110000  3.41328000  44.19230000  3
1360  1  21.68790000  46.53750000  47.25820000  3
1361  1  26.62000000  25.36830000  12.39100000  3
1362  1  47.43580000  14.98420000  11.18370000  3
1363  1  22.05120000  18.67000000  31.09820000  3
1364  1  15.19320000  38.16730000  7.12078000  3
1365  1  11.22880000  46.77620000  28.96780000  3
1366  1  0.63854200  2.31350000  39.32740000  3
1367  1  42.05510000  22.08470000  11.67440000  3
1368  1  43.42820000  12.77760000  16.77410000  3
1369  1  37.74470000  8.54167000  38.42130000  3
1370  1  38.31790000  22.42290000  15.63340000  3
1371  1  5.12926000  44.46620000  28.44400000  3
1372  1  9.11087000  23.14880000  15.16920000  3
1373  1  7.04377000  10.52310000  9.64710000  3
1374  1  15.93000000  35.79190000  41.92620000  3
1375  1  34.59600000  48.06380000  19.38440000  3
1376  1  22.41910000  35.18580000  25.95250000  3
1377  1  43.52420000  23.55650000  14.67880000  3
1378  1  23.81010000  2.97772000  0.99435700  3
1379  1  14.88690000  34.35700000  12.95620000  3
1380  1  42.13410000  49.65250000  43.48440000  3
1381  1  0.78889300  7.12137000  4.00968000  3
1382  1  28.25340000  32.07740000  45.12450000  3
1383  1  7.87646000  0.94233200  31.46070000  3
1384  1  46.72580000  48.99540000  50.70600000  3
1385  1  45.10070000  11.31750000  26.48900000  3
1386  1  16.77570000  21.15670000  49.39920000  3
1387  1  46.25270000  44.91960000  40.11090000  3
1388  1  44.66960000  31.70330000  12.64030000  3
1389  1  9.86209000  9.07202000  40.87000000  3
1390  1  25.07280000  19.09530000  19.69460000  3
1391  1  10.54290000  35.74850000  4.65086000  3
1392  1  20.97700000  9.48714000  32.31550000  3
1393  1  35.40130000  38.44290000  29.35670000  3
1394  1  22.34110000  15.49410000  23.04530000  3
1395  1  49.72090000  4.83012000  12.32770000  3
1396  1  50.87090000  26.37470000  48.02070000  3
1397  1  24.12680000  20.25290000  6.39655000  3
1398  1  13.59460000  25.38580000  0.07951480  3
1399  1  40.47000000  37.36090000  39.89190000  3
1400  1  29.53430000  13.72540000  29.00780000  2
1401  1  24.63600000  46.35330000  44.14630000  3
1402  1  0.53012100  32.91160000  19.37210000  3
1403  1  15.22930000  3.60728000  16.79360000  3
1404  1  36.69810000  13.91890000  13.38010000  3
1405  1  34.15890000  31.48370000  45.56010000  3
1406  1  16.28090000  37.95440000  43.03570000  3
1407  1  44.72550000  12.32810000  17.32990000  3
1408  1  28.52020000  30.41220000  17.09520000  3
1409  1  25.90200000  21.28000000  9.26860000  3
1410  1  12.51670000  10.35320000  30.48910000  3
1411  1  4.78652000  20.34640000  31.58070000  3
1412  1  40.06370000  40.78610000  35.08100000  3
1413  1  40.19380000  22.47370000  20.26640000  3
1414  1  42.81210000  12.09160000  15.58520000  3
1415  1  48.75430000  0.93550500  36.58930000  3
1416  1  21.22600000  31.37730000  23.85440000  3
1417  1  1.37274000  44.34930000  35.74610000  3
1418  1  21.37240000  40.98960000  13.22610000  3
1419  1  17.50170000  40.98230000  33.05590000  3
1420  1  47.11210000  41.74940000  4.03327000  3
1421  1  39.05170000  13.19740000  21.99330000  3
1422  1  16.44800000  48.84000000  27.63010000  3
1423  1  37.14120000  49.01750000  23.95720000  3
1424  1  49.72870000  36.82200000  4.54320000  3
1425  1  25.16140000  44.95390000  32.55300000  3
1426  1  26.97700000  43.58770000  13.99690000  3
1427  1  18.35080000  8.98129000  38.06890000  3
1428  1  5.81056000  2.50586000  38.31360000  3
1429  1  8.90001000  9.32545000  8.62756000  3
1430  1  22.95120000  4.85954000  17.18810000  3
1431  1  48.18900000  1.15374000  22.83700000  3
1432  1  30.40520000  5.76231000  44.18120000  3
1433  1  41.21080000  43.36550000  25.56070000  3
1434  1  22.47680000  15.69920000  2.18424000  3
1435  1  25.05980000  10.88630000  29.10470000  2
1436  1  21.83640000  39.28830000  16.04470000  2
1437  1  34.13380000  47.26020000  10.15830000  3
1438  1  5.34673000  34.48940000  26.86930000  3
1439  1  34.12630000  24.27080000  30.13190000  3
1440  1  0.12842900  5.76720000  3.83550000  3
1441  1  6.46504000  23.84180000  28.33170000  3
1442  1  9.14785000  24.55160000  21.38660000  3
1443  1  11.75440000  23.71130000  44.55510000  3
1444  1  21.95960000  31.30570000  32.23520000  3
1445  1  23.13610000  45.59720000  31.34810000  3
1446  1  27.05660000  2.43847000  40.43270000  3
1447  1  33.80060000  23.46400000  6.08801000  3
1448  1  19.49860000  19.42600000  8.10764000  3
1449  1  45.17320000  45.61860000  7.02029000  3
1450  1  32.54410000  32.87490000  0.54031500  3
1451  1  15.70200000  33.62470000  30.97360000  3
1452  1  23.30450000  35.41020000  41.37940000  3
1453  1  12.99540000  25.14940000  46.32200000  3
1454  1  41.58990000  31.14950000  46.95810000  3
1455  1  48.85860000  46.35710000  1.12220000  3
1456  1  36.67230000  23.82940000  38.09480000  3
1457  1  29.88480000  6.88539000  47.76930000  3
1458  1  35.68370000  23.12170000  22.24790000  3
1459  1  47.44610000  3.85421000  11.90490000  3
1460  1  33.75290000  16.93560000  3.43125000  3
1461  1  33.07820000  23.79740000  31.05350000  3
1462  1  26.26470000  39.02940000  28.17790000  3
1463  1  5.73161000  24.81770000  29.10360000  3
1464  1  40.96300000  7.16842000  45.88350000  3
1465  1  25.91800000  1.58642000  9.03123000  3
1466  1  16.32670000  7.00008000  16.20270000  3
1467  1  27.92100000  34.41080000  30.21040000  3
1468  1  16.11480000  34.96870000  33.39190000  3
1469  1  38.21360000  18.14670000  50.87240000  3
1470  1  18.21890000  15.88090000  3.80218000  3
1471  1  24.93790000  32.62690000  5.01344000  3
1472  1  41.73600000  39.92670000  44.13380000  3
1473  1  7.40437000  13.62550000  23.24410000  3
1474  1  4.55400000  38.37800000  7.25687000  3
1475  1  41.57490000  16.93290000  42.00170000  3
1476  1  37.63400000  28.88760000  23.45940000  3
1477  1  25.79690000  21.69170000  11.67350000  3
1478  1  41.72720000  48.27710000  29.54440000  3
1479  1  13.88000000  11.83000000  25.19230000  3
1480  1  20.75420000  35.64640000  19.30440000  3
1481  1  50.73910000  36.65800000  12.66270000  3
1482  1  18.11150000  0.03947760  0.51751000  3
1483  1  32.47630000  45.27250000  2.80140000  3
1484  1  19.84560000  35.57630000  23.42460000  3
1485  1  36.88280000  10.84090000  39.96700000  3
1486  1  31.44630000  13.23600000  8.93517000  3
1487  1  0.20117300  45.78120000  30.05630000  3
1488  1  11.79120000  12.40250000  46.89970000  3
1489  1  3.16652000  43.47500000  26.99880000  3
1490  1  46.90610000  7.93708000  49.14120000  3
1491  1  42.34320000  33.42310000  3.02329000  3
1492  1  17.61090000  43.93490000  5.21070000  3
1493  1  13.39500000  14.19310000  0.79976100  3
1494  1  33.92310000  41.45700000  18.96100000  3
1495  1  25.30670000  31.74620000  13.60450000  3
1496  1  27.09500000  16.89560000  45.22670000  3
1497  1  43.78370000  39.38830000  42.79180000  3
1498  1  18.75440000  7.42784000  21.42260000  3
1499  1  36.29830000  4.91749000  43.90960000  3
1500  1  31.64060000  37.70930000  48.79880000  3
1501  1  20.93060000  50.12870000  8.49398000  3
1502  1  30.96210000  43.15360000  15.33520000  3
1503  1  5.90032000  9.64755000  40.83750000  3
1504  1  40.76620000  42.47150000  14.91740000  3
1505  1  2.31544000  14.31560000  47.40840000  3
1506  1  17.36260000  6.29990000  30.57760000  3
1507  1  36.34250000  25.27050000  29.54390000  3
1508  1  5.22423000  1.27653000  47.51510000  3
1509  1  7.43592000  35.63340000  43.67290000  3
1510  1  40.28440000  11.48980000  23.38000000  3
1511  1  36.39840000  41.31410000  43.10550000  3
1512  1  12.22480000  24.67190000  42.29730000  3
1513  1  31.44090000  8.01135000  35.39120000  3
1514  1  15.76010000  15.46320000  41.03750000  3
1515  1  0.55224000  4.12597000  20.74990000  2
1516  1  32.00390000  42.40480000  37.34230000  3
1517  1  31.99220000  42.96430000  1.82867000  3
1518  1  42.46020000  22.17750000  19.36740000  3
1519  1  38.63070000  6.48227000  29.89040000  3
1520  1  19.77210000  12.75410000  11.92170000  3
1521  1  2.65128000  8.69839000  3.98353000  3
1522  1  8.80379000  16.96230000  16.88430000  3
1523  1  45.54960000  12.93360000  24.60840000  3
1524  1  29.71480000  14.35670000  7.69458000  3
1525  1  23.16680000  16.82790000  16.57920000  3
1526  1  48.22740000  3.82228000  42.47130000  3
1527  1  38.68680000  40.98600000  34.74020000  3
1528  1  28.02800000  46.26010000  41.28900000  3
1529  1  11.45760000  32.21450000  49.77310000  3
1530  1  29.87610000  23.49280000  47.84400000  3
1531  1  30.23480000  4.63049000  46.13090000  3
1532  1  34.38020000  43.42210000  14.11270000  3
1533  1  26.71740000  6.15826000  22.03950000  3
1534  1  43.66570000  6.00629000  20.16030000  3
1535  1  29.48320000  16.23130000  17.52350000  3
1536  1  9.05351000  3.53911000  23.12420000  2
1537  1  9.04411000  40.43640000  39.35280000  3
1538  1  12.28130000  9.21579000  23.24270000  3
1539  1  41.50170000  22.20360000  40.27900000  2
1540  1  40.70530000  11.66910000  0.27014900  3
1541  1  23.11110000  10.40120000  31.34850000  3
1542  1  22.27650000  27.02950000  29.76490000  3
1543  1  20.97700000  39.14900000  17.07040000  2
1544  1  38.19550000  38.47270000  0.41350100  3
1545  1  2.77422000  13.99680000  11.59880000  3
1546  1  37.46280000  17.82730000  28.45050000  3
1547  1  4.95218000  16.78090000  24.27730000  3
1548  1  38.58520000  13.84230000  36.52600000  3
1549  1  18.12630000  21.08180000  49.71950000  3
1550  1  2.86880000  8.86441000  35.36640000  3
1551  1  13.58110000  31.64040000  38.34830000  3
1552  1  10.86980000  37.48490000  18.35570000  3
1553  1  9.96118000  24.76430000  34.01410000  3
1554  1  14.11250000  28.35100000  12.91740000  3
1555  1  44.11930000  34.75510000  1.74997000  3
1556  1  15.72200000  48.36520000  30.70350000  3
1557  1  34.24180000  9.81926000  20.34010000  3
1558  1  39.79160000  3.68142000  30.15900000  3
1559  1  26.01740000  32.67790000  4.13013000  3
1560  1  19.43670000  10.80370000  39.41440000  3
1561  1  4.09132000  36.31310000  9.14346000  3
1562  1  45.71320000  24.28700000  1.83413000  3
1563  1  11.98520000  6.78533000  3.15790000  3
1564  1  8.04760000  36.87350000  6.48799000  2
1565  1  8.29863000  24.75330000  24.97380000  3
1566  1  3.98772000  13.82500000  38.84780000  3
1567  1  2.23081000  21.71250000  43.30070000  2
1568  1  13.69920000  11.21290000  36.62540000  3
1569  1  10.62670000  45.93890000  24.09840000  3
1570  1  18.03250000  27.83450000  23.43200000  3
1571  1  45.85610000  45.48740000  46.94750000  3
1572  1  41.17850000  47.29110000  8.90055000  3
1573  1  46.06850000  36.80950000  14.35090000  3
1574  1  27.01430000  46.46500000  18.98890000  3
1575  1  10.60730000  13.73850000  48.48350000  3
1576  1  16.53590000  39.32380000  42.49020000  3
1577  1  23.84090000  7.35593000  42.84200000  3
1578  1  45.64720000  39.03600000  5.89829000  3
1579  1  33.36200000  37.54150000  38.78910000  3
1580  1  29.30140000  16.92300000  32.56110000  3
1581  1  15.00690000  0.62236100  10.01150000  3
1582  1  39.46320000  20.78770000  7.64893000  3
1583  1  10.32360000  9.67271000  43.16450000  3
1584  1  45.11120000  23.32580000  36.99560000  3
1585  1  40.58250000  1.64736000  16.77470000  3
1586  1  49.41800000  24.19030000  34.37620000  3
1587  1  29.51640000  42.87160000  3.01014000  3
1588  1  41.38350000  39.54230000  39.35390000  3
1589  1  10.35500000  31.09040000  42.45880000  3
1590  1  8.72623000  7.14995000  3.47672000  3
1591  1  23.23370000  1.68965000  49.99240000  3
1592  1  29.88080000  29.10190000  8.73553000  3
1593  1  17.72760000  36.51470000  34.60040000  3
1594  1  41.57060000  32.45880000  47.33700000  3
1595  1  23.05160000  44.19810000  3.17451000  3
1596  1  44.65810000  46.31730000  38.92870000  3
1597  1  37.71640000  12.89140000  6.87707000  3
1598  1  26.33000000  33.35880000  43.27410000  2
1599  1  36.34660000  30.63710000  43.92710000  3
1600  1  50.15370000  14.48620000  31.07610000  3
1601  1  14.76770000  27.66920000  42.23620000  3
1602  1  40.91500000  33.13250000  27.45130000  3
1603  1  3.05553000  41.87900000  37.98150000  3
1604  1  26.33850000  35.24040000  36.68410000  3
1605  1  35.18210000  0.93988300  38.12920000  3
1606  1  24.37740000  35.39250000  29.87220000  2
1607  1  21.94210000  29.19400000  36.55010000  3
1608  1  20.28180000  10.19130000  34.51120000  3
1609  1  39.83400000  29.21390000  9.01476000  3
1610  1  38.60040000  23.04010000  7.18433000  3
1611  1  40.18350000  5.03707000  10.24930000  3
1612  1  12.37930000  27.46680000  27.76670000  3
1613  1  33.16660000  35.88400000  23.71010000  3
1614  1  27.79790000  28.44470000  20.03870000  3
1615  1  19.64150000  5.23452000  5.99594000  3
1616  1  28.92880000  50.26550000  49.27240000  3
1617  1  46.54380000  21.40840000  46.00900000  3
1618  1  36.03150000  9.15315000  41.58890000  3
1619  1  14.91680000  33.61500000  5.23995000  3
1620  1  21.37390000  35.46450000  49.85480000  3
1621  1  7.67153000  26.94710000  4.93271000  3
1622  1  22.82990000  41.90130000  21.91670000  3
1623  1  6.19062000  0.95740200  3.61030000  3
1624  1  15.30320000  15.56320000  1.23323000  3
1625  1  40.81070000  9.37781000  50.38970000  3
1626  1  15.56510000  14.16890000  38.87710000  3
1627  1  6.75888000  35.88620000  19.82010000  3
1628  1  50.97420000  9.16443000  36.67410000  2
1629  1  30.82370000  4.30048000  42.48550000  3
1630  1  20.95540000  8.50908000  31.27180000  3
1631  1  10.49550000  30.67990000  15.42540000  3
1632  1  2.15768000  26.14180000  37.80830000  3
1633  1  37.51640000  12.76920000  13.28650000  3
1634  1  2.75755000  47.22160000  48.14830000  3
1635  1  48.08570000  24.44090000  13.14670000  3
1636  1  41.81260000  21.05670000  21.54470000  3
1637  1  9.58830000  31.49490000  0.29170300  3
1638  1  31.91320000  34.76320000  27.02740000  3
1639  1  43.18880000  26.38820000  28.88080000  3
1640  1  13.61680000  3.18924000  37.75230000  3
1641  1  36.07130000  28.39380000  8.81643000  3
1642  1  23.02910000  0.37343300  47.94700000  3
1643  1  49.82620000  28.15230000  4.30671000  3
1644  1  17.32220000  37.88070000  12.89290000  3
1645  1  42.75420000  3.53454000  16.33640000  3
1646  1  23.42720000  47.67280000  45.89250000  3
1647  1  19.27530000  47.25070000  20.83140000  3
1648  1  1.27534000  27.35510000  39.73040000  3
1649  1  39.87340000  9.36717000  12.48620000  3
1650  1  14.13370000  21.10580000  7.19329000  3
1651  1  44.49160000  7.54759000  11.67690000  3
1652  1  4.66812000  18.46630000  29.39640000  3
1653  1  25.74530000  19.29890000  22.14620000  3
1654  1  9.72904000  30.94260000  10.21530000  3
1655  1  11.30010000  3.08672000  19.07230000  3
1656  1  28.09060000  40.00520000  24.50010000  3
1657  1  33.81880000  33.44560000  6.49657000  3
1658  1  42.92830000  2.72971000  47.93590000  3
1659  1  21.50460000  28.50200000  18.67490000  3
1660  1  43.65240000  50.05150000  34.90490000  3
1661  1  19.75600000  29.96580000  19.81710000  3
1662  1  19.53110000  30.85870000  25.41190000  2
1663  1  22.10760000  10.41650000  32.38870000  3
1664  1  21.42410000  2.95577000  10.12470000  3
1665  1  26.38020000  30.58190000  20.14100000  3
1666  1  41.67830000  32.49230000  18.35570000  3
1667  1  11.08560000  22.73900000  45.33860000  3
1668  1  0.02211450  32.56440000  24.86620000  3
1669  1  30.41390000  43.67100000  28.13840000  3
1670  1  46.00220000  10.20900000  14.62780000  3
1671  1  26.19750000  13.44970000  31.52310000  3
1672  1  20.94170000  14.32900000  19.80640000  3
1673  1  21.49400000  41.72620000  22.36120000  3
1674  1  37.11230000  10.52810000  6.37400000  3
1675  1  46.72040000  14.20900000  45.03430000  2
1676  1  48.84080000  31.31280000  33.51100000  3
1677  1  30.84490000  0.44098000  31.12870000  3
1678  1  11.39190000  24.72860000  9.11369000  3
1679  1  20.31410000  20.79090000  46.57100000  3
1680  1  45.79140000  39.55520000  49.59810000  3
1681  1  23.21320000  46.64550000  24.18810000  3
1682  1  16.54560000  48.84220000  4.36290000  3
1683  1  40.52790000  30.54920000  38.93360000  3
1684  1  2.24110000  12.89940000  31.81630000  3
1685  1  20.22540000  40.52880000  30.67700000  3
1686  1  45.69730000  37.55780000  9.33490000  3
1687  1  25.36230000  48.77580000  4.40134000  3
1688  1  24.59510000  42.87740000  17.88430000  3
1689  1  43.52930000  26.44200000  35.39730000  3
1690  1  10.07380000  20.41940000  46.67510000  3
1691  1  33.21320000  27.45100000  18.30940000  3
1692  1  35.60520000  35.08580000  50.97640000  3
1693  1  47.54860000  13.22380000  45.52300000  3
1694  1  32.49550000  3.51069000  25.70780000  3
1695  1  4.45775000  47.78850000  14.81400000  3
1696  1  30.19480000  0.48428700  39.85420000  3
1697  1  23.45930000  33.60180000  6.74156000  3
1698  1  45.06400000  32.43880000  20.12170000  3
1699  1  41.27310000  2.06440000  28.94780000  3
1700  1  30.40580000  6.63545000  43.06740000  3
1701  1  20.40480000  3.94004000  10.00970000  3
1702  1  1.06041000  8.21150000  13.94680000  3
1703  1  50.95490000  1.39266000  37.14270000  3
1704  1  22.61360000  38.22740000  15.64260000  3
1705  1  31.31950000  22.52590000  49.53250000  3
1706  1  3.98890000  13.92340000  27.68070000  3
1707  1  34.53870000  39.66660000  49.67270000  3
1708  1  16.60170000  21.83290000  3.31248000  3
1709  1  20.29400000  17.31380000  30.10690000  3
1710  1  37.89200000  39.86410000  34.38110000  3
1711  1  48.98030000  19.10090000  28.96400000  3
1712  1  10.17450000  36.69690000  25.12420000  3
1713  1  43.47450000  6.00051000  22.52500000  3
1714  1  13.32660000  45.36100000  18.24670000  3
1715  1  35.05030000  45.43620000  11.14150000  3
1716  1  8.94858000  45.67370000  31.87290000  3
1717  1  35.56650000  29.16320000  1.27464000  3
1718  1  17.74020000  48.14980000  4.08529000  3
1719  1  34.64680000  1.50470000  40.59570000  3
1720  1  3.94584000  42.50320000  4.55683000  3
1721  1  5.30384000  37.64130000  16.01780000  3
1722  1  21.08260000  50.96930000  6.16168000  3
1723  1  2.83417000  13.03780000  34.25230000  3
1724  1  8.07938000  20.16660000  44.99780000  3
1725  1  18.27260000  38.67280000  38.32370000  3
1726  1  6.64801000  7.27647000  33.16720000  3
1727  1  44.37490000  1.38326000  49.50020000  3
1728  1  12.85660000  38.65270000  18.10010000  3
1729  1  14.54650000  3.42378000  5.22058000  3
1730  1  15.48420000  21.11870000  9.95880000  3
1731  1  1.24311000  0.20706400  3.45209000  3
1732  1  20.66980000  5.43519000  50.82330000  3
1733  1  47.45080000  37.28580000  31.29520000  3
1734  1  11.89520000  0.85038400  18.91340000  3
1735  1  7.35970000  19.32480000  34.90050000  2
1736  1  25.53730000  48.59430000  6.85517000  3
1737  1  11.97860000  21.66300000  12.79040000  3
1738  1  6.55913000  28.08490000  11.41410000  3
1739  1  21.80070000  26.26960000  19.53290000  3
1740  1  15.19250000  43.19650000  43.34770000  3
1741  1  25.08110000  34.85150000  26.39150000  3
1742  1  35.62090000  30.27430000  17.59500000  3
1743  1  8.65178000  26.71480000  16.26010000  3
1744  1  3.31191000  17.09190000  2.39049000  3
1745  1  6.44884000  49.13170000  3.15974000  3
1746  1  46.17220000  7.36182000  27.89440000  3
1747  1  10.15940000  6.76231000  47.86630000  3
1748  1  33.78560000  41.69160000  0.46226600  3
1749  1  17.46320000  30.82930000  10.36380000  3
1750  1  49.00950000  15.18750000  43.41830000  3
1751  1  29.21330000  40.68990000  22.11690000  3
1752  1  39.31670000  49.72710000  47.45630000  3
1753  1  12.01700000  34.83140000  2.82231000  3
1754  1  32.75030000  26.91310000  49.17920000  3
1755  1  45.84590000  47.72050000  48.72730000  3
1756  1  24.37210000  17.07730000  40.35160000  3
1757  1  32.18530000  13.17680000  19.94500000  3
1758  1  45.86800000  14.24780000  49.22320000  3
1759  1  29.87800000  44.63730000  23.62540000  3
1760  1  7.20333000  27.72030000  35.78070000  3
1761  1  24.03070000  4.11986000  16.51970000  3
1762  1  42.79690000  50.04770000  6.97726000  3
1763  1  50.72770000  11.46720000  44.47400000  3
1764  1  46.42750000  22.45150000  29.59200000  3
1765  1  40.16350000  40.43650000  0.72065200  3
1766  1  1.73590000  20.39110000  23.94360000  3
1767  1  34.18860000  33.23020000  2.33372000  3
1768  1  5.60683000  37.36620000  7.45286000  3
1769  1  9.20173000  30.40820000  15.83860000  3
1770  1  34.75170000  0.84922300  41.90240000  3
1771  1  37.54540000  50.02550000  45.72100000  3
1772  1  34.74860000  22.87890000  23.29980000  3
1773  1  16.85190000  6.55958000  33.06340000  3
1774  1  40.08110000  7.20061000  11.42210000  3
1775  1  35.27360000  34.14370000  34.24780000  3
1776  1  0.78059400  18.73840000  14.34270000  3
1777  1  0.21569200  38.63140000  45.00130000  3
1778  1  33.91380000  17.99780000  30.27030000  3
1779  1  50.56600000  19.45870000  5.98349000  3
1780  1  44.81950000  2.94354000  32.97480000  3
1781  1  22.85710000  45.23440000  36.05310000  3
1782  1  13.17850000  11.85620000  50.92870000  3
1783  1  47.20870000  23.78120000  14.10990000  3
1784  1  16.23940000  44.37130000  35.77560000  3
1785  1  17.20740000  4.18157000  41.42520000  3
1786  1  28.21660000  37.00700000  18.68010000  3
1787  1  34.73620000  18.32910000  27.93060000  3
1788  1  37.32580000  46.17980000  28.15370000  3
1789  1  24.20340000  35.25170000  27.45150000  3
1790  1  42.51140000  15.56050000  2.55173000  3
1791  1  50.08700000  39.55920000  21.97040000  3
1792  1  13.52550000  32.41110000  34.68880000  3
1793  1  24.85340000  20.12480000  13.29310000  3
1794  1  40.10870000  44.50290000  11.16340000  3
1795  1  6.89135000  9.06104000  27.90550000  3
1796  1  10.27530000  11.23420000  48.55360000  3
1797  1  35.95680000  30.32970000  10.96760000  3
1798  1  30.53170000  36.19690000  14.33490000  3
1799  1  26.14920000  42.36850000  10.02960000  3
1800  1  41.83490000  36.44210000  13.42020000  3
1801  1  7.77777000  9.13522000  44.65610000  2
1802  1  8.70558000  28.80470000  39.14670000  3
1803  1  35.97930000  12.81090000  27.57480000  3
1804  1  45.23050000  42.88260000  19.17910000  3
1805  1  49.59170000  36.86100000  35.94080000  3
1806  1  13.42240000  13.44270000  43.60130000  3
1807  1  23.71550000  33.73410000  15.39610000  3
1808  1  45.21680000  8.09846000  28.61100000  3
1809  1  11.23550000  36.41120000  27.25610000  3
1810  1  44.50260000  43.77830000  22.66610000  3
1811  1  48.79020000  29.84200000  25.08360000  3
1812  1  50.50090000  38.14540000  19.46120000  3
1813  1  12.28010000  12.36790000  45.54020000  3
1814  1  49.25750000  23.83830000  25.62140000  3
1815  1  20.85370000  16.03800000  25.33390000  3
1816  1  44.15510000  5.10066000  32.60240000  3
1817  1  48.86140000  18.66720000  1.74155000  3
1818  1  38.47710000  20.03050000  14.93680000  3
1819  1  21.52930000  34.57170000  45.18250000  3
1820  1  25.56530000  15.45740000  5.08870000  3
1821  1  1.52443000  4.70326000  12.49140000  3
1822  1  40.47790000  20.90580000  37.16940000  3
1823  1  26.35720000  35.14230000  21.26670000  3
1824  1  15.48070000  31.24470000  28.04840000  3
1825  1  10.05980000  41.49950000  17.48290000  3
1826  1  32.11350000  29.25330000  17.07490000  3
1827  1  25.19440000  45.44580000  27.66850000  3
1828  1  15.30440000  4.90749000  36.73980000  3
1829  1  9.69781000  26.20290000  46.56510000  2
1830  1  13.91060000  1.81615000  39.71130000  3
1831  1  49.07580000  15.81800000  7.45347000  3
1832  1  6.99306000  9.65477000  49.23000000  3
1833  1  18.57230000  36.43680000  33.42970000  3
1834  1  26.76530000  46.23930000  42.06850000  3
1835  1  49.71530000  9.34858000  14.08020000  3
1836  1  20.00370000  47.92160000  28.26270000  3
1837  1  28.30940000  22.34580000  38.25840000  3
1838  1  50.21740000  36.77090000  27.86630000  2
1839  1  9.48000000  8.38212000  17.53530000  3
1840  1  11.94910000  46.07360000  21.59640000  3
1841  1  47.40080000  38.71090000  7.47864000  3
1842  1  13.46290000  47.53740000  22.77130000  3
1843  1  15.24200000  44.40240000  50.24200000  3
1844  1  30.04280000  2.02962000  46.93080000  3
1845  1  30.03060000  12.36750000  19.06220000  3
1846  1  15.02580000  13.05550000  50.26870000  3
1847  1  26.96960000  15.93860000  11.13270000  3
1848  1  36.90130000  50.37270000  23.47160000  3
1849  1  50.40550000  0.00497764  23.19550000  3
1850  1  24.44000000  27.79120000  15.59190000  3
1851  1  17.87090000  0.86890300  7.82181000  3
1852  1  19.73900000  4.52085000  11.10930000  3
1853  1  26.60250000  4.50159000  28.07560000  3
1854  1  2.51336000  16.60550000  40.43720000  3
1855  1  41.76880000  26.76570000  3.25805000  3
1856  1  19.76870000  8.86805000  16.20530000  3
1857  1  3.28915000  22.24140000  40.90870000  2
1858  1  13.28160000  3.52048000  5.87128000  3
1859  1  16.47390000  46.18150000  16.74010000  3
1860  1  48.16530000  17.85310000  31.02270000  3
1861  1  25.26750000  12.78420000  41.89460000  3
1862  1  27.68510000  47.49200000  10.48050000  3
1863  1  19.79980000  16.71440000  28.86180000  3
1864  1  38.96980000  11.00330000  7.69142000  3
1865  1  15.87390000  2.53097000  40.59740000  3
1866  1  31.04660000  36.64460000  15.59870000  3
1867  1  37.06680000  1.13450000  21.86690000  3
1868  1  4.02230000  17.24420000  37.16970000  3
1869  1  27.89570000  21.84420000  4.24132000  3
1870  1  29.40110000  37.95760000  40.22660000  3
1871  1  40.18080000  42.73530000  26.16850000  2
1872  1  9.57052000  15.92160000  2.74987000  3
1873  1  32.55310000  22.54710000  50.24000000  3
1874  1  2.75690000  27.26030000  25.74540000  3
1875  1  23.86710000  25.63260000  26.76840000  3
1876  1  10.86040000  5.90264000  7.22321000  3
1877  1  4.83442000  15.66700000  25.07370000  3
1878  1  42.96190000  5.40689000  7.80964000  3
1879  1  13.95750000  27.71800000  25.85920000  3
1880  1  34.33370000  18.16110000  38.07110000  3
1881  1  50.27770000  22.23080000  14.56430000  3
1882  1  16.20970000  11.36020000  48.97710000  3
1883  1  13.58610000  30.97340000  29.56730000  3
1884  1  21.40160000  32.88320000  39.36560000  2
1885  1  31.74900000  31.38000000  46.04350000  3
1886  1  5.17726000  20.77000000  30.29420000  3
1887  1  35.89730000  12.21240000  41.93970000  3
1888  1  3.46101000  8.94666000  30.45570000  3
1889  1  38.41260000  45.85750000  34.19180000  3
1890  1  29.38430000  18.47610000  22.82920000  3
1891  1  50.77430000  2.11920000  3.15931000  3
1892  1  23.86380000  3.96857000  3.26992000  3
1893  1  44.88140000  41.94740000  31.49950000  3
1894  1  41.73750000  17.11850000  45.61260000  3
1895  1  49.73870000  14.68760000  12.13110000  3
1896  1  1.48712000  28.57040000  11.40230000  3
1897  1  16.37740000  6.77538000  9.69226000  3
1898  1  29.10930000  24.17240000  6.91668000  3
1899  1  29.33810000  34.30950000  30.38530000  3
1900  1  49.21730000  42.89330000  41.38110000  3
1901  1  32.30210000  17.93530000  15.05290000  3
1902  1  40.68480000  32.66500000  13.47490000  3
1903  1  23.84520000  42.94740000  42.70370000  3
1904  1  24.21900000  18.49620000  27.46340000  3
1905  1  2.79657000  17.66370000  6.71372000  3
1906  1  38.54510000  26.93310000  27.85130000  3
1907  1  6.85749000  49.96060000  47.24670000  3
1908  1  25.68840000  31.48860000  20.89250000  3
1909  1  21.99840000  7.20135000  29.46290000  3
1910  1  43.95250000  46.11190000  7.71467000  3
1911  1  25.06730000  4.52523000  40.63850000  3
1912  1  26.21970000  28.58910000  44.27620000  3
1913  1  19.86720000  41.53220000  15.25810000  3
1914  1  46.96950000  39.77420000  25.99560000  3
1915  1  23.33240000  47.19090000  15.40290000  3
1916  1  28.63560000  23.06460000  23.46680000  3
1917  1  46.75450000  38.71480000  48.96250000  3
1918  1  25.40800000  34.62300000  35.80640000  3
1919  1  37.36200000  25.31210000  40.28170000  3
1920  1  17.91150000  8.63532000  18.35220000  3
1921  1  28.98420000  12.30500000  49.28110000  2
1922  1  38.97100000  50.81050000  32.87730000  3
1923  1  31.51360000  28.67400000  1.27535000  3
1924  1  36.43090000  39.60300000  41.20180000  3
1925  1  30.69530000  37.01850000  0.23376100  3
1926  1  21.52300000  2.56020000  11.46120000  3
1927  1  38.56010000  34.77990000  44.83520000  3
1928  1  10.17570000  43.01630000  36.67650000  3
1929  1  35.82320000  25.60910000  28.27910000  3
1930  1  26.95270000  47.48830000  14.29840000  3
1931  1  40.30220000  2.29254000  30.09970000  3
1932  1  16.32710000  45.34390000  49.92980000  3
1933  1  10.91180000  7.11758000  23.07980000  2
1934  1  17.91330000  10.75180000  46.81930000  3
1935  1  43.13050000  12.53120000  29.59950000  3
1936  1  31.79980000  23.44170000  30.75230000  3
1937  1  15.96780000  4.70732000  16.63560000  2
1938  1  42.76750000  49.82250000  27.84230000  3
1939  1  24.67370000  22.42870000  17.88270000  3
1940  1  40.10370000  26.23590000  29.58040000  3
1941  1  3.07737000  26.77530000  11.89540000  3
1942  1  24.08460000  16.55200000  20.19460000  3
1943  1  42.79750000  12.10570000  4.13074000  3
1944  1  12.21740000  29.33560000  36.52220000  3
1945  1  46.15260000  15.38260000  11.60260000  3
1946  1  5.37947000  33.84420000  46.09600000  2
1947  1  6.44046000  27.61700000  32.14580000  3
1948  1  31.91830000  18.27720000  38.63040000  3
1949  1  13.23720000  25.57400000  42.76340000  3
1950  1  42.64750000  24.02340000  38.47150000  3
1951  1  33.11810000  25.52250000  42.17990000  3
1952  1  38.69070000  46.15250000  3.39000000  3
1953  1  35.92880000  30.93940000  12.30890000  3
1954  1  11.49810000  9.89935000  29.56080000  3
1955  1  17.56640000  15.51180000  0.21086000  3
1956  1  3.90704000  37.62660000  16.48950000  3
1957  1  25.82870000  45.73740000  23.94880000  3
1958  1  40.56650000  19.33630000  39.25690000  3
1959  1  27.65110000  2.68695000  31.28430000  3
1960  1  42.65210000  27.02020000  36.24950000  3
1961  1  12.20320000  50.76630000  1.53673000  3
1962  1  29.37460000  0.50178100  48.76440000  3
1963  1  37.06390000  33.90910000  26.45060000  3
1964  1  25.86530000  40.65530000  38.00670000  3
1965  1  25.66460000  17.96320000  42.62840000  3
1966  1  37.91960000  16.53530000  49.13450000  3
1967  1  19.54060000  28.29290000  21.83580000  3
1968  1  15.20640000  42.04780000  35.94770000  3
1969  1  18.73670000  15.33620000  26.56810000  3
1970  1  33.79190000  24.78270000  41.03460000  3
1971  1  18.74460000  14.38150000  15.77550000  3
1972  1  34.04160000  41.97150000  35.95480000  3
1973  1  41.61330000  17.06780000  16.08860000  3
1974  1  1.45037000  14.21760000  11.90620000  3
1975  1  36.62460000  31.78100000  14.40890000  3
1976  1  28.72740000  13.38300000  36.35920000  3
1977  1  7.59233000  2.40310000  39.63380000  3
1978  1  21.69190000  21.66160000  48.51150000  3
1979  1  12.63870000  11.91600000  26.26050000  4
1980  1  48.75360000  37.93120000  38.52700000  3
1981  1  0.65745900  20.51990000  24.87530000  3
1982  1  14.29500000  26.76020000  2.40178000  3
1983  1  29.32530000  45.23790000  3.32167000  3
1984  1  47.45310000  2.56465000  40.59660000  3
1985  1  45.56480000  16.87700000  1.85939000  3
1986  1  28.77450000  45.93420000  9.19510000  3
1987  1  41.21020000  32.70690000  15.93620000  3
1988  1  43.52530000  30.29670000  8.18333000  3
1989  1  11.82050000  49.51660000  13.23820000  3
1990  1  50.70230000  34.17490000  38.30820000  3
1991  1  18.92130000  41.72940000  21.60190000  3
1992  1  13.36390000  47.20960000  33.52420000  3
1993  1  28.74940000  2.54009000  16.86280000  3
1994  1  33.01990000  23.95480000  24.78530000  3
1995  1  21.80200000  43.61940000  33.80960000  3
1996  1  46.55780000  29.38650000  44.67880000  3
1997  1  39.82450000  16.38560000  50.95190000  3
1998  1  42.81550000  10.44350000  31.00640000  3
1999  1  27.61200000  0.56797100  12.21010000  3
2000  1  2.06034000  21.46660000  23.04110000  3
2001  1  9.09861000  21.16260000  5.30430000  2
2002  1  7.89500000  12.87030000  17.56310000  3
2003  1  22.32310000  3.34779000  36.15460000  3
2004  1  5.48783000  35.21840000  19.56860000  3
2005  1  41.49100000  30.59300000  23.06100000  3
2006  1  43.35790000  7.95373000  5.88063000  3
2007  1  6.22758000  4.00283000  47.63860000  3
2008  1  12.85640000  13.55350000  44.93550000  3
2009  1  9.74715000  27.12300000  45.43990000  3
2010  1  47.31390000  16.26850000  32.73100000  3
2011  1  27.19570000  14.13710000  42.57490000  3
2012  1  21.56570000  47.15830000  21.92160000  3
2013  1  7.65748000  4.58029000  3.81033000  3
2014  1  26.38920000  3.29345000  16.37460000  3
2015  1  30.55590000  34.47260000  34.42820000  3
2016  1  44.21670000  24.38570000  29.79870000  3
2017  1  24.03180000  23.22180000  2.33559000  3
2018  1  23.27570000  1.55504000  37.29400000  3
2019  1  33.71140000  21.02710000  24.59130000  3
2020  1  14.68900000  42.88270000  8.07491000  3
2021  1  7.32131000  43.56390000  2.96320000  3
2022  1  0.28287200  9.99465000  33.24470000  3
2023  1  28.00540000  27.62890000  45.91970000  3
2024  1  50.36370000  48.00400000  2.68177000  3
2025  1  9.84541000  23.32070000  32.04690000  3
2026  1  36.10530000  27.25440000  8.03948000  3
2027  1  40.65180000  9.08373000  48.02380000  3
2028  1  2.71390000  29.59750000  26.71830000  3
2029  1  43.41560000  38.33910000  6.33197000  3
2030  1  38.87020000  38.58750000  1.66813000  3
2031  1  42.26660000  10.89870000  3.65855000  3
2032  1  20.30560000  44.43710000  38.63110000  3
2033  1  16.16600000  32.28470000  28.82520000  3
2034  1  5.55627000  22.54150000  0.44080800  3
2035  1  2.53742000  40.29270000  6.65447000  3
2036  1  50.10800000  27.76460000  24.84830000  3
2037  1  38.19420000  50.71950000  34.07930000  3
2038  1  1.05511000  5.26464000  24.50610000  3
2039  1  22.72830000  29.15020000  16.81100000  3
2040  1  33.01000000  19.09600000  15.52180000  3
2041  1  38.06450000  5.88192000  11.01570000  3
2042  1  28.24500000  6.54238000  37.59820000  3
2043  1  8.54254000  36.96480000  41.97850000  3
2044  1  47.59360000  12.29480000  46.72920000  3
2045  1  45.36870000  16.11260000  47.84980000  3
2046  1  32.50970000  23.66870000  37.15330000  3
2047  1  38.72320000  19.78520000  24.11240000  3
2048  1  47.83900000  1.82452000  39.35010000  3
2049  1  27.06180000  3.57024000  39.52700000  3
2050  1  4.27370000  22.61420000  20.20160000  3
2051  1  13.76240000  38.85160000  8.91982000  3
2052  1  43.16310000  43.81800000  30.74340000  3
2053  1  14.11790000  31.94660000  41.95760000  3
2054  1  14.49060000  28.89050000  26.58700000  3
2055  1  34.41560000  48.02940000  44.85520000  3
2056  1  4.96041000  20.42310000  1.43582000  3
2057  1  41.50610000  36.47230000  15.93790000  3
2058  1  26.10690000  39.22730000  35.82220000  3
2059  1  14.38440000  49.39580000  5.66150000  3
2060  1  11.27040000  39.21370000  38.82910000  3
2061  1  25.65530000  48.37640000  37.18150000  3
2062  1  46.56350000  40.05860000  33.57280000  3
2063  1  30.93940000  23.65090000  48.76720000  3
2064  1  9.02419000  40.44580000  17.38960000  3
2065  1  35.37680000  26.73610000  21.57070000  3
2066  1  45.95770000  31.44870000  8.39054000  3
2067  1  8.11198000  31.31150000  16.08180000  3
2068  1  32.30000000  29.70770000  10.37070000  3
2069  1  41.88660000  35.38270000  50.99260000  3
2070  1  23.38280000  42.05110000  32.55820000  2
2071  1  50.07830000  49.64850000  23.55450000  3
2072  1  8.20041000  24.55730000  19.39160000  2
2073  1  50.22340000  20.48650000  16.23970000  3
2074  1  21.95120000  37.71150000  33.65470000  3
2075  1  14.57700000  27.14800000  12.26250000  3
2076  1  17.47060000  21.49740000  1.04491000  3
2077  1  17.47160000  9.75578000  47.76960000  3
2078  1  44.47440000  33.12590000  33.91240000  1
2079  1  12.67510000  29.26090000  37.89670000  3
2080  1  46.10310000  2.60792000  23.03790000  3
2081  1  39.80550000  0.79484800  2.69817000  3
2082  1  1.65190000  46.11100000  18.58510000  3
2083  1  49.52680000  46.98250000  48.28990000  2
2084  1  15.03700000  24.56650000  11.05180000  3
2085  1  39.55280000  30.44880000  9.65238000  3
2086  1  13.12530000  20.12340000  7.64270000  3
2087  1  34.68970000  8.84000000  46.28340000  3
2088  1  41.24930000  42.23450000  17.66320000  3
2089  1  34.35910000  40.33260000  42.32630000  3
2090  1  10.30520000  29.09800000  43.95190000  3
2091  1  4.65984000  11.66160000  14.03220000  3
2092  1  27.11530000  1.69286000  14.45160000  3
2093  1  31.97300000  3.47059000  21.37870000  2
2094  1  35.45370000  26.10340000  3.02797000  3
2095  1  47.57780000  9.16009000  50.97910000  3
2096  1  19.95100000  15.93510000  14.12980000  3
2097  1  6.08820000  1.76178000  24.31050000  3
2098  1  16.71890000  16.26410000  38.77850000  3
2099  1  24.41320000  2.59726000  43.80870000  3
2100  1  39.17900000  48.38680000  4.09667000  3
2101  1  29.22590000  49.54160000  12.14110000  3
2102  1  10.79310000  19.74690000  13.47590000  3
2103  1  40.42570000  34.01070000  1.01231000  3
2104  1  29.26330000  24.61400000  47.25640000  3
2105  1  8.50033000  45.09000000  26.96650000  3
2106  1  15.82950000  49.40170000  50.80910000  3
2107  1  1.75893000  7.91954000  45.30080000  3
2108  1  50.75680000  6.43462000  45.09190000  3
2109  1  35.92480000  42.48190000  15.79620000  3
2110  1  22.40230000  32.37610000  33.02780000  3
2111  1  10.80850000  8.68265000  38.11830000  3
2112  1  16.14320000  19.92700000  9.58272000  3
2113  1  23.53150000  18.32670000  28.73580000  3
2114  1  29.32900000  22.81370000  24.80520000  3
2115  1  7.42453000  5.50660000  10.02190000  3
2116  1  18.28820000  6.04288000  13.06970000  3
2117  1  41.40880000  34.70990000  35.31510000  3
2118  1  28.41330000  22.85980000  27.19900000  3
2119  1  48.13040000  45.26880000  37.88940000  3
2120  1  32.76940000  34.25900000  9.00073000  3
2121  1  5.80236000  25.17610000  23.91850000  3
2122  1  30.22390000  34.45450000  29.35120000  3
2123  1  34.52460000  33.53370000  47.33900000  3
2124  1  29.18480000  18.06460000  24.14890000  3
2125  1  38.05660000  42.26120000  34.63540000  3
2126  1  29.34420000  8.30561000  36.51690000  3
2127  1  49.09910000  29.90900000  33.69610000  3
2128  1  34.95830000  50.18580000  28.31740000  3
2129  1  0.12018800  32.90060000  1.80957000  3
2130  1  7.98161000  28.42370000  36.75790000  3
2131  1  40.82830000  10.67850000  34.97510000  3
2132  1  30.85080000  37.25450000  38.56330000  3
2133  1  29.92140000  7.55787000  5.25858000  3
2134  1  4.44975000  26.12610000  17.43360000  2
2135  1  50.54310000  25.50260000  49.16840000  3
2136  1  42.99340000  31.87540000  4.83724000  3
2137  1  34.85560000  27.46230000  2.81886000  3
2138  1  4.58541000  9.79583000  28.43540000  3
2139  1  43.90160000  16.15130000  25.11020000  3
2140  1  3.91035000  14.97760000  19.59720000  2
2141  1  33.07350000  36.74100000  21.13580000  3
2142  1  39.09180000  12.64760000  25.54430000  3
2143  1  45.90900000  37.25460000  23.35190000  3
2144  1  47.16380000  32.21810000  22.16180000  3
2145  1  7.76958000  14.43450000  19.46780000  3
2146  1  2.45042000  44.55280000  9.30122000  3
2147  1  36.25800000  23.60350000  36.82200000  3
2148  1  48.86320000  24.72580000  50.90140000  3
2149  1  14.12940000  46.64360000  20.58470000  3
2150  1  48.26800000  44.05020000  5.51304000  3
2151  1  6.90117000  36.79170000  14.36450000  3
2152  1  19.91470000  20.43460000  42.38040000  3
2153  1  26.99530000  2.58127000  7.05491000  3
2154  1  7.51463000  49.72230000  13.44060000  3
2155  1  9.20886000  46.40820000  46.97300000  3
2156  1  43.95090000  42.57720000  18.63410000  3
2157  1  20.17010000  46.68090000  18.68680000  3
2158  1  0.80758700  0.05932730  23.00460000  3
2159  1  13.67190000  31.93460000  6.51011000  3
2160  1  43.27300000  42.19370000  2.13781000  3
2161  1  49.32060000  48.50290000  13.21690000  3
2162  1  14.65500000  33.27450000  41.98180000  3
2163  1  9.70170000  21.98280000  43.37810000  3
2164  1  35.33790000  26.01300000  42.16790000  3
2165  1  8.22893000  23.04380000  36.83780000  3
2166  1  16.19280000  8.86481000  49.79550000  3
2167  1  43.47540000  31.70350000  30.57640000  3
2168  1  35.01650000  9.45596000  2.38931000  3
2169  1  38.96100000  10.16480000  36.96060000  3
2170  1  49.31450000  12.21490000  1.40608000  3
2171  1  38.49980000  23.11010000  36.07880000  3
2172  1  28.72560000  23.17570000  45.36570000  3
2173  1  8.66060000  21.26220000  42.76960000  3
2174  1  0.88715700  21.42860000  0.84590600  3
2175  1  37.12260000  36.59780000  1.27231000  3
2176  1  14.49840000  0.15124500  0.91404500  3
2177  1  44.60420000  0.80596300  33.58630000  3
2178  1  40.14550000  28.38200000  26.57490000  3
2179  1  29.13010000  46.08010000  32.31460000  3
2180  1  41.07770000  27.89780000  38.25130000  3
2181  1  3.27667000  2.24708000  38.70860000  3
2182  1  18.37130000  6.28068000  0.46495500  3
2183  1  44.11880000  13.65270000  26.65690000  3
2184  1  10.34350000  2.21073000  19.73880000  3
2185  1  38.73620000  39.50410000  47.97790000  3
2186  1  37.35680000  15.65360000  6.21505000  3
2187  1  20.04940000  41.35900000  36.61520000  2
2188  1  29.57460000  8.95663000  3.25836000  3
2189  1  0.38294700  17.14970000  41.25740000  3
2190  1  22.17830000  18.00590000  28.67600000  3
2191  1  37.72130000  19.41900000  25.05640000  3
2192  1  30.04320000  4.32592000  19.84810000  2
2193  1  2.41953000  23.21540000  12.80270000  3
2194  1  48.61620000  16.24350000  15.96680000  3
2195  1  46.07590000  45.34980000  4.63135000  3
2196  1  9.24076000  18.34500000  2.14642000  3
2197  1  45.61120000  44.64010000  22.89040000  3
2198  1  33.36380000  42.79840000  1.40079000  3
2199  1  20.87720000  24.45060000  21.50340000  3
2200  1  42.54270000  44.18350000  10.57910000  3
2201  1  13.51590000  7.44594000  16.88510000  3
2202  1  3.67369000  8.91735000  18.03070000  3
2203  1  44.34860000  42.98000000  30.63150000  3
2204  1  48.20030000  7.29717000  1.43080000  3
2205  1  28.51250000  36.52860000  38.32850000  3
2206  1  40.05900000  11.88730000  7.94525000  3
2207  1  38.16410000  0.06227200  4.41568000  3
2208  1  48.39650000  37.18580000  17.30820000  3
2209  1  20.71090000  39.08500000  11.87200000  3
2210  1  7.66442000  3.03763000  10.93800000  3
2211  1  0.94139800  16.44180000  2.11285000  3
2212  1  0.12516900  13.70540000  46.78810000  2
2213  1  47.88910000  7.01897000  26.29700000  3
2214  1  19.00230000  8.46714000  33.32960000  3
2215  1  34.92420000  25.72890000  47.75580000  3
2216  1  46.46510000  1.55730000  14.05900000  3
2217  1  41.48430000  2.78964000  41.37870000  3
2218  1  39.00680000  12.82760000  47.42280000  3
2219  1  47.21490000  43.88470000  42.53230000  3
2220  1  44.40240000  17.05720000  47.48490000  3
2221  1  44.54290000  20.40800000  39.39990000  3
2222  1  28.61990000  33.19120000  14.72300000  2
2223  1  11.07570000  15.62420000  7.70024000  3
2224  1  23.59690000  2.06635000  9.45278000  3
2225  1  31.34300000  45.56090000  21.34220000  3
2226  1  33.10480000  46.81230000  39.21430000  3
2227  1  14.02570000  10.92700000  50.27820000  3
2228  1  38.48290000  23.71520000  18.99540000  3
2229  1  30.35370000  5.26972000  39.33140000  3
2230  1  47.80920000  6.22435000  12.31340000  3
2231  1  0.73570000  44.84250000  12.93390000  3
2232  1  31.61500000  43.52710000  27.26780000  3
2233  1  44.81140000  6.19042000  30.49990000  3
2234  1  4.38352000  18.93900000  31.71720000  3
2235  1  15.56040000  20.95050000  6.75544000  3
2236  1  45.45170000  4.72678000  19.12920000  3
2237  1  11.28240000  42.70140000  46.67210000  3
2238  1  13.85970000  39.69690000  51.00350000  3
2239  1  17.68080000  6.97293000  15.47600000  3
2240  1  39.53640000  11.49780000  13.68520000  3
2241  1  43.40890000  29.91460000  24.94190000  3
2242  1  40.49960000  35.54590000  43.27510000  3
2243  1  43.32690000  1.08298000  5.59884000  3
2244  1  18.95110000  33.68180000  50.26180000  3
2245  1  20.26650000  6.29493000  24.86890000  3
2246  1  0.33289900  48.90900000  3.12104000  3
2247  1  39.64120000  2.18139000  0.28787700  3
2248  1  4.17491000  33.97720000  10.47100000  3
2249  1  8.58483000  33.64800000  44.37810000  3
2250  1  36.99490000  1.34477000  45.00850000  3
2251  1  10.71570000  40.82820000  15.20430000  3
2252  1  34.01770000  34.04380000  49.61520000  3
2253  1  41.07880000  38.69700000  46.09130000  3
2254  1  49.48220000  2.40039000  12.21860000  3
2255  1  10.49420000  30.81370000  4.82343000  2
2256  1  38.66180000  46.14010000  9.96239000  3
2257  1  0.58111200  10.69450000  16.73780000  3
2258  1  28.24050000  45.64880000  6.85153000  3
2259  1  22.85670000  16.25020000  24.21710000  3
2260  1  35.89980000  37.82800000  39.47010000  3
2261  1  20.07530000  40.94930000  13.96890000  3
2262  1  47.10940000  43.91290000  7.88216000  3
2263  1  28.28970000  47.39780000  2.49936000  3
2264  1  37.21250000  44.94430000  27.47570000  3
2265  1  36.13070000  20.89330000  23.89790000  3
2266  1  8.09919000  5.33779000  48.01310000  3
2267  1  18.71880000  10.28820000  42.98600000  3
2268  1  41.53370000  2.02739000  43.73550000  3
2269  1  15.08930000  6.87499000  24.38640000  3
2270  1  4.24281000  17.90150000  6.64642000  3
2271  1  26.94640000  43.19080000  49.19850000  3
2272  1  20.40250000  15.59690000  5.41833000  3
2273  1  15.43730000  25.14820000  23.61540000  3
2274  1  31.05200000  5.39756000  38.02390000  3
2275  1  28.76840000  45.15690000  40.61390000  3
2276  1  44.72490000  21.95330000  18.48010000  3
2277  1  48.30020000  9.44448000  13.98120000  3
2278  1  6.64895000  39.86750000  20.11920000  3
2279  1  11.01710000  26.72380000  29.62190000  3
2280  1  35.51860000  38.05390000  30.76880000  3
2281  1  50.79500000  18.85870000  39.27650000  3
2282  1  23.24740000  13.50960000  45.10680000  3
2283  1  22.29520000  24.92760000  19.49360000  3
2284  1  34.43470000  33.52730000  31.95410000  3
2285  1  17.32570000  41.17760000  18.17070000  3
2286  1  18.58790000  16.81980000  12.31310000  3
2287  1  20.39210000  6.68875000  48.43680000  3
2288  1  20.98290000  34.21700000  46.44380000  3
2289  1  2.43002000  20.07810000  36.92850000  3
2290  1  3.85952000  15.82230000  37.42870000  3
2291  1  43.73430000  32.97120000  46.45940000  3
2292  1  16.64110000  44.10440000  41.59610000  3
2293  1  46.41240000  10.92130000  37.38440000  3
2294  1  29.36980000  15.02430000  18.29470000  3
2295  1  12.48840000  16.04560000  2.00623000  3
2296  1  8.81812000  11.81620000  24.37310000  3
2297  1  33.80790000  20.87650000  5.04186000  3
2298  1  5.53764000  36.86180000  14.84310000  3
2299  1  24.15790000  18.57930000  29.98840000  3
2300  1  50.51230000  14.90290000  47.12470000  3
2301  1  5.23727000  11.23830000  15.26520000  3
2302  1  0.03978360  20.85000000  5.91684000  3
2303  1  33.20710000  2.45742000  26.40960000  3
2304  1  26.75520000  42.35650000  18.87490000  3
2305  1  31.13630000  39.87370000  35.36340000  3
2306  1  35.74260000  17.43930000  34.80830000  3
2307  1  3.13982000  12.48500000  35.52460000  3
2308  1  44.20780000  1.89800000  0.82119800  3
2309  1  24.95080000  46.41020000  20.30400000  3
2310  1  46.98350000  27.56130000  6.28211000  3
2311  1  12.97820000  22.49540000  12.25300000  3
2312  1  2.50489000  0.87185500  46.94790000  3
2313  1  3.32390000  14.33230000  30.09070000  3
2314  1  50.71820000  29.67090000  40.77640000  3
2315  1  29.67820000  7.90971000  2.20274000  3
2316  1  27.43760000  22.68320000  28.28360000  3
2317  1  30.95900000  0.42188400  2.43377000  3
2318  1  44.86830000  48.81280000  31.39800000  2
2319  1  50.84880000  44.23430000  5.03423000  3
2320  1  49.58740000  32.85680000  22.67070000  3
2321  1  45.06250000  17.38170000  16.84060000  3
2322  1  35.15530000  34.83870000  24.98230000  3
2323  1  4.27253000  20.76700000  33.89220000  3
2324  1  34.07660000  17.60990000  36.77720000  3
2325  1  25.80290000  40.69070000  7.85189000  3
2326  1  5.36885000  10.28810000  42.02680000  3
2327  1  2.20533000  39.18450000  7.50351000  3
2328  1  33.11510000  8.89795000  20.63320000  3
2329  1  25.93920000  11.01740000  28.15950000  2
2330  1  30.54630000  38.38220000  31.55820000  3
2331  1  4.81917000  12.98460000  11.32010000  3
2332  1  43.70690000  8.41457000  30.41170000  3
2333  1  6.91710000  9.36129000  3.55965000  3
2334  1  27.21540000  2.56587000  32.61480000  3
2335  1  11.72950000  8.57709000  47.25410000  3
2336  1  14.68640000  27.20440000  24.81270000  3
2337  1  39.48040000  36.17990000  8.74991000  3
2338  1  48.39120000  29.14120000  48.58820000  2
2339  1  49.46430000  19.03460000  46.16660000  3
2340  1  1.56217000  42.50360000  5.64257000  3
2341  1  27.20990000  20.54520000  33.63550000  3
2342  1  29.44660000  4.05143000  39.08420000  3
2343  1  38.69990000  43.48930000  34.34660000  3
2344  1  7.55499000  49.97740000  2.93897000  3
2345  1  43.99950000  32.47910000  29.47950000  3
2346  1  50.14270000  46.12450000  21.49660000  3
2347  1  4.50096000  25.14790000  23.36130000  3
2348  1  37.75340000  36.09130000  46.85360000  3
2349  1  27.62500000  0.14084700  41.10320000  3
2350  1  29.94830000  2.73849000  39.24800000  3
2351  1  41.71780000  2.99876000  27.97070000  3
2352  1  45.30590000  43.10940000  3.19801000  3
2353  1  35.23890000  49.51380000  38.14350000  3
2354  1  19.74780000  6.14849000  16.09410000  3
2355  1  29.05650000  16.40940000  16.11590000  3
2356  1  21.10450000  6.48132000  22.64280000  3
2357  1  0.93911100  44.89900000  4.33183000  3
2358  1  36.29960000  15.63910000  40.50810000  3
2359  1  34.91460000  9.74462000  31.18870000  3
2360  1  49.55990000  35.80530000  39.59760000  3
2361  1  1.99007000  5.50358000  45.71810000  3
2362  1  39.29320000  34.06660000  25.39910000  3
2363  1  38.20890000  36.59680000  19.05360000  3
2364  1  22.44250000  15.19760000  8.69251000  3
2365  1  47.88490000  35.32890000  42.89580000  3
2366  1  0.31950800  47.85660000  22.73830000  3
2367  1  30.31440000  45.62620000  46.47560000  3
2368  1  30.86560000  18.10970000  17.04940000  3
2369  1  7.40220000  37.87070000  47.91840000  3
2370  1  46.49890000  27.04900000  10.06570000  3
2371  1  40.01840000  45.52880000  10.20770000  3
2372  1  22.41770000  37.52270000  50.76300000  3
2373  1  9.89979000  50.33180000  2.26198000  3
2374  1  2.16192000  45.28740000  33.53340000  3
2375  1  21.25540000  27.46920000  6.73733000  3
2376  1  15.11120000  23.82810000  23.12060000  3
2377  1  13.70000000  38.09570000  33.52040000  3
2378  1  16.99860000  49.30400000  12.05610000  3
2379  1  6.91318000  7.45719000  31.75910000  3
2380  1  13.05020000  16.91010000  27.22340000  2
2381  1  41.19980000  36.16300000  45.52180000  3
2382  1  41.11030000  42.66940000  33.81200000  3
2383  1  25.80140000  9.40044000  18.85300000  3
2384  1  9.42525000  46.03840000  30.54250000  3
2385  1  47.59040000  28.88180000  3.73677000  3
2386  1  33.81490000  16.55550000  46.11740000  3
2387  1  37.45220000  4.16580000  33.17950000  3
2388  1  0.40474600  37.01550000  15.15430000  3
2389  1  3.02987000  13.97320000  31.44380000  3
2390  1  2.52089000  27.34550000  4.57394000  3
2391  1  5.91452000  26.70280000  31.16660000  3
2392  1  11.23030000  43.66060000  36.02510000  3
2393  1  16.61250000  15.41470000  5.73253000  3
2394  1  31.37520000  30.84260000  7.11818000  3
2395  1  7.36827000  21.05840000  1.15107000  3
2396  1  41.96880000  49.43000000  7.89680000  3
2397  1  6.38394000  38.90140000  41.88570000  3
2398  1  6.32349000  30.62830000  1.61457000  3
2399  1  50.48680000  0.45963500  33.10370000  3
2400  1  31.17470000  43.67390000  25.90710000  3
2401  1  46.26360000  26.74110000  1.62230000  3
2402  1  44.43370000  49.07850000  3.82314000  3
2403  1  18.54800000  0.79876700  2.76628000  4
2404  1  6.40673000  11.74520000  10.03430000  3
2405  1  34.65200000  48.22880000  29.78760000  3
2406  1  27.04430000  37.46910000  41.13540000  3
2407  1  15.57490000  30.88230000  1.98309000  3
2408  1  48.33900000  28.94590000  32.96570000  3
2409  1  34.85160000  42.22870000  16.67700000  3
2410  1  11.40000000  2.82194000  36.61150000  3
2411  1  5.97787000  16.67860000  2.85288000  3
2412  1  43.21030000  36.39900000  20.08190000  3
2413  1  20.21730000  40.93410000  45.42860000  2
2414  1  22.35460000  22.18030000  46.19180000  3
2415  1  14.45020000  3.13183000  44.90020000  3
2416  1  44.38710000  14.33130000  37.20550000  3
2417  1  31.18560000  3.92073000  26.10830000  3
2418  1  42.43800000  6.42121000  39.15130000  3
2419  1  42.38130000  29.66790000  6.25424000  2
2420  1  50.21720000  45.97690000  49.01240000  3
2421  1  47.79340000  46.61210000  23.21060000  3
2422  1  41.72420000  7.75106000  0.91820000  3
2423  1  35.59090000  41.74320000  20.70490000  3
2424  1  18.91020000  14.85690000  7.28018000  3
2425  1  45.23370000  24.38810000  28.85510000  3
2426  1  10.75940000  27.09830000  33.83400000  3
2427  1  36.02100000  2.08276000  36.04880000  3
2428  1  37.06230000  14.11010000  25.89780000  3
2429  1  11.75020000  0.20425700  11.39230000  3
2430  1  16.51830000  33.18430000  11.57080000  3
2431  1  28.44940000  22.78040000  43.95150000  3
2432  1  33.46270000  14.53030000  26.54990000  3
2433  1  50.95790000  40.64390000  43.70090000  3
2434  1  46.80380000  27.93110000  44.89800000  3
2435  1  47.53580000  41.04990000  26.09410000  3
2436  1  48.06170000  43.18300000  27.30680000  3
2437  1  28.84720000  2.08526000  30.80310000  3
2438  1  8.74377000  26.82460000  44.45580000  3
2439  1  25.76110000  4.11599000  39.40250000  4
2440  1  18.04540000  39.72530000  30.51430000  3
2441  1  17.87040000  12.94700000  22.75340000  3
2442  1  25.04300000  29.70580000  22.30970000  3
2443  1  47.05430000  13.30760000  0.11382000  3
2444  1  2.13206000  2.15495000  26.51160000  3
2445  1  48.49900000  35.56120000  32.66990000  3
2446  1  34.25590000  39.17420000  47.32230000  2
2447  1  23.62370000  1.55475000  45.84930000  3
2448  1  10.01500000  33.84250000  33.95470000  3
2449  1  29.56550000  6.23303000  4.73282000  3
2450  1  32.86610000  34.91900000  25.88450000  3
2451  1  50.50200000  19.89120000  45.70770000  3
2452  1  18.31380000  11.36290000  18.88290000  3
2453  1  31.39440000  19.38520000  17.32490000  3
2454  1  9.13176000  8.28252000  39.92130000  3
2455  1  26.15850000  2.54976000  15.19130000  3
2456  1  31.25140000  18.34480000  39.87280000  3
2457  1  35.39700000  3.41278000  9.77194000  3
2458  1  2.42227000  21.72070000  35.24380000  3
2459  1  7.89992000  37.61780000  14.89130000  3
2460  1  47.40930000  16.85270000  6.11339000  3
2461  1  2.46940000  34.30700000  21.40470000  3
2462  1  42.15640000  8.41497000  12.07770000  3
2463  1  41.79210000  1.00174000  44.66950000  3
2464  1  14.26330000  30.60440000  28.40360000  3
2465  1  5.44484000  41.91090000  37.81670000  3
2466  1  49.39130000  26.99200000  5.01604000  3
2467  1  12.69630000  37.94480000  36.91020000  3
2468  1  24.91860000  47.81970000  13.01560000  3
2469  1  35.83830000  47.70020000  29.20870000  3
2470  1  17.90430000  8.43645000  47.70700000  3
2471  1  45.82730000  9.94260000  38.24590000  3
2472  1  47.50020000  37.28350000  10.94970000  3
2473  1  32.82260000  14.31750000  11.54430000  3
2474  1  43.52200000  50.58990000  15.23710000  3
2475  1  0.20527900  28.95610000  10.97820000  3
2476  1  13.71240000  11.61510000  28.57800000  3
2477  1  17.59170000  13.66420000  9.04206000  3
2478  1  8.52674000  24.31270000  15.82630000  3
2479  1  46.18730000  31.98940000  16.07350000  3
2480  1  31.52620000  44.21910000  2.42179000  3
2481  1  26.81960000  23.34530000  10.33400000  3
2482  1  11.18850000  35.55720000  16.37120000  3
2483  1  26.13590000  14.87490000  2.00600000  3
2484  1  1.79683000  33.57940000  10.11370000  3
2485  1  30.13740000  44.65690000  11.47250000  3
2486  1  45.33800000  17.82360000  33.89980000  3
2487  1  11.38250000  26.62930000  28.28890000  3
2488  1  25.75840000  18.89760000  25.16280000  3
2489  1  14.74290000  31.38690000  4.28959000  3
2490  1  12.33610000  32.59530000  46.67340000  3
2491  1  9.43750000  23.74240000  34.82480000  3
2492  1  5.36452000  36.25030000  8.31859000  3
2493  1  32.65810000  41.58260000  36.35380000  3
2494  1  21.87380000  13.40320000  38.14190000  3
2495  1  42.88850000  14.70290000  50.29830000  3
2496  1  34.58960000  34.32570000  7.29607000  3
2497  1  0.51012200  45.06830000  28.95560000  3
2498  1  35.70820000  9.89648000  4.58567000  3
2499  1  20.13410000  32.93200000  21.96940000  3
2500  1  31.83700000  50.89180000  3.40186000  3
2501  1  18.23340000  18.23180000  36.98070000  3
2502  1  8.82511000  49.17860000  9.41010000  2
2503  1  11.19140000  23.08410000  50.01570000  3
2504  1  45.03580000  36.16860000  25.88080000  3
2505  1  46.84740000  50.20200000  0.40420600  3
2506  1  22.16920000  15.12740000  19.71070000  3
2507  1  11.30670000  14.21560000  7.68907000  3
2508  1  29.31030000  4.00523000  18.72250000  3
2509  1  8.16464000  8.40612000  29.88440000  3
2510  1  33.89140000  23.73190000  37.51050000  3
2511  1  29.95870000  17.76010000  29.01350000  3
2512  1  21.69080000  21.70420000  34.33250000  3
2513  1  31.08890000  8.63352000  7.19568000  3
2514  1  28.08510000  8.72204000  36.98530000  3
2515  1  49.52340000  35.95310000  47.70750000  3
2516  1  35.06030000  18.53200000  14.42800000  3
2517  1  38.81810000  31.77060000  11.42350000  3
2518  1  6.32072000  29.73480000  2.81181000  3
2519  1  49.11500000  5.33728000  2.47922000  3
2520  1  9.03156000  6.88776000  8.64955000  3
2521  1  32.60790000  2.08411000  27.62940000  3
2522  1  19.69220000  9.97600000  15.32790000  3
2523  1  21.27410000  30.80470000  17.94380000  3
2524  1  13.12330000  19.40390000  26.96520000  3
2525  1  7.09289000  13.49950000  18.51330000  3
2526  1  19.92070000  7.31932000  18.90210000  4
2527  1  2.01860000  34.84370000  45.80440000  3
2528  1  46.75340000  16.29600000  47.69740000  3
2529  1  15.29950000  36.07620000  44.32490000  3
2530  1  2.52536000  17.90980000  46.42840000  3
2531  1  6.28963000  2.22448000  42.12270000  3
2532  1  24.64060000  34.52600000  25.07320000  3
2533  1  49.85890000  17.72080000  46.44380000  3
2534  1  48.84210000  43.41230000  11.24030000  3
2535  1  5.42879000  30.75960000  39.70060000  4
2536  1  43.16300000  6.82567000  4.89375000  3
2537  1  47.70880000  6.36717000  47.20690000  3
2538  1  35.38030000  20.91850000  49.24150000  3
2539  1  10.90200000  43.42440000  1.46688000  3
2540  1  31.62830000  17.57880000  32.22360000  3
2541  1  14.68180000  9.12859000  23.02290000  3
2542  1  12.10130000  38.53140000  21.54890000  3
2543  1  39.18640000  32.32100000  31.09860000  3
2544  1  20.09490000  17.74630000  32.65920000  3
2545  1  35.74340000  5.99886000  33.65310000  3
2546  1  27.72470000  35.44500000  36.18470000  3
2547  1  31.20930000  36.34100000  48.99860000  3
2548  1  34.47400000  38.05450000  39.60770000  3
2549  1  23.87340000  50.25170000  0.34676800  3
2550  1  45.16860000  37.01030000  11.67610000  3
2551  1  38.82340000  15.27000000  34.49780000  3
2552  1  2.73581000  2.16628000  12.12040000  3
2553  1  33.52720000  7.61196000  34.12930000  3
2554  1  0.98948700  5.99315000  12.73730000  3
2555  1  42.35940000  8.44392000  3.18207000  3
2556  1  39.60960000  22.21060000  7.68788000  3
2557  1  15.06580000  40.57020000  7.70523000  3
2558  1  46.03770000  32.21210000  45.06530000  3
2559  1  21.44410000  29.84670000  7.19365000  3
2560  1  29.83230000  40.21960000  44.25550000  3
2561  1  26.26880000  38.10840000  33.72800000  3
2562  1  34.06700000  27.65980000  43.53540000  3
2563  1  50.98010000  29.41820000  39.35680000  3
2564  1  8.17501000  32.69370000  10.85420000  3
2565  1  50.18500000  21.93510000  5.79213000  3
2566  1  1.51850000  2.68508000  45.21420000  3
2567  1  25.59590000  3.68321000  5.30170000  3
2568  1  20.15100000  39.57380000  42.10710000  2
2569  1  16.46300000  2.97701000  41.71650000  3
2570  1  47.34350000  16.91570000  16.18990000  3
2571  1  10.00390000  35.78710000  27.65810000  3
2572  1  32.64670000  21.56630000  4.83492000  3
2573  1  30.69240000  5.67216000  41.88450000  3
2574  1  23.19940000  0.43489800  49.36010000  3
2575  1  45.84630000  7.61766000  12.07880000  3
2576  1  28.12410000  35.32080000  2.51592000  3
2577  1  30.59820000  48.18260000  32.65620000  3
2578  1  41.11820000  41.69860000  34.86980000  3
2579  1  48.52250000  6.80283000  46.12270000  3
2580  1  23.51050000  5.18037000  44.68470000  3
2581  1  25.13980000  13.47170000  32.42900000  3
2582  1  32.02620000  43.43530000  14.46880000  3
2583  1  19.78360000  32.72240000  29.47820000  3
2584  1  10.76200000  33.38730000  4.60251000  3
2585  1  9.84733000  23.88750000  28.51830000  3
2586  1  38.46660000  1.27058000  9.20989000  3
2587  1  15.18540000  11.85820000  16.09390000  3
2588  1  37.52480000  30.40830000  1.48620000  3
2589  1  43.93850000  16.68950000  17.44310000  3
2590  1  49.32860000  10.84800000  21.14300000  3
2591  1  43.83740000  17.92260000  13.27230000  3
2592  1  44.08430000  9.05488000  7.81157000  2
2593  1  26.36930000  18.46130000  26.39860000  3
2594  1  34.01940000  41.95420000  43.98800000  3
2595  1  14.38490000  2.80535000  38.90630000  3
2596  1  21.64210000  50.97080000  4.81720000  3
2597  1  3.24812000  0.31218500  33.00000000  3
2598  1  47.36460000  20.28760000  30.39680000  3
2599  1  41.57440000  20.02700000  10.43440000  3
2600  1  17.58810000  30.99360000  26.76320000  3
2601  1  27.83760000  43.11220000  48.13680000  3
2602  1  50.80450000  32.79860000  37.84280000  3
2603  1  5.62642000  10.70950000  26.59830000  3
2604  1  45.22700000  4.54541000  21.57130000  3
2605  1  29.53580000  12.56500000  35.29560000  3
2606  1  23.19030000  29.80620000  23.98820000  3
2607  1  28.11740000  21.58630000  33.28390000  3
2608  1  18.53890000  48.71830000  39.61720000  3
2609  1  10.26200000  42.32020000  18.67340000  3
2610  1  2.32176000  1.74490000  37.73300000  3
2611  1  24.44780000  46.48220000  2.32909000  3
2612  1  34.26450000  38.73240000  28.51840000  3
2613  1  29.81860000  34.25300000  31.74330000  3
2614  1  13.67990000  2.39450000  8.15241000  3
2615  1  32.09600000  33.27900000  8.28776000  3
2616  1  24.36270000  28.08780000  42.24820000  3
2617  1  21.39840000  46.95060000  30.51830000  3
2618  1  11.90190000  35.94530000  10.21550000  3
2619  1  7.59739000  23.19700000  50.65480000  3
2620  1  37.19000000  6.98184000  11.27180000  3
2621  1  10.10150000  12.11160000  16.71440000  3
2622  1  25.69880000  43.34250000  13.48020000  3
2623  1  4.00070000  38.20300000  43.25220000  3
2624  1  44.65620000  36.67170000  14.03510000  3
2625  1  6.41840000  20.31710000  43.19780000  3
2626  1  3.30834000  49.60350000  12.90860000  3
2627  1  46.91980000  3.35335000  49.37760000  3
2628  1  33.82160000  49.15930000  44.18040000  3
2629  1  41.29630000  16.54220000  9.07979000  3
2630  1  19.71570000  17.08420000  31.43440000  3
2631  1  24.98640000  42.91010000  0.29564700  3
2632  1  3.26363000  25.43530000  12.18730000  3
2633  1  31.08980000  3.45820000  20.31150000  3
2634  1  18.81450000  5.59281000  7.12225000  3
2635  1  38.28950000  14.43890000  23.89470000  3
2636  1  43.66100000  1.53411000  48.33380000  3
2637  1  42.67740000  16.30150000  16.86240000  3
2638  1  32.46890000  26.10680000  3.21221000  2
2639  1  42.77390000  6.80850000  37.87750000  3
2640  1  50.18460000  43.60480000  0.93210000  3
2641  1  43.81570000  2.94704000  33.96200000  3
2642  1  37.64960000  45.31010000  23.21420000  3
2643  1  23.15280000  15.04120000  48.42340000  3
2644  1  50.97460000  39.80840000  7.47927000  3
2645  1  2.44265000  23.03070000  51.02060000  3
2646  1  8.12291000  10.44570000  49.59970000  3
2647  1  16.38390000  36.71170000  12.77720000  3
2648  1  16.09700000  46.68960000  50.17770000  3
2649  1  32.26160000  45.53510000  30.67450000  3
2650  1  13.49680000  44.68680000  44.44610000  3
2651  1  17.29110000  16.04970000  2.63452000  3
2652  1  23.25830000  31.20050000  6.22594000  3
2653  1  41.39120000  6.00577000  45.04240000  3
2654  1  48.90240000  48.90160000  23.55500000  3
2655  1  37.54660000  45.65850000  10.68480000  3
2656  1  31.42280000  24.98280000  48.82760000  3
2657  1  48.48180000  10.06660000  0.72471400  3
2658  1  36.88230000  11.65920000  12.62570000  3
2659  1  41.06900000  39.96060000  45.44780000  3
2660  1  9.28952000  44.10940000  23.35980000  3
2661  1  9.18657000  33.51930000  16.21050000  3
2662  1  28.80090000  50.05990000  50.64090000  3
2663  1  6.82622000  24.96930000  22.93920000  3
2664  1  22.10720000  50.62730000  38.15580000  3
2665  1  16.97660000  33.42510000  1.90623000  3
2666  1  16.31610000  30.79950000  11.21730000  3
2667  1  32.32970000  0.01754110  19.34880000  3
2668  1  38.92880000  24.20470000  3.20007000  3
2669  1  40.59830000  42.76430000  21.31420000  3
2670  1  14.36770000  5.30796000  46.13500000  3
2671  1  25.56210000  13.39830000  44.19450000  3
2672  1  46.53660000  21.01860000  38.09990000  3
2673  1  42.12810000  26.31690000  9.14505000  3
2674  1  32.66750000  17.40150000  36.45890000  3
2675  1  44.55250000  16.86220000  12.60890000  3
2676  1  18.38740000  0.49698300  38.77100000  3
2677  1  15.24410000  22.58580000  1.54325000  3
2678  1  14.18050000  35.82120000  47.94540000  3
2679  1  48.54760000  7.26371000  12.87050000  3
2680  1  13.58150000  34.14780000  7.29615000  3
2681  1  34.50720000  34.16800000  50.94600000  3
2682  1  19.73830000  31.93890000  21.02820000  3
2683  1  50.09680000  37.13360000  15.66530000  3
2684  1  23.38250000  27.89930000  16.61280000  3
2685  1  29.86740000  31.01770000  14.44380000  3
2686  1  19.51120000  49.27350000  50.68020000  3
2687  1  31.03920000  13.06590000  31.38970000  3
2688  1  20.90430000  27.26350000  35.40510000  3
2689  1  33.46220000  50.80580000  9.27717000  3
2690  1  10.51910000  34.08130000  36.29400000  3
2691  1  19.18160000  20.55230000  47.44170000  3
2692  1  16.60170000  6.44961000  6.40311000  3
2693  1  40.92170000  43.30660000  24.00850000  3
2694  1  1.07506000  27.66140000  41.10470000  3
2695  1  28.60600000  47.58690000  41.07980000  3
2696  1  47.65920000  3.36018000  15.41560000  2
2697  1  30.47740000  4.75365000  25.17790000  3
2698  1  31.00110000  35.91320000  50.40760000  3
2699  1  23.62440000  37.91660000  14.69910000  3
2700  1  33.63860000  42.41670000  25.65880000  3
2701  1  9.23509000  13.15110000  17.08880000  3
2702  1  39.54410000  26.68410000  46.44640000  3
2703  1  5.01176000  7.85912000  3.99332000  3
2704  1  6.06665000  37.84660000  48.29590000  3
2705  1  5.39316000  39.59070000  20.69620000  3
2706  1  1.03641000  22.71470000  0.10869700  3
2707  1  41.82030000  9.58959000  33.26210000  3
2708  1  36.79640000  16.88700000  5.74604000  3
2709  1  21.32300000  21.03400000  2.52464000  3
2710  1  23.15200000  3.73911000  5.64460000  3
2711  1  9.09668000  45.02270000  25.65860000  3
2712  1  50.03240000  36.31770000  37.19740000  3
2713  1  37.80220000  11.54960000  7.11761000  3
2714  1  41.48690000  49.73530000  16.11470000  3
2715  1  29.76920000  10.68640000  47.51190000  3
2716  1  50.66110000  3.51353000  3.12037000  3
2717  1  20.06880000  14.21630000  22.31190000  3
2718  1  40.16620000  21.92760000  2.89506000  3
2719  1  47.34480000  25.33440000  12.22230000  3
2720  1  0.20902600  22.07200000  44.74010000  3
2721  1  21.46120000  36.87660000  17.45210000  3
2722  1  15.59360000  28.46440000  36.11910000  2
2723  1  30.05830000  21.82910000  20.04340000  3
2724  1  35.04960000  19.61390000  44.51590000  3
2725  1  0.10208500  14.73850000  30.18580000  2
2726  1  2.10233000  25.16160000  23.85510000  3
2727  1  5.14259000  28.36290000  16.74490000  3
2728  1  0.37483700  39.44380000  21.41490000  3
2729  1  14.79060000  33.98460000  43.18180000  3
2730  1  40.74020000  25.48790000  38.89900000  3
2731  1  3.35649000  26.10860000  39.92980000  3
2732  1  24.94150000  22.79740000  30.48150000  3
2733  1  7.33586000  9.45906000  16.93200000  3
2734  1  30.32150000  39.74600000  25.45630000  3
2735  1  34.28450000  19.50400000  15.09300000  3
2736  1  5.67872000  21.75980000  5.79385000  3
2737  1  1.91650000  39.15990000  43.32280000  3
2738  1  37.25760000  30.08950000  10.18200000  3
2739  1  24.58560000  18.75160000  17.29710000  3
2740  1  22.94380000  49.06080000  9.45895000  3
2741  1  30.89290000  39.15790000  34.17350000  3
2742  1  48.14460000  4.22238000  19.13990000  3
2743  1  49.97380000  7.23594000  12.98580000  3
2744  1  29.98110000  49.58590000  10.99170000  3
2745  1  17.08620000  14.38830000  28.03500000  3
2746  1  10.50590000  24.35300000  20.87580000  3
2747  1  14.04030000  39.23900000  17.53680000  3
2748  1  46.16230000  40.70100000  4.17985000  3
2749  1  36.49230000  49.44330000  44.97830000  3
2750  1  49.80160000  37.34700000  17.16100000  3
2751  1  42.20140000  28.07790000  3.63421000  3
2752  1  7.33414000  31.71620000  50.63150000  3
2753  1  29.94140000  19.12810000  50.43200000  3
2754  1  4.92818000  16.86950000  7.14392000  2
2755  1  12.84480000  25.91530000  13.57140000  3
2756  1  45.91910000  16.94300000  23.20940000  3
2757  1  7.65392000  8.16875000  39.84730000  3
2758  1  30.54890000  49.09060000  40.29250000  3
2759  1  47.60230000  38.19130000  32.39660000  3
2760  1  8.60004000  45.72840000  29.34780000  3
2761  1  26.82230000  16.04190000  46.29710000  3
2762  1  3.01519000  39.05550000  20.41430000  3
2763  1  46.17010000  4.23047000  11.28250000  2
2764  1  22.94540000  4.14523000  46.95870000  3
2765  1  3.38270000  25.26610000  47.65440000  3
2766  1  31.21890000  34.10020000  32.07820000  3
2767  1  30.64290000  31.38690000  8.27290000  3
2768  1  37.63270000  31.12290000  18.85440000  3
2769  1  5.89304000  48.52960000  19.31160000  3
2770  1  5.71492000  45.46010000  3.18148000  3
2771  1  12.17330000  37.77480000  1.95574000  3
2772  1  48.90730000  21.72530000  45.38910000  3
2773  1  46.48170000  17.07630000  15.05150000  3
2774  1  22.88840000  34.70950000  40.19770000  3
2775  1  1.74985000  7.15122000  13.15480000  3
2776  1  41.48760000  16.69200000  43.32680000  3
2777  1  12.02390000  28.30350000  8.97767000  3
2778  1  13.69520000  0.94921200  10.16950000  3
2779  1  42.01140000  30.36680000  34.45480000  3
2780  1  42.06610000  14.46260000  30.73790000  3
2781  1  1.09109000  25.96130000  24.41130000  3
2782  1  10.69350000  9.95988000  1.87334000  3
2783  1  43.07880000  42.77770000  20.95690000  3
2784  1  6.91570000  21.58300000  38.38540000  3
2785  1  30.13380000  5.88315000  45.56950000  3
2786  1  40.21200000  32.00040000  11.19040000  3
2787  1  30.36320000  20.50400000  19.52980000  3
2788  1  16.07290000  48.00750000  23.64380000  3
2789  1  23.21810000  18.41600000  12.69920000  3
2790  1  4.12079000  30.36920000  2.33043000  3
2791  1  12.09370000  11.51850000  0.72659500  3
2792  1  47.41840000  1.40373000  13.02070000  3
2793  1  30.13000000  29.14290000  1.16567000  3
2794  1  8.28412000  9.56066000  3.18324000  3
2795  1  16.16150000  5.36118000  2.86263000  4
2796  1  14.25260000  48.26020000  27.15860000  3
2797  1  1.85460000  0.36399400  32.58330000  3
2798  1  20.83750000  43.82680000  3.84771000  3
2799  1  8.18133000  15.69330000  2.97726000  3
2800  1  43.02440000  49.04520000  36.92230000  3
2801  1  23.60480000  6.19791000  21.10690000  3
2802  1  3.76768000  16.14970000  32.25330000  3
2803  1  18.90330000  13.87620000  23.12420000  3
2804  1  9.77108000  16.22390000  7.95153000  3
2805  1  7.69785000  35.00940000  17.68020000  3
2806  1  39.68460000  42.24570000  15.80930000  3
2807  1  43.33470000  36.53610000  17.58640000  3
2808  1  0.74077900  26.35650000  12.03390000  3
2809  1  16.76890000  0.49244600  0.68704900  3
2810  1  5.24589000  25.90150000  44.50320000  3
2811  1  24.40470000  11.78810000  42.37700000  3
2812  1  37.85440000  27.13590000  3.16746000  3
2813  1  36.98800000  5.56536000  2.57798000  3
2814  1  2.85023000  23.98380000  50.08910000  3
2815  1  13.96250000  9.72286000  9.54870000  3
2816  1  47.72130000  49.65310000  23.81710000  3
2817  1  6.31021000  11.80090000  49.50710000  3
2818  1  27.71190000  26.95520000  10.96030000  3
2819  1  46.28970000  0.47275600  24.15110000  3
2820  1  8.42194000  8.09389000  9.02882000  3
2821  1  47.03390000  37.58830000  9.66921000  3
2822  1  30.82590000  6.22329000  7.08508000  3
2823  1  2.68607000  9.46226000  17.08680000  3
2824  1  22.13910000  27.20280000  18.56700000  3
2825  1  1.02695000  14.31730000  13.28210000  3
2826  1  25.13440000  22.91310000  16.55730000  3
2827  1  3.01123000  1.40285000  36.48960000  3
2828  1  17.08350000  7.18376000  36.77090000  3
2829  1  30.31800000  5.85788000  1.13325000  3
2830  1  15.88090000  6.61299000  0.54608900  3
2831  1  27.32100000  15.62910000  9.75653000  3
2832  1  47.83290000  32.88310000  43.54220000  3
2833  1  48.39280000  41.04920000  46.45600000  3
2834  1  34.68170000  9.04556000  0.01469260  3
2835  1  50.57820000  46.57740000  2.79523000  3
2836  1  40.33860000  13.77210000  50.05450000  3
2837  1  37.71430000  47.59330000  26.00560000  3
2838  1  26.88700000  5.10237000  18.63070000  3
2839  1  43.38210000  34.81090000  24.99800000  3
2840  1  14.40760000  33.50870000  34.55870000  3
2841  1  16.24130000  12.88500000  24.74990000  3
2842  1  1.80385000  27.08860000  43.40340000  3
2843  1  2.44730000  49.06850000  22.58720000  3
2844  1  48.69220000  4.80845000  44.67180000  3
2845  1  22.26160000  11.28130000  33.48660000  3
2846  1  32.63230000  2.22015000  3.83654000  3
2847  1  42.99810000  39.88390000  41.65800000  3
2848  1  1.19838000  40.89170000  23.26780000  3
2849  1  5.97614000  0.37335500  27.78060000  3
2850  1  10.20340000  17.16710000  2.31484000  3
2851  1  23.61750000  32.37000000  15.45370000  3
2852  1  46.85970000  37.63550000  22.24110000  3
2853  1  9.98707000  35.62290000  17.13180000  3
2854  1  2.01183000  31.89220000  17.75420000  3
2855  1  7.20294000  19.27450000  45.67790000  3
2856  1  44.69460000  33.32430000  3.72828000  3
2857  1  13.40980000  17.86090000  46.67490000  3
2858  1  41.80500000  50.82710000  39.23100000  3
2859  1  9.70516000  37.40230000  21.43390000  3
2860  1  32.37120000  8.42084000  34.39460000  3
2861  1  5.97645000  39.66560000  5.62081000  3
2862  1  29.34630000  25.63450000  45.07190000  3
2863  1  50.15210000  1.12405000  12.39720000  3
2864  1  42.94660000  20.98400000  2.61742000  3
2865  1  40.75040000  36.49450000  9.17880000  3
2866  1  31.69630000  27.45750000  50.12390000  3
2867  1  17.57270000  15.45070000  13.91760000  3
2868  1  1.83604000  14.29730000  14.54350000  3
2869  1  16.84750000  47.24530000  21.33670000  3
2870  1  6.65574000  23.86470000  49.89160000  3
2871  1  37.66300000  36.01180000  21.75440000  3
2872  1  31.37320000  16.93150000  22.74110000  3
2873  1  38.18090000  43.04950000  14.01140000  3
2874  1  49.51530000  42.25430000  25.49390000  3
2875  1  25.63000000  24.57570000  14.76810000  3
2876  1  50.30190000  44.65210000  28.26670000  3
2877  1  11.07650000  17.10120000  30.81000000  3
2878  1  0.84315800  37.41330000  45.22880000  3
2879  1  14.33620000  27.61050000  3.55904000  3
2880  1  30.34600000  3.52836000  0.43275800  3
2881  1  37.61200000  0.44572600  45.93640000  3
2882  1  27.82380000  43.80070000  8.53310000  3
2883  1  43.05930000  47.35420000  27.78350000  3
2884  1  17.85520000  12.11240000  47.27120000  3
2885  1  38.13800000  25.03390000  31.17220000  3
2886  1  41.85070000  24.93260000  9.27687000  3
2887  1  31.20960000  34.31540000  10.90560000  3
2888  1  1.11999000  0.74848500  34.89940000  3
2889  1  7.11650000  35.91030000  13.25500000  3
2890  1  39.57960000  47.11750000  3.79159000  2
2891  1  36.83220000  37.85490000  32.66980000  3
2892  1  32.41720000  49.58730000  31.08190000  3
2893  1  29.23170000  34.14330000  45.80080000  3
2894  1  21.18650000  18.84110000  25.36810000  3
2895  1  5.67267000  13.01830000  49.02470000  3
2896  1  21.06300000  24.39830000  38.40390000  3
2897  1  45.23910000  21.32370000  38.41730000  3
2898  1  38.39770000  38.63360000  40.23180000  3
2899  1  28.27710000  30.55180000  2.02573000  3
2900  1  24.25690000  37.16640000  46.02150000  3
2901  1  43.77550000  48.34670000  1.50115000  3
2902  1  42.90590000  29.35680000  45.98260000  3
2903  1  35.12040000  25.09450000  41.12490000  3
2904  1  43.26110000  1.19630000  26.85160000  3
2905  1  22.74220000  27.76780000  27.10750000  3
2906  1  10.73670000  23.87230000  40.41240000  3
2907  1  8.57287000  15.35800000  8.15728000  3
2908  1  23.26530000  36.13840000  30.35340000  3
2909  1  35.55400000  29.53020000  49.45520000  3
2910  1  11.36620000  6.79154000  17.77830000  3
2911  1  11.54900000  16.32230000  14.37570000  3
2912  1  25.16670000  38.41530000  7.06416000  3
2913  1  34.28100000  25.18510000  26.54660000  3
2914  1  39.45760000  25.77020000  39.45410000  3
2915  1  2.36994000  16.57240000  7.47814000  3
2916  1  15.15890000  39.98840000  19.75660000  3
2917  1  17.92740000  8.45392000  36.82400000  3
2918  1  8.81427000  49.50360000  2.46106000  3
2919  1  31.27830000  50.21060000  31.61540000  3
2920  1  47.07970000  7.03021000  50.20020000  3
2921  1  21.57450000  4.99997000  49.81270000  3
2922  1  25.74180000  25.42210000  48.13410000  3
2923  1  42.58970000  29.11540000  34.94350000  3
2924  1  34.40300000  36.74430000  19.11200000  3
2925  1  12.41310000  26.99680000  14.21940000  3
2926  1  10.39840000  41.95130000  37.65760000  3
2927  1  29.66560000  30.49860000  8.76717000  3
2928  1  4.88388000  22.71160000  32.32170000  3
2929  1  2.40058000  36.23960000  11.93860000  3
2930  1  39.71250000  0.85841000  17.65430000  3
2931  1  41.27880000  34.42540000  48.59200000  3
2932  1  2.24136000  33.39330000  0.50494100  3
2933  1  28.35390000  22.02300000  31.91390000  3
2934  1  21.08250000  3.97162000  7.57184000  3
2935  1  49.44880000  13.96080000  43.99670000  3
2936  1  6.21197000  7.71622000  36.28680000  3
2937  1  35.67200000  50.76490000  37.62320000  3
2938  1  28.26890000  45.51200000  48.54510000  3
2939  1  28.78240000  35.88170000  37.07370000  3
2940  1  41.97860000  6.67249000  35.72660000  2
2941  1  39.02430000  37.44520000  39.73380000  3
2942  1  42.86250000  21.93350000  33.80080000  3
2943  1  4.09911000  16.19640000  28.58280000  3
2944  1  29.94780000  15.70910000  36.63140000  3
2945  1  25.55080000  34.80400000  34.37760000  3
2946  1  41.45170000  50.74120000  29.59280000  3
2947  1  12.40320000  47.56340000  24.85750000  3
2948  1  14.05330000  34.23370000  45.61870000  3
2949  1  34.61700000  13.76380000  45.67410000  3
2950  1  39.25370000  33.46240000  42.85730000  3
2951  1  5.39049000  34.37740000  18.41300000  3
2952  1  28.42370000  31.88320000  10.49490000  3
2953  1  33.72620000  2.82348000  38.62430000  4
2954  1  19.66870000  34.48310000  9.97560000  3
2955  1  38.21270000  0.92965800  19.64390000  3
2956  1  35.40340000  11.24440000  29.37240000  3
2957  1  16.91050000  28.64870000  33.96440000  2
2958  1  40.90990000  23.34970000  40.00800000  2
2959  1  27.76660000  21.57390000  43.75030000  3
2960  1  13.05300000  25.37430000  48.73960000  3
2961  1  23.99750000  27.34340000  25.03320000  3
2962  1  29.82280000  41.04900000  20.90420000  3
2963  1  30.58420000  7.47726000  6.49570000  3
2964  1  6.82894000  37.58050000  6.66816000  3
2965  1  50.01410000  14.52830000  1.98406000  3
2966  1  43.35600000  37.12980000  9.92653000  3
2967  1  37.64240000  14.81770000  47.51540000  3
2968  1  43.09260000  14.80880000  9.23973000  3
2969  1  49.47300000  4.00455000  2.51767000  3
2970  1  7.33134000  17.30220000  8.95575000  3
2971  1  30.04400000  50.14190000  16.19540000  3
2972  1  7.74991000  35.88150000  18.76370000  3
2973  1  22.83030000  32.33410000  6.91884000  3
2974  1  23.38500000  15.93750000  40.54300000  3
2975  1  13.48360000  2.39739000  17.81750000  3
2976  1  2.12214000  37.16930000  44.69290000  3
2977  1  23.42210000  7.62861000  44.20020000  3
2978  1  12.40440000  37.38640000  25.15290000  3
2979  1  35.19790000  12.74410000  4.11211000  3
2980  1  43.98050000  11.26390000  39.45520000  3
2981  1  35.36110000  19.57820000  25.81330000  3
2982  1  24.12760000  28.94000000  4.74885000  3
2983  1  19.59200000  0.96446600  3.88350000  3
2984  1  49.93100000  37.75680000  3.35138000  3
2985  1  27.40160000  32.56360000  17.07970000  3
2986  1  34.35510000  0.31491200  27.66300000  3
2987  1  24.78010000  2.69329000  14.73060000  3
2988  1  14.93980000  12.57860000  35.29910000  3
2989  1  37.01070000  3.64153000  46.36300000  3
2990  1  10.45090000  20.75340000  31.12550000  3
2991  1  7.99393000  28.06200000  38.14690000  3
2992  1  41.55860000  6.98929000  42.65270000  3
2993  1  18.98510000  40.44290000  31.20990000  3
2994  1  46.22720000  19.21690000  1.92606000  3
2995  1  24.17030000  14.33760000  13.21520000  3
2996  1  19.30180000  20.97100000  48.84650000  3
2997  1  41.49960000  8.38263000  43.06200000  3
2998  1  9.26338000  33.18380000  32.91540000  3
2999  1  43.36220000  43.81010000  23.54260000  3
3000  1  46.79280000  32.47350000  18.45230000  3
3001  1  1.17539000  33.79780000  21.66190000  3
3002  1  49.99290000  15.60260000  24.02000000  2
3003  1  29.12650000  44.44410000  24.78170000  3
3004  1  8.03571000  15.64960000  18.77930000  3
3005  1  4.06258000  8.88074000  3.96359000  3
3006  1  35.96770000  49.51410000  27.59080000  3
3007  1  36.05660000  36.74540000  38.50640000  3
3008  1  12.04570000  40.01140000  38.01290000  3
3009  1  10.61190000  18.31220000  31.39550000  3
3010  1  25.62360000  6.74079000  38.89770000  3
3011  1  24.04250000  16.89640000  23.79060000  2
3012  1  2.13581000  2.54584000  3.83069000  3
3013  1  18.91870000  7.40227000  16.37600000  4
3014  1  15.21700000  5.48462000  29.28870000  3
3015  1  42.46930000  26.11630000  37.25190000  3
3016  1  18.59060000  19.63170000  39.03230000  3
3017  1  32.53590000  23.32130000  33.42960000  3
3018  1  37.06350000  16.99530000  34.37480000  3
3019  1  4.71233000  50.99020000  28.29430000  3
3020  1  35.70990000  33.24500000  31.34350000  3
3021  1  25.53680000  24.89740000  49.50470000  3
3022  1  27.93350000  26.30640000  48.66250000  3
3023  1  32.39360000  19.87410000  16.50460000  3
3024  1  47.77530000  16.80930000  42.30510000  3
3025  1  37.58560000  30.97670000  49.75560000  3
3026  1  42.00110000  1.70575000  37.58020000  3
3027  1  19.09520000  29.63040000  8.90944000  3
3028  1  36.25950000  8.61352000  4.63081000  3
3029  1  44.38330000  29.10110000  33.09630000  3
3030  1  23.00800000  49.81660000  7.07284000  3
3031  1  8.76140000  20.61230000  1.29793000  2
3032  1  8.64531000  7.75049000  36.31420000  3
3033  1  8.06531000  32.77380000  48.13140000  3
3034  1  31.90750000  38.28340000  32.14280000  3
3035  1  5.44410000  28.52500000  29.58770000  3
3036  1  23.38000000  23.93530000  44.96500000  3
3037  1  32.24340000  31.64300000  6.40104000  3
3038  1  36.30460000  16.94870000  38.38830000  3
3039  1  8.34223000  1.46771000  32.69040000  3
3040  1  38.34930000  48.28150000  34.23240000  3
3041  1  49.60700000  19.30790000  18.29090000  3
3042  1  30.39130000  21.40310000  49.69620000  3
3043  1  23.58690000  24.23820000  3.35478000  3
3044  1  23.21260000  1.59161000  47.22600000  3
3045  1  10.52030000  14.82500000  16.04770000  3
3046  1  27.19460000  12.66730000  29.37890000  3
3047  1  28.43910000  13.96780000  18.05980000  3
3048  1  5.96686000  22.85060000  18.08420000  3
3049  1  34.68700000  34.87430000  35.34930000  3
3050  1  48.18160000  9.22470000  24.34820000  3
3051  1  19.08150000  14.61010000  24.33050000  3
3052  1  28.18340000  3.21297000  6.54649000  3
3053  1  36.86940000  36.94110000  49.93080000  3
3054  1  47.33310000  43.55650000  43.94140000  3
3055  1  20.49280000  19.98760000  5.99851000  3
3056  1  27.82800000  44.88120000  25.01140000  3
3057  1  37.49570000  33.90800000  45.16350000  3
3058  1  12.26840000  28.89420000  29.64280000  3
3059  1  34.10840000  21.63210000  16.49280000  3
3060  1  43.72000000  16.06080000  3.24172000  3
3061  1  31.14830000  36.77320000  22.46700000  3
3062  1  45.42970000  10.00750000  26.93170000  3
3063  1  38.46350000  16.49900000  32.42350000  3
3064  1  4.98170000  5.69603000  11.63520000  3
3065  1  4.67356000  2.89720000  3.95547000  3
3066  1  6.52041000  34.30880000  45.52490000  3
3067  1  50.51420000  42.24520000  1.05154000  3
3068  1  10.64400000  22.77850000  42.54770000  3
3069  1  3.54079000  2.74587000  42.44660000  3
3070  1  37.18970000  49.58160000  35.95540000  3
3071  1  33.93400000  43.18730000  26.87090000  3
3072  1  43.88480000  36.58200000  18.84260000  3
3073  1  12.99820000  28.28920000  13.82760000  3
3074  1  40.59290000  25.28000000  30.55900000  3
3075  1  16.74840000  10.41200000  21.94190000  3
3076  1  3.37232000  8.18802000  31.68220000  3
3077  1  4.22828000  0.04160810  32.01180000  3
3078  1  3.17490000  14.68870000  17.06070000  3
3079  1  42.40740000  24.14340000  10.33460000  3
3080  1  34.35890000  41.01050000  25.45460000  4
3081  1  27.45050000  14.84670000  43.91650000  4
3082  1  50.47910000  19.43790000  17.12440000  3
3083  1  39.36550000  18.15500000  26.37040000  3
3084  1  9.94455000  32.56830000  38.07470000  3
3085  1  26.43130000  0.77029000  36.73630000  3
3086  1  17.34310000  17.19140000  11.73740000  3
3087  1  6.46758000  19.17020000  18.93220000  3
3088  1  25.08950000  25.84400000  2.09905000  3
3089  1  25.94100000  30.47270000  13.06060000  3
3090  1  0.13929800  16.30020000  19.91750000  3
3091  1  32.13880000  44.40960000  45.35050000  3
3092  1  46.68540000  37.46810000  49.51840000  3
3093  1  50.82140000  26.56790000  33.86420000  3
3094  1  42.63230000  5.70875000  24.86130000  3
3095  1  40.46110000  29.00390000  46.80290000  3
3096  1  25.27540000  15.26820000  50.74200000  3
3097  1  4.20904000  9.44617000  37.37980000  3
3098  1  26.84880000  20.07160000  34.98490000  3
3099  1  43.18080000  16.55530000  37.24900000  3
3100  1  45.31510000  45.47930000  3.45340000  3
3101  1  9.96188000  32.30330000  39.45700000  3
3102  1  0.70132700  18.12940000  15.57380000  2
3103  1  42.66480000  32.35610000  19.45980000  3
3104  1  43.03850000  16.69910000  47.48030000  3
3105  1  36.73830000  0.92774800  35.73390000  3
3106  1  18.94400000  27.12120000  8.60532000  3
3107  1  47.18930000  37.65760000  41.89180000  3
3108  1  29.81110000  16.54490000  39.01060000  3
3109  1  44.81120000  36.24850000  23.47580000  3
3110  1  29.61310000  32.97950000  1.55262000  3
3111  1  48.70010000  3.21451000  1.60618000  3
3112  1  27.94020000  26.74390000  50.03060000  3
3113  1  44.91350000  13.42180000  6.71594000  3
3114  1  34.77630000  36.73300000  16.30610000  3
3115  1  23.66200000  5.45258000  30.03740000  3
3116  1  6.95640000  25.33800000  11.51490000  3
3117  1  43.84800000  28.42040000  26.88440000  3
3118  1  9.25000000  3.31241000  25.52560000  3
3119  1  43.11770000  4.38452000  0.21584900  3
3120  1  23.04230000  50.33770000  50.18210000  3
3121  1  41.32590000  8.70717000  21.11550000  3
3122  1  30.12220000  23.31320000  28.95880000  3
3123  1  33.15630000  50.26730000  30.05600000  3
3124  1  36.45410000  26.82900000  42.07710000  3
3125  1  2.68663000  49.58810000  47.53420000  3
3126  1  0.21613000  28.27310000  4.15128000  3
3127  1  27.80140000  40.86040000  22.19070000  3
3128  1  45.70320000  14.69200000  6.51533000  3
3129  1  11.80030000  10.17040000  0.97084100  3
3130  1  50.56340000  5.98705000  12.65060000  3
3131  1  13.91860000  22.71260000  21.40840000  2
3132  1  44.56750000  46.17210000  43.93170000  3
3133  1  38.53840000  2.16875000  32.70120000  3
3134  1  5.34408000  5.42892000  4.01695000  3
3135  1  12.50910000  7.99986000  1.08608000  3
3136  1  30.82130000  38.32540000  30.12940000  3
3137  1  44.01790000  48.02080000  6.37191000  3
3138  1  48.93280000  17.28080000  41.63890000  3
3139  1  25.83330000  25.41350000  50.80460000  3
3140  1  22.79420000  1.84502000  11.74830000  3
3141  1  11.51740000  48.50700000  44.72460000  3
3142  1  18.07360000  37.55330000  26.06490000  3
3143  1  47.17230000  2.81776000  50.69920000  3
3144  1  10.33790000  8.92292000  31.65450000  3
3145  1  49.69450000  44.28290000  2.12212000  3
3146  1  48.09860000  38.23960000  39.74890000  3
3147  1  9.45381000  10.17160000  49.08960000  3
3148  1  29.21950000  21.75660000  21.20140000  3
3149  1  10.65090000  27.00440000  32.45460000  3
3150  1  39.97320000  49.55230000  3.69472000  3
3151  1  16.77240000  25.61050000  23.63680000  3
3152  1  17.30680000  1.77326000  2.61625000  3
3153  1  43.08920000  24.84130000  37.38460000  3
3154  1  49.27750000  29.13740000  13.53790000  2
3155  1  19.92770000  21.89830000  38.91700000  3
3156  1  11.65030000  46.80440000  31.35640000  3
3157  1  1.43707000  8.72515000  21.05410000  3
3158  1  0.73250500  43.20480000  37.88740000  3
3159  1  29.78020000  23.15650000  27.56380000  3
3160  1  35.30650000  2.03442000  37.22100000  3
3161  1  22.85380000  3.88487000  0.57350900  3
3162  1  27.84670000  28.30660000  1.25119000  3
3163  1  18.57810000  47.36460000  39.85460000  3
3164  1  14.27140000  19.36830000  26.10820000  2
3165  1  24.49360000  2.34379000  37.15030000  3
3166  1  14.04500000  36.08130000  50.28510000  3
3167  1  35.36640000  28.12440000  19.45840000  3
3168  1  35.98800000  20.63080000  46.86060000  3
3169  1  43.66070000  8.89017000  38.92110000  3
3170  1  28.02930000  18.45180000  24.77130000  3
3171  1  8.26256000  38.69140000  5.02416000  3
3172  1  44.94790000  49.55380000  32.50040000  3
3173  1  29.39750000  15.98220000  41.89540000  3
3174  1  50.67590000  33.04420000  23.56580000  3
3175  1  24.73660000  45.22080000  1.85241000  3
3176  1  14.36050000  8.44966000  16.54450000  3
3177  1  21.24300000  23.54810000  35.69080000  3
3178  1  49.14300000  19.16130000  5.88354000  3
3179  1  23.98870000  4.95347000  43.30830000  3
3180  1  34.65230000  47.06170000  20.35660000  3
3181  1  15.78970000  5.60495000  33.01240000  3
3182  1  20.39330000  14.63320000  47.97220000  3
3183  1  29.98940000  46.73460000  19.06310000  3
3184  1  23.70920000  44.98020000  32.48730000  3
3185  1  35.02980000  15.50910000  43.50640000  2
3186  1  9.45450000  22.28060000  32.82440000  3
3187  1  2.45519000  11.44510000  44.66230000  4
3188  1  8.63999000  36.94360000  20.55990000  3
3189  1  38.20990000  50.57890000  19.78990000  3
3190  1  26.74240000  35.27330000  23.71220000  3
3191  1  30.42930000  3.85943000  7.31116000  3
3192  1  32.42460000  15.99330000  24.79160000  3
3193  1  37.59270000  26.96650000  26.85430000  3
3194  1  3.10530000  2.09926000  46.86660000  3
3195  1  28.73410000  22.04720000  46.29510000  3
3196  1  3.92953000  19.48540000  1.68355000  3
3197  1  5.91960000  42.63210000  48.16790000  3
3198  1  16.86690000  34.37490000  31.11010000  3
3199  1  35.83170000  43.30420000  44.64470000  3
3200  1  7.61599000  39.07130000  41.11840000  3
3201  1  9.44847000  33.90430000  31.61240000  3
3202  1  0.66020600  31.58440000  2.15771000  3
3203  1  5.14498000  17.88850000  22.08670000  3
3204  1  38.50470000  15.33130000  6.97445000  3
3205  1  15.58130000  43.21120000  7.01316000  3
3206  1  24.39120000  5.41283000  27.26700000  3
3207  1  43.33270000  14.88590000  48.92370000  3
3208  1  36.06960000  19.72310000  49.68360000  3
3209  1  24.61540000  39.72980000  29.79360000  3
3210  1  0.02486360  29.48710000  15.72020000  3
3211  1  37.64230000  23.90220000  33.37510000  3
3212  1  13.65090000  34.48510000  48.01230000  3
3213  1  39.91910000  32.28770000  29.87680000  3
3214  1  28.85050000  31.92770000  15.13290000  3
3215  1  32.13870000  14.64290000  45.95080000  3
3216  1  33.04340000  4.90750000  36.72800000  3
3217  1  6.38643000  35.34930000  44.49880000  3
3218  1  0.39338100  18.31760000  16.86420000  3
3219  1  49.28740000  34.09090000  7.80116000  3
3220  1  47.83080000  45.54650000  22.19180000  3
3221  1  10.31420000  41.21980000  2.24531000  3
3222  1  35.14350000  41.62980000  0.06184870  3
3223  1  35.95940000  41.31370000  25.77010000  3
3224  1  34.04110000  17.89850000  31.69890000  3
3225  1  22.89060000  32.36470000  34.42120000  3
3226  1  4.51739000  12.07270000  40.53350000  3
3227  1  39.27940000  13.48340000  24.38030000  3
3228  1  41.72650000  15.45630000  43.96910000  3
3229  1  14.71410000  39.22880000  7.92713000  3
3230  1  19.67120000  18.08220000  10.50420000  3
3231  1  48.70680000  27.01520000  49.72590000  3
3232  1  30.60370000  0.64686400  17.79870000  3
3233  1  17.79520000  30.97850000  44.43550000  3
3234  1  6.22990000  41.12600000  32.31610000  2
3235  1  21.89290000  13.73680000  44.66140000  3
3236  1  47.38900000  46.65350000  50.34140000  3
3237  1  29.52360000  8.22911000  48.33970000  3
3238  1  36.30630000  48.37880000  9.53695000  3
3239  1  23.24620000  21.27410000  32.51180000  3
3240  1  39.41620000  13.76020000  14.54030000  3
3241  1  50.85640000  9.99509000  34.57380000  3
3242  1  39.08380000  21.35890000  14.95720000  3
3243  1  22.08360000  49.18240000  38.39740000  3
3244  1  44.39600000  0.64689600  14.93510000  3
3245  1  11.58440000  9.96317000  46.72610000  3
3246  1  11.37090000  11.48150000  25.49570000  3
3247  1  25.62240000  18.40110000  27.60270000  3
3248  1  42.79350000  13.48810000  41.01260000  3
3249  1  43.07860000  20.51370000  21.59490000  3
3250  1  8.33852000  0.32256800  20.11910000  3
3251  1  40.68570000  34.00040000  25.27860000  3
3252  1  10.11980000  40.19070000  47.41790000  3
3253  1  20.64840000  12.55060000  40.69000000  3
3254  1  23.60070000  50.10800000  45.97230000  3
3255  1  48.86270000  1.14587000  31.32140000  3
3256  1  44.47110000  41.99130000  2.93767000  3
3257  1  49.43710000  50.96660000  12.63630000  3
3258  1  6.34415000  8.09098000  3.78345000  3
3259  1  23.36290000  24.57420000  18.62310000  3
3260  1  44.36310000  22.72620000  17.25650000  3
3261  1  42.60400000  6.45367000  33.50160000  3
3262  1  32.55970000  23.84280000  18.14580000  3
3263  1  4.10786000  1.16211000  25.56440000  3
3264  1  51.00230000  34.07630000  47.17860000  3
3265  1  43.36930000  19.56910000  22.58690000  3
3266  1  21.38620000  13.57760000  43.26490000  3
3267  1  38.17060000  14.24640000  22.48540000  3
3268  1  13.35480000  4.21125000  33.02370000  3
3269  1  27.71050000  31.67330000  2.66925000  3
3270  1  11.51810000  12.58460000  1.39436000  3
3271  1  34.74160000  15.11530000  24.68840000  3
3272  1  1.81097000  24.63930000  49.33160000  3
3273  1  10.61120000  25.97340000  36.05810000  3
3274  1  48.44070000  26.16200000  25.10130000  3
3275  1  30.36730000  5.94220000  3.61095000  3
3276  1  18.25620000  8.89831000  42.92200000  3
3277  1  50.00290000  20.38740000  27.04000000  3
3278  1  37.94640000  27.87750000  25.69740000  3
3279  1  31.10660000  36.46340000  37.42610000  3
3280  1  50.65950000  23.25010000  5.58867000  3
3281  1  0.78614800  0.46535900  33.57220000  3
3282  1  24.87920000  46.34230000  36.03590000  3
3283  1  10.43370000  10.23580000  27.43250000  3
3284  1  11.31870000  26.03340000  9.53107000  3
3285  1  4.11441000  26.13410000  43.71880000  3
3286  1  19.92700000  32.94300000  44.17260000  3
3287  1  24.67470000  49.25360000  0.73917600  2
3288  1  25.57110000  20.70570000  8.02734000  3
3289  1  15.52160000  10.12330000  11.69070000  3
3290  1  1.25739000  46.45360000  19.95900000  3
3291  1  11.70960000  47.05550000  11.99360000  2
3292  1  17.06600000  39.31770000  21.13420000  3
3293  1  15.08820000  17.47390000  45.00520000  3
3294  1  23.01690000  2.94272000  49.33350000  3
3295  1  34.55740000  30.65010000  14.49760000  3
3296  1  50.23300000  3.96913000  20.34420000  3
3297  1  17.24340000  20.91800000  24.03640000  3
3298  1  41.06150000  44.80210000  49.61620000  3
3299  1  12.42410000  31.90580000  45.33450000  3
3300  1  32.41780000  15.36480000  26.08190000  3
3301  1  48.43040000  38.61890000  37.28030000  3
3302  1  4.69861000  31.30140000  10.90940000  3
3303  1  44.56340000  18.38870000  41.00380000  2
3304  1  43.45520000  25.16190000  45.60200000  3
3305  1  3.84186000  21.17870000  41.52570000  3
3306  1  35.00900000  36.21460000  37.60440000  3
3307  1  2.39996000  29.23500000  16.64310000  3
3308  1  47.87210000  37.37750000  19.86930000  3
3309  1  32.03970000  48.35090000  18.92540000  3
3310  1  35.36380000  32.24080000  45.50780000  3
3311  1  35.81500000  34.82610000  6.78154000  3
3312  1  44.80630000  17.76740000  23.43660000  3
3313  1  33.22530000  24.19630000  39.94670000  3
3314  1  40.94490000  18.98450000  43.83780000  3
3315  1  39.10140000  42.16680000  19.41880000  3
3316  1  35.91290000  3.32926000  22.28990000  3
3317  1  37.08360000  18.42870000  27.21780000  3
3318  1  2.45967000  11.33360000  29.92140000  3
3319  1  29.75260000  29.62830000  17.12480000  3
3320  1  42.61970000  24.60050000  2.68541000  3
3321  1  7.31890000  29.86640000  32.68180000  3
3322  1  4.66853000  51.01040000  47.54360000  3
3323  1  12.56580000  48.22190000  43.87450000  3
3324  1  47.83980000  37.07610000  16.01860000  3
3325  1  12.68310000  32.86830000  49.94230000  3
3326  1  15.41790000  19.13000000  25.68510000  2
3327  1  29.63850000  23.25290000  40.37120000  3
3328  1  12.94360000  11.23140000  40.70280000  3
3329  1  49.34670000  43.09030000  26.66340000  3
3330  1  32.67750000  22.84500000  5.48157000  3
3331  1  29.92130000  45.59170000  21.35890000  3
3332  1  42.31370000  14.56090000  41.78590000  3
3333  1  5.03749000  20.78940000  11.61020000  3
3334  1  37.70180000  46.66390000  46.18310000  3
3335  1  49.94230000  34.62180000  34.86490000  3
3336  1  33.51530000  29.02370000  50.88130000  3
3337  1  11.23440000  26.84330000  14.97890000  3
3338  1  37.32210000  12.15290000  27.28870000  3
3339  1  48.31910000  4.91437000  12.16380000  3
3340  1  12.73270000  35.28410000  1.66784000  3
3341  1  7.72837000  31.14990000  32.20920000  3
3342  1  40.70630000  33.13680000  48.19920000  3
3343  1  10.77710000  22.04020000  13.67480000  3
3344  1  38.76560000  33.10250000  33.36520000  3
3345  1  8.71066000  15.16540000  49.44100000  3
3346  1  35.92780000  36.80970000  17.17320000  3
3347  1  5.70513000  9.84572000  43.36420000  3
3348  1  41.01470000  17.93580000  9.28243000  3
3349  1  10.07000000  39.51280000  39.59910000  3
3350  1  17.95290000  19.97120000  46.84540000  3
3351  1  39.19950000  43.39490000  13.14390000  3
3352  1  23.64580000  41.23550000  31.48940000  3
3353  1  33.61590000  27.24950000  7.89806000  3
3354  1  4.95795000  25.98680000  26.12720000  3
3355  1  28.21470000  37.79160000  2.92249000  3
3356  1  45.17930000  24.47280000  12.78580000  3
3357  1  49.99100000  5.09004000  26.26650000  3
3358  1  40.24790000  21.37000000  14.09900000  3
3359  1  41.72430000  4.98164000  46.02900000  3
3360  1  37.84800000  4.44791000  0.21700100  3
3361  1  37.44910000  29.52580000  47.76360000  3
3362  1  19.41570000  32.27430000  43.02950000  3
3363  1  0.72508700  5.36949000  44.95490000  3
3364  1  33.72880000  46.07010000  10.83070000  3
3365  1  40.72570000  39.88000000  40.66600000  3
3366  1  18.48050000  21.19330000  0.09071960  3
3367  1  40.99950000  7.67996000  48.32690000  3
3368  1  8.65217000  44.15470000  24.62920000  3
3369  1  5.84017000  25.03710000  47.99380000  3
3370  1  36.86190000  5.36559000  33.06900000  3
3371  1  23.09490000  35.94450000  15.87900000  3
3372  1  43.94680000  46.52790000  42.67710000  3
3373  1  21.40860000  48.45950000  11.82090000  3
3374  1  3.78453000  7.11281000  46.37860000  3
3375  1  25.15200000  45.04720000  30.07670000  3
3376  1  16.85050000  35.17100000  32.23600000  3
3377  1  21.54490000  6.11156000  25.47630000  3
3378  1  14.38550000  27.41020000  1.14280000  3
3379  1  11.59480000  13.68820000  47.46960000  3
3380  1  47.03000000  11.62040000  16.91000000  3
3381  1  7.56880000  0.63246500  11.91720000  3
3382  1  12.06520000  3.73251000  30.49510000  3
3383  1  28.53520000  35.63580000  15.44150000  3
3384  1  45.38710000  48.08520000  30.47920000  2
3385  1  31.31420000  16.80130000  24.17950000  3
3386  1  15.11370000  46.21780000  16.92590000  3
3387  1  4.71862000  44.62900000  3.67081000  3
3388  1  43.17250000  11.05750000  40.61320000  3
3389  1  6.84168000  6.77507000  10.34790000  3
3390  1  0.32450700  10.20240000  44.67250000  3
3391  1  16.83450000  29.45170000  39.58300000  3
3392  1  12.24170000  24.65420000  13.57200000  3
3393  1  43.38220000  4.48033000  4.10474000  3
3394  1  19.78150000  31.72070000  28.38500000  3
3395  1  10.73110000  50.83240000  45.59140000  3
3396  1  4.61266000  7.45572000  31.92890000  3
3397  1  44.45310000  32.48450000  17.77830000  3
3398  1  19.40290000  3.33502000  36.58940000  2
3399  1  12.55170000  1.64969000  40.00450000  3
3400  1  42.71500000  40.08110000  39.18580000  3
3401  1  10.60130000  34.75710000  39.76090000  3
3402  1  22.18880000  42.45130000  33.18090000  3
3403  1  14.58280000  50.67290000  5.04868000  2
3404  1  25.75430000  26.59160000  45.52870000  3
3405  1  44.59920000  42.81990000  14.90240000  3
3406  1  8.03311000  26.24960000  11.19260000  3
3407  1  32.23700000  38.30470000  29.91580000  3
3408  1  33.57090000  32.13280000  4.37119000  3
3409  1  43.84830000  11.93610000  8.18048000  3
3410  1  24.16600000  12.44580000  32.40700000  3
3411  1  13.05910000  43.65640000  45.30550000  3
3412  1  3.69166000  5.81103000  12.23690000  3
3413  1  20.36270000  15.69840000  0.69176900  3
3414  1  37.91760000  49.51860000  34.75410000  3
3415  1  34.10520000  49.09640000  38.91050000  3
3416  1  18.19570000  32.02640000  10.19730000  3
3417  1  48.50830000  45.82090000  50.82600000  3
3418  1  7.71827000  34.97170000  27.20920000  3
3419  1  32.28360000  1.29490000  19.92100000  3
3420  1  5.97548000  10.43450000  3.59726000  3
3421  1  28.06940000  6.86615000  19.72600000  3
3422  1  46.43600000  44.45250000  44.69610000  3
3423  1  1.40509000  37.53050000  29.04370000  2
3424  1  6.02754000  0.87254800  33.54930000  3
3425  1  49.64580000  30.69100000  10.28010000  3
3426  1  33.04610000  31.95750000  46.30500000  3
3427  1  17.73890000  6.15305000  42.81820000  3
3428  1  42.00720000  19.83750000  12.88680000  3
3429  1  23.18170000  9.88078000  17.79210000  3
3430  1  46.58480000  16.95960000  18.70310000  2
3431  1  41.57010000  21.95180000  20.39150000  3
3432  1  44.80780000  0.66442900  1.11040000  3
3433  1  30.85380000  16.69690000  43.71750000  3
3434  1  42.51450000  5.66923000  0.00488653  3
3435  1  49.24200000  1.83596000  38.93730000  3
3436  1  27.63610000  34.04520000  2.85260000  3
3437  1  8.02713000  22.55470000  38.11600000  3
3438  1  15.98510000  2.24695000  6.90364000  3
3439  1  0.21325600  42.27540000  40.18500000  3
3440  1  35.88330000  48.25170000  18.78650000  2
3441  1  28.74030000  38.81960000  42.26780000  3
3442  1  31.19570000  44.40490000  23.55280000  3
3443  1  36.75060000  48.30850000  36.50580000  3
3444  1  19.15830000  19.85640000  44.64300000  3
3445  1  21.30080000  30.56320000  29.86030000  3
3446  1  37.28570000  6.03141000  31.85400000  3
3447  1  34.94980000  18.69130000  4.70559000  3
3448  1  49.47730000  26.56250000  33.42810000  3
3449  1  39.96350000  29.49950000  39.71640000  3
3450  1  27.49610000  14.40760000  4.02382000  3
3451  1  14.93000000  28.26770000  47.18060000  3
3452  1  34.28220000  23.99760000  38.85260000  3
3453  1  30.77270000  6.38465000  37.09920000  3
3454  1  4.21797000  8.47777000  46.38170000  3
3455  1  18.01870000  29.26220000  23.38210000  3
3456  1  27.72600000  34.73730000  26.51110000  3
3457  1  19.43810000  47.72450000  31.90450000  3
3458  1  40.85850000  46.17830000  49.09620000  3
3459  1  11.01350000  1.20605000  10.61400000  3
3460  1  34.23170000  41.00380000  22.83780000  3
3461  1  0.21629500  22.80930000  24.31500000  3
3462  1  21.13290000  25.36990000  37.38190000  3
3463  1  35.58120000  6.95691000  47.49310000  3
3464  1  20.55850000  47.97560000  12.88730000  3
3465  1  40.64900000  19.05070000  14.84340000  3
3466  1  5.80115000  14.00950000  9.35647000  3
3467  1  12.16250000  9.80027000  34.83150000  3
3468  1  36.54810000  48.38560000  28.14590000  3
3469  1  40.32750000  39.48290000  35.61010000  3
3470  1  23.49520000  47.88650000  13.02410000  3
3471  1  3.07695000  19.70520000  44.87600000  3
3472  1  9.60643000  7.99488000  38.58430000  3
3473  1  13.80910000  29.39770000  27.69500000  3
3474  1  50.37240000  33.99400000  8.68696000  3
3475  1  8.61557000  25.48990000  47.07540000  3
3476  1  31.98950000  47.35380000  39.77500000  3
3477  1  29.87370000  30.83080000  13.09260000  2
3478  1  16.27960000  1.42531000  1.62855000  3
3479  1  3.75160000  20.28700000  5.91554000  3
3480  1  46.33520000  44.38830000  46.13370000  3
3481  1  0.81762000  45.87130000  33.49320000  3
3482  1  15.82160000  47.54050000  22.30050000  3
3483  1  25.71400000  29.09580000  13.57110000  3
3484  1  0.96211900  18.12480000  13.14190000  2
3485  1  47.12890000  20.28190000  1.68846000  3
3486  1  44.92970000  43.67270000  10.03420000  3
3487  1  35.81290000  1.47414000  23.94470000  3
3488  1  28.84300000  9.99923000  49.78780000  3
3489  1  43.84440000  0.29635200  4.57850000  3
3490  1  39.80720000  32.65290000  16.14380000  3
3491  1  38.15980000  18.68770000  6.89373000  3
3492  1  36.11400000  35.71800000  49.76580000  3
3493  1  29.78240000  2.91461000  49.22850000  3
3494  1  9.57915000  24.91390000  25.42570000  3
3495  1  11.43470000  12.51030000  16.27140000  3
3496  1  34.46360000  29.46590000  17.58040000  3
3497  1  25.56160000  4.79835000  18.22750000  3
3498  1  36.86160000  7.30468000  19.65040000  3
3499  1  5.93662000  40.16230000  48.13990000  3
3500  1  22.84650000  26.11340000  28.86460000  3
3501  1  36.55770000  11.95080000  40.68860000  3
3502  1  37.27670000  3.10305000  20.28750000  3
3503  1  46.77210000  44.63220000  22.07450000  3
3504  1  24.65690000  40.52510000  30.90820000  2
3505  1  30.37500000  11.06730000  19.45050000  3
3506  1  41.58380000  17.77110000  25.44460000  3
3507  1  10.58450000  24.33360000  19.42960000  3
3508  1  36.31340000  50.86440000  9.19273000  3
3509  1  9.46452000  50.36110000  46.29570000  3
3510  1  44.65820000  34.00060000  46.12140000  3
3511  1  33.59990000  46.86400000  45.16740000  3
3512  1  17.83980000  46.76740000  4.44398000  3
3513  1  48.46210000  41.37730000  25.07590000  3
3514  1  33.01730000  19.32930000  26.42920000  2
3515  1  19.50720000  26.02450000  22.44300000  3
3516  1  36.13700000  9.27012000  30.52860000  3
3517  1  25.69000000  47.96940000  11.80760000  3
3518  1  23.32110000  15.53870000  22.05560000  3
3519  1  2.39098000  25.06250000  35.80410000  3
3520  1  16.06960000  18.85690000  10.47210000  3
3521  1  45.12700000  31.26630000  45.40920000  3
3522  1  38.46030000  47.75180000  46.67960000  3
3523  1  2.17434000  7.34673000  4.14342000  3
3524  1  42.86420000  30.93100000  22.86880000  3
3525  1  40.30900000  10.73680000  22.13690000  3
3526  1  38.72420000  14.00000000  48.08590000  3
3527  1  49.06040000  20.27020000  28.10840000  3
3528  1  28.75730000  43.00870000  39.26510000  3
3529  1  23.21960000  19.39460000  10.04810000  3
3530  1  32.33560000  40.24380000  24.11800000  3
3531  1  20.15560000  46.30380000  17.34700000  3
3532  1  15.07910000  28.50170000  41.11190000  3
3533  1  21.92070000  23.03090000  34.52160000  3
3534  1  18.32910000  19.28460000  8.85024000  3
3535  1  48.07960000  3.81175000  16.57680000  2
3536  1  41.12260000  28.79070000  4.24278000  3
3537  1  33.01110000  10.08380000  32.63050000  3
3538  1  6.98964000  30.46550000  16.13970000  3
3539  1  30.74110000  46.64390000  40.13150000  3
3540  1  47.83600000  14.60900000  9.88222000  3
3541  1  15.46920000  5.95091000  16.55160000  3
3542  1  13.76240000  28.12930000  5.86854000  3
3543  1  7.42832000  16.80570000  2.89803000  3
3544  1  11.04520000  6.07382000  3.84987000  3
3545  1  29.55130000  37.38730000  18.98060000  3
3546  1  33.47820000  40.00920000  34.82410000  3
3547  1  5.21220000  7.22822000  33.25070000  3
3548  1  14.47160000  11.03720000  9.66208000  3
3549  1  20.38300000  38.39030000  35.39420000  3
3550  1  0.30735600  15.41820000  8.45855000  3
3551  1  31.77580000  43.99930000  13.18740000  3
3552  1  11.71020000  2.12880000  38.92770000  3
3553  1  5.15027000  44.95640000  30.85690000  3
3554  1  38.45200000  49.69870000  9.14462000  3
3555  1  30.49770000  3.55507000  45.11710000  3
3556  1  29.43670000  22.20530000  47.50900000  3
3557  1  26.75290000  44.30800000  50.05090000  3
3558  1  11.46260000  40.25890000  12.94190000  3
3559  1  17.86520000  10.44850000  19.92450000  3
3560  1  31.75700000  9.31913000  20.40310000  3
3561  1  31.81670000  49.48130000  3.54011000  3
3562  1  13.65760000  37.04650000  0.18797300  3
3563  1  39.20320000  7.75681000  36.65380000  2
3564  1  28.23440000  22.86610000  25.80780000  3
3565  1  29.74870000  34.55150000  28.00290000  3
3566  1  26.08730000  23.08870000  28.10210000  3
3567  1  22.38950000  3.68437000  14.75220000  3
3568  1  31.46550000  15.49750000  27.08030000  3
3569  1  26.29990000  33.24770000  19.20370000  3
3570  1  6.67252000  35.47090000  25.06460000  3
3571  1  16.28800000  38.88470000  22.22410000  3
3572  1  46.66840000  14.95100000  7.51462000  3
3573  1  33.04350000  17.18440000  14.03370000  3
3574  1  48.07160000  48.55880000  33.99050000  3
3575  1  7.83093000  21.85680000  34.78800000  3
3576  1  24.05640000  15.51000000  0.33805900  3
3577  1  14.54610000  50.39470000  41.60990000  3
3578  1  39.75900000  41.42080000  46.90100000  3
3579  1  16.51610000  46.82210000  19.96550000  3
3580  1  50.41200000  23.98220000  24.70660000  3
3581  1  11.48660000  40.20200000  47.08680000  3
3582  1  11.34250000  22.52280000  46.74180000  3
3583  1  26.89560000  34.73610000  33.92350000  3
3584  1  30.55030000  29.27300000  45.47040000  3
3585  1  40.59290000  11.46990000  44.99680000  4
3586  1  33.41760000  36.80640000  16.84900000  3
3587  1  36.23910000  1.63869000  4.96062000  3
3588  1  50.98590000  8.20297000  3.68286000  3
3589  1  41.03110000  32.95750000  3.10779000  3
3590  1  38.01380000  38.95890000  49.14750000  3
3591  1  42.57340000  39.77120000  4.20011000  3
3592  1  13.32710000  11.17190000  39.42970000  3
3593  1  36.54300000  34.50770000  25.16580000  3
3594  1  45.38240000  15.70040000  43.55310000  2
3595  1  48.15080000  22.48340000  27.44160000  3
3596  1  26.65100000  36.34740000  4.23821000  3
3597  1  37.92880000  38.42300000  29.07010000  3
3598  1  10.04580000  14.99840000  48.86440000  3
3599  1  37.75390000  4.41954000  2.57623000  3
3600  1  24.25860000  38.23740000  8.19881000  3
3601  1  4.54929000  47.29030000  16.12470000  3
3602  1  32.00050000  22.89830000  24.54820000  3
3603  1  12.62130000  5.57191000  25.74700000  3
3604  1  34.83180000  12.95660000  11.97870000  3
3605  1  1.88823000  38.58570000  19.64940000  3
3606  1  16.87460000  6.10370000  45.07580000  3
3607  1  7.88425000  12.90390000  8.55909000  3
3608  1  42.59120000  13.86890000  29.51700000  3
3609  1  50.22320000  31.92950000  35.48240000  3
3610  1  24.08860000  39.32330000  9.10276000  3
3611  1  49.33320000  42.11740000  3.13012000  3
3612  1  9.67039000  20.18350000  9.29859000  3
3613  1  23.36170000  14.91980000  36.85820000  3
3614  1  9.28898000  9.53887000  27.97990000  3
3615  1  4.03231000  35.57900000  44.97220000  3
3616  1  10.51190000  24.60050000  23.18260000  3
3617  1  37.44330000  32.68130000  44.36920000  3
3618  1  27.34320000  29.39970000  11.34240000  3
3619  1  15.66300000  29.55440000  11.47090000  3
3620  1  34.55640000  15.09070000  21.92550000  3
3621  1  3.08137000  37.91240000  49.65540000  3
3622  1  21.30550000  47.03340000  19.47790000  3
3623  1  33.84520000  49.76090000  4.68880000  3
3624  1  18.32070000  31.68910000  45.60940000  3
3625  1  33.54570000  40.83910000  21.54260000  3
3626  1  11.75820000  47.07460000  10.67240000  3
3627  1  21.55280000  4.62548000  3.94122000  3
3628  1  18.09930000  8.25865000  41.65950000  3
3629  1  18.44010000  48.94160000  11.97440000  3
3630  1  9.48432000  32.67090000  44.03820000  3
3631  1  8.37370000  21.37380000  41.36170000  3
3632  1  29.31260000  15.84730000  11.07000000  3
3633  1  41.73740000  34.59550000  1.15330000  3
3634  1  14.09650000  33.49040000  44.37470000  3
3635  1  12.05560000  42.42720000  13.78950000  3
3636  1  25.82980000  37.56930000  31.55260000  3
3637  1  45.46050000  9.38992000  13.57860000  3
3638  1  8.95231000  18.21720000  47.36890000  3
3639  1  42.30620000  14.16720000  2.50193000  3
3640  1  27.47760000  47.59210000  7.96690000  3
3641  1  16.62240000  14.35490000  31.77400000  3
3642  1  24.76940000  8.47738000  18.99120000  2
3643  1  16.40100000  13.03780000  9.45239000  3
3644  1  3.63223000  41.06730000  23.57490000  3
3645  1  47.01170000  21.75340000  17.44550000  3
3646  1  16.60930000  9.22309000  13.74440000  3
3647  1  19.42930000  48.05570000  29.57880000  3
3648  1  21.45550000  37.57980000  0.78444300  3
3649  1  28.57050000  10.58160000  0.08955080  2
3650  1  19.70540000  31.47040000  38.19840000  2
3651  1  20.74970000  36.41290000  0.93858900  3
3652  1  31.73930000  39.93310000  25.33280000  3
3653  1  2.42620000  45.29570000  31.02920000  3
3654  1  9.85848000  12.57420000  48.93880000  3
3655  1  11.93830000  39.20720000  1.80361000  3
3656  1  15.44310000  50.09600000  40.56280000  3
3657  1  3.83389000  40.32840000  22.41370000  3
3658  1  34.80320000  39.40430000  27.35750000  3
3659  1  20.02290000  6.63588000  23.46960000  3
3660  1  25.88190000  23.59630000  13.84900000  3
3661  1  30.06980000  8.60251000  44.53420000  2
3662  1  23.20860000  35.82880000  43.74390000  3
3663  1  48.47910000  27.54670000  32.94600000  3
3664  1  38.41530000  20.64250000  23.04100000  3
3665  1  12.70970000  7.43692000  47.10120000  3
3666  1  49.79820000  24.04580000  44.88710000  3
3667  1  25.62430000  28.04230000  3.00527000  3
3668  1  11.44860000  27.97110000  30.26140000  3
3669  1  3.21944000  38.26960000  7.83739000  3
3670  1  10.07560000  37.61130000  47.51150000  3
3671  1  29.51030000  50.42590000  33.50490000  3
3672  1  21.62450000  29.49890000  34.07910000  3
3673  1  26.25720000  27.45430000  22.14620000  3
3674  1  50.85190000  24.20520000  34.46380000  3
3675  1  24.21510000  10.88240000  17.68440000  3
3676  1  43.70110000  7.83210000  7.33025000  3
3677  1  31.60610000  17.46630000  37.52290000  3
3678  1  46.10520000  14.43530000  22.64300000  3
3679  1  30.60990000  8.42796000  20.28910000  3
3680  1  6.94210000  1.91218000  11.53890000  3
3681  1  0.97318200  33.81500000  1.11019000  3
3682  1  3.26659000  50.86120000  47.41310000  3
3683  1  12.26790000  36.61650000  28.29230000  3
3684  1  16.63730000  12.43730000  23.37240000  3
3685  1  46.74860000  39.99740000  38.55370000  3
3686  1  31.13180000  28.58530000  8.18012000  4
3687  1  20.59500000  35.35960000  50.99080000  3
3688  1  47.73920000  35.91600000  31.49530000  3
3689  1  35.87370000  5.73828000  40.20690000  3
3690  1  5.87067000  17.90000000  20.88740000  3
3691  1  11.76060000  46.25780000  45.56270000  3
3692  1  19.65770000  36.66880000  21.22090000  3
3693  1  50.83840000  24.24340000  13.07860000  3
3694  1  2.04985000  7.65018000  21.76780000  3
3695  1  2.86991000  26.54090000  44.22010000  3
3696  1  31.88750000  24.00670000  39.64340000  3
3697  1  3.70664000  11.29220000  3.63768000  3
3698  1  24.12470000  5.86225000  24.78180000  3
3699  1  3.79889000  11.19840000  44.02070000  3
3700  1  42.35420000  16.07400000  39.86960000  3
3701  1  39.79640000  27.59290000  27.67940000  3
3702  1  18.61580000  12.88040000  11.11770000  3
3703  1  42.67080000  45.91680000  0.11442300  3
3704  1  15.11550000  13.98410000  7.47861000  3
3705  1  35.43360000  11.23760000  42.87650000  3
3706  1  21.08580000  14.85630000  23.11200000  3
3707  1  6.97964000  15.64190000  21.37210000  3
3708  1  23.09250000  2.15539000  13.07290000  3
3709  1  48.18050000  32.17340000  8.94665000  3
3710  1  28.96530000  23.39490000  42.74970000  3
3711  1  40.41110000  3.05973000  16.63700000  3
3712  1  25.85450000  26.98560000  2.09376000  3
3713  1  2.74582000  39.79360000  21.65780000  3
3714  1  1.50233000  7.02238000  22.92440000  3
3715  1  5.47194000  2.43396000  40.96030000  3
3716  1  6.57797000  20.59090000  5.86085000  3
3717  1  9.45538000  25.09680000  5.84431000  2
3718  1  4.84232000  48.57640000  47.69320000  3
3719  1  7.80478000  12.02890000  3.06196000  3
3720  1  15.09430000  40.02230000  18.28780000  3
3721  1  14.70030000  48.51630000  51.02310000  3
3722  1  39.87850000  33.34300000  41.62680000  3
3723  1  1.77058000  12.31750000  3.02291000  3
3724  1  29.41940000  2.47290000  29.59130000  3
3725  1  15.63380000  29.62530000  26.13050000  3
3726  1  10.51520000  25.59460000  15.07630000  3
3727  1  48.61580000  19.84520000  38.65430000  3
3728  1  4.66284000  13.88580000  10.20020000  3
3729  1  3.72518000  10.73050000  37.15510000  3
3730  1  34.29190000  1.80709000  25.79190000  3
3731  1  42.29160000  4.53102000  37.02480000  3
3732  1  8.06287000  19.33960000  16.62720000  3
3733  1  23.42050000  28.76230000  40.07270000  3
3734  1  22.49750000  20.25090000  23.77430000  3
3735  1  25.89680000  43.96820000  41.64250000  3
3736  1  43.25950000  13.70270000  39.70350000  3
3737  1  39.73020000  0.61524200  48.93020000  3
3738  1  25.74410000  45.25410000  33.77730000  3
3739  1  23.16100000  30.23900000  16.05720000  3
3740  1  35.62350000  31.15380000  15.18030000  3
3741  1  46.60220000  39.99630000  36.21010000  3
3742  1  17.67560000  19.84930000  24.73990000  3
3743  1  42.48780000  16.03880000  9.70868000  3
3744  1  41.28940000  17.73680000  2.01222000  3
3745  1  18.89210000  21.12560000  2.92585000  3
3746  1  39.46510000  20.57630000  44.58980000  3
3747  1  37.19460000  23.43740000  35.73000000  3
3748  1  29.46940000  46.65670000  2.96170000  3
3749  1  42.33850000  42.90320000  33.01210000  3
3750  1  4.97370000  17.12320000  9.60476000  3
3751  1  14.61920000  29.07060000  3.43374000  3
3752  1  28.01640000  29.84090000  45.17640000  3
3753  1  14.33560000  14.42960000  43.07450000  3
3754  1  21.08380000  33.50730000  41.58410000  3
3755  1  10.46850000  23.82100000  9.64461000  3
3756  1  16.50310000  13.72620000  26.91490000  3
3757  1  8.92359000  23.26990000  50.30480000  3
3758  1  17.68290000  8.24568000  20.95000000  3
3759  1  22.27750000  6.34719000  20.50420000  3
3760  1  6.02431000  14.25520000  3.18259000  3
3761  1  36.32050000  21.14740000  0.77899700  3
3762  1  43.29430000  38.35530000  45.10530000  3
3763  1  18.39540000  8.93541000  40.48690000  3
3764  1  40.86770000  26.20190000  46.08030000  3
3765  1  44.12950000  46.93930000  1.86621000  3
3766  1  4.13373000  11.61890000  38.15180000  3
3767  1  7.64566000  1.70523000  26.59240000  3
3768  1  30.65280000  22.99040000  19.46340000  3
3769  1  0.68516800  37.66000000  8.68283000  4
3770  1  50.76540000  29.96820000  36.94470000  3
3771  1  7.75677000  1.97345000  41.98050000  3
3772  1  5.24130000  23.12650000  30.96530000  3
3773  1  40.23060000  44.77650000  32.88790000  3
3774  1  14.04570000  49.23780000  42.25560000  3
3775  1  26.29930000  19.93990000  32.63420000  3
3776  1  35.59080000  47.22140000  9.91339000  3
3777  1  33.18950000  11.51980000  50.94030000  3
3778  1  23.22440000  13.20860000  34.58830000  3
3779  1  19.08830000  40.01900000  13.47890000  3
3780  1  30.37540000  31.71330000  1.36890000  3
3781  1  23.59110000  46.19410000  36.82240000  3
3782  1  19.93960000  5.38809000  2.18953000  3
3783  1  32.33870000  24.07050000  28.42520000  3
3784  1  23.34320000  3.19925000  6.94729000  3
3785  1  27.35010000  3.73780000  29.02650000  3
3786  1  38.93180000  47.60890000  17.69080000  3
3787  1  39.46660000  40.73840000  48.11140000  3
3788  1  44.65570000  34.58920000  27.84740000  3
3789  1  36.17370000  5.59298000  45.12070000  3
3790  1  7.40655000  31.02270000  0.86039900  3
3791  1  25.21740000  20.79190000  5.75452000  3
3792  1  4.95705000  43.21630000  3.86741000  3
3793  1  7.23328000  45.33230000  29.49170000  3
3794  1  44.43190000  37.60870000  44.99340000  3
3795  1  5.58146000  17.96870000  2.42506000  3
3796  1  16.81190000  29.95680000  44.51270000  3
3797  1  3.72478000  26.28160000  25.38300000  3
3798  1  40.94030000  31.35840000  36.61100000  3
3799  1  27.55900000  25.27790000  21.97250000  3
3800  1  47.05470000  33.46150000  31.17120000  3
3801  1  23.18290000  46.72470000  3.03155000  3
3802  1  8.01517000  2.65950000  23.03390000  3
3803  1  4.83658000  22.44780000  35.53980000  3
3804  1  45.74570000  15.49060000  20.45340000  2
3805  1  45.83170000  25.55090000  45.19580000  3
3806  1  18.21110000  49.79410000  50.81490000  3
3807  1  10.39350000  12.38300000  2.14341000  3
3808  1  46.62150000  21.63430000  1.69943000  3
3809  1  24.83110000  30.11260000  4.56279000  3
3810  1  31.89320000  2.36462000  8.69869000  3
3811  1  44.86350000  23.25690000  2.25974000  3
3812  1  47.53020000  30.42150000  44.13730000  3
3813  1  38.02810000  31.83830000  17.77450000  3
3814  1  32.89640000  17.81450000  32.59460000  3
3815  1  42.99490000  44.85470000  27.11360000  3
3816  1  7.42427000  25.77910000  46.24590000  3
3817  1  46.45770000  12.89670000  19.01090000  3
3818  1  32.56680000  25.34200000  6.85424000  3
3819  1  29.93470000  3.97752000  50.17840000  3
3820  1  17.05860000  39.05360000  41.14480000  3
3821  1  6.29088000  37.67330000  42.77950000  3
3822  1  4.77307000  23.55200000  12.07380000  3
3823  1  18.20180000  6.23300000  28.04080000  3
3824  1  41.23670000  31.25960000  35.16320000  3
3825  1  36.93380000  25.92310000  3.20148000  3
3826  1  1.18443000  3.11849000  41.56510000  3
3827  1  5.78888000  40.79670000  4.80695000  3
3828  1  31.90010000  16.84400000  44.66580000  3
3829  1  30.46450000  27.85490000  45.22540000  3
3830  1  48.39240000  41.33100000  3.83677000  3
3831  1  42.96330000  20.10830000  46.05770000  3
3832  1  2.21798000  12.04590000  46.15630000  3
3833  1  4.49344000  30.90030000  40.80130000  3
3834  1  28.27630000  31.65260000  16.42030000  3
3835  1  14.49010000  12.02730000  37.51890000  3
3836  1  38.82720000  38.37880000  47.09420000  3
3837  1  50.39010000  10.27470000  2.46120000  3
3838  1  28.21710000  21.77240000  35.76480000  3
3839  1  34.51510000  25.14340000  27.96540000  3
3840  1  24.66550000  27.87370000  23.88970000  3
3841  1  49.33790000  33.64610000  34.04250000  3
3842  1  0.50902100  10.16790000  15.42540000  3
3843  1  43.24990000  14.07270000  17.28090000  3
3844  1  17.67630000  16.98350000  36.55690000  3
3845  1  36.23890000  39.51930000  27.32720000  3
3846  1  42.80920000  37.68680000  50.94170000  2
3847  1  27.51860000  16.10540000  14.22200000  3
3848  1  23.85800000  32.92320000  37.11590000  3
3849  1  39.96550000  36.81840000  6.41649000  3
3850  1  1.48695000  9.23604000  14.88120000  3
3851  1  29.81120000  0.73083700  47.43170000  3
3852  1  40.25310000  28.21690000  39.37220000  3
3853  1  22.84870000  26.38530000  5.11464000  3
3854  1  16.54310000  40.10620000  32.46790000  3
3855  1  36.94320000  38.59230000  40.26950000  3
3856  1  48.02380000  3.20112000  21.38140000  3
3857  1  19.37050000  32.07130000  9.37126000  3
3858  1  40.94220000  14.33350000  8.11437000  3
3859  1  39.51140000  10.94810000  20.99500000  3
3860  1  4.01252000  2.51959000  41.10730000  3
3861  1  35.52720000  7.18599000  32.78390000  3
3862  1  10.99370000  32.50300000  47.35140000  3
3863  1  38.55370000  31.10330000  19.96560000  3
3864  1  18.51290000  33.22680000  29.53740000  3
3865  1  44.01070000  49.30600000  14.84680000  3
3866  1  33.03360000  13.83210000  27.81100000  3
3867  1  3.86550000  12.02380000  42.89540000  3
3868  1  22.99600000  50.39720000  4.64096000  3
3869  1  44.86730000  47.89070000  25.57220000  3
3870  1  44.12520000  43.21460000  12.24800000  3
3871  1  48.67170000  34.99330000  41.75920000  3
3872  1  22.69510000  15.55940000  50.81040000  3
3873  1  26.90140000  37.89290000  32.49010000  3
3874  1  46.08410000  40.93030000  49.55870000  3
3875  1  4.05764000  18.93270000  35.39180000  3
3876  1  26.26580000  46.52590000  0.62965500  3
3877  1  4.00616000  11.12130000  28.17540000  3
3878  1  39.34580000  28.05580000  46.71330000  3
3879  1  49.04640000  27.92160000  48.56610000  3
3880  1  19.72330000  45.58720000  48.46650000  3
3881  1  37.49260000  26.46940000  41.15170000  3
3882  1  35.19750000  25.48730000  22.17660000  3
3883  1  11.58530000  7.76851000  2.21566000  3
3884  1  11.07260000  9.59999000  40.38310000  3
3885  1  27.33190000  31.79610000  11.48630000  3
3886  1  40.55650000  20.52570000  2.53074000  3
3887  1  45.68560000  15.57990000  23.50580000  3
3888  1  26.01710000  28.79920000  21.71810000  3
3889  1  27.34550000  7.64297000  37.50560000  3
3890  1  21.84360000  10.93050000  15.98770000  3
3891  1  19.44140000  6.13009000  50.53270000  3
3892  1  44.60390000  50.44100000  25.67360000  3
3893  1  9.66241000  50.51740000  12.47560000  3
3894  1  28.96310000  5.99924000  23.24350000  3
3895  1  21.74120000  35.71540000  9.25400000  3
3896  1  22.05800000  34.46510000  17.42990000  3
3897  1  13.34640000  39.87220000  9.78641000  3
3898  1  6.96495000  48.19370000  16.77280000  3
3899  1  45.10910000  26.59870000  33.74110000  3
3900  1  15.77010000  31.98320000  11.74170000  3
3901  1  40.08480000  36.33220000  11.45050000  3
3902  1  48.88170000  25.26950000  33.64410000  3
3903  1  15.10180000  12.38670000  25.58660000  3
3904  1  47.82790000  38.62790000  22.39070000  3
3905  1  48.31450000  21.17770000  17.53950000  3
3906  1  2.55596000  48.47040000  13.31020000  3
3907  1  27.14000000  22.17920000  6.69949000  3
3908  1  30.52390000  38.82940000  27.77030000  3
3909  1  15.97470000  20.67920000  48.36440000  3
3910  1  48.90580000  45.46650000  21.32020000  3
3911  1  43.43520000  26.56470000  9.57995000  2
3912  1  35.48390000  1.01677000  9.21378000  3
3913  1  21.73770000  40.59040000  40.52270000  3
3914  1  49.59800000  9.18689000  36.85310000  3
3915  1  39.75200000  31.04420000  3.06862000  3
3916  1  37.98480000  36.04000000  5.44120000  3
3917  1  17.17810000  48.45660000  30.63120000  3
3918  1  42.34750000  6.50651000  1.13987000  3
3919  1  14.02530000  43.88310000  8.79325000  3
3920  1  4.35320000  18.02600000  30.69100000  3
3921  1  48.87420000  36.47660000  33.67090000  3
3922  1  28.38430000  19.81660000  46.96320000  3
3923  1  3.37937000  31.76360000  10.73080000  3
3924  1  5.11336000  25.79130000  38.09740000  3
3925  1  37.32120000  17.13100000  33.01990000  3
3926  1  49.03680000  8.10743000  2.16765000  3
3927  1  19.32150000  13.41690000  18.16010000  3
3928  1  17.88090000  1.89924000  5.58221000  3
3929  1  28.99320000  47.71860000  15.49200000  3
3930  1  27.28480000  44.80740000  31.28020000  3
3931  1  28.89860000  46.71600000  48.22870000  3
3932  1  4.94626000  29.61000000  3.13685000  3
3933  1  14.05110000  1.09962000  17.44290000  3
3934  1  23.54320000  1.63955000  0.37350800  3
3935  1  5.80208000  21.53500000  18.63120000  3
3936  1  1.49798000  24.86910000  5.41305000  3
3937  1  44.37750000  45.60090000  24.86140000  3
3938  1  11.41780000  25.86700000  38.77700000  3
3939  1  50.88220000  3.52501000  41.79610000  3
3940  1  29.75740000  43.89680000  25.96250000  3
3941  1  14.26000000  25.35150000  2.44625000  3
3942  1  9.93530000  45.64650000  32.92330000  3
3943  1  28.54860000  27.17070000  9.81734000  3
3944  1  23.56940000  48.58270000  10.65380000  3
3945  1  18.58870000  5.32116000  10.76930000  3
3946  1  13.53810000  38.99320000  46.58230000  3
3947  1  15.55450000  39.58910000  33.26670000  3
3948  1  39.34150000  16.25280000  15.00480000  3
3949  1  36.56210000  9.50244000  40.30930000  3
3950  1  21.27050000  25.06850000  6.28903000  2
3951  1  47.09420000  18.71030000  46.72070000  3
3952  1  45.60850000  45.26560000  41.31770000  3
3953  1  15.06090000  35.88260000  6.24346000  3
3954  1  49.68960000  43.78920000  39.05690000  3
3955  1  1.35691000  47.13040000  48.25600000  3
3956  1  3.22209000  34.46460000  20.16530000  3
3957  1  40.61590000  50.89740000  30.66470000  3
3958  1  27.52110000  15.09880000  6.41817000  3
3959  1  46.10190000  44.78010000  42.51040000  3
3960  1  39.31590000  32.77710000  50.07220000  3
3961  1  32.96580000  40.00710000  42.18970000  3
3962  1  24.17650000  19.40450000  12.27910000  3
3963  1  20.37760000  27.92810000  20.78580000  3
3964  1  32.87280000  21.17890000  16.92050000  3
3965  1  14.83950000  48.22580000  29.56600000  3
3966  1  22.14350000  18.02160000  11.88580000  3
3967  1  9.55752000  2.56986000  27.92600000  3
3968  1  28.01350000  35.00530000  34.81160000  3
3969  1  25.20050000  4.83392000  28.33480000  3
3970  1  7.97110000  20.88410000  6.00114000  3
3971  1  48.10190000  12.40240000  34.41320000  3
3972  1  37.52610000  1.71920000  20.56840000  3
3973  1  23.16830000  17.87150000  14.02780000  3
3974  1  38.32060000  48.57610000  18.55190000  3
3975  1  45.93530000  13.99000000  50.58610000  3
3976  1  28.05550000  43.61970000  13.06510000  3
3977  1  23.00960000  41.11390000  24.07240000  3
3978  1  45.84730000  32.40050000  17.41780000  3
3979  1  42.60830000  23.55980000  15.82290000  3
3980  1  14.97930000  45.54240000  42.72770000  3
3981  1  0.32038300  41.66140000  0.10827900  3
3982  1  42.75660000  7.12230000  3.59051000  3
3983  1  49.82530000  11.20730000  18.48510000  3
3984  1  12.08770000  20.09680000  47.65900000  3
3985  1  7.25092000  8.05422000  9.79133000  3
3986  1  12.78840000  24.54180000  22.63620000  3
3987  1  49.54960000  44.46110000  16.76610000  3
3988  1  7.91923000  10.45460000  26.16770000  3
3989  1  25.38930000  15.09630000  12.91390000  3
3990  1  4.28712000  41.34810000  38.40480000  3
3991  1  39.22130000  11.47430000  36.54070000  3
3992  1  46.70220000  5.01737000  29.13130000  3
3993  1  12.67230000  9.23667000  0.41948300  3
3994  1  42.24120000  31.86730000  20.64450000  3
3995  1  37.51330000  24.65580000  3.19679000  3
3996  1  2.85977000  42.80260000  36.96950000  3
3997  1  25.72170000  9.14153000  38.65060000  3
3998  1  39.43990000  6.02612000  10.96280000  3
3999  1  16.43050000  17.13710000  42.95820000  3
4000  1  47.50120000  43.73200000  18.44420000  3
4001  1  33.25070000  45.49570000  38.76180000  3
4002  1  10.01760000  21.84530000  44.71300000  3
4003  1  27.18340000  33.91060000  44.08860000  2
4004  1  5.94823000  25.25820000  25.35150000  3
4005  1  38.59140000  37.71370000  2.79056000  3
4006  1  38.07000000  23.92210000  38.42320000  3
4007  1  40.06560000  10.79940000  46.50240000  4
4008  1  3.46444000  48.46030000  47.82930000  3
4009  1  8.76475000  44.27850000  34.84540000  3
4010  1  24.36620000  16.74620000  37.88820000  3
4011  1  2.86720000  25.04470000  5.45408000  3
4012  1  40.47380000  7.76892000  18.95060000  3
4013  1  26.58490000  21.26940000  3.68997000  3
4014  1  20.78010000  11.86600000  14.02260000  3
4015  1  2.67557000  14.21010000  42.11140000  3
4016  1  41.97970000  49.51060000  29.00400000  3
4017  1  40.43180000  31.95310000  39.51200000  3
4018  1  25.06150000  41.39350000  10.03540000  3
4019  1  27.93250000  41.95010000  38.60460000  3
4020  1  28.45810000  16.01210000  33.20780000  3
4021  1  16.37740000  40.36650000  16.10880000  3
4022  1  4.89984000  32.49380000  50.38430000  3
4023  1  30.44740000  49.61610000  32.68280000  3
4024  1  46.55990000  2.56577000  15.13040000  3
4025  1  12.19090000  26.87730000  8.87606000  3
4026  1  40.86960000  48.69830000  49.33740000  3
4027  1  39.11430000  36.74360000  15.02530000  3
4028  1  45.54620000  36.69270000  20.49340000  3
4029  1  28.27530000  39.14330000  26.80560000  3
4030  1  28.51680000  42.62970000  4.00137000  3
4031  1  4.24985000  34.64700000  24.68500000  3
4032  1  20.69490000  22.63960000  36.75470000  3
4033  1  2.50217000  44.59250000  34.76360000  3
4034  1  17.61040000  12.27820000  16.71000000  3
4035  1  4.18503000  40.83440000  39.70690000  3
4036  1  39.19180000  16.65280000  29.78140000  3
4037  1  14.89790000  28.78440000  0.97994300  3
4038  1  31.23430000  23.00770000  2.58075000  3
4039  1  26.90710000  38.75030000  34.78450000  3
4040  1  12.47220000  50.47590000  43.81330000  3
4041  1  21.42600000  29.88910000  27.42240000  3
4042  1  18.48030000  47.18060000  49.73390000  3
4043  1  8.77411000  28.40610000  40.50050000  3
4044  1  33.30380000  11.26200000  46.11250000  3
4045  1  9.01696000  9.03551000  45.00780000  2
4046  1  17.99890000  15.95300000  32.86420000  3
4047  1  45.44900000  36.16190000  0.18687900  3
4048  1  48.39290000  39.31110000  6.68676000  3
4049  1  43.02960000  4.02191000  34.56310000  3
4050  1  1.44142000  32.66540000  25.15500000  3
4051  1  30.64610000  17.07560000  33.09510000  3
4052  1  9.45425000  38.96330000  47.54750000  3
4053  1  31.82640000  31.79180000  1.26374000  3
4054  1  20.82840000  9.01405000  17.13870000  3
4055  1  49.00180000  18.09220000  20.41000000  3
4056  1  35.07570000  2.86827000  40.53430000  3
4057  1  12.21450000  45.52020000  34.82490000  3
4058  1  44.23620000  36.61500000  16.48380000  3
4059  1  18.12640000  42.80650000  34.64860000  3
4060  1  25.08630000  1.25202000  11.27350000  3
4061  1  13.40660000  30.50430000  6.61312000  3
4062  1  25.87220000  30.30590000  3.70483000  3
4063  1  29.72590000  9.18892000  47.27140000  3
4064  1  29.09300000  28.31490000  0.57080400  3
4065  1  34.70080000  35.11570000  9.86262000  3
4066  1  0.42256700  19.52420000  38.19320000  3
4067  1  3.26835000  15.83500000  8.33140000  3
4068  1  13.08930000  32.87960000  7.48388000  3
4069  1  15.38410000  32.73170000  29.93860000  3
4070  1  12.93440000  36.71960000  1.34677000  3
4071  1  27.12910000  36.50430000  38.73870000  3
4072  1  7.99676000  32.70440000  16.23890000  3
4073  1  7.58056000  12.52930000  24.19560000  3
4074  1  11.21800000  46.33620000  32.68090000  3
4075  1  44.85990000  16.62620000  42.82030000  2
4076  1  49.33580000  6.00310000  45.21500000  3
4077  1  46.64290000  24.76930000  34.41830000  3
4078  1  43.91720000  27.17270000  34.27420000  3
4079  1  13.38220000  50.86560000  17.40350000  3
4080  1  32.87160000  44.55160000  12.45670000  3
4081  1  44.05830000  32.46160000  19.12770000  3
4082  1  14.78690000  33.41720000  39.50120000  3
4083  1  28.43880000  50.03030000  40.86620000  3
4084  1  42.91040000  3.79460000  48.82870000  3
4085  1  36.66010000  44.20980000  12.51330000  3
4086  1  20.30890000  21.35730000  36.29700000  3
4087  1  13.91140000  23.67220000  22.42710000  3
4088  1  17.04080000  0.51683000  8.90828000  3
4089  1  24.27240000  33.71020000  35.98640000  3
4090  1  27.61510000  14.78040000  0.03283360  3
4091  1  40.98600000  34.80320000  50.00640000  3
4092  1  23.84010000  46.26560000  25.36810000  3
4093  1  42.32390000  17.69110000  46.76290000  3
4094  1  5.97112000  7.91076000  47.94130000  3
4095  1  6.52519000  20.37950000  18.23200000  3
4096  1  1.46998000  49.86280000  23.36390000  3
4097  1  42.00590000  27.08030000  46.09070000  3
4098  1  34.02420000  5.84261000  9.79398000  3
4099  1  50.73770000  31.73450000  38.75370000  3
4100  1  49.09130000  33.65350000  41.65540000  3
4101  1  9.95883000  39.18630000  3.43407000  3
4102  1  1.94217000  17.68860000  39.64110000  3
4103  1  7.47653000  41.12410000  22.02280000  3
4104  1  48.03280000  0.02068040  33.34590000  3
4105  1  41.96410000  36.48220000  17.26320000  3
4106  1  14.03410000  4.34823000  34.28580000  3
4107  1  44.08330000  16.19740000  11.43660000  3
4108  1  45.62340000  0.44260000  14.26420000  3
4109  1  18.82210000  42.08450000  47.24770000  3
4110  1  20.52560000  35.64820000  10.04380000  3
4111  1  34.13780000  9.24779000  32.25810000  3
4112  1  23.23060000  31.67020000  36.85110000  3
4113  1  46.43350000  36.96910000  44.07420000  3
4114  1  47.53330000  4.19602000  45.21370000  3
4115  1  34.14260000  45.23570000  21.65230000  3
4116  1  31.80730000  33.55570000  50.51260000  3
4117  1  39.41560000  37.74410000  4.05048000  3
4118  1  26.55400000  34.69040000  18.92300000  3
4119  1  20.51380000  25.77100000  21.60950000  3
4120  1  32.29880000  29.95310000  3.15957000  3
4121  1  6.99567000  38.75530000  5.83682000  3
4122  1  44.99860000  23.29440000  45.64600000  3
4123  1  24.57600000  19.84160000  22.75770000  3
4124  1  45.49710000  45.65790000  23.93400000  3
4125  1  3.03608000  28.52600000  3.95003000  3
4126  1  28.55120000  38.39460000  29.15570000  3
4127  1  36.88930000  35.36870000  7.62976000  3
4128  1  19.77480000  21.08430000  0.61548700  3
4129  1  36.86230000  14.25440000  46.49980000  3
4130  1  39.59400000  19.59120000  1.97718000  3
4131  1  35.10130000  33.97840000  4.53540000  3
4132  1  43.37580000  32.17980000  12.91430000  3
4133  1  11.27920000  48.96390000  16.75880000  3
4134  1  12.40670000  2.19277000  18.67010000  3
4135  1  4.19633000  9.30407000  13.61580000  3
4136  1  48.20790000  25.93280000  44.98020000  3
4137  1  21.02010000  12.33950000  38.20830000  3
4138  1  5.51086000  1.27211000  25.49520000  3
4139  1  14.94020000  8.65466000  50.49610000  3
4140  1  36.65550000  13.59660000  20.78180000  3
4141  1  30.68850000  27.82700000  18.48390000  3
4142  1  16.01560000  22.80130000  23.41400000  3
4143  1  28.56090000  0.41437200  9.88640000  3
4144  1  7.14832000  23.94400000  11.33110000  3
4145  1  47.46240000  4.18292000  17.83810000  3
4146  1  3.13812000  46.50380000  3.59837000  3
4147  1  36.01140000  43.33930000  35.65880000  3
4148  1  41.82520000  10.33210000  13.58740000  3
4149  1  32.58970000  41.48770000  43.97390000  3
4150  1  29.82980000  12.31800000  5.73269000  3
4151  1  3.79083000  5.93774000  21.91180000  3
4152  1  20.56070000  43.73480000  34.64440000  4
4153  1  22.09850000  21.94960000  44.80940000  3
4154  1  36.96040000  5.54907000  0.13095800  3
4155  1  18.83010000  50.18420000  9.78975000  3
4156  1  11.08010000  44.71800000  35.01200000  3
4157  1  40.57530000  19.06500000  42.50000000  3
4158  1  22.38170000  27.57950000  5.86738000  3
4159  1  46.47400000  33.90610000  2.14646000  3
4160  1  39.19200000  17.79390000  7.59721000  3
4161  1  35.70010000  19.20950000  39.69990000  3
4162  1  33.22410000  34.73840000  35.16930000  3
4163  1  23.07310000  26.94020000  17.57940000  3
4164  1  7.96576000  43.94700000  47.67350000  3
4165  1  35.13570000  17.84160000  32.48340000  3
4166  1  29.26890000  1.55716000  39.80920000  3
4167  1  39.73440000  12.77720000  23.14730000  3
4168  1  29.00130000  26.18970000  8.96389000  3
4169  1  46.60390000  30.81220000  11.72750000  3
4170  1  28.30970000  46.53270000  7.98003000  3
4171  1  12.16310000  11.28350000  43.42820000  3
4172  1  27.72600000  46.55300000  34.59590000  3
4173  1  3.70363000  13.42950000  36.51060000  3
4174  1  27.88920000  45.41200000  32.45220000  3
4175  1  13.10990000  2.77313000  45.37680000  3
4176  1  2.87666000  32.23620000  0.91363500  3
4177  1  1.22158000  26.61880000  36.95590000  3
4178  1  45.59730000  37.33350000  50.40680000  3
4179  1  38.81350000  34.80100000  24.26770000  3
4180  1  3.54943000  30.60860000  27.29840000  3
4181  1  18.46870000  45.92240000  15.61780000  3
4182  1  26.61330000  41.84600000  7.69577000  3
4183  1  5.21150000  38.94730000  48.45520000  3
4184  1  11.40030000  9.35847000  32.50200000  3
4185  1  45.91360000  15.58780000  1.36567000  3
4186  1  38.82010000  12.63230000  13.88950000  3
4187  1  22.94580000  50.14060000  47.19300000  3
4188  1  0.35587400  35.04570000  8.79111000  3
4189  1  46.46740000  49.20330000  24.45660000  3
4190  1  48.53790000  29.75060000  10.47330000  3
4191  1  18.30260000  39.81190000  39.20120000  3
4192  1  7.88559000  14.04290000  49.45080000  3
4193  1  49.03230000  38.82210000  21.51480000  3
4194  1  33.32900000  36.37840000  14.52660000  3
4195  1  19.19870000  5.07681000  8.37278000  3
4196  1  19.94020000  48.63290000  3.19471000  2
4197  1  11.30390000  36.87430000  25.94690000  3
4198  1  3.91434000  8.50328000  36.34720000  3
4199  1  33.17630000  13.72430000  45.90350000  3
4200  1  39.58260000  3.78389000  9.91701000  3
4201  1  37.53220000  17.77380000  49.68710000  3
4202  1  41.28870000  22.73780000  3.09469000  3
4203  1  15.39080000  40.84100000  44.14030000  3
4204  1  7.33802000  36.40700000  20.98230000  3
4205  1  17.06830000  46.32650000  15.40280000  3
4206  1  26.32750000  47.49640000  42.73230000  3
4207  1  37.70070000  36.75370000  15.40370000  3
4208  1  15.75240000  47.88040000  14.00360000  3
4209  1  41.47420000  12.38530000  15.10850000  3
4210  1  0.18813500  50.37720000  3.05655000  3
4211  1  6.79439000  33.03220000  48.76310000  3
4212  1  31.22580000  41.00370000  20.62030000  3
4213  1  18.19870000  8.12236000  34.45440000  3
4214  1  24.96250000  35.41160000  38.98820000  3
4215  1  45.28520000  25.43110000  27.95400000  3
4216  1  8.82636000  34.77770000  11.80220000  3
4217  1  6.19225000  31.50630000  38.76840000  2
4218  1  45.44280000  20.55360000  46.29380000  3
4219  1  41.04690000  9.53772000  22.24880000  3
4220  1  5.17392000  7.24365000  19.64420000  3
4221  1  28.59170000  41.22950000  37.66100000  3
4222  1  30.85460000  13.82430000  29.02660000  3
4223  1  47.67440000  22.91650000  15.22160000  3
4224  1  15.99620000  28.43870000  34.89930000  2
4225  1  34.75330000  36.48800000  14.96090000  3
4226  1  40.65010000  13.62190000  15.29050000  3
4227  1  28.60370000  13.92980000  0.69651200  3
4228  1  39.23610000  31.98680000  1.96771000  3
4229  1  7.46377000  43.40660000  24.91480000  3
4230  1  23.25950000  42.22810000  20.53970000  3
4231  1  47.07440000  43.36070000  14.61970000  3
4232  1  6.27743000  29.43270000  11.18960000  3
4233  1  9.70002000  3.98128000  24.29910000  3
4234  1  39.44960000  43.03730000  22.12600000  3
4235  1  18.43630000  18.48000000  10.00560000  3
4236  1  40.08520000  18.62460000  8.42571000  3
4237  1  32.38510000  7.24847000  8.67087000  3
4238  1  33.25970000  18.67130000  38.85080000  3
4239  1  9.85610000  26.32080000  5.63482000  2
4240  1  26.04800000  3.34391000  32.99530000  3
4241  1  27.07190000  1.75787000  8.24923000  3
4242  1  28.34150000  32.87710000  2.32469000  3
4243  1  27.24850000  9.23419000  18.93350000  3
4244  1  20.15410000  5.33660000  14.86560000  3
4245  1  47.26230000  18.37940000  40.63030000  3
4246  1  9.72905000  18.38140000  32.60780000  3
4247  1  32.53360000  39.56950000  26.47990000  3
4248  1  49.05260000  15.45100000  47.26020000  3
4249  1  40.18390000  35.72850000  22.11160000  3
4250  1  0.46464300  12.61830000  43.97480000  3
4251  1  11.29200000  37.98610000  12.13040000  3
4252  1  27.12670000  45.90940000  21.44060000  3
4253  1  33.33360000  11.67510000  30.77870000  3
4254  1  41.22880000  41.36430000  0.90987700  3
4255  1  42.80130000  30.74920000  46.32010000  3
4256  1  45.08080000  47.71090000  47.46680000  3
4257  1  35.35570000  45.19550000  28.78610000  3
4258  1  7.85813000  24.68200000  20.68420000  3
4259  1  18.10360000  19.39210000  45.48720000  3
4260  1  4.16827000  18.90550000  22.48310000  3
4261  1  23.01290000  34.59820000  16.27540000  3
4262  1  38.34700000  36.70880000  17.64090000  3
4263  1  17.34560000  17.44040000  39.23160000  3
4264  1  4.91731000  20.28370000  41.06610000  3
4265  1  38.71530000  34.29030000  37.88310000  3
4266  1  33.12550000  44.18020000  28.99540000  3
4267  1  6.85330000  16.41090000  48.32300000  3
4268  1  19.56510000  21.65200000  23.51140000  3
4269  1  45.86090000  48.35610000  34.65480000  3
4270  1  17.93220000  20.81530000  5.07686000  3
4271  1  24.12160000  15.22310000  35.63210000  3
4272  1  36.42850000  30.04530000  0.70858600  3
4273  1  5.72136000  8.25042000  29.81870000  3
4274  1  35.78920000  13.70030000  42.11790000  3
4275  1  15.73380000  47.67700000  34.43850000  3
4276  1  24.52430000  33.68830000  5.80888000  3
4277  1  40.37370000  2.82794000  9.21620000  3
4278  1  22.90470000  12.69630000  14.64160000  3
4279  1  45.33170000  2.78279000  15.83050000  3
4280  1  43.79200000  2.73255000  1.85546000  3
4281  1  4.05247000  48.81460000  3.52061000  3
4282  1  46.59440000  3.42644000  44.26290000  3
4283  1  24.45090000  43.09640000  14.20210000  3
4284  1  17.67280000  43.99440000  35.39920000  3
4285  1  32.15360000  40.60310000  21.62530000  3
4286  1  6.19172000  40.80340000  22.62160000  3
4287  1  37.59710000  22.33250000  2.56711000  3
4288  1  43.20140000  32.78860000  28.30240000  3
4289  1  25.51020000  18.25690000  30.07000000  3
4290  1  25.19630000  40.38670000  24.96580000  3
4291  1  39.00520000  39.80750000  27.30280000  2
4292  1  7.35612000  40.25100000  47.95670000  3
4293  1  28.34810000  5.62196000  24.40050000  3
4294  1  43.42300000  44.45100000  24.79300000  3
4295  1  12.29330000  4.08051000  4.91788000  3
4296  1  27.88670000  15.61860000  49.93010000  3
4297  1  15.95170000  27.80580000  24.63870000  3
4298  1  19.81100000  7.09083000  20.53900000  3
4299  1  47.91100000  17.58370000  1.87147000  3
4300  1  22.12180000  15.72290000  3.53534000  3
4301  1  33.85560000  19.62210000  4.40796000  3
4302  1  43.85970000  24.23690000  12.40160000  3
4303  1  47.30360000  49.99060000  13.27570000  3
4304  1  14.38380000  37.84740000  46.27330000  3
4305  1  24.60110000  14.98890000  48.29100000  3
4306  1  0.73383400  39.49500000  43.97390000  3
4307  1  24.87060000  21.01410000  18.14980000  3
4308  1  12.90360000  37.55560000  35.60950000  3
4309  1  14.87340000  38.92750000  22.08820000  3
4310  1  44.34090000  39.10000000  5.53513000  3
4311  1  12.79060000  44.80900000  17.03710000  3
4312  1  31.32860000  43.25860000  45.44950000  3
4313  1  26.41480000  18.01360000  31.29890000  3
4314  1  43.65990000  1.59247000  34.26630000  3
4315  1  44.24280000  49.07870000  26.11230000  3
4316  1  12.65690000  13.69900000  7.76297000  3
4317  1  50.38080000  45.04070000  17.91530000  3
4318  1  25.89580000  21.82120000  31.08290000  3
4319  1  26.89210000  13.74910000  40.25190000  3
4320  1  50.31330000  9.13517000  22.50330000  3
4321  1  38.05650000  9.45204000  19.57320000  3
4322  1  8.67997000  38.19570000  41.21400000  3
4323  1  9.76627000  16.04240000  33.30870000  2
4324  1  13.72760000  26.66880000  41.88200000  3
4325  1  29.68750000  14.39510000  45.25720000  2
4326  1  4.90732000  34.62650000  49.13420000  3
4327  1  42.22230000  28.42450000  36.18990000  3
4328  1  12.57320000  44.70230000  14.68730000  3
4329  1  35.60830000  14.99550000  4.72465000  3
4330  1  38.57800000  28.44710000  8.78211000  3
4331  1  38.36320000  2.09735000  47.79640000  3
4332  1  28.24470000  24.95440000  9.08352000  3
4333  1  33.41100000  10.74650000  49.78420000  3
4334  1  3.09094000  33.09850000  10.48780000  3
4335  1  25.45640000  20.68950000  31.74340000  3
4336  1  19.73890000  16.40360000  26.37310000  4
4337  1  31.95600000  44.80730000  22.41400000  3
4338  1  23.78090000  35.93860000  7.36045000  3
4339  1  11.58060000  10.34640000  28.19050000  3
4340  1  4.37812000  44.78670000  29.62510000  3
4341  1  15.76720000  33.95520000  4.12629000  3
4342  1  42.52060000  32.12040000  11.83860000  3
4343  1  22.50630000  24.28580000  41.92660000  3
4344  1  19.90360000  15.22780000  15.40290000  3
4345  1  29.85780000  5.62329000  48.39600000  3
4346  1  8.51066000  22.23560000  5.97445000  3
4347  1  39.60680000  8.98884000  36.27180000  3
4348  1  29.86680000  19.54990000  20.48070000  3
4349  1  7.28990000  42.71800000  47.88080000  3
4350  1  14.74690000  13.22250000  39.61070000  3
4351  1  1.14358000  1.27698000  28.50210000  3
4352  1  32.60630000  36.49050000  22.54280000  3
4353  1  8.93123000  49.66890000  13.35580000  3
4354  1  43.95600000  39.90250000  4.44041000  3
4355  1  49.92220000  40.99960000  44.50160000  3
4356  1  43.46730000  23.39890000  2.54433000  3
4357  1  6.16241000  23.07120000  5.74063000  3
4358  1  36.96650000  14.49210000  21.83390000  3
4359  1  28.89050000  21.99690000  34.42410000  3
4360  1  10.93780000  45.12180000  21.81060000  3
4361  1  17.04590000  14.88350000  32.99330000  3
4362  1  12.04200000  25.83860000  40.10830000  3
4363  1  23.02670000  5.92088000  27.67810000  3
4364  1  10.82040000  38.13690000  20.94010000  3
4365  1  32.36170000  28.90730000  9.21228000  3
4366  1  3.92512000  18.66570000  11.14930000  3
4367  1  6.21332000  30.73020000  30.15270000  3
4368  1  21.53380000  20.75100000  3.86555000  3
4369  1  32.63100000  31.16920000  2.35621000  3
4370  1  23.04040000  22.31910000  50.50930000  3
4371  1  10.28240000  10.84660000  26.17390000  3
4372  1  5.28714000  24.58400000  21.15000000  3
4373  1  6.68974000  33.13130000  16.72830000  3
4374  1  9.33668000  34.45040000  6.38042000  2
4375  1  27.58110000  20.55240000  44.71380000  3
4376  1  30.40960000  2.18100000  45.55030000  3
4377  1  42.74960000  18.57680000  12.56500000  3
4378  1  34.10020000  1.20812000  39.21580000  4
4379  1  43.00640000  15.01040000  39.20440000  3
4380  1  40.00700000  33.93660000  50.71740000  3
4381  1  12.99200000  39.31130000  37.29970000  3
4382  1  9.40567000  32.12550000  35.62670000  3
4383  1  24.12060000  11.55070000  31.38340000  3
4384  1  46.32520000  30.28570000  24.56330000  3
4385  1  37.13580000  48.80990000  25.42060000  3
4386  1  38.01200000  8.05575000  19.22190000  3
4387  1  11.94090000  47.47620000  14.37220000  3
4388  1  37.93120000  47.01390000  34.73150000  3
4389  1  20.81000000  19.09780000  8.59213000  3
4390  1  38.42620000  0.96013800  46.98470000  3
4391  1  2.20798000  21.01770000  1.07673000  3
4392  1  36.45650000  3.47206000  43.96180000  3
4393  1  29.89030000  16.62970000  13.77240000  3
4394  1  15.05790000  1.32829000  40.58130000  4
4395  1  42.24510000  40.42070000  36.78410000  3
4396  1  19.14800000  0.38177700  1.39436000  3
4397  1  40.81290000  31.70100000  3.73738000  3
4398  1  12.99240000  47.45380000  31.14890000  3
4399  1  37.27520000  46.34930000  3.57492000  3
4400  1  9.68333000  20.90290000  32.33580000  3
4401  1  4.78641000  0.88708700  12.13020000  3
4402  1  40.76770000  22.35790000  34.98910000  3
4403  1  26.87340000  27.20960000  1.11777000  3
4404  1  47.04440000  31.34620000  9.29971000  3
4405  1  24.01570000  41.17890000  11.09350000  3
4406  1  1.50564000  36.06460000  0.24308000  3
4407  1  13.85410000  46.19630000  0.04138640  3
4408  1  44.82060000  19.47200000  2.20109000  3
4409  1  47.39030000  12.02850000  18.26110000  3
4410  1  20.34020000  46.06710000  33.60880000  3
4411  1  47.20590000  23.56510000  27.58830000  3
4412  1  12.19830000  34.82850000  9.24579000  3
4413  1  32.57470000  50.97050000  43.33800000  3
4414  1  45.60940000  2.69682000  44.81650000  2
4415  1  14.33740000  20.91510000  10.84690000  3
4416  1  22.02170000  43.23420000  3.42322000  3
4417  1  6.77700000  16.83440000  20.53840000  3
4418  1  26.81490000  48.69070000  42.16540000  3
4419  1  20.75150000  47.23520000  20.81440000  3
4420  1  23.48430000  39.78510000  28.82600000  3
4421  1  21.45490000  5.26885000  33.03070000  2
4422  1  45.83160000  28.01640000  2.18719000  3
4423  1  15.30320000  6.90582000  6.68236000  3
4424  1  5.55148000  27.12930000  29.81730000  3
4425  1  48.79960000  10.59970000  45.48230000  3
4426  1  33.09840000  18.71950000  43.31320000  3
4427  1  21.35880000  27.81420000  36.55240000  3
4428  1  15.49920000  13.24400000  34.21590000  3
4429  1  43.33990000  32.87670000  3.93329000  3
4430  1  21.77180000  15.75870000  0.87776700  3
4431  1  6.08080000  19.35740000  5.99745000  2
4432  1  32.50250000  49.69300000  44.06890000  3
4433  1  19.26480000  37.20940000  2.70574000  3
4434  1  39.69320000  36.06430000  34.54150000  3
4435  1  21.50770000  22.22200000  42.19340000  3
4436  1  12.44690000  3.67675000  46.22550000  3
4437  1  41.46470000  34.13050000  38.72720000  3
4438  1  35.15200000  19.66610000  42.05700000  3
4439  1  39.42600000  33.11040000  27.58120000  3
4440  1  31.22700000  41.78890000  1.63769000  3
4441  1  49.61770000  39.31500000  7.56781000  3
4442  1  23.34290000  38.56320000  50.56230000  3
4443  1  0.17061300  0.68965900  30.76500000  3
4444  1  1.70931000  21.00150000  13.43180000  3
4445  1  41.47260000  5.81975000  43.62090000  3
4446  1  35.90610000  48.36710000  37.59110000  3
4447  1  39.25600000  39.54460000  40.96790000  3
4448  1  50.97010000  30.50930000  2.95372000  3
4449  1  37.61910000  19.27450000  0.51167300  3
4450  1  21.56660000  13.66590000  40.68630000  3
4451  1  3.86984000  21.27760000  12.21620000  3
4452  1  21.26960000  47.22630000  27.99980000  3
4453  1  11.73680000  24.77290000  40.92710000  3
4454  1  9.64154000  1.48271000  11.00390000  3
4455  1  10.43680000  46.40790000  27.87350000  3
4456  1  22.09080000  30.05560000  35.31770000  3
4457  1  7.56457000  4.47915000  20.45810000  3
4458  1  10.96550000  15.63540000  31.21980000  3
4459  1  15.79320000  45.71720000  35.75380000  3
4460  1  9.87876000  35.23680000  28.96750000  3
4461  1  46.06450000  4.20922000  17.88660000  3
4462  1  5.10215000  8.11514000  11.63100000  3
4463  1  41.15910000  28.79330000  8.67862000  3
4464  1  42.15610000  6.57541000  10.33470000  3
4465  1  17.87410000  6.02934000  11.70660000  3
4466  1  34.83590000  21.87550000  50.19270000  3
4467  1  18.19400000  14.46370000  48.96270000  3
4468  1  6.22745000  50.14420000  20.91290000  3
4469  1  24.80350000  40.44710000  50.46870000  3
4470  1  39.80300000  49.35670000  8.77031000  3
4471  1  6.46520000  14.15230000  49.05540000  3
4472  1  44.12450000  2.36717000  50.47790000  3
4473  1  13.81180000  42.43080000  45.25830000  3
4474  1  37.42610000  20.78050000  38.73600000  2
4475  1  24.92710000  35.06710000  28.72680000  3
4476  1  42.01280000  17.31370000  39.33670000  3
4477  1  28.93050000  16.59710000  49.85180000  3
4478  1  36.13010000  2.80333000  42.77950000  3
4479  1  12.19860000  36.64620000  16.45630000  3
4480  1  17.39590000  42.51100000  5.48979000  3
4481  1  41.95080000  13.00170000  43.65580000  3
4482  1  39.95450000  8.73326000  7.73784000  2
4483  1  11.21260000  45.07090000  46.15200000  3
4484  1  27.05390000  47.72150000  11.76380000  3
4485  1  18.03400000  20.32280000  6.37170000  3
4486  1  21.07360000  6.63524000  21.16200000  3
4487  1  31.86480000  43.70850000  24.68900000  3
4488  1  29.16710000  26.36350000  20.09050000  3
4489  1  29.29540000  35.50530000  45.83020000  2
4490  1  14.16410000  37.75330000  29.20340000  3
4491  1  1.55044000  12.09390000  30.77680000  3
4492  1  31.00140000  32.65700000  8.89054000  3
4493  1  46.33430000  2.98911000  47.03750000  3
4494  1  30.59840000  32.12840000  46.21140000  3
4495  1  42.02490000  15.82350000  41.18860000  3
4496  1  38.32950000  31.52470000  0.97762500  3
4497  1  2.57032000  32.32350000  46.14890000  3
4498  1  4.01421000  8.21347000  12.64100000  3
4499  1  0.16199800  43.90070000  10.80870000  3
4500  1  42.83880000  50.93730000  35.64410000  3
4501  1  12.92720000  30.75230000  13.88000000  3
4502  1  32.61670000  15.89960000  45.54740000  3
4503  1  3.07338000  25.35980000  36.98100000  3
4504  1  43.86120000  48.97790000  35.73720000  3
4505  1  8.06935000  18.09300000  17.34860000  3
4506  1  10.96440000  1.51678000  2.68756000  3
4507  1  41.34960000  50.14320000  1.74526000  3
4508  1  41.32900000  8.55603000  34.24410000  3
4509  1  42.80920000  13.31310000  3.51167000  2
4510  1  5.41703000  19.96730000  39.66540000  3
4511  1  35.74960000  1.46080000  42.82380000  3
4512  1  30.37810000  41.22330000  45.09250000  3
4513  1  50.94660000  45.98930000  34.60320000  3
4514  1  20.82690000  15.14510000  49.26610000  3
4515  1  10.96900000  5.70528000  47.46190000  3
4516  1  7.21058000  42.37180000  23.92800000  3
4517  1  25.72170000  46.18450000  21.53090000  3
4518  1  26.30780000  11.54540000  38.53360000  3
4519  1  24.14830000  38.51830000  49.35600000  3
4520  1  39.25680000  33.31120000  36.99350000  3
4521  1  35.86870000  27.68850000  22.50140000  3
4522  1  12.26410000  14.51230000  27.03770000  2
4523  1  7.38691000  0.34758500  3.24626000  3
4524  1  36.75550000  28.80510000  22.25340000  3
4525  1  17.12650000  19.87280000  8.51507000  3
4526  1  3.12355000  36.69090000  14.28950000  3
4527  1  11.48470000  3.54115000  7.80226000  3
4528  1  9.31061000  35.87690000  41.53380000  3
4529  1  24.50250000  25.43460000  16.58200000  3
4530  1  34.70530000  30.69790000  13.04990000  3
4531  1  39.35890000  17.57260000  0.50142000  3
4532  1  45.26400000  47.30640000  36.75360000  3
4533  1  2.16765000  37.47380000  30.15850000  2
4534  1  14.55600000  38.44890000  31.37060000  3
4535  1  27.42690000  36.77210000  19.89580000  3
4536  1  16.38420000  48.75690000  26.22200000  3
4537  1  9.43947000  2.41752000  37.96270000  3
4538  1  2.12434000  10.05050000  35.59830000  3
4539  1  33.94300000  12.09620000  2.11603000  3
4540  1  7.05239000  9.29915000  43.51060000  3
4541  1  10.10400000  13.41310000  7.85192000  3
4542  1  19.04940000  27.26980000  22.60600000  3
4543  1  18.69430000  44.42260000  4.50617000  3
4544  1  42.03070000  5.89924000  17.89940000  3
4545  1  38.88010000  23.08230000  37.45900000  3
4546  1  17.06380000  13.78190000  25.61500000  3
4547  1  14.42100000  35.51020000  13.64260000  3
4548  1  14.01350000  25.60010000  4.98467000  3
4549  1  13.56010000  20.04550000  47.91630000  3
4550  1  37.53840000  42.37150000  0.54043300  2
4551  1  35.89070000  50.93880000  25.68370000  3
4552  1  30.84700000  24.00470000  40.62800000  3
4553  1  50.28240000  44.85520000  36.85160000  3
4554  1  37.21270000  20.29950000  43.37250000  3
4555  1  9.98557000  48.65230000  9.66428000  2
4556  1  0.58392400  4.40814000  3.73902000  3
4557  1  30.96730000  14.34130000  9.76745000  3
4558  1  30.82330000  1.40734000  8.75518000  3
4559  1  6.33580000  15.69810000  22.65390000  3
4560  1  12.10930000  7.83621000  17.17500000  3
4561  1  5.19403000  49.71970000  3.44242000  3
4562  1  28.28080000  20.78090000  45.94350000  3
4563  1  34.83090000  2.24948000  24.59600000  3
4564  1  23.27630000  34.34690000  25.10110000  3
4565  1  39.17700000  1.89431000  48.97140000  3
4566  1  29.82890000  49.27780000  2.09028000  3
4567  1  12.74810000  33.03970000  0.43851100  3
4568  1  16.45890000  40.33540000  20.31320000  3
4569  1  20.52780000  50.87180000  1.26192000  3
4570  1  34.72420000  7.16007000  20.89820000  3
4571  1  33.39880000  50.23340000  19.94120000  3
4572  1  40.41660000  32.51780000  37.23340000  3
4573  1  0.50830900  23.06130000  34.93780000  3
4574  1  11.03140000  25.85890000  27.10620000  3
4575  1  0.99506200  16.21390000  28.34350000  2
4576  1  43.47870000  18.17540000  35.54340000  3
4577  1  38.72030000  14.98500000  14.50250000  3
4578  1  39.95360000  42.08620000  17.16840000  3
4579  1  30.96830000  30.39190000  15.13150000  3
4580  1  7.33394000  21.17750000  10.78610000  3
4581  1  16.83450000  35.55540000  12.16250000  3
4582  1  5.66163000  35.67700000  22.86470000  3
4583  1  6.83918000  45.10430000  33.12910000  3
4584  1  35.13700000  4.92776000  39.34120000  2
4585  1  25.83640000  33.82620000  21.51440000  3
4586  1  42.02370000  49.50450000  39.68480000  3
4587  1  34.41080000  5.25916000  22.44400000  3
4588  1  1.15118000  0.66807600  46.54810000  3
4589  1  26.86980000  15.75490000  48.96610000  3
4590  1  44.18790000  1.89153000  15.57370000  3
4591  1  10.62860000  8.12090000  48.02330000  3
4592  1  18.18010000  21.99920000  23.67640000  3
4593  1  13.85720000  12.37650000  15.93270000  3
4594  1  2.44605000  16.17180000  25.72110000  3
4595  1  4.46988000  35.19950000  20.50380000  3
4596  1  33.40860000  30.13540000  15.20810000  3
4597  1  44.92370000  48.12050000  35.65560000  3
4598  1  41.29220000  39.35180000  36.65030000  3
4599  1  1.03311000  1.65352000  3.50643000  3
4600  1  18.82650000  46.03870000  16.96480000  3
4601  1  44.16280000  5.50398000  21.39530000  3
4602  1  43.56630000  46.81360000  14.81730000  3
4603  1  39.03530000  36.02300000  21.31300000  3
4604  1  1.53193000  18.82590000  1.88440000  3
4605  1  42.24520000  13.91650000  8.52128000  3
4606  1  43.78210000  21.67810000  19.48650000  3
4607  1  46.35140000  8.52007000  12.94190000  3
4608  1  37.55930000  1.37573000  4.43542000  3
4609  1  30.11670000  17.29030000  24.88770000  3
4610  1  48.73200000  1.92538000  30.12360000  3
4611  1  32.26680000  12.15110000  9.30872000  3
4612  1  47.51020000  0.10700300  23.58670000  3
4613  1  10.99790000  21.76910000  28.95270000  3
4614  1  45.40120000  1.67979000  32.73990000  3
4615  1  44.10040000  6.13100000  31.68780000  3
4616  1  1.37172000  34.94200000  9.80827000  3
4617  1  14.04210000  41.42310000  36.68080000  3
4618  1  19.55170000  15.80000000  3.21352000  3
4619  1  1.20181000  49.46820000  47.45190000  3
4620  1  20.15460000  32.15080000  19.65400000  3
4621  1  18.26170000  30.59380000  25.54260000  3
4622  1  39.42980000  49.54340000  32.38450000  3
4623  1  47.04520000  14.00250000  48.37700000  3
4624  1  4.39891000  2.58213000  43.52400000  2
4625  1  21.06700000  3.30306000  12.62510000  3
4626  1  36.23980000  1.90626000  22.67770000  3
4627  1  13.67540000  15.73660000  45.09250000  3
4628  1  6.77041000  35.59440000  48.15060000  3
4629  1  41.00320000  36.91310000  41.09050000  2
4630  1  42.76140000  6.18920000  2.44753000  3
4631  1  8.04764000  9.56741000  27.29110000  3
4632  1  11.53130000  32.35710000  2.56313000  2
4633  1  36.89310000  22.33020000  22.13280000  3
4634  1  3.29581000  14.37510000  10.36320000  3
4635  1  5.79616000  25.39650000  5.30960000  3
4636  1  3.87015000  47.26630000  19.05570000  3
4637  1  25.81850000  32.85800000  20.51300000  3
4638  1  41.74420000  35.49390000  36.58750000  3
4639  1  25.33290000  38.51190000  13.11110000  2
4640  1  6.19156000  21.61910000  11.42570000  3
4641  1  31.88130000  10.96110000  8.54702000  3
4642  1  27.92520000  4.27023000  18.10380000  3
4643  1  48.58640000  14.08760000  32.76130000  3
4644  1  45.64190000  11.61480000  16.50710000  3
4645  1  26.92530000  30.55910000  12.01550000  3
4646  1  22.37200000  6.18334000  23.20500000  3
4647  1  2.88245000  33.72490000  45.91800000  3
4648  1  42.27640000  1.36686000  45.99450000  3
4649  1  31.33570000  2.36244000  39.06990000  3
4650  1  23.61190000  49.21750000  8.23969000  3
4651  1  21.05180000  47.30360000  23.20970000  3
4652  1  17.06280000  25.72980000  9.64330000  3
4653  1  20.73980000  49.05470000  10.72250000  3
4654  1  40.34890000  18.40730000  25.36360000  3
4655  1  2.69677000  38.06230000  43.79900000  3
4656  1  4.51444000  42.41730000  25.44850000  3
4657  1  4.56674000  43.77660000  27.35280000  3
4658  1  11.01400000  34.83630000  38.42270000  3
4659  1  9.17832000  37.61070000  14.11760000  3
4660  1  26.03510000  3.38260000  2.33982000  2
4661  1  6.02955000  21.24880000  37.31780000  3
4662  1  37.46320000  23.43110000  46.29680000  3
4663  1  5.22389000  24.13000000  5.55814000  3
4664  1  0.85773200  19.46800000  45.70160000  3
4665  1  11.84180000  31.06610000  8.62606000  3
4666  1  30.66280000  39.97010000  43.14340000  3
4667  1  10.19520000  24.31350000  29.83660000  3
4668  1  31.50580000  40.36530000  22.94290000  3
4669  1  10.47460000  32.34490000  48.67770000  3
4670  1  3.65643000  15.28110000  34.96680000  3
4671  1  3.28642000  7.06821000  21.25270000  3
4672  1  12.94540000  33.16790000  14.12160000  3
4673  1  37.99860000  44.46310000  26.40660000  3
4674  1  46.16170000  35.93860000  45.01260000  3
4675  1  9.16405000  24.56630000  22.78640000  3
4676  1  36.10570000  29.26030000  48.17170000  3
4677  1  27.23700000  46.65110000  50.64600000  3
4678  1  10.67400000  28.09780000  15.39580000  3
4679  1  42.35380000  42.36840000  16.76880000  3
4680  1  49.26910000  22.28660000  35.80270000  3
4681  1  9.32545000  24.32590000  10.38300000  3
4682  1  10.38830000  9.22325000  30.13980000  3
4683  1  8.09132000  2.51330000  38.28520000  3
4684  1  33.38290000  48.41260000  9.79709000  3
4685  1  33.64770000  35.24600000  10.92950000  3
4686  1  14.31030000  13.28380000  40.97550000  3
4687  1  12.46190000  48.03030000  0.71887900  3
4688  1  0.91067500  33.64050000  23.06640000  3
4689  1  17.50700000  35.57980000  3.29445000  3
4690  1  4.74513000  20.10850000  20.48620000  3
4691  1  20.75050000  10.92380000  15.13010000  3
4692  1  14.57360000  3.54054000  3.78257000  3
4693  1  47.70310000  15.69020000  43.17440000  3
4694  1  11.50690000  23.73740000  43.12840000  3
4695  1  23.63660000  14.25440000  46.23710000  3
4696  1  15.36400000  29.25150000  50.78390000  3
4697  1  16.20970000  43.02470000  42.40390000  3
4698  1  6.39646000  38.33170000  16.67340000  3
4699  1  24.71200000  6.02038000  23.50750000  3
4700  1  4.22054000  31.89300000  0.46609700  3
4701  1  2.64035000  50.82310000  12.58400000  3
4702  1  32.85170000  17.95760000  44.50560000  3
4703  1  42.60640000  35.63600000  22.67900000  3
4704  1  8.56718000  11.71090000  8.42501000  3
4705  1  47.23790000  10.39430000  48.80510000  3
4706  1  5.56692000  11.78000000  11.18500000  3
4707  1  49.66120000  15.91740000  1.93055000  3
4708  1  46.33320000  12.79530000  35.99340000  3
4709  1  20.04020000  12.04890000  41.89640000  3
4710  1  17.95310000  50.42130000  3.32057000  3
4711  1  7.87677000  26.95490000  42.20570000  3
4712  1  29.07570000  48.53290000  35.04270000  3
4713  1  17.02180000  13.64200000  49.16420000  3
4714  1  13.82540000  38.32600000  34.86880000  3
4715  1  17.50910000  37.45380000  38.32580000  3
4716  1  39.55890000  40.70400000  43.13230000  3
4717  1  27.62440000  3.40304000  17.05190000  3
4718  1  23.98730000  11.94840000  16.69450000  3
4719  1  19.24920000  38.09460000  36.13920000  3
4720  1  43.02780000  42.99840000  13.09490000  3
4721  1  17.51590000  44.95820000  49.27280000  3
4722  1  43.31270000  2.49191000  5.46158000  3
4723  1  24.69600000  28.88590000  14.63530000  3
4724  1  19.49730000  20.38850000  36.98530000  3
4725  1  19.90430000  14.26240000  9.47381000  3
4726  1  31.33400000  4.05965000  2.58750000  3
4727  1  36.72320000  8.36971000  39.50970000  3
4728  1  41.57030000  11.08550000  2.36571000  3
4729  1  16.56360000  9.95299000  48.90000000  3
4730  1  40.49000000  45.12200000  16.32730000  2
4731  1  23.29000000  24.90570000  29.38180000  3
4732  1  45.75200000  44.50550000  7.81417000  3
4733  1  6.35456000  20.13270000  1.57503000  3
4734  1  4.21806000  47.38940000  3.40992000  3
4735  1  40.48530000  34.58770000  39.68160000  3
4736  1  27.12800000  28.05130000  11.76830000  3
4737  1  17.19270000  47.57350000  50.17930000  3
4738  1  15.75880000  37.95940000  26.85050000  3
4739  1  13.06770000  43.84760000  0.31536400  3
4740  1  47.30620000  30.48280000  10.45330000  3
4741  1  16.41400000  12.66900000  16.09700000  3
4742  1  29.67990000  1.28520000  0.03600520  3
4743  1  43.32880000  22.79330000  38.73800000  3
4744  1  13.45290000  15.85000000  6.85246000  3
4745  1  50.22880000  18.31610000  1.86897000  3
4746  1  43.42370000  10.49150000  6.09857000  3
4747  1  36.07210000  20.48510000  5.90376000  3
4748  1  29.87420000  17.16190000  26.27740000  3
4749  1  20.71800000  37.05560000  27.36450000  3
4750  1  28.07920000  4.23567000  38.80250000  3
4751  1  30.31000000  24.36720000  19.64440000  3
4752  1  19.76810000  18.59140000  25.44900000  3
4753  1  11.24060000  48.10200000  9.66814000  3
4754  1  41.69410000  38.74420000  4.71036000  3
4755  1  20.17320000  13.80630000  20.88210000  3
4756  1  14.48160000  36.61620000  49.07590000  3
4757  1  23.07220000  9.38861000  30.49210000  2
4758  1  36.66450000  6.29264000  3.77694000  3
4759  1  1.71234000  10.14730000  44.65130000  3
4760  1  14.73550000  7.34280000  0.07046470  3
4761  1  20.88390000  21.34170000  50.81400000  3
4762  1  25.89300000  16.74910000  43.18280000  2
4763  1  44.00570000  0.76714600  3.27260000  3
4764  1  24.29780000  43.25710000  15.55410000  3
4765  1  41.70640000  18.64130000  10.23670000  3
4766  1  26.11000000  35.08590000  4.50303000  3
4767  1  27.12710000  45.34340000  23.85150000  3
4768  1  35.47740000  47.93860000  4.27848000  3
4769  1  23.20650000  19.59770000  8.64786000  3
4770  1  15.21460000  38.33410000  45.21670000  3
4771  1  41.81000000  15.70600000  45.38170000  3
4772  1  14.98930000  29.59240000  2.15650000  3
4773  1  6.29289000  42.73560000  3.54062000  3
4774  1  49.92150000  33.01240000  21.25780000  3
4775  1  18.16780000  41.48370000  4.97890000  3
4776  1  32.32340000  12.62010000  50.90050000  3
4777  1  45.23150000  13.26120000  18.37570000  3
4778  1  30.85210000  34.57390000  50.95290000  3
4779  1  5.32720000  9.88196000  39.53830000  3
4780  1  29.83720000  24.44660000  42.83760000  3
4781  1  4.78951000  3.32389000  22.67910000  3
4782  1  28.33640000  40.25290000  3.40511000  3
4783  1  26.00170000  13.44540000  42.86210000  3
4784  1  19.97790000  41.98530000  46.23630000  3
4785  1  46.97650000  47.67110000  13.43870000  2
4786  1  21.95120000  12.70790000  13.66980000  3
4787  1  40.11010000  36.58660000  15.95180000  3
4788  1  28.85520000  36.23270000  23.31780000  3
4789  1  12.82020000  3.26485000  7.25228000  3
4790  1  26.25420000  15.36900000  14.04580000  3
4791  1  0.94875500  38.89130000  7.87682000  3
4792  1  24.69980000  19.75630000  14.67250000  3
4793  1  46.49660000  46.72420000  23.97480000  3
4794  1  14.75050000  1.28599000  1.66277000  3
4795  1  9.02031000  8.03962000  33.56110000  3
4796  1  3.25782000  31.52150000  17.19330000  3
4797  1  35.55550000  16.47140000  41.26230000  2
4798  1  45.95450000  48.90150000  49.48290000  3
4799  1  37.69800000  44.26170000  45.83720000  3
4800  1  50.17800000  28.01210000  10.97140000  3
4801  1  28.16720000  43.71240000  4.80018000  3
4802  1  25.26890000  21.13790000  4.39428000  3
4803  1  49.46920000  31.95150000  9.62325000  3
4804  1  3.20115000  47.46780000  14.17850000  3
4805  1  13.27160000  31.76790000  35.92300000  3
4806  1  32.28430000  35.47570000  24.70530000  3
4807  1  40.81010000  32.16780000  32.88010000  3
4808  1  47.91790000  30.92710000  1.30162000  3
4809  1  6.14702000  20.34070000  41.81410000  3
4810  1  0.66959700  19.39060000  25.74910000  3
4811  1  9.82153000  32.50620000  46.43820000  3
4812  1  47.28870000  11.75820000  49.21980000  3
4813  1  44.32980000  17.15370000  2.49860000  3
4814  1  7.38126000  19.81850000  10.27800000  3
4815  1  1.04552000  23.53050000  5.58714000  3
4816  1  43.42080000  24.76780000  11.13510000  3
4817  1  49.61720000  38.10730000  46.72640000  3
4818  1  11.39450000  34.38700000  15.61560000  3
4819  1  14.70090000  36.83570000  7.18900000  3
4820  1  13.85950000  29.53700000  5.66196000  3
4821  1  47.24610000  20.01060000  38.85110000  3
4822  1  36.63690000  42.20580000  34.97230000  3
4823  1  23.03420000  2.95527000  47.81360000  3
4824  1  22.05840000  42.52970000  18.23520000  3
4825  1  15.37000000  11.18260000  10.71730000  3
4826  1  27.39470000  33.11500000  12.02500000  3
4827  1  0.46482500  16.00480000  47.10030000  3
4828  1  5.55066000  35.22230000  24.18060000  3
4829  1  36.68760000  13.26800000  5.96081000  3
4830  1  30.21310000  33.47610000  46.52990000  3
4831  1  3.81892000  38.87390000  48.84660000  3
4832  1  4.03566000  35.45970000  10.29010000  3
4833  1  49.34370000  35.10650000  6.81721000  3
4834  1  29.72150000  15.75930000  43.36120000  3
4835  1  39.83220000  31.69300000  19.89470000  3
4836  1  29.95850000  7.01452000  46.35880000  3
4837  1  41.48880000  4.43103000  43.22100000  3
4838  1  12.16970000  47.03010000  22.60130000  3
4839  1  47.36860000  3.93629000  20.39520000  3
4840  1  41.77540000  49.61170000  0.45538900  3
4841  1  42.01490000  4.73460000  8.76502000  3
4842  1  30.75990000  47.24750000  3.02539000  3
4843  1  33.75040000  34.05090000  28.39580000  3
4844  1  44.10000000  20.84420000  20.59440000  3
4845  1  28.35930000  1.18585000  8.62316000  3
4846  1  35.28340000  7.56545000  46.31260000  3
4847  1  8.41222000  34.32330000  7.23764000  2
4848  1  38.81520000  23.45530000  16.53420000  3
4849  1  22.78270000  45.31600000  45.49880000  3
4850  1  44.58350000  22.48940000  38.06000000  3
4851  1  8.49903000  5.60881000  9.04636000  3
4852  1  41.45050000  5.48044000  9.82569000  3
4853  1  11.93470000  20.20800000  12.70220000  3
4854  1  22.73490000  24.06460000  4.41001000  2
4855  1  13.82260000  26.55860000  48.58660000  3
4856  1  41.56540000  33.68770000  26.31930000  3
4857  1  15.50670000  27.03150000  11.23530000  3
4858  1  6.76003000  41.43730000  3.92642000  3
4859  1  11.91010000  11.23870000  44.76340000  3
4860  1  44.78670000  41.00740000  35.12770000  3
4861  1  35.38510000  17.29640000  36.14010000  3
4862  1  38.76710000  49.85920000  18.64100000  3
4863  1  3.07621000  5.17227000  22.87370000  3
4864  1  13.87770000  13.60200000  15.19740000  3
4865  1  2.93727000  4.61442000  12.25070000  3
4866  1  11.19960000  49.79490000  17.90200000  3
4867  1  44.07080000  9.34775000  13.27760000  3
4868  1  10.58910000  0.89269800  19.44740000  3
4869  1  50.99290000  23.50020000  50.67780000  3
4870  1  3.03663000  37.22000000  8.88575000  3
4871  1  24.02670000  21.13360000  20.52070000  3
4872  1  8.72582000  29.11990000  16.12200000  3
4873  1  43.45450000  41.63250000  34.89360000  3
4874  1  45.76940000  33.61350000  45.40570000  3
4875  1  39.45300000  23.00530000  34.91830000  3
4876  1  22.16910000  4.57664000  1.63082000  3
4877  1  15.76320000  48.84240000  12.97390000  3
4878  1  45.68750000  27.01650000  45.12110000  3
4879  1  42.43490000  13.92770000  32.02070000  3
4880  1  29.76480000  11.25580000  4.75414000  3
4881  1  45.63830000  45.21690000  43.78920000  3
4882  1  32.69010000  33.67460000  49.38430000  3
4883  1  42.44320000  50.35130000  36.97790000  3
4884  1  45.81690000  31.43420000  31.43230000  3
4885  1  47.52360000  34.27520000  43.80150000  3
4886  1  10.45830000  37.90350000  3.76518000  3
4887  1  0.73978600  27.12540000  15.25910000  2
4888  1  28.53300000  44.62800000  9.50627000  3
4889  1  4.49819000  24.81170000  48.47710000  3
4890  1  47.61240000  19.90780000  19.58350000  3
4891  1  17.62810000  43.64100000  48.77690000  3
4892  1  27.60590000  14.38540000  41.27400000  3
4893  1  31.17770000  10.60110000  34.21550000  3
4894  1  46.30280000  43.91750000  50.25490000  2
4895  1  41.96000000  48.48040000  15.73820000  3
4896  1  0.32383500  21.12950000  36.35950000  3
4897  1  10.89380000  31.81600000  0.09945770  3
4898  1  6.17053000  17.84390000  9.59410000  3
4899  1  8.05318000  42.17270000  22.80450000  3
4900  1  31.67220000  11.89930000  48.58310000  3
4901  1  48.83080000  33.92730000  25.92080000  2
4902  1  47.88830000  31.78150000  32.64450000  3
4903  1  41.24240000  7.44395000  25.88030000  3
4904  1  27.63310000  17.95970000  29.16460000  3
4905  1  30.08300000  40.38030000  23.13490000  3
4906  1  37.08980000  9.26578000  11.94220000  3
4907  1  24.84930000  37.90880000  33.62770000  3
4908  1  49.91170000  33.38000000  40.45400000  3
4909  1  29.28080000  11.39860000  3.36406000  3
4910  1  21.66670000  32.28710000  7.71203000  3
4911  1  18.41600000  1.75908000  38.21040000  2
4912  1  38.58570000  38.60730000  34.24280000  3
4913  1  39.74230000  32.34080000  48.79640000  3
4914  1  13.13120000  0.15154400  11.24040000  3
4915  1  27.82370000  49.49040000  36.67940000  3
4916  1  12.03890000  37.59430000  17.49210000  3
4917  1  22.24130000  42.01790000  2.77436000  3
4918  1  8.86621000  37.49050000  5.49460000  3
4919  1  45.24980000  17.54270000  41.86630000  3
4920  1  36.11360000  33.75550000  27.52900000  3
4921  1  40.26040000  34.79310000  34.65380000  3
4922  1  0.06192930  28.21770000  14.88350000  3
4923  1  5.57307000  47.74230000  17.08790000  3
4924  1  7.00689000  44.93420000  2.83606000  3
4925  1  46.04370000  4.39966000  20.37190000  3
4926  1  34.77010000  18.91150000  45.69900000  3
4927  1  37.47700000  12.48560000  20.39420000  3
4928  1  22.76270000  47.53050000  14.13790000  3
4929  1  3.25814000  40.15080000  48.75890000  3
4930  1  47.46110000  5.03059000  47.67080000  3
4931  1  32.95200000  38.19340000  31.18320000  3
4932  1  33.32840000  2.25703000  9.21181000  3
4933  1  37.56260000  36.73930000  2.59681000  3
4934  1  34.14980000  38.81420000  40.63060000  3
4935  1  37.99460000  37.54050000  33.49580000  3
4936  1  42.40900000  34.97730000  23.88450000  3
4937  1  48.72780000  12.93840000  44.70120000  3
4938  1  37.69710000  22.13810000  45.72770000  3
4939  1  19.19340000  38.89210000  37.30010000  3
4940  1  19.79150000  0.58695200  6.33443000  3
4941  1  41.47910000  11.53480000  8.25940000  3
4942  1  50.20420000  16.79200000  41.91270000  3
4943  1  35.45250000  14.73260000  46.31750000  3
4944  1  20.21580000  36.77870000  10.91580000  3
4945  1  28.25990000  13.56300000  1.99597000  3
4946  1  41.32380000  15.77990000  28.60140000  3
4947  1  33.94020000  39.89930000  26.40350000  3
4948  1  9.73144000  30.92810000  39.87830000  3
4949  1  49.18690000  38.09420000  20.19110000  3
4950  1  38.38150000  31.21090000  42.59750000  3
4951  1  39.26270000  32.53250000  13.69870000  3
4952  1  3.72515000  14.82010000  36.30110000  3
4953  1  20.72420000  49.95320000  0.04725370  3
4954  1  45.26110000  40.54180000  36.32140000  3
4955  1  49.23650000  28.28050000  45.09390000  3
4956  1  10.88510000  34.97940000  33.70730000  3
4957  1  28.70910000  17.81690000  28.31760000  3
4958  1  9.21930000  45.73210000  28.08820000  3
4959  1  20.62850000  5.74997000  17.15460000  3
4960  1  17.74150000  11.12210000  17.60360000  3
4961  1  18.92720000  45.85430000  4.17194000  3
4962  1  48.20160000  26.18330000  11.54560000  3
4963  1  13.72290000  34.78430000  50.50000000  3
4964  1  7.13700000  31.63700000  30.92450000  3
4965  1  41.95640000  42.88180000  21.79590000  3
4966  1  42.95390000  32.46070000  14.24070000  3
4967  1  28.88300000  44.20590000  10.85700000  3
4968  1  38.11660000  44.27040000  1.97420000  3
4969  1  12.79770000  40.11470000  0.90544200  3
4970  1  17.12770000  48.91150000  50.63330000  3
4971  1  11.38310000  3.15480000  34.20890000  3
4972  1  14.82300000  38.06670000  49.33510000  3
4973  1  39.90560000  41.22080000  49.42160000  3
4974  1  16.66690000  1.30150000  16.98880000  2
4975  1  11.68690000  21.95690000  8.56801000  3
4976  1  5.72522000  20.21090000  27.89110000  3
4977  1  14.66790000  33.42340000  37.03080000  3
4978  1  19.08360000  19.64090000  43.23290000  3
4979  1  48.87100000  15.79290000  23.41130000  2
4980  1  45.77550000  28.68330000  32.76480000  3
4981  1  13.88100000  25.99340000  12.64470000  3
4982  1  1.42688000  1.12211000  22.35610000  3
4983  1  10.80560000  35.43260000  29.99490000  3
4984  1  37.82710000  16.04650000  35.09760000  3
4985  1  14.23320000  12.12390000  38.88850000  3
4986  1  18.74020000  15.99270000  13.41210000  3
4987  1  42.69690000  21.91180000  39.70590000  3
4988  1  16.85010000  16.13520000  37.38930000  3
4989  1  23.06930000  26.49490000  27.55890000  3
4990  1  26.87710000  18.95730000  24.13770000  3
4991  1  16.13580000  21.83470000  0.68250800  3
4992  1  5.61470000  0.34872800  32.29780000  3
4993  1  38.80260000  29.59040000  23.32890000  3
4994  1  38.72530000  47.41660000  9.43659000  3
4995  1  37.15610000  47.85690000  23.08710000  3
4996  1  24.60310000  27.10790000  43.31000000  3
4997  1  0.74591100  43.55050000  26.74500000  3
4998  1  18.69850000  30.62250000  38.26950000  2
4999  1  46.87080000  34.09550000  0.85291100  3
5000  1  45.39540000  2.42948000  46.08160000  2
5001  1  13.56030000  8.35785000  23.35130000  3
5002  1  4.52012000  6.12012000  46.96080000  3
5003  1  41.76980000  5.11829000  40.94670000  3
5004  1  36.65220000  16.30990000  14.03070000  3
5005  1  13.84290000  15.46660000  1.24166000  3
5006  1  13.41680000  35.53920000  14.64750000  3
5007  1  35.93800000  38.80770000  33.34050000  3
5008  1  32.00430000  38.94630000  27.55300000  3
5009  1  10.92370000  19.52300000  30.66500000  3
5010  1  11.61270000  46.90810000  23.85270000  3
5011  1  46.71170000  14.39340000  34.26800000  3
5012  1  26.13960000  6.01909000  23.31950000  3
5013  1  36.40810000  49.75620000  26.20380000  3
5014  1  9.65290000  43.96200000  2.01248000  3
5015  1  16.80150000  18.86780000  25.40550000  3
5016  1  20.69500000  19.62250000  34.61630000  3
5017  1  43.44360000  10.38280000  7.67022000  4
5018  1  0.41456000  28.22100000  25.16400000  3
5019  1  16.49810000  35.66760000  37.00990000  3
5020  1  31.02890000  25.49140000  19.05020000  3
5021  1  20.88210000  48.63020000  38.94040000  3
5022  1  10.70310000  41.76920000  16.26720000  3
5023  1  40.85260000  24.30960000  8.42801000  3
5024  1  43.74190000  16.92380000  36.06310000  3
5025  1  46.96430000  1.50124000  0.16407500  3
5026  1  25.29840000  4.11169000  32.05070000  3
5027  1  35.49520000  35.73030000  22.76740000  3
5028  1  17.96790000  8.20646000  44.08310000  3
5029  1  12.35730000  36.72040000  34.58720000  3
5030  1  43.50820000  6.68554000  9.72545000  3
5031  1  40.86150000  31.47250000  20.84450000  3
5032  1  15.13280000  14.14180000  14.75880000  3
5033  1  28.84740000  50.92510000  14.11790000  3
5034  1  18.49730000  41.79240000  20.24070000  3
5035  1  47.75250000  40.57340000  47.68680000  3
5036  1  31.76680000  15.05150000  0.86398500  3
5037  1  35.60000000  11.75780000  12.00810000  3
5038  1  39.25530000  0.01179190  47.72210000  3
5039  1  22.56260000  35.88330000  47.37840000  3
5040  1  40.38370000  26.31580000  3.30272000  3
5041  1  23.03110000  40.40400000  1.24988000  3
5042  1  9.07190000  4.72847000  3.65591000  3
5043  1  42.10300000  42.56300000  15.39510000  3
5044  1  25.28720000  4.05088000  16.98680000  3
5045  1  23.59010000  15.62170000  38.05440000  3
5046  1  19.08700000  38.86380000  19.54710000  2
5047  1  1.43546000  21.07340000  5.93752000  3
5048  1  47.73320000  44.09650000  19.79110000  3
5049  1  16.63780000  37.80580000  25.73510000  3
5050  1  49.93200000  30.35680000  15.50620000  3
5051  1  36.73070000  23.61650000  34.37750000  3
5052  1  25.58750000  3.41269000  34.44670000  3
5053  1  39.87670000  26.54450000  8.13934000  3
5054  1  19.46840000  39.05380000  12.53680000  3
5055  1  14.12140000  33.16680000  13.24320000  3
5056  1  32.92490000  29.44990000  44.84760000  3
5057  1  32.83170000  19.24470000  3.50826000  3
5058  1  20.50660000  22.46570000  22.76500000  3
5059  1  7.51485000  48.39500000  15.49430000  3
5060  1  16.97410000  47.19030000  14.29600000  3
5061  1  29.03840000  49.89520000  34.68670000  3
5062  1  44.95500000  23.44140000  14.95990000  3
5063  1  46.22200000  43.10730000  18.19240000  3
5064  1  13.25900000  34.29990000  0.72999800  3
5065  1  15.28320000  13.08720000  8.59327000  3
5066  1  39.22910000  14.04950000  35.26460000  3
5067  1  32.99520000  34.23850000  33.91310000  3
5068  1  42.73470000  2.57992000  26.98370000  3
5069  1  36.66260000  44.41930000  2.19478000  3
5070  1  36.26920000  5.73892000  47.50580000  3
5071  1  50.67880000  31.54330000  17.46540000  3
5072  1  19.61550000  41.95500000  18.06300000  3
5073  1  1.66815000  2.66974000  40.32170000  3
5074  1  49.82680000  6.17920000  3.33251000  3
5075  1  3.94784000  21.32770000  35.21290000  4
5076  1  44.57800000  7.47294000  29.79880000  3
5077  1  25.69310000  4.19795000  30.68040000  3
5078  1  29.62740000  43.39470000  14.85520000  3
5079  1  1.85954000  44.52900000  28.74850000  3
5080  1  47.58380000  12.17620000  50.63160000  3
5081  1  10.06650000  22.77320000  50.79840000  2
5082  1  8.84049000  13.99270000  8.20784000  3
5083  1  29.36400000  11.16300000  35.66090000  3
5084  1  42.81640000  11.84690000  30.88490000  3
5085  1  29.16270000  35.98150000  14.24030000  3
5086  1  43.45060000  5.25632000  23.74960000  3
5087  1  17.41570000  49.50590000  39.72730000  3
5088  1  45.41070000  25.37390000  34.49930000  3
5089  1  22.47760000  36.94250000  9.24133000  3
5090  1  4.64658000  30.29260000  42.12450000  3
5091  1  19.83070000  30.88980000  8.67832000  3
5092  1  11.55070000  33.56240000  9.34979000  3
5093  1  20.16980000  23.78350000  22.50960000  3
5094  1  16.72290000  30.40640000  46.97040000  3
5095  1  41.19450000  45.96460000  9.47250000  3
5096  1  49.11100000  42.05800000  43.85300000  3
5097  1  4.69768000  19.18690000  6.14163000  3
5098  1  38.88630000  4.23850000  31.14710000  3
5099  1  28.37670000  19.41370000  22.37020000  3
5100  1  40.90330000  15.80100000  0.59339700  3
5101  1  23.85980000  19.70710000  23.91840000  3
5102  1  9.99522000  2.46774000  36.61330000  3
5103  1  5.16440000  36.08840000  44.34830000  3
5104  1  34.50900000  47.00000000  3.74978000  3
5105  1  17.42940000  11.30930000  12.60060000  3
5106  1  7.13751000  2.76483000  47.60520000  3
5107  1  7.95025000  1.56718000  44.32830000  2
5108  1  21.25640000  27.12760000  33.21470000  3
5109  1  11.60640000  28.23230000  35.89360000  3
5110  1  16.24330000  4.51440000  39.18060000  3
5111  1  11.81290000  44.31950000  0.90118100  3
5112  1  45.20510000  17.60850000  15.44570000  3
5113  1  44.95430000  40.08580000  40.02780000  3
5114  1  22.12790000  24.92130000  32.90300000  3
5115  1  6.06170000  41.53040000  23.79970000  3
5116  1  40.92170000  11.41700000  14.09770000  3
5117  1  2.78322000  13.03190000  42.85130000  3
5118  1  42.11820000  22.73720000  10.42100000  3
5119  1  11.92380000  25.46240000  24.77920000  3
5120  1  47.29640000  5.60134000  50.17970000  3
5121  1  42.15560000  2.65944000  7.57870000  3
5122  1  49.47410000  32.31320000  34.28380000  3
5123  1  50.66120000  16.94860000  1.97476000  3
5124  1  43.84170000  14.81210000  0.25054800  2
5125  1  47.44700000  47.82880000  0.10092100  3
5126  1  31.75110000  38.54100000  40.39120000  3
5127  1  35.38570000  14.03180000  12.75030000  3
5128  1  13.45140000  2.92777000  3.09594000  3
5129  1  36.13070000  7.62931000  3.64904000  3
5130  1  30.03060000  16.84010000  15.18420000  3
5131  1  25.84530000  12.79080000  40.60110000  3
5132  1  48.51150000  38.16260000  47.63210000  3
5133  1  14.45160000  39.47020000  35.37670000  3
5134  1  8.68611000  30.01060000  10.69210000  3
5135  1  48.69520000  40.52580000  23.89130000  3
5136  1  42.36770000  2.66186000  46.54660000  3
5137  1  6.86235000  39.65000000  18.74630000  3
5138  1  4.40678000  25.20240000  37.03700000  3
5139  1  39.38940000  50.89260000  3.72778000  3
5140  1  1.23273000  25.85600000  35.67380000  3
5141  1  26.92240000  46.87820000  16.61370000  3
5142  1  5.23446000  10.54770000  11.80560000  3
5143  1  39.83500000  28.66120000  3.72451000  3
5144  1  5.56701000  19.30040000  26.90510000  3
5145  1  20.74040000  6.80725000  29.01630000  3
5146  1  29.74330000  36.79520000  1.26688000  3
5147  1  10.98030000  38.93100000  13.14490000  3
5148  1  33.49800000  33.83430000  30.92120000  3
5149  1  45.21260000  31.16190000  11.46000000  3
5150  1  18.59310000  45.90410000  49.15070000  3
5151  1  33.36120000  29.69550000  16.58160000  3
5152  1  29.99610000  41.68040000  2.37149000  3
5153  1  36.03450000  19.14660000  5.52981000  3
5154  1  2.52273000  18.36190000  38.61040000  3
5155  1  22.88070000  15.73910000  5.90643000  3
5156  1  13.07870000  49.29130000  43.22410000  3
5157  1  4.40225000  50.73480000  22.42410000  3
5158  1  19.73750000  41.91400000  33.05160000  3
5159  1  43.34180000  48.88220000  46.03540000  3
5160  1  50.36620000  36.14720000  6.83329000  3
5161  1  23.71170000  41.50540000  22.89730000  3
5162  1  25.82260000  1.33057000  42.23600000  3
5163  1  35.71860000  9.29297000  11.48390000  3
5164  1  50.07500000  49.69240000  12.89210000  3
5165  1  6.31356000  35.30020000  8.38110000  2
5166  1  47.32490000  39.59180000  37.31930000  3
5167  1  49.99320000  47.32860000  13.35710000  2
5168  1  4.35379000  32.46720000  17.39970000  3
5169  1  26.53010000  0.13177600  41.93180000  3
5170  1  20.42810000  15.15270000  24.38930000  3
5171  1  20.68200000  34.87850000  24.29810000  3
5172  1  46.74880000  7.86742000  26.68750000  3
5173  1  20.91690000  42.14810000  15.99280000  3
5174  1  23.77030000  34.64340000  39.00870000  3
5175  1  26.21730000  41.98330000  49.40670000  3
5176  1  16.15310000  15.15070000  0.10859400  3
5177  1  19.29030000  10.86030000  41.83120000  3
5178  1  19.65380000  50.59380000  8.65979000  3
5179  1  3.45094000  45.11630000  8.43263000  2
5180  1  34.55520000  35.43630000  23.79970000  3
5181  1  31.14580000  27.13070000  7.89538000  3
5182  1  41.50400000  22.04670000  45.80630000  3
5183  1  39.27660000  36.51120000  13.67520000  3
5184  1  37.21880000  16.11890000  47.94290000  3
5185  1  7.44996000  44.58670000  34.34720000  3
5186  1  22.43850000  23.63010000  33.32010000  3
5187  1  32.87230000  0.26536900  39.35750000  3
5188  1  22.88410000  35.73830000  27.27310000  3
5189  1  24.66500000  37.91060000  47.15170000  3
5190  1  24.95980000  20.60670000  15.75210000  3
5191  1  2.99957000  11.40820000  47.01220000  2
5192  1  17.37380000  41.20220000  19.57340000  3
5193  1  14.15460000  27.11810000  47.37680000  3
5194  1  18.40250000  31.26620000  43.14980000  3
5195  1  35.43460000  45.95980000  37.44310000  3
5196  1  33.55150000  30.09710000  10.99950000  3
5197  1  29.29150000  22.80170000  29.91020000  3
5198  1  29.23460000  3.79835000  27.48210000  3
5199  1  37.85200000  32.68970000  30.86150000  3
5200  1  36.06880000  25.63000000  19.51590000  3
5201  1  50.84010000  37.68330000  18.08010000  3
5202  1  7.40067000  1.46431000  33.80780000  3
5203  1  5.52509000  32.23000000  16.72730000  3
5204  1  22.60350000  29.94900000  6.37271000  3
5205  1  30.23920000  7.29171000  21.07050000  3
5206  1  12.84530000  45.96710000  20.53490000  3
5207  1  0.45829800  46.40930000  32.25620000  3
5208  1  49.35000000  0.39182300  34.01470000  3
5209  1  5.13565000  40.10820000  22.00640000  3
5210  1  0.55027600  40.24910000  0.20100800  3
5211  1  48.54660000  34.10670000  32.92730000  3
5212  1  20.86080000  44.20400000  46.76240000  3
5213  1  32.75280000  0.76864400  4.05280000  3
5214  1  24.06940000  6.03753000  42.36100000  3
5215  1  7.15334000  25.67600000  5.30868000  3
5216  1  18.11470000  15.61240000  30.34910000  3
5217  1  0.29917400  36.41500000  46.11690000  3
5218  1  15.02280000  27.77070000  44.79190000  3
5219  1  8.80667000  6.56310000  48.08970000  3
5220  1  41.04860000  24.82470000  46.05890000  3
5221  1  1.73485000  18.22220000  12.15800000  2
5222  1  36.03650000  25.22290000  47.05680000  3
5223  1  17.50110000  31.97950000  49.29330000  3
5224  1  22.81440000  48.36120000  11.83510000  3
5225  1  19.01640000  36.66790000  23.91610000  3
5226  1  44.16800000  12.89280000  5.71377000  2
5227  1  44.56060000  18.37930000  46.93900000  3
5228  1  41.23280000  18.22690000  41.46860000  3
5229  1  28.59400000  35.16450000  25.48200000  3
5230  1  31.33200000  2.22832000  19.57810000  3
5231  1  49.11110000  22.64760000  26.39740000  3
5232  1  35.59770000  45.56040000  21.86930000  3
5233  1  49.42760000  3.08793000  21.21450000  3
5234  1  14.84020000  37.86580000  14.21620000  3
5235  1  40.64270000  47.22060000  31.39920000  3
5236  1  17.55180000  41.37950000  40.90590000  3
5237  1  11.93880000  5.41131000  18.07220000  3
5238  1  42.40530000  5.97197000  36.73680000  3
5239  1  49.76870000  2.93661000  28.10720000  3
5240  1  6.68703000  5.35426000  47.88040000  3
5241  1  50.52190000  42.46950000  6.83570000  3
5242  1  3.01681000  33.65080000  19.02790000  3
5243  1  41.54760000  1.70710000  42.35360000  3
5244  1  19.73800000  46.57870000  39.46270000  3
5245  1  30.16430000  6.57669000  2.35736000  3
5246  1  36.86520000  4.16954000  4.91580000  3
5247  1  46.49100000  17.21130000  17.35070000  3
5248  1  35.92870000  44.38660000  27.80120000  3
5249  1  39.95330000  24.09890000  32.63020000  3
5250  1  12.77950000  28.90050000  7.98776000  3
5251  1  16.89720000  38.99490000  13.62410000  3
5252  1  39.28550000  27.31280000  3.39379000  3
5253  1  4.52921000  21.63570000  0.86479900  3
5254  1  2.32800000  44.84610000  10.67590000  2
5255  1  16.29260000  12.21210000  10.60790000  3
5256  1  42.38060000  47.15240000  29.06670000  3
5257  1  28.82420000  22.84640000  41.43540000  3
5258  1  43.13820000  20.76300000  34.46840000  3
5259  1  2.28103000  11.03460000  3.47873000  3
5260  1  23.83780000  39.58840000  36.90290000  3
5261  1  44.35160000  31.15370000  10.28730000  3
5262  1  22.11130000  26.20190000  39.94770000  3
5263  1  35.22060000  7.61458000  48.69430000  3
5264  1  25.76520000  39.70550000  6.78682000  3
5265  1  48.52940000  20.00500000  1.50936000  3
5266  1  38.60980000  27.16660000  8.19342000  3
5267  1  12.75460000  23.13000000  19.28890000  2
5268  1  39.16930000  31.03410000  41.44560000  3
5269  1  9.69840000  3.29533000  9.42056000  3
5270  1  32.37590000  16.04360000  1.70234000  3
5271  1  24.89880000  5.47251000  25.94680000  3
5272  1  50.77630000  19.31790000  26.75850000  3
5273  1  1.98946000  38.32710000  50.44430000  3
5274  1  50.83650000  11.14230000  32.39870000  3
5275  1  19.74410000  47.78730000  23.76270000  3
5276  1  25.15370000  45.73450000  25.22020000  3
5277  1  43.21110000  18.82690000  46.58370000  3
5278  1  21.50330000  26.80480000  37.60090000  3
5279  1  27.74190000  21.06310000  1.57028000  2
5280  1  41.83300000  1.15742000  16.10680000  3
5281  1  4.70571000  49.55890000  13.15250000  3
5282  1  33.41870000  15.74500000  2.71863000  3
5283  1  43.39590000  5.41712000  17.84930000  3
5284  1  13.58310000  31.49880000  43.13840000  2
5285  1  14.18340000  23.24770000  0.85613800  3
5286  1  48.85320000  28.43330000  24.96690000  3
5287  1  4.69539000  25.94440000  39.47520000  3
5288  1  49.45400000  25.41130000  44.84520000  2
5289  1  21.27790000  15.01450000  17.53650000  3
5290  1  10.78330000  30.42050000  43.65360000  3
5291  1  46.37640000  9.08584000  26.27610000  3
5292  1  12.49530000  49.39210000  7.64032000  2
5293  1  5.73677000  26.28420000  40.35200000  3
5294  1  42.14790000  27.33310000  28.45850000  3
5295  1  34.92260000  5.58183000  34.63300000  3
5296  1  40.90080000  19.65690000  37.86470000  3
5297  1  42.04620000  34.85390000  37.74340000  2
5298  1  6.80551000  3.60531000  21.24480000  3
5299  1  27.94360000  47.87650000  50.24320000  3
5300  1  28.46070000  14.61980000  38.49450000  3
5301  1  41.00820000  20.14500000  13.95310000  3
5302  1  47.35390000  0.75003100  37.05690000  3
5303  1  30.72110000  2.00496000  29.24830000  3
5304  1  25.71530000  18.99430000  40.30080000  3
5305  1  24.10880000  14.32780000  34.56050000  3
5306  1  5.58464000  13.29010000  25.49350000  3
5307  1  22.77210000  31.61560000  16.37400000  3
5308  1  34.49140000  10.93890000  30.47260000  3
5309  1  21.20950000  25.94890000  35.04940000  3
5310  1  10.46950000  33.41380000  10.28380000  3
5311  1  44.74850000  27.45020000  27.19500000  3
5312  1  24.90690000  13.89100000  15.49730000  3
5313  1  6.59961000  35.00820000  26.41000000  3
5314  1  18.89240000  48.33830000  25.99720000  3
5315  1  45.05550000  21.72940000  32.83370000  3
5316  1  42.41910000  9.49298000  31.99970000  3
5317  1  0.55172100  4.38876000  43.94370000  3
5318  1  37.11510000  17.52030000  30.73390000  3
5319  1  34.83130000  27.11150000  48.00050000  3
5320  1  19.57820000  26.08190000  7.83260000  2
5321  1  7.32653000  30.39510000  10.88040000  3
5322  1  19.49580000  45.21800000  39.42020000  3
5323  1  19.35400000  17.75550000  33.84120000  3
5324  1  15.67640000  38.99420000  14.26240000  3
5325  1  17.65050000  46.62410000  19.08760000  3
5326  1  50.70320000  35.08830000  37.17320000  3
5327  1  41.17790000  49.86100000  50.24820000  3
5328  1  3.41596000  36.55380000  49.70190000  3
5329  1  12.52130000  15.71600000  27.68090000  3
5330  1  0.26538300  7.31424000  23.69790000  3
5331  1  11.13820000  31.97850000  15.30000000  3
5332  1  34.72280000  34.07290000  27.33940000  3
5333  1  28.85940000  15.52890000  9.76979000  3
5334  1  25.77430000  3.00518000  6.49638000  3
5335  1  31.42610000  29.46030000  6.88363000  3
5336  1  26.86280000  26.78680000  46.41720000  3
5337  1  26.31450000  23.98340000  12.61240000  3
5338  1  7.32887000  22.55840000  35.91350000  3
5339  1  25.28110000  4.43740000  38.07200000  3
5340  1  17.56910000  48.49410000  25.41190000  3
5341  1  8.46659000  35.76000000  12.77110000  3
5342  1  23.20280000  15.62910000  4.49247000  3
5343  1  50.03690000  27.44030000  47.48870000  3
5344  1  34.31750000  41.23220000  20.35730000  3
5345  1  40.95780000  32.84780000  38.55970000  3
5346  1  35.75990000  16.47280000  4.78541000  3
5347  1  24.03130000  4.65040000  32.40970000  3
5348  1  42.89760000  8.64375000  40.12530000  3
5349  1  42.74980000  0.26903300  27.77530000  3
5350  1  5.06572000  5.45060000  21.42110000  3
5351  1  12.68100000  10.17360000  16.51850000  3
5352  1  23.03140000  28.86070000  5.64112000  3
5353  1  23.10190000  34.75200000  7.50701000  3
5354  1  35.09110000  39.57220000  41.40780000  3
5355  1  27.31740000  18.23450000  45.43760000  3
5356  1  1.05713000  26.06890000  47.43190000  3
5357  1  41.72720000  2.70765000  38.66130000  3
5358  1  2.19735000  29.47430000  3.34858000  3
5359  1  24.85710000  24.94160000  47.11730000  3
5360  1  24.15450000  16.94560000  18.82230000  3
5361  1  29.17790000  10.18770000  2.63228000  3
5362  1  2.79244000  41.05060000  40.14080000  3
5363  1  19.53290000  9.87298000  35.67960000  3
5364  1  18.79400000  37.69130000  21.69880000  3
5365  1  24.58560000  32.24470000  22.95220000  3
5366  1  18.01660000  8.35450000  39.26280000  3
5367  1  15.74120000  6.11487000  4.10648000  3
5368  1  4.10330000  45.97900000  7.78916000  2
5369  1  16.69430000  7.83971000  13.29500000  3
5370  1  11.59050000  29.40770000  32.32400000  3
5371  1  1.36305000  9.89407000  31.26680000  3
5372  1  39.37990000  27.13900000  39.86070000  3
5373  1  32.16440000  9.65886000  33.72840000  3
5374  1  10.22730000  9.46244000  17.02520000  3
5375  1  26.78930000  43.47340000  40.60070000  3
5376  1  21.79980000  38.84150000  35.77450000  3
5377  1  47.71280000  39.22020000  48.05690000  3
5378  1  21.72060000  4.94480000  16.59400000  3
5379  1  41.48450000  0.75823800  40.23040000  3
5380  1  40.38700000  12.33940000  50.02190000  3
5381  1  4.33048000  39.15500000  19.82080000  3
5382  1  41.38610000  46.01810000  31.05150000  3
5383  1  22.00460000  34.61910000  8.43507000  3
5384  1  34.64510000  3.64984000  39.47490000  3
5385  1  32.17810000  28.39950000  0.04006080  3
5386  1  25.26400000  20.93630000  10.57290000  3
5387  1  24.75300000  45.17840000  43.37860000  3
5388  1  19.78060000  17.33410000  11.69700000  3
5389  1  25.07350000  41.31950000  22.64420000  3
5390  1  33.23330000  0.93936200  28.27890000  3
5391  1  48.61080000  11.65960000  19.01220000  3
5392  1  8.22309000  40.36410000  18.52830000  3
5393  1  23.92640000  18.02450000  16.29480000  3
5394  1  34.12230000  30.23540000  44.87330000  3
5395  1  5.98382000  15.32550000  48.48100000  3
5396  1  0.68422700  17.36010000  17.90110000  3
5397  1  12.60290000  46.63740000  0.49332500  3
5398  1  35.71630000  43.10580000  14.53540000  3
5399  1  19.29110000  5.46548000  4.63012000  3
5400  1  27.74290000  46.73230000  17.81740000  3
5401  1  31.48620000  23.54200000  5.65449000  3
5402  1  42.21260000  23.92620000  31.68400000  3
5403  1  44.60290000  18.88220000  22.58460000  3
5404  1  9.66952000  18.32210000  15.02580000  3
5405  1  33.57050000  46.18750000  20.69090000  3
5406  1  4.85321000  21.36170000  19.71650000  3
5407  1  39.57960000  11.35940000  25.69930000  3
5408  1  16.57960000  35.56340000  34.57910000  3
5409  1  24.20910000  34.44080000  33.74230000  3
5410  1  7.90577000  42.06870000  37.91840000  3
5411  1  28.39750000  34.52730000  27.80530000  3
5412  1  17.46800000  6.24214000  40.36250000  3
5413  1  45.22000000  43.03440000  29.44630000  3
5414  1  42.97620000  37.33150000  8.55801000  3
5415  1  40.61460000  16.06350000  15.65950000  3
5416  1  31.52680000  4.90602000  3.65832000  3
5417  1  46.95700000  44.19880000  4.69532000  3
5418  1  23.20920000  12.31400000  33.44100000  3
5419  1  4.28230000  34.21680000  25.97210000  3
5420  1  26.31680000  5.38054000  25.73200000  3
5421  1  47.46880000  31.67530000  15.66870000  3
5422  1  18.01250000  5.77822000  4.19241000  3
5423  1  26.56110000  41.68050000  38.82020000  3
5424  1  27.30320000  25.66500000  11.18890000  3
5425  1  13.62630000  37.71400000  30.53610000  3
5426  1  28.62660000  22.47580000  36.86070000  3
5427  1  36.79320000  42.21570000  44.19280000  3
5428  1  41.28690000  24.17170000  2.99688000  3
5429  1  10.12930000  23.85630000  39.09360000  3
5430  1  35.79570000  42.45180000  21.95380000  3
5431  1  18.54900000  15.13440000  50.17170000  3
5432  1  7.21152000  28.05460000  34.41370000  3
5433  1  9.45196000  28.66320000  4.47702000  3
5434  1  13.31340000  41.38830000  46.04150000  3
5435  1  28.27000000  41.14310000  46.36390000  3
5436  1  12.82830000  45.97470000  44.63790000  3
5437  1  14.84110000  47.13270000  50.73700000  3
5438  1  42.03980000  7.00600000  24.80330000  3
5439  1  17.00450000  4.94098000  40.27520000  3
5440  1  23.72860000  9.68740000  42.31080000  3
5441  1  45.95700000  47.92050000  24.66820000  3
5442  1  27.32630000  22.04540000  30.86600000  3
5443  1  6.42207000  11.80190000  3.40763000  3
5444  1  43.04380000  23.12060000  17.09930000  3
5445  1  7.96677000  41.45940000  47.76000000  3
5446  1  5.68519000  13.73630000  18.00620000  3
5447  1  10.58050000  28.24790000  45.04100000  2
5448  1  13.51000000  30.15390000  39.99640000  3
5449  1  46.61210000  39.71430000  5.13292000  3
5450  1  43.26180000  31.64340000  21.66030000  3
5451  1  45.62460000  31.62970000  13.71500000  3
5452  1  47.94320000  3.69000000  0.55951600  3
5453  1  0.29319200  7.74426000  45.16110000  3
5454  1  19.05680000  35.09610000  31.33150000  3
5455  1  18.03910000  48.46510000  29.52510000  3
5456  1  18.09770000  48.32930000  31.76380000  3
5457  1  4.25645000  21.56700000  5.72738000  3
5458  1  24.00590000  20.28000000  31.73890000  3
5459  1  3.02102000  2.88397000  24.32930000  3
5460  1  35.23330000  29.73860000  44.11410000  3
5461  1  30.79380000  23.44760000  26.61100000  3
5462  1  11.12610000  3.40181000  46.69350000  3
5463  1  43.50420000  11.76770000  5.37301000  3
5464  1  12.08320000  41.38640000  46.67820000  3
5465  1  44.83150000  46.66980000  14.30080000  2
5466  1  12.54100000  23.33310000  50.28550000  3
5467  1  32.19720000  30.33290000  14.44120000  3
5468  1  3.72768000  15.13390000  18.31460000  3
5469  1  35.78980000  7.69948000  43.89720000  3
5470  1  39.47950000  47.50450000  47.63420000  3
5471  1  40.55460000  42.96200000  13.53080000  3
5472  1  21.28530000  19.93080000  24.45480000  3
5473  1  37.24980000  42.21920000  16.19650000  3
5474  1  44.39030000  47.20030000  37.88290000  3
5475  1  42.76030000  34.31590000  2.02889000  3
5476  1  27.98270000  36.60220000  22.25520000  3
5477  1  49.49150000  43.13780000  7.54504000  3
5478  1  24.98400000  36.89210000  42.43520000  3
5479  1  3.34081000  34.72730000  22.51460000  3
5480  1  17.19810000  28.30180000  9.95317000  3
5481  1  18.34320000  16.70050000  34.02360000  3
5482  1  8.53112000  19.35820000  9.53100000  3
5483  1  16.39600000  13.79670000  15.31760000  3
5484  1  3.99800000  9.27670000  15.04310000  3
5485  1  44.71020000  31.93180000  21.40650000  3
5486  1  30.11790000  15.80880000  35.16930000  3
5487  1  35.99760000  34.95480000  2.46278000  3
5488  1  17.51470000  48.19450000  33.05940000  3
5489  1  29.06890000  49.14710000  48.47620000  3
5490  1  32.41090000  9.69686000  8.88286000  3
5491  1  44.37410000  29.26780000  25.79320000  3
5492  1  15.11180000  1.97728000  8.00200000  3
5493  1  48.55190000  36.76180000  48.29130000  3
5494  1  31.55550000  27.34160000  44.34180000  3
5495  1  7.69311000  34.31220000  28.47860000  3
5496  1  14.08360000  23.41860000  6.24488000  3
5497  1  17.65200000  6.89987000  23.82640000  3
5498  1  30.32600000  20.49030000  50.81600000  3
5499  1  46.07150000  32.62210000  30.68470000  3
5500  1  25.19400000  43.26930000  16.66350000  3
5501  1  8.79489000  31.38090000  34.59290000  3
5502  1  20.79370000  11.57570000  37.00510000  3
5503  1  45.22290000  0.23531100  49.80210000  3
5504  1  7.85964000  18.08920000  2.43177000  3
5505  1  16.29180000  4.76421000  44.83620000  3
5506  1  5.52017000  46.90910000  3.16962000  3
5507  1  38.30740000  31.91830000  50.67070000  3
5508  1  4.49957000  18.07420000  24.70140000  3
5509  1  10.59510000  2.05130000  46.44570000  3
5510  1  49.27740000  9.28395000  45.38910000  3
5511  1  21.72520000  29.49850000  17.73350000  3
5512  1  38.07790000  9.95073000  38.01100000  3
5513  1  37.06350000  8.13582000  5.84507000  3
5514  1  37.88360000  37.28320000  47.55930000  3
5515  1  28.88960000  22.90730000  22.04410000  3
5516  1  9.33789000  41.47400000  47.50260000  3
5517  1  31.56620000  47.49460000  31.85560000  3
5518  1  23.14780000  6.46955000  45.09840000  3
5519  1  30.48520000  14.76620000  19.16320000  3
5520  1  46.62300000  13.29550000  20.49440000  3
5521  1  0.09477100  28.59210000  41.64600000  3
5522  1  27.88670000  1.58297000  33.51290000  3
5523  1  25.34130000  33.58240000  22.81830000  3
5524  1  0.97914900  31.07070000  17.26860000  3
5525  1  36.64190000  36.38490000  20.78120000  3
5526  1  21.03290000  15.52160000  16.20860000  3
5527  1  12.03470000  37.08000000  37.82550000  3
5528  1  21.32790000  33.64380000  23.94200000  3
5529  1  14.96310000  48.23530000  24.52710000  3
5530  1  27.92030000  22.48780000  5.58369000  3
5531  1  29.64910000  44.38260000  46.83130000  3
5532  1  14.03330000  24.77040000  11.98990000  3
5533  1  41.38710000  42.40690000  50.96470000  3
5534  1  38.37310000  20.13140000  6.88866000  3
5535  1  5.64429000  30.25010000  41.10470000  3
5536  1  14.04910000  6.21287000  2.00612000  3
5537  1  36.08350000  24.76330000  40.25080000  3
5538  1  13.75080000  43.97490000  36.00090000  3
5539  1  45.31700000  25.65410000  1.97991000  3
5540  1  2.23262000  12.45440000  33.14770000  2
5541  1  44.37010000  27.48170000  45.40640000  3
5542  1  15.46240000  13.16940000  29.30940000  3
5543  1  13.13520000  35.14140000  8.27071000  3
5544  1  4.67545000  11.65640000  27.02360000  3
5545  1  35.86970000  50.35950000  44.09120000  3
5546  1  30.38140000  47.06360000  10.68600000  3
5547  1  27.96240000  38.96510000  43.39380000  3
5548  1  50.12750000  16.95090000  29.46400000  3
5549  1  11.93260000  36.22480000  29.68920000  3
5550  1  49.02780000  49.95130000  1.94959000  3
5551  1  50.18630000  36.78390000  46.73400000  3
5552  1  16.97880000  36.99130000  39.54490000  3
5553  1  30.71340000  42.30280000  37.77290000  3
5554  1  15.77690000  21.65590000  50.39190000  3
5555  1  14.64840000  35.58770000  45.54220000  3
5556  1  8.81025000  30.82460000  1.35682000  3
5557  1  14.45640000  21.66190000  49.91100000  3
5558  1  10.30350000  14.73350000  2.60613000  3
5559  1  34.88810000  34.23980000  48.47980000  3
5560  1  16.03700000  5.33443000  37.99740000  3
5561  1  9.14355000  19.66980000  32.93040000  3
5562  1  32.70140000  25.55280000  48.82150000  3
5563  1  25.88910000  45.33240000  26.42260000  3
5564  1  2.87440000  13.34970000  3.05000000  3
5565  1  37.80610000  50.97600000  9.15671000  3
5566  1  35.85270000  25.12520000  18.18960000  3
5567  1  16.86380000  20.42030000  7.22610000  3
5568  1  10.29180000  15.26500000  32.37990000  2
5569  1  31.56540000  45.67610000  45.74680000  3
5570  1  31.34130000  49.26890000  18.02460000  3
5571  1  33.58390000  24.49620000  28.87690000  3
5572  1  3.21084000  28.27770000  26.65070000  3
5573  1  4.85820000  50.80870000  29.69920000  3
5574  1  45.64030000  22.61300000  30.69520000  3
5575  1  50.48140000  26.75600000  11.59100000  3
5576  1  40.20690000  23.53200000  16.73390000  3
5577  1  24.67060000  49.30030000  3.24350000  3
5578  1  25.90910000  44.98420000  28.80630000  3
5579  1  31.15110000  38.21630000  47.44240000  3
5580  1  30.28830000  23.42730000  37.98690000  3
5581  1  29.62530000  47.80870000  16.77820000  3
5582  1  46.06060000  38.55870000  7.15052000  3
5583  1  16.83180000  6.25290000  26.03170000  3
5584  1  39.45090000  34.58170000  43.70040000  3
5585  1  41.85850000  20.66970000  11.66020000  3
5586  1  30.34900000  17.36920000  40.07270000  3
5587  1  13.22820000  46.07930000  8.98992000  3
5588  1  7.85202000  27.66230000  11.10200000  3
5589  1  41.00470000  30.26220000  37.57850000  3
5590  1  46.12930000  32.11510000  7.05343000  3
5591  1  41.52040000  35.84920000  21.74860000  3
5592  1  34.24130000  33.91910000  33.24790000  3
5593  1  14.05340000  40.18740000  46.01510000  3
5594  1  45.34030000  40.38140000  38.71440000  3
5595  1  34.68860000  24.85440000  2.85492000  3
5596  1  2.73324000  30.42490000  2.51698000  3
5597  1  21.58250000  33.26240000  17.99650000  3
5598  1  38.51390000  39.33410000  50.37900000  3
5599  1  49.99070000  6.19387000  25.47320000  3
5600  1  25.48060000  46.99010000  16.61590000  3
5601  1  25.07640000  39.59620000  49.35690000  3
5602  1  24.81960000  9.31975000  39.75940000  3
5603  1  35.30260000  23.66950000  2.51546000  3
5604  1  19.88140000  45.02920000  34.53190000  3
5605  1  23.14710000  25.51930000  42.21440000  3
5606  1  24.71930000  30.34940000  41.43820000  3
5607  1  16.93750000  2.77144000  4.85545000  3
5608  1  37.47440000  47.45640000  27.42850000  3
5609  1  39.03920000  2.67921000  50.08530000  3
5610  1  36.78490000  15.88130000  39.13600000  3
5611  1  30.23470000  18.11730000  20.64110000  3
5612  1  40.30280000  49.49390000  16.99620000  3
5613  1  7.26953000  3.12709000  3.81550000  3
5614  1  26.65740000  20.08650000  42.16490000  3
5615  1  13.01090000  4.91896000  28.08060000  3
5616  1  12.77180000  18.16490000  27.68020000  3
5617  1  27.30330000  1.59140000  34.75780000  3
5618  1  32.47210000  23.77140000  2.42256000  3
5619  1  1.37434000  2.24138000  12.24460000  3
5620  1  13.07600000  12.30630000  42.88760000  3
5621  1  48.71790000  32.70480000  2.80033000  3
5622  1  47.39960000  11.97250000  35.57120000  3
5623  1  11.79120000  37.67570000  23.78050000  3
5624  1  38.63990000  33.25630000  35.74190000  3
5625  1  0.70174900  9.67588000  35.65470000  3
5626  1  47.60220000  22.63470000  1.30988000  3
5627  1  41.46780000  28.86740000  37.28210000  3
5628  1  7.56184000  49.09790000  9.02292000  2
5629  1  35.78350000  46.80630000  21.25180000  3
5630  1  32.30690000  28.52080000  2.60481000  4
5631  1  32.88320000  40.60280000  0.13872600  3
5632  1  26.71090000  38.31640000  43.54790000  3
5633  1  34.38040000  45.07870000  37.92470000  3
5634  1  10.70200000  25.02010000  24.50400000  3
5635  1  26.19600000  34.64810000  28.30070000  3
5636  1  12.71730000  24.69400000  44.99780000  3
5637  1  48.94170000  30.16150000  14.47670000  3
5638  1  29.52260000  6.94837000  37.07620000  3
5639  1  2.63632000  43.05720000  4.88052000  3
5640  1  10.31050000  16.22180000  48.10810000  3
5641  1  28.99600000  0.64773300  32.98620000  3
5642  1  47.06350000  24.02390000  1.27045000  3
5643  1  44.82550000  46.77270000  3.08542000  3
5644  1  4.57849000  10.08120000  44.27270000  3
5645  1  36.82720000  20.15330000  39.77990000  3
5646  1  6.62447000  0.34135300  31.28860000  3
5647  1  13.21100000  45.31210000  15.81230000  3
5648  1  16.49700000  9.56619000  16.21230000  4
5649  1  40.94740000  9.01835000  44.33280000  3
5650  1  2.46962000  9.97545000  30.36100000  3
5651  1  30.47310000  26.98060000  49.85460000  3
5652  1  37.91090000  22.67010000  21.11900000  3
5653  1  9.83651000  39.71740000  15.23340000  3
5654  1  34.66470000  14.58980000  25.99760000  3
5655  1  5.75423000  47.95890000  7.65203000  2
5656  1  17.54620000  6.20286000  7.38581000  3
5657  1  16.65740000  50.23910000  3.94570000  3
5658  1  38.74070000  35.97500000  10.93420000  3
5659  1  14.43160000  32.30290000  5.35715000  3
5660  1  44.80210000  13.93520000  25.31780000  3
5661  1  5.92367000  25.75380000  35.28870000  3
5662  1  23.72580000  33.45140000  34.68910000  3
5663  1  28.71220000  17.65090000  48.90430000  3
5664  1  20.74310000  46.62440000  48.26130000  3
5665  1  5.81829000  45.07490000  47.99690000  3
5666  1  13.58140000  49.00260000  6.78379000  3
5667  1  12.63660000  15.48310000  14.28380000  3
5668  1  17.37570000  36.82700000  37.03750000  3
5669  1  7.33983000  18.08260000  18.55630000  3
5670  1  24.03150000  39.82290000  27.42780000  3
5671  1  33.29260000  44.37910000  22.42430000  3
5672  1  1.47876000  36.22230000  10.74900000  4
5673  1  38.38320000  16.87700000  30.97220000  3
5674  1  36.11420000  35.53540000  1.16220000  3
5675  1  8.57778000  1.36537000  30.27850000  3
5676  1  35.96500000  31.12070000  16.53710000  3
5677  1  37.06110000  19.90160000  15.02230000  3
5678  1  35.74540000  3.54203000  41.61420000  3
5679  1  28.68720000  3.29690000  28.68430000  3
5680  1  46.82980000  41.21600000  28.42790000  3
5681  1  8.34852000  13.31270000  3.02943000  3
5682  1  45.88150000  41.24560000  30.65710000  3
5683  1  26.36890000  34.76480000  26.87920000  3
5684  1  6.70866000  43.65520000  26.12550000  3
5685  1  7.56123000  21.81440000  16.51890000  3
5686  1  7.77791000  42.87270000  36.70640000  3
5687  1  0.64509500  27.86500000  37.45440000  3
5688  1  5.55754000  31.21840000  28.97390000  3
5689  1  27.85000000  18.50160000  46.71780000  3
5690  1  9.97824000  8.12381000  35.84010000  3
5691  1  15.11080000  34.01830000  38.23200000  3
5692  1  15.01660000  28.49860000  49.59310000  3
5693  1  26.87630000  47.35520000  2.91854000  3
5694  1  48.20160000  33.14040000  7.91423000  3
5695  1  8.51143000  33.03010000  46.74920000  3
5696  1  12.43620000  13.35400000  26.64580000  2
5697  1  16.10150000  2.90307000  43.12510000  3
5698  1  10.70990000  4.94097000  24.50560000  3
5699  1  27.65950000  47.25720000  15.47820000  3
5700  1  4.61472000  15.28350000  47.97140000  3
5701  1  34.33930000  49.61910000  29.46170000  3
5702  1  14.42220000  6.42981000  4.35622000  3
5703  1  14.03380000  22.21850000  11.28430000  3
5704  1  1.92367000  43.85510000  27.49410000  3
5705  1  21.22330000  33.92130000  31.36210000  3
5706  1  35.54690000  19.20560000  46.87830000  3
5707  1  4.84852000  18.48410000  46.01020000  3
5708  1  48.29980000  24.88090000  25.75880000  3
5709  1  9.12911000  48.94660000  17.78630000  3
5710  1  11.38810000  6.05633000  23.84210000  3
5711  1  2.90685000  44.82670000  29.72370000  3
5712  1  29.02710000  20.28270000  21.39830000  3
5713  1  7.54490000  32.82520000  30.26210000  3
5714  1  15.05450000  15.29400000  13.92830000  3
5715  1  28.57520000  50.73020000  12.74420000  3
5716  1  12.29290000  30.48290000  34.34900000  3
5717  1  31.03510000  17.72600000  28.12080000  3
5718  1  49.41480000  43.55930000  3.28499000  3
5719  1  35.08840000  18.03330000  29.24950000  3
5720  1  16.66920000  50.15970000  10.99230000  3
5721  1  24.26230000  12.70990000  44.51430000  3
5722  1  10.43210000  37.18430000  23.81440000  3
5723  1  29.90270000  47.78360000  40.52470000  3
5724  1  47.16920000  39.28310000  39.73390000  3
5725  1  22.92400000  20.19290000  5.76017000  3
5726  1  13.85150000  13.15310000  0.00540634  3
5727  1  29.15830000  8.59669000  49.65070000  3
5728  1  37.97240000  42.27350000  20.28240000  3
5729  1  48.04040000  0.12512100  12.88050000  3
5730  1  15.37780000  35.24280000  43.16530000  3
5731  1  10.22090000  9.55248000  44.53690000  3
5732  1  31.72160000  14.36320000  28.05200000  3
5733  1  46.68920000  22.54020000  16.21710000  3
5734  1  26.28670000  15.54080000  8.77660000  3
5735  1  17.50230000  50.63480000  9.87288000  3
5736  1  37.56330000  3.26905000  47.63910000  3
5737  1  36.43350000  44.45310000  45.29230000  3
5738  1  49.55440000  30.29040000  3.06378000  3
5739  1  20.87150000  21.24980000  42.90200000  3
5740  1  20.67740000  26.14570000  6.95760000  3
5741  1  33.52150000  32.10150000  2.95574000  3
5742  1  35.70730000  7.91179000  20.18290000  3
5743  1  44.80630000  42.73780000  16.27990000  3
5744  1  41.14630000  49.42300000  2.89893000  2
5745  1  8.78038000  0.47372700  46.89580000  3
5746  1  28.90510000  15.51040000  39.50160000  3
5747  1  10.05120000  19.04660000  47.17560000  3
5748  1  23.10670000  42.79130000  16.06450000  3
5749  1  47.44140000  2.33964000  22.44160000  3
5750  1  22.41050000  33.67820000  32.32450000  3
5751  1  23.85830000  23.32130000  31.24390000  3
5752  1  45.19780000  32.14270000  5.91691000  3
5753  1  12.49660000  45.23990000  13.32330000  3
5754  1  42.34820000  24.27970000  45.82210000  3
5755  1  28.38030000  45.09260000  4.48299000  3
5756  1  36.52440000  11.48870000  19.95420000  3
5757  1  45.18880000  44.16130000  28.57450000  3
5758  1  46.74700000  42.93430000  48.09990000  3
5759  1  21.04660000  8.24350000  18.30500000  3
5760  1  26.54530000  39.01540000  45.90830000  3
5761  1  16.84050000  6.53933000  38.02470000  3
5762  1  23.44300000  4.31485000  33.70640000  3
5763  1  38.16890000  42.82200000  21.59710000  3
5764  1  5.49534000  25.30320000  17.78810000  3
5765  1  19.07180000  36.86810000  25.32660000  3
5766  1  43.44920000  30.34340000  6.76092000  3
5767  1  25.88800000  45.12020000  42.39600000  3
5768  1  48.80170000  37.04650000  14.96580000  3
5769  1  30.71240000  4.52065000  1.35631000  3
5770  1  20.27020000  12.69550000  43.17540000  3
5771  1  33.21260000  33.03700000  47.18580000  3
5772  1  6.68969000  12.94960000  9.33446000  3
5773  1  11.08000000  38.28010000  19.54720000  3
5774  1  37.81170000  48.61610000  4.49694000  3
5775  1  36.46480000  3.88469000  21.14540000  3
5776  1  11.43460000  41.15570000  13.98970000  3
5777  1  4.11376000  27.30360000  16.88160000  3
5778  1  16.59650000  42.59370000  49.09950000  3
5779  1  44.49840000  10.08910000  38.87070000  3
5780  1  10.24350000  45.86680000  25.45910000  3
5781  1  45.12440000  34.02080000  2.52094000  3
5782  1  47.86750000  43.30260000  12.27530000  3
5783  1  32.72010000  32.82470000  7.08447000  3
5784  1  10.63160000  22.44290000  9.40077000  3
5785  1  45.31560000  37.96690000  43.98640000  3
5786  1  29.37280000  8.49793000  0.93419500  3
5787  1  20.26080000  21.76220000  40.30100000  3
5788  1  27.45640000  0.59449600  10.81070000  3
5789  1  28.92560000  12.77650000  3.08529000  3
5790  1  12.58680000  34.37900000  14.78350000  3
5791  1  1.46516000  27.20820000  25.08660000  3
5792  1  38.29680000  32.05140000  12.70760000  3
5793  1  6.61813000  45.14690000  30.74410000  3
5794  1  40.78260000  36.37200000  19.57360000  3
5795  1  34.16410000  44.11550000  12.89000000  3
5796  1  16.17940000  40.59660000  17.52830000  3
5797  1  46.57030000  43.21790000  11.79350000  3
5798  1  49.16530000  4.31762000  43.41400000  3
5799  1  46.96490000  29.45430000  32.56450000  3
5800  1  46.54200000  39.18130000  27.22360000  3
5801  1  43.57340000  45.19450000  8.72253000  3
5802  1  11.77290000  26.93390000  37.94910000  3
5803  1  28.44100000  35.54500000  13.12780000  3
5804  1  39.66490000  17.37170000  27.49850000  3
5805  1  46.52820000  46.50700000  49.18060000  3
5806  1  34.86460000  17.37450000  4.21229000  3
5807  1  10.19220000  26.62610000  10.21690000  3
5808  1  31.16510000  30.15040000  10.95540000  2
5809  1  26.96460000  11.86960000  28.25970000  2
5810  1  45.65460000  36.78970000  16.74450000  3
5811  1  36.88930000  2.78390000  45.17320000  3
5812  1  32.17190000  18.38240000  42.28670000  3
5813  1  17.57080000  14.49070000  14.94380000  3
5814  1  14.22920000  12.14340000  8.82024000  3
5815  1  50.44480000  11.71270000  2.21809000  3
5816  1  17.71900000  6.80330000  31.90540000  3
5817  1  3.78456000  40.39340000  6.02909000  3
5818  1  13.13950000  10.74790000  34.33490000  3
5819  1  8.42771000  22.03050000  10.49180000  3
5820  1  27.07390000  23.48400000  25.15430000  3
5821  1  25.60640000  48.38660000  9.35528000  3
5822  1  47.94370000  22.82860000  5.72240000  2
5823  1  42.83970000  42.52720000  19.53980000  3
5824  1  7.75254000  14.48750000  20.94220000  3
5825  1  13.97660000  19.58940000  11.33230000  3
5826  1  11.45440000  4.80995000  25.76170000  3
5827  1  48.27260000  10.12910000  23.27450000  3
5828  1  22.54520000  29.42340000  37.77600000  3
5829  1  13.02930000  47.60200000  27.33870000  3
5830  1  3.41990000  25.54020000  24.20110000  3
5831  1  22.13980000  6.32827000  19.05410000  4
5832  1  41.33540000  32.18700000  29.77700000  3
5833  1  17.27390000  18.11280000  10.64150000  3
5834  1  35.58840000  9.34494000  20.06130000  3
5835  1  12.28940000  38.93450000  19.38350000  3
5836  1  1.46443000  39.66670000  50.38610000  3
5837  1  38.92610000  9.49100000  7.32577000  3
5838  1  22.62770000  35.49160000  45.04180000  3
5839  1  22.67980000  29.33220000  25.27650000  3
5840  1  42.99950000  4.73516000  6.51955000  3
5841  1  35.11190000  5.87475000  21.41630000  3
5842  1  32.00510000  40.44170000  43.09700000  3
5843  1  8.44410000  34.64140000  43.46760000  3
5844  1  11.51810000  44.29260000  19.56330000  3
5845  1  21.47500000  21.45890000  47.07610000  3
5846  1  49.85910000  1.23648000  2.46708000  3
5847  1  10.70450000  22.85810000  28.03050000  3
5848  1  14.24230000  16.34760000  5.92566000  2
5849  1  49.50240000  36.73440000  38.47250000  3
5850  1  11.20810000  43.42560000  18.49890000  3
5851  1  12.99930000  31.51260000  32.29790000  3
5852  1  8.13936000  24.68080000  5.67475000  3
5853  1  1.94843000  3.94335000  4.00489000  3
5854  1  50.23750000  28.30950000  13.84980000  2
5855  1  21.11550000  35.50340000  25.49180000  3
5856  1  11.80270000  6.13775000  6.20277000  3
5857  1  7.06441000  5.74878000  20.02690000  3
5858  1  39.05280000  15.80800000  49.75460000  3
5859  1  40.17370000  11.73690000  35.51430000  3
5860  1  48.12790000  19.51960000  46.24330000  3
5861  1  44.31910000  26.43380000  28.10230000  3
5862  1  29.62950000  30.47950000  1.55317000  3
5863  1  4.52325000  35.97390000  49.04050000  3
5864  1  20.01180000  33.32360000  9.20502000  3
5865  1  17.89560000  15.59470000  5.17652000  3
5866  1  4.77723000  19.41400000  38.48650000  3
5867  1  27.77690000  21.92950000  41.20470000  3
5868  1  28.22260000  11.08700000  36.62100000  3
5869  1  20.23160000  30.99520000  18.90990000  3
5870  1  35.09190000  34.01120000  3.08883000  3
5871  1  3.09942000  7.07058000  12.74930000  3
5872  1  33.79380000  6.40694000  34.86400000  3
5873  1  27.19730000  34.94830000  17.65490000  3
5874  1  6.51312000  26.07530000  44.00230000  3
5875  1  36.45380000  30.27540000  18.77900000  3
5876  1  23.96710000  18.49110000  14.95510000  3
5877  1  49.47100000  44.25400000  14.07330000  3
5878  1  24.55430000  23.84790000  49.63410000  3
5879  1  36.60990000  24.11980000  17.43750000  3
5880  1  15.70920000  50.69960000  0.30492200  3
5881  1  41.38520000  36.11030000  44.14610000  2
5882  1  21.41040000  45.10480000  37.93570000  3
5883  1  9.51284000  12.95110000  22.47380000  2
5884  1  10.93190000  46.53830000  26.53560000  3
5885  1  15.93020000  25.72940000  10.66570000  3
5886  1  47.50700000  10.06450000  47.48170000  3
5887  1  20.32290000  11.96510000  39.44250000  3
5888  1  47.07220000  17.40620000  22.47220000  3
5889  1  7.23886000  24.74490000  25.91590000  3
5890  1  38.13790000  3.77489000  50.04800000  3
5891  1  13.04900000  5.03646000  46.47250000  3
5892  1  38.17520000  2.38119000  3.74161000  3
5893  1  32.98400000  23.50130000  34.77810000  3
5894  1  13.72890000  24.85450000  6.16420000  3
5895  1  13.80590000  37.59550000  25.41290000  3
5896  1  7.86091000  8.98261000  42.23210000  3
5897  1  5.22114000  1.94207000  23.03160000  4
5898  1  5.36301000  48.67910000  14.09820000  3
5899  1  12.55880000  10.28140000  38.56780000  3
5900  1  8.11651000  2.40652000  25.50450000  3
5901  1  32.04330000  27.32430000  3.64559000  3
5902  1  34.27490000  28.79650000  49.71890000  3
5903  1  15.16400000  36.70830000  13.43610000  3
5904  1  3.68925000  0.55974000  3.77181000  3
5905  1  36.55890000  38.73480000  28.60580000  3
5906  1  37.23380000  48.67700000  20.71560000  3
5907  1  0.71208500  46.12370000  3.56878000  3
5908  1  18.06810000  15.88000000  1.41527000  3
5909  1  22.44040000  6.56890000  46.37060000  3
5910  1  25.53340000  46.47790000  19.04950000  3
5911  1  22.26280000  40.15020000  29.54990000  3
5912  1  37.37180000  13.50410000  38.97940000  3
5913  1  5.33899000  42.80340000  36.70270000  3
5914  1  47.58860000  10.85570000  36.43730000  3
5915  1  29.88330000  34.32750000  1.03117000  3
5916  1  21.86670000  47.03090000  26.74400000  3
5917  1  21.76940000  40.09690000  12.11820000  3
5918  1  20.66260000  7.62425000  47.45810000  2
5919  1  35.33720000  22.94800000  47.71990000  3
5920  1  47.88170000  31.83180000  0.14907800  3
5921  1  23.61550000  50.33130000  3.36331000  3
5922  1  27.64330000  36.46170000  3.17483000  3
5923  1  3.39090000  47.72500000  20.32290000  3
5924  1  10.21280000  34.53770000  5.30067000  3
5925  1  27.16210000  14.13630000  17.34310000  3
5926  1  21.92150000  46.76070000  29.20440000  3
5927  1  9.62067000  3.37614000  3.52570000  3
5928  1  10.23530000  22.87850000  41.25760000  3
5929  1  4.67494000  10.50600000  13.12160000  3
5930  1  12.75760000  37.03510000  33.26720000  3
5931  1  23.84760000  26.62140000  4.03999000  3
5932  1  28.71250000  17.60390000  26.90960000  3
5933  1  24.46690000  8.13661000  40.56440000  3
5934  1  13.77530000  32.25520000  37.10330000  3
5935  1  13.30750000  42.50120000  0.17030100  3
5936  1  42.69260000  48.39400000  0.53683500  3
5937  1  28.33910000  38.03260000  41.15450000  3
5938  1  40.16880000  4.66241000  29.09870000  3
5939  1  24.89340000  42.19600000  40.59180000  3
5940  1  18.42040000  47.26550000  13.80700000  3
5941  1  5.43017000  45.04860000  33.23930000  3
5942  1  12.39310000  10.19660000  31.94490000  3
5943  1  39.03110000  10.47510000  12.84160000  3
5944  1  49.15560000  21.40310000  16.45740000  3
5945  1  37.37930000  21.17070000  1.78768000  3
5946  1  16.37300000  10.34830000  12.77800000  3
5947  1  29.58580000  37.43340000  20.47370000  3
5948  1  33.77450000  47.45500000  30.60060000  3
5949  1  10.62840000  23.75570000  48.85310000  3
5950  1  26.87320000  38.75870000  4.79258000  3
5951  1  17.65340000  21.50540000  2.41942000  3
5952  1  40.02140000  19.26140000  24.29910000  3
5953  1  19.82790000  38.00210000  27.87250000  3
5954  1  42.33460000  19.21290000  23.53060000  3
5955  1  36.81580000  8.12349000  30.69490000  3
5956  1  1.40380000  9.34991000  32.55350000  3
5957  1  36.06110000  23.11680000  16.64500000  3
5958  1  40.24320000  20.02330000  8.43963000  3
5959  1  2.77024000  2.92950000  21.86870000  3
5960  1  18.29500000  14.56620000  25.47980000  3
5961  1  25.97630000  15.42300000  33.47450000  3
5962  1  21.71360000  50.38250000  7.28961000  3
5963  1  7.11512000  27.07930000  38.58040000  3
5964  1  31.14880000  22.18580000  1.33317000  3
5965  1  43.23570000  5.13747000  33.69920000  3
5966  1  18.57660000  5.70826000  1.76895000  3
5967  1  27.42080000  13.73930000  38.86560000  3
5968  1  0.31149000  14.94870000  43.01910000  3
5969  1  24.94540000  1.35423000  43.31690000  3
5970  1  1.23647000  50.81100000  12.58680000  3
5971  1  36.43370000  45.81720000  36.34260000  3
5972  1  27.42600000  45.48700000  49.76670000  3
5973  1  41.56390000  40.09450000  41.76230000  3
5974  1  46.91430000  37.70230000  30.04070000  3
5975  1  24.78850000  26.45390000  15.57050000  3
5976  1  23.86770000  15.51090000  1.81550000  3
5977  1  34.53860000  40.98000000  35.12090000  3
5978  1  42.77830000  48.35230000  43.75080000  3
5979  1  13.46550000  6.39714000  3.21262000  3
5980  1  26.83540000  3.81906000  3.28585000  2
5981  1  46.23140000  18.31770000  32.82330000  3
5982  1  15.32300000  1.11376000  16.79960000  3
5983  1  40.49660000  30.79000000  22.05970000  3
5984  1  48.90750000  47.51780000  23.13730000  3
5985  1  12.78750000  28.65010000  28.36690000  3
5986  1  37.93340000  7.79091000  29.76500000  3
5987  1  9.52871000  31.71840000  37.00010000  3
5988  1  18.00110000  46.48040000  34.93540000  3
5989  1  38.30660000  40.78110000  26.65090000  3
5990  1  45.61850000  5.47497000  11.15930000  3
5991  1  43.83110000  18.48090000  2.48895000  3
5992  1  11.10920000  50.39990000  12.39330000  3
5993  1  27.18120000  47.37540000  5.46709000  3
5994  1  43.78010000  17.36260000  24.37690000  3
5995  1  7.43250000  36.80650000  42.85910000  3
5996  1  19.88420000  36.91390000  33.23910000  3
5997  1  31.56000000  21.21730000  3.99763000  3
5998  1  15.45410000  28.55440000  45.87060000  3
5999  1  29.27960000  46.10330000  20.15800000  3
6000  1  28.52240000  39.71320000  44.47880000  3
6001  1  27.22330000  15.30020000  32.80140000  3
6002  1  37.76770000  2.06926000  33.89600000  3
6003  1  0.54848500  1.04266000  12.38860000  3
6004  1  5.03408000  0.08503100  3.63426000  3
6005  1  27.70780000  47.73630000  13.03570000  3
6006  1  27.81640000  45.50500000  22.65460000  3
6007  1  30.41690000  16.57370000  37.68920000  3
6008  1  22.13350000  17.98740000  26.13910000  4
6009  1  42.66090000  7.17831000  22.44000000  3
6010  1  8.69197000  29.32000000  3.41670000  3
6011  1  32.84720000  38.63600000  28.72260000  3
6012  1  20.78830000  36.27750000  32.32870000  3
6013  1  23.90820000  15.72250000  6.92307000  3
6014  1  37.58960000  36.03130000  11.80750000  3
6015  1  18.19660000  45.05790000  40.11580000  3
6016  1  22.15360000  16.97130000  14.45250000  3
6017  1  41.47870000  5.23864000  26.97630000  3
6018  1  9.50558000  8.78773000  48.64290000  3
6019  1  20.35550000  42.62790000  37.02430000  3
6020  1  31.63550000  42.01080000  44.87320000  3
6021  1  10.28910000  4.45374000  47.27270000  3
6022  1  27.39870000  22.86850000  7.96312000  3
6023  1  36.38810000  31.83710000  44.65800000  3
6024  1  41.62220000  0.43765300  41.72990000  3
6025  1  27.80410000  38.95400000  3.68784000  3
6026  1  43.12480000  9.25828000  5.35991000  3
6027  1  43.91670000  22.44970000  45.81280000  3
6028  1  37.28900000  17.53840000  14.48930000  3
6029  1  5.43216000  24.03890000  18.59280000  3
6030  1  30.62080000  15.70290000  11.63560000  3
6031  1  40.86800000  48.38390000  30.67050000  3
6032  1  11.76240000  17.12780000  29.57730000  3
6033  1  3.69583000  35.88940000  11.66860000  3
6034  1  45.30510000  29.85080000  45.18170000  3
6035  1  7.76515000  33.98480000  11.31170000  3
6036  1  18.91790000  17.54380000  25.79500000  3
6037  1  3.87851000  33.02640000  26.83090000  3
6038  1  8.08424000  10.48030000  8.78918000  3
6039  1  26.30060000  31.00300000  43.71690000  3
6040  1  4.52978000  45.18000000  32.17540000  3
6041  1  30.26420000  36.28390000  23.44190000  3
6042  1  20.78260000  28.22280000  34.19210000  4
6043  1  28.43420000  13.46650000  29.76870000  3
6044  1  42.44350000  3.62034000  35.91170000  3
6045  1  18.88960000  13.09850000  46.81240000  3
6046  1  47.71870000  15.14830000  47.83530000  3
6047  1  21.58870000  34.20960000  42.78050000  3
6048  1  12.60660000  41.88840000  11.49410000  3
6049  1  33.37230000  26.03830000  18.25200000  3
6050  1  24.05660000  30.10640000  14.98760000  3
6051  1  41.82720000  10.69760000  43.03850000  3
6052  1  43.46980000  32.52620000  16.74010000  3
6053  1  21.64710000  29.23060000  30.28880000  3
6054  1  47.52520000  35.34430000  50.05830000  3
6055  1  25.38990000  47.48900000  43.83440000  3
6056  1  36.21840000  21.00190000  15.46090000  3
6057  1  15.65940000  13.35590000  31.77140000  3
6058  1  4.25242000  26.10560000  42.30700000  3
6059  1  31.95900000  21.53160000  17.97380000  3
6060  1  17.61020000  40.06250000  40.37920000  3
6061  1  36.95620000  31.57410000  13.07730000  3
6062  1  22.69830000  31.36220000  35.56580000  3
6063  1  29.00860000  10.98410000  48.74840000  3
6064  1  16.03550000  45.38270000  41.75790000  3
6065  1  6.72106000  25.43990000  17.04160000  3
6066  1  48.85300000  38.09750000  35.99560000  3
6067  1  26.36290000  14.27980000  44.90180000  3
6068  1  2.85972000  44.84830000  48.77390000  3
6069  1  48.48660000  11.45600000  0.56637300  3
6070  1  3.12876000  6.26583000  4.26106000  3
6071  1  48.91550000  37.09600000  11.32540000  3
6072  1  9.18832000  6.17687000  18.71930000  3
6073  1  39.20800000  36.25200000  7.39448000  3
6074  1  27.48160000  39.56840000  25.71600000  3
6075  1  50.05260000  21.55830000  26.18920000  3
6076  1  16.71400000  4.14732000  43.68900000  3
6077  1  11.66550000  9.22047000  16.88550000  3
6078  1  41.58120000  28.76210000  26.40860000  3
6079  1  41.45980000  26.51650000  38.17100000  3
6080  1  2.86341000  24.00210000  34.91220000  3
6081  1  44.94340000  38.64880000  50.35470000  3
6082  1  15.62160000  38.96880000  48.72420000  2
6083  1  0.17002100  45.07250000  35.74200000  3
6084  1  1.38734000  32.05230000  46.77200000  2
6085  1  22.43430000  48.90710000  47.74730000  3
6086  1  44.03600000  12.67280000  39.00340000  3
6087  1  36.82720000  5.67799000  5.04182000  3
6088  1  3.08100000  23.76590000  21.97810000  3
6089  1  9.87032000  49.86260000  18.54280000  3
6090  1  29.65660000  21.18780000  48.51120000  3
6091  1  29.34630000  30.05290000  45.59140000  3
6092  1  3.57788000  46.09460000  48.32520000  3
6093  1  38.99320000  32.62250000  28.80430000  3
6094  1  24.80900000  43.02850000  41.72600000  3
6095  1  7.36168000  34.62960000  7.94538000  2
6096  1  42.93380000  8.22571000  31.61700000  3
6097  1  23.61530000  46.43890000  45.22000000  3
6098  1  32.11760000  46.60480000  3.17583000  3
6099  1  31.74330000  6.06391000  8.12949000  3
6100  1  32.67930000  11.25190000  31.95480000  3
6101  1  11.30810000  11.16230000  47.51520000  3
6102  1  6.24490000  19.04500000  10.36480000  3
6103  1  0.29604400  48.98050000  23.51490000  3
6104  1  37.46160000  34.90210000  37.66010000  3
6105  1  13.02360000  1.79315000  9.29599000  3
6106  1  43.90130000  32.42780000  15.36000000  3
6107  1  29.81460000  5.35819000  49.82130000  3
6108  1  8.96292000  0.56179100  11.81090000  3
6109  1  39.11850000  7.30491000  18.73520000  3
6110  1  28.03160000  35.57020000  24.30170000  3
6111  1  13.30470000  27.85580000  7.15651000  3
6112  1  49.13800000  48.54990000  2.03938000  3
6113  1  48.86340000  16.84320000  46.82640000  3
6114  1  36.30010000  0.28766200  24.42240000  3
6115  1  48.82550000  46.16610000  29.66330000  3
6116  1  26.81660000  26.23800000  47.71730000  3
6117  1  34.82120000  28.92830000  9.27602000  3
6118  1  36.03340000  3.28490000  35.19360000  3
6119  1  2.54579000  0.22989300  30.20680000  3
6120  1  3.14361000  8.62286000  19.34010000  3
6121  1  21.59230000  28.95520000  31.65050000  3
6122  1  29.05690000  14.62670000  37.09620000  3
6123  1  47.93120000  10.93930000  15.95860000  3
6124  1  32.36010000  40.36950000  35.64760000  3
6125  1  15.97180000  35.15920000  35.80840000  3
6126  1  20.78130000  42.35210000  20.26830000  3
6127  1  46.16120000  41.95090000  29.44130000  3
6128  1  23.75420000  46.56060000  22.92800000  3
6129  1  36.73260000  47.76180000  21.71700000  3
6130  1  8.93292000  36.17280000  25.50960000  3
6131  1  4.13290000  27.63710000  11.70950000  3
6132  1  24.30600000  19.97240000  7.82065000  3
6133  1  3.02157000  26.01030000  41.42250000  4
6134  1  27.93100000  40.23990000  36.84480000  3
6135  1  32.70280000  31.26710000  5.13981000  3
6136  1  2.30145000  44.44600000  4.43560000  3
6137  1  14.31580000  46.24690000  15.71400000  3
6138  1  21.40240000  0.08519820  2.37108000  3
6139  1  12.73910000  44.65560000  10.84860000  3
6140  1  17.61240000  16.37180000  35.21460000  3
6141  1  18.83020000  7.64758000  32.11370000  3
6142  1  21.46610000  35.62470000  18.07340000  3
6143  1  26.86760000  30.94930000  18.82700000  3
6144  1  35.31090000  5.76594000  10.40630000  3
6145  1  1.90103000  9.22144000  19.80070000  3
6146  1  7.03939000  47.55580000  47.29140000  3
6147  1  38.74550000  35.83930000  45.82110000  3
6148  1  6.51899000  48.74110000  8.34649000  2
6149  1  44.48640000  14.46010000  9.72521000  3
6150  1  26.51190000  49.47460000  37.23440000  3
6151  1  45.93700000  0.34738500  0.08832940  4
6152  1  25.13750000  3.56717000  41.64590000  3
6153  1  25.56850000  34.46650000  23.93880000  3
6154  1  24.75950000  47.24470000  15.42280000  3
6155  1  44.18300000  28.91870000  45.50620000  3
6156  1  47.76700000  44.37130000  28.13490000  3
6157  1  25.27650000  42.46690000  19.02610000  3
6158  1  4.00909000  30.66510000  44.57610000  2
6159  1  5.20474000  19.77820000  29.21270000  3
6160  1  6.63166000  9.26432000  10.23190000  3
6161  1  7.28419000  28.98840000  3.56158000  3
6162  1  22.52440000  4.36079000  2.94545000  3
6163  1  39.93070000  37.93130000  46.38390000  3
6164  1  5.66725000  14.56300000  24.77840000  3
6165  1  37.31150000  20.98420000  6.42302000  3
6166  1  14.16620000  26.69160000  44.97010000  3
6167  1  22.78440000  22.38990000  49.10450000  3
6168  1  12.55230000  45.20020000  19.41960000  3
6169  1  18.20970000  28.82230000  33.71160000  2
6170  1  13.07000000  18.77370000  7.27015000  2
6171  1  19.93220000  35.47120000  22.02200000  3
6172  1  32.27050000  30.45810000  13.01820000  3
6173  1  16.69020000  37.43120000  5.28779000  3
6174  1  41.53350000  4.10129000  41.83500000  3
6175  1  45.66170000  47.72450000  13.91410000  3
6176  1  12.63380000  30.15080000  30.21830000  3
6177  1  26.52480000  31.52310000  3.48578000  3
6178  1  3.91551000  17.05650000  33.34610000  3
6179  1  1.41510000  15.59210000  24.86430000  2
6180  1  43.85000000  2.24082000  3.16935000  3
6181  1  45.63710000  32.93860000  4.67640000  3
6182  1  32.00050000  48.97080000  9.86629000  3
6183  1  37.98520000  36.35440000  13.13000000  3
6184  1  34.65100000  22.85250000  16.88510000  3
6185  1  48.11810000  37.31010000  40.82730000  3
6186  1  7.51803000  24.41080000  27.35260000  3
6187  1  41.74420000  5.51817000  47.33350000  3
6188  1  1.67741000  26.98660000  16.11730000  2
6189  1  39.70890000  38.34380000  35.05020000  3
6190  1  40.24160000  13.05960000  34.90010000  3
6191  1  31.73640000  2.67370000  2.79261000  3
6192  1  26.14350000  18.80580000  35.21150000  3
6193  1  43.47210000  47.45850000  7.59355000  3
6194  1  34.79930000  42.33680000  22.94220000  3
6195  1  48.55300000  3.27267000  41.19500000  3
6196  1  13.94390000  37.82430000  15.29250000  3
6197  1  16.21380000  35.76800000  39.51320000  3
6198  1  50.66560000  14.68060000  13.28150000  3
6199  1  41.15830000  32.44790000  12.11790000  3
6200  1  19.99530000  40.84870000  3.47141000  3
6201  1  32.52160000  45.54930000  11.46500000  3
6202  1  0.26518600  38.00350000  1.20007000  3
6203  1  28.53020000  16.45830000  13.31330000  3
6204  1  25.48610000  25.28460000  25.00650000  3
6205  1  22.11520000  14.15200000  39.38230000  3
6206  1  36.40760000  41.79370000  18.45300000  3
6207  1  34.98520000  22.69230000  6.14059000  3
6208  1  47.90350000  18.88190000  20.60700000  3
6209  1  15.27840000  5.23966000  31.74810000  3
6210  1  38.18940000  3.61068000  10.07770000  3
6211  1  8.16356000  7.96958000  31.22220000  3
6212  1  26.60830000  33.95970000  3.74759000  3
6213  1  9.33573000  36.44730000  47.68810000  2
6214  1  49.49120000  4.47565000  19.22260000  2
6215  1  47.02220000  43.26640000  46.68750000  3
6216  1  28.02130000  1.45023000  40.47970000  3
6217  1  9.99977000  30.37640000  41.22070000  3
6218  1  21.26940000  14.40530000  46.90780000  3
6219  1  12.31840000  31.92880000  14.45690000  3
6220  1  19.81510000  10.52370000  36.93090000  3
6221  1  38.31920000  28.75510000  41.36060000  3
6222  1  13.05120000  26.71320000  40.61940000  3
6223  1  14.23000000  6.86897000  5.67432000  3
6224  1  49.88030000  1.97131000  29.17390000  3
6225  1  35.93150000  4.97382000  41.41170000  3
6226  1  13.89060000  4.99621000  29.28720000  3
6227  1  46.05970000  21.48260000  18.51450000  3
6228  1  47.97910000  27.04610000  5.41023000  3
6229  1  46.44930000  8.69446000  38.41100000  2
6230  1  34.50530000  38.69320000  32.93840000  3
6231  1  20.83060000  40.90340000  44.17930000  3
6232  1  38.33890000  24.92960000  39.36050000  3
6233  1  40.89770000  9.55410000  24.71630000  3
6234  1  18.32360000  5.45967000  9.44923000  3
6235  1  20.13150000  4.38435000  12.50000000  3
6236  1  5.11315000  43.84020000  48.27050000  3
6237  1  35.88750000  6.94777000  10.93420000  3
6238  1  36.21070000  46.31410000  29.10230000  3
6239  1  19.93420000  40.23550000  37.59440000  4
6240  1  29.40930000  31.47180000  45.72230000  3
6241  1  29.52220000  38.74900000  33.79680000  3
6242  1  44.21870000  24.42500000  36.58460000  3
6243  1  26.28370000  18.48810000  32.69570000  3
6244  1  12.61550000  11.67000000  16.23580000  3
6245  1  39.14270000  29.82030000  3.24767000  3
6246  1  25.96420000  19.21110000  37.69680000  3
6247  1  34.20570000  47.59850000  38.87490000  3
6248  1  8.53992000  18.08210000  8.96719000  3
6249  1  12.55570000  39.51200000  10.89850000  3
6250  1  32.74250000  48.21690000  31.35730000  3
6251  1  39.91750000  13.35850000  7.70673000  3
6252  1  23.75800000  15.65250000  8.30394000  3
6253  1  37.70820000  48.43950000  9.33338000  3
6254  1  19.71160000  50.75840000  38.65210000  3
6255  1  10.52180000  36.81230000  12.11230000  3
6256  1  33.33500000  43.07870000  14.95780000  3
6257  1  23.15380000  46.02510000  28.96930000  3
6258  1  50.08940000  15.13820000  14.43650000  3
6259  1  45.87860000  42.90100000  50.98130000  2
6260  1  21.99460000  27.21840000  38.82830000  3
6261  1  20.51150000  22.94480000  38.07160000  3
6262  1  0.42595300  27.48430000  45.42390000  3
6263  1  9.99232000  37.08320000  4.78592000  3
6264  1  7.18344000  45.14190000  47.63280000  3
6265  1  24.43800000  26.09450000  25.55200000  3
6266  1  45.19710000  33.11480000  29.65690000  3
6267  1  23.17290000  24.46810000  30.71630000  3
6268  1  22.25520000  20.79400000  33.29310000  3
6269  1  39.24220000  18.78480000  14.87870000  3
6270  1  40.58610000  0.35906000  1.52260000  3
6271  1  16.88750000  37.71260000  40.82630000  3
6272  1  47.61580000  8.73864000  47.08660000  3
6273  1  33.97480000  27.63990000  48.95520000  3
6274  1  0.73500700  3.51496000  12.22730000  3
6275  1  5.32719000  27.64410000  4.42560000  3
6276  1  48.41850000  8.25732000  46.01610000  3
6277  1  48.80250000  30.11620000  43.33800000  3
6278  1  5.27102000  39.60300000  41.48110000  3
6279  1  40.75300000  8.53023000  45.60460000  3
6280  1  43.32560000  4.00033000  1.59855000  3
6281  1  18.78280000  19.59380000  40.42350000  3
6282  1  35.64320000  24.14510000  39.10150000  3
6283  1  46.70710000  39.80550000  28.53420000  3
6284  1  36.87270000  40.47620000  26.51240000  3
6285  1  47.15790000  21.88440000  37.01890000  3
6286  1  34.11210000  9.38528000  47.39670000  3
6287  1  25.38520000  1.49192000  12.62740000  3
6288  1  28.96140000  14.92880000  44.27440000  3
6289  1  48.31760000  16.21810000  1.83805000  3
6290  1  6.66536000  24.85450000  21.49940000  3
6291  1  48.94120000  22.38270000  0.78500100  3
6292  1  21.77460000  33.80630000  40.33270000  3
6293  1  33.37560000  10.54050000  47.34380000  3
6294  1  36.05240000  27.30420000  23.91590000  3
6295  1  13.43160000  3.81819000  35.51380000  3
6296  1  3.48073000  30.17920000  16.81910000  3
6297  1  7.12630000  8.40430000  48.64610000  3
6298  1  44.47570000  50.08040000  47.89030000  3
6299  1  14.87520000  22.82320000  5.22311000  3
6300  1  19.67330000  36.20780000  1.82949000  3
6301  1  22.63130000  28.51120000  38.89850000  3
6302  1  23.88190000  30.92450000  39.19560000  3
6303  1  47.57900000  44.25110000  40.17030000  3
6304  1  37.01740000  47.04010000  35.87150000  3
6305  1  18.80070000  10.89870000  44.32800000  3
6306  1  46.92360000  39.10050000  24.76740000  3
6307  1  23.20220000  48.34830000  38.10560000  3
6308  1  43.04220000  3.52124000  25.95400000  3
6309  1  44.35040000  43.15590000  21.42510000  3
6310  1  21.57750000  17.59050000  27.53930000  3
6311  1  17.63190000  46.35790000  40.33170000  3
6312  1  8.74883000  39.59690000  4.04454000  3
6313  1  39.43060000  20.05910000  39.66140000  3
6314  1  25.11180000  25.01380000  0.97583700  3
6315  1  24.79210000  20.46960000  19.49230000  3
6316  1  50.29410000  3.55524000  12.25080000  3
6317  1  50.14450000  0.69981100  31.75280000  3
6318  1  19.17730000  10.16530000  38.10050000  3
6319  1  28.63340000  13.60660000  4.22073000  3
6320  1  44.18010000  35.77660000  0.78298600  3
6321  1  45.03600000  35.75040000  27.25950000  3
6322  1  22.08800000  42.49690000  19.70660000  3
6323  1  38.33860000  49.20550000  46.52650000  3
6324  1  12.00180000  21.62990000  26.44750000  2
6325  1  41.42100000  22.07920000  9.34866000  3
6326  1  8.97719000  2.59046000  10.42680000  3
6327  1  26.08400000  21.21830000  6.82008000  3
6328  1  15.68280000  47.17020000  5.65782000  3
6329  1  9.28461000  43.92410000  47.25670000  3
6330  1  28.68810000  12.68900000  18.56900000  3
6331  1  34.94970000  41.25360000  43.18530000  3
6332  1  46.80070000  6.04285000  28.19860000  3
6333  1  0.74415100  1.60046000  45.60950000  2
6334  1  19.79710000  44.36030000  47.70030000  3
6335  1  25.55330000  26.98140000  23.26200000  3
6336  1  22.03860000  28.72440000  27.93970000  3
6337  1  22.24530000  3.24507000  7.80581000  3
6338  1  31.56020000  13.20000000  30.08860000  3
6339  1  10.83060000  19.65790000  8.60424000  3
6340  1  38.03600000  23.90180000  17.68780000  3
6341  1  6.48281000  14.60700000  23.58640000  3
6342  1  16.91540000  38.10970000  23.28500000  3
6343  1  44.16520000  26.39560000  2.58269000  3
6344  1  36.64750000  44.76400000  22.42790000  3
6345  1  29.55790000  1.06728000  31.63260000  3
6346  1  42.08490000  50.54520000  44.58690000  3
6347  1  37.18860000  40.43560000  42.13780000  3
6348  1  28.97430000  21.24440000  2.05159000  3
6349  1  12.51600000  1.54863000  44.98420000  3
6350  1  29.99040000  42.65930000  17.56980000  3
6351  1  34.82900000  23.90560000  32.80280000  3
6352  1  42.70070000  0.42896100  6.75606000  3
6353  1  23.43690000  8.65853000  18.53800000  3
6354  1  3.94755000  12.87700000  13.77400000  3
6355  1  8.94795000  34.69690000  16.97250000  3
6356  1  42.21190000  5.02052000  48.62070000  3
6357  1  31.64080000  10.73900000  20.04580000  3
6358  1  44.72470000  44.31690000  8.83183000  3
6359  1  28.20670000  8.18148000  19.30120000  3
6360  1  39.39880000  9.85591000  20.04440000  3
6361  1  12.09440000  14.94250000  46.92680000  3
6362  1  10.23540000  23.20020000  30.68420000  3
6363  1  31.93030000  37.09250000  20.31760000  3
6364  1  4.16582000  19.36230000  34.09840000  3
6365  1  28.46860000  24.35150000  21.41900000  3
6366  1  24.26890000  3.80271000  34.71870000  3
6367  1  34.89690000  26.56970000  7.66526000  3
6368  1  41.96790000  14.35170000  43.13920000  3
6369  1  46.53630000  35.25150000  0.04349330  3
6370  1  1.41757000  26.68610000  46.15550000  3
6371  1  36.79250000  10.08570000  19.76170000  3
6372  1  32.07860000  15.43160000  20.74000000  3
6373  1  15.17530000  48.49830000  28.23310000  3
6374  1  1.10929000  27.23210000  4.67435000  3
6375  1  44.36830000  20.81150000  2.37465000  3
6376  1  9.11467000  30.16420000  2.44233000  2
6377  1  5.46403000  27.21770000  11.68990000  3
6378  1  34.94390000  13.21180000  44.35670000  3
6379  1  0.91065100  16.35260000  7.57854000  3
6380  1  5.39540000  26.21620000  28.70930000  3
6381  1  14.79850000  46.79570000  6.69798000  3
6382  1  36.96660000  35.51920000  4.69529000  3
6383  1  24.26590000  42.10690000  12.12850000  3
6384  1  5.40205000  43.19850000  26.32590000  3
6385  1  47.90020000  20.87570000  45.89700000  3
6386  1  40.49360000  9.29823000  35.17670000  3
6387  1  48.55710000  20.17780000  18.50040000  3
6388  1  22.07610000  26.59440000  31.11630000  3
6389  1  1.67554000  20.94660000  36.13960000  3
6390  1  23.78920000  23.33860000  48.61140000  3
6391  1  15.48010000  48.47930000  5.24698000  3
6392  1  7.69145000  48.79320000  47.05930000  3
6393  1  31.31280000  2.47887000  28.08110000  3
6394  1  36.41690000  6.00882000  49.93320000  3
6395  1  49.29710000  38.48990000  8.72122000  3
6396  1  6.89535000  22.91740000  16.98410000  3
6397  1  11.99080000  15.79880000  29.08440000  3
6398  1  45.25240000  32.05500000  15.04930000  3
6399  1  45.23660000  50.08310000  49.06940000  3
6400  1  15.89280000  18.42880000  45.50880000  3
6401  1  8.26651000  30.13960000  34.93930000  3
6402  1  27.26800000  40.51460000  23.45340000  3
6403  1  41.62370000  37.08570000  8.14839000  3
6404  1  30.66370000  23.03020000  35.54380000  3
6405  1  36.15740000  42.48070000  0.63169500  3
6406  1  16.03550000  14.03680000  50.09800000  3
6407  1  16.69770000  41.68550000  42.10200000  3
6408  1  7.80266000  40.13130000  40.09110000  3
6409  1  29.97470000  25.42220000  43.89940000  3
6410  1  14.49100000  15.58470000  43.91830000  3
6411  1  42.98010000  47.49870000  42.63400000  3
6412  1  0.35549400  25.52360000  34.61280000  3
6413  1  18.56630000  30.82150000  40.70090000  3
6414  1  39.37350000  42.80420000  46.84160000  3
6415  1  7.87255000  33.62710000  45.64130000  3
6416  1  20.28070000  5.14961000  3.61270000  3
6417  1  13.58440000  7.11914000  0.88540200  3
6418  1  5.42602000  50.67950000  12.56680000  3
6419  1  37.25950000  33.75640000  35.52600000  3
6420  1  42.84240000  1.25609000  35.39370000  3
6421  1  50.64930000  34.28660000  36.00110000  3
6422  1  28.60010000  33.83400000  11.59750000  3
6423  1  31.09510000  18.41060000  1.35786000  3
6424  1  20.45800000  39.84330000  43.34510000  2
6425  1  6.63567000  40.84080000  39.62550000  3
6426  1  7.83852000  47.21830000  2.46466000  3
6427  1  24.86600000  20.13530000  17.05290000  3
6428  1  46.61500000  15.12230000  43.95800000  3
6429  1  34.08110000  1.00272000  9.30154000  3
6430  1  42.06380000  9.51905000  42.23390000  3
6431  1  29.51910000  8.74492000  19.42790000  3
6432  1  44.99160000  14.77170000  36.00320000  3
6433  1  31.36960000  12.54920000  49.80540000  3
6434  1  32.82850000  11.13360000  48.58410000  3
6435  1  28.93940000  9.89750000  1.20778000  3
6436  1  10.28710000  35.96590000  40.47110000  3
6437  1  39.82560000  11.71580000  47.71320000  3
6438  1  13.82990000  26.30960000  46.30420000  3
6439  1  47.92780000  27.48930000  50.84010000  3
6440  1  17.14570000  18.60560000  44.84100000  3
6441  1  30.63100000  4.35527000  43.86740000  3
6442  1  35.43230000  24.60410000  30.48140000  3
6443  1  2.51962000  0.95198800  35.27500000  3
6444  1  39.68830000  5.13503000  17.49460000  3
6445  1  3.21796000  13.69970000  14.79190000  3
6446  1  10.10780000  32.05850000  45.13990000  3
6447  1  15.69330000  5.59707000  35.55060000  3
6448  1  37.71280000  9.25998000  6.52591000  3
6449  1  23.87270000  45.59960000  30.12440000  3
6450  1  34.87230000  0.69347700  26.39940000  3
6451  1  29.75380000  14.15240000  50.94350000  3
6452  1  32.41840000  4.59815000  4.62122000  2
6453  1  7.71866000  48.69740000  17.91680000  3
6454  1  1.43688000  37.19330000  16.12680000  3
6455  1  5.74150000  6.11853000  20.36590000  3
6456  1  11.49800000  35.85990000  3.59013000  3
6457  1  44.88200000  47.30730000  5.43354000  3
6458  1  17.42200000  48.13860000  24.02460000  3
6459  1  21.50470000  25.91980000  33.67930000  3
6460  1  6.44385000  42.30750000  32.69350000  1
6461  1  42.32550000  14.96070000  16.75500000  3
6462  1  13.42590000  47.67460000  29.79210000  3
6463  1  3.87285000  41.31920000  48.36550000  3
6464  1  29.08360000  13.44890000  5.55324000  3
6465  1  9.31545000  20.78450000  45.51010000  3
6466  1  6.78106000  48.82960000  14.34550000  3
6467  1  25.97200000  24.15990000  25.65050000  3
6468  1  21.24720000  33.40720000  8.43648000  3
6469  1  32.98660000  49.80210000  39.40200000  3
6470  1  3.86885000  15.19080000  38.75200000  3
6471  1  14.65700000  40.68140000  50.21350000  3
6472  1  36.28660000  35.79670000  11.49200000  3
6473  1  48.06570000  27.40090000  44.97130000  3
6474  1  30.37870000  25.90100000  48.91490000  3
6475  1  24.89310000  15.61460000  9.18083000  3
6476  1  19.91010000  43.09400000  38.39500000  3
6477  1  19.27330000  41.86360000  4.16265000  3
6478  1  39.38480000  8.28689000  27.89830000  3
6479  1  9.54732000  50.94210000  19.45740000  3
6480  1  19.07470000  42.18900000  39.08130000  3
6481  1  47.75800000  13.62730000  33.82880000  3
6482  1  19.54910000  28.45730000  8.25671000  3
6483  1  29.05910000  41.63950000  19.80040000  3
6484  1  21.95870000  5.64480000  31.84690000  2
6485  1  29.67220000  47.15180000  33.13100000  3
6486  1  4.99850000  46.18420000  48.07290000  3
6487  1  9.92796000  12.14540000  23.56460000  3
6488  1  13.18330000  27.84090000  39.83000000  3
6489  1  11.45850000  24.46260000  22.06340000  3
6490  1  18.22890000  35.63010000  32.33140000  3
6491  1  12.24760000  6.06789000  47.12850000  3
6492  1  34.00180000  3.42806000  9.45134000  3
6493  1  24.90600000  48.73450000  44.34750000  3
6494  1  22.28010000  15.27740000  49.49170000  3
6495  1  5.64162000  36.52570000  48.41260000  3
6496  1  39.03350000  23.64470000  33.69220000  3
6497  1  42.46250000  12.50800000  32.06390000  3
6498  1  27.89480000  36.17560000  17.54230000  3
6499  1  3.37579000  14.81340000  32.53920000  3
6500  1  42.69360000  50.14590000  45.76950000  3
6501  1  21.05960000  17.19540000  12.33580000  3
6502  1  34.76000000  17.67310000  33.88580000  3
6503  1  13.78470000  36.50210000  8.17478000  3
6504  1  6.05915000  22.48280000  28.70540000  3
6505  1  13.39850000  50.31520000  0.94153800  3
6506  1  36.75680000  5.30503000  48.73860000  3
6507  1  40.64900000  31.18260000  10.02130000  3
6508  1  1.15448000  45.89220000  31.13950000  3
6509  1  39.74700000  9.21443000  26.86160000  3
6510  1  46.67780000  39.10260000  29.84610000  3
6511  1  34.80630000  9.59546000  45.06890000  3
6512  1  14.34980000  25.93980000  24.08420000  3
6513  1  23.62300000  6.15447000  22.51150000  3
6514  1  37.06300000  35.50250000  9.16333000  3
6515  1  35.13020000  8.20504000  10.86780000  3
6516  1  29.81880000  6.32365000  50.88740000  3
6517  1  22.21740000  47.73750000  3.08160000  2
6518  1  43.47710000  6.64743000  8.18468000  3
6519  1  30.34100000  2.17825000  0.82926800  3
6520  1  43.87660000  44.53090000  1.71259000  3
6521  1  47.75460000  39.48460000  23.61870000  3
6522  1  39.13700000  10.54930000  26.78810000  3
6523  1  47.47410000  7.79337000  0.34473600  3
6524  1  48.84590000  4.99654000  27.13010000  3
6525  1  21.48970000  24.83550000  39.68210000  3
6526  1  19.06700000  24.72690000  23.02860000  3
6527  1  4.50048000  36.46180000  13.95480000  3
6528  1  26.58650000  36.77770000  40.02240000  3
6529  1  21.65910000  48.75700000  48.93960000  3
6530  1  23.16850000  42.82010000  17.50630000  3
6531  1  39.37200000  19.80060000  42.26910000  3
6532  1  17.29470000  17.55880000  40.73080000  3
6533  1  15.68240000  40.30210000  49.17140000  3
6534  1  3.07383000  4.84310000  4.16634000  3
6535  1  2.40300000  46.31720000  14.47940000  3
6536  1  38.00480000  28.44120000  46.96360000  3
6537  1  23.58270000  49.80410000  5.77032000  3
6538  1  41.17520000  9.11354000  8.11214000  2
6539  1  33.40680000  48.82630000  19.35170000  3
6540  1  44.44900000  46.06180000  41.37770000  3
6541  1  42.89360000  3.30756000  6.54378000  3
6542  1  18.35200000  47.33530000  33.90500000  3
6543  1  37.41960000  15.96610000  36.43400000  3
6544  1  15.31920000  8.75959000  11.34500000  3
6545  1  36.33380000  26.24770000  26.96160000  3
6546  1  10.99540000  28.96800000  9.62462000  3
6547  1  38.57240000  12.53180000  37.06740000  3
6548  1  49.73430000  13.45670000  32.13000000  3
6549  1  2.29475000  30.83350000  10.93590000  3
6550  1  3.40732000  26.27530000  4.99166000  3
6551  1  36.59930000  34.18470000  46.28670000  3
6552  1  45.51550000  16.51140000  34.37470000  3
6553  1  12.95640000  6.87464000  6.32291000  3
6554  1  27.86530000  15.90370000  15.60400000  3
6555  1  42.23420000  45.94400000  29.86270000  3
6556  1  23.17230000  5.45929000  18.42740000  3
6557  1  41.98340000  1.19026000  7.68160000  3
6558  1  4.64303000  13.02190000  26.64260000  3
6559  1  22.64320000  38.33780000  34.72890000  3
6560  1  26.99540000  5.95797000  19.71890000  3
6561  1  15.77060000  2.99227000  5.72262000  3
6562  1  42.73810000  12.13210000  41.42200000  3
6563  1  48.98900000  22.32300000  15.31570000  3
6564  1  27.73650000  43.38390000  6.11185000  3
6565  1  3.92085000  20.09220000  21.60930000  3
6566  1  24.61310000  2.65992000  7.33046000  3
6567  1  27.54570000  5.40356000  38.17900000  3
6568  1  23.61550000  42.28820000  13.37970000  3
6569  1  46.56130000  46.29640000  28.90650000  3
6570  1  42.06420000  43.29000000  23.17620000  3
6571  1  39.15130000  41.20210000  44.51540000  3
6572  1  46.46580000  15.74580000  33.75820000  3
6573  1  24.60910000  3.37184000  2.17095000  3
6574  1  40.45720000  0.13244300  50.01740000  3
6575  1  9.41600000  36.70600000  13.05710000  3
6576  1  38.57240000  24.34150000  46.26580000  3
6577  1  22.47240000  47.67440000  46.97960000  3
6578  1  47.21160000  24.74680000  26.72050000  3
6579  1  6.34277000  1.05801000  26.59910000  3
6580  1  8.96799000  4.25261000  47.66670000  3
6581  1  42.81800000  36.60130000  12.36790000  3
6582  1  33.55790000  15.76720000  22.62740000  3
6583  1  26.44170000  10.25710000  38.01270000  3
6584  1  5.69299000  25.80290000  11.76110000  3
6585  1  24.02550000  44.04440000  2.15899000  3
6586  1  50.98450000  17.20840000  6.86714000  3
6587  1  11.60670000  17.07180000  1.99829000  2
6588  1  40.00730000  40.88450000  45.56260000  3
6589  1  29.75870000  39.20300000  26.68450000  3
6590  1  50.45770000  32.37980000  18.54200000  3
6591  1  34.45090000  3.19736000  5.13561000  2
6592  1  3.94885000  16.63850000  30.96250000  3
6593  1  15.77700000  47.81970000  41.11610000  3
6594  1  34.69040000  25.33450000  23.50380000  3
6595  1  9.60502000  21.53950000  9.80105000  3
6596  1  8.97065000  19.39720000  15.53280000  3
6597  1  22.85380000  0.02545170  2.29490000  3
6598  1  10.86110000  35.83710000  11.17320000  3
6599  1  33.81400000  33.34420000  0.91923900  3
6600  1  34.08880000  24.06680000  23.79240000  3
6601  1  42.89040000  36.37310000  0.26912100  3
6602  1  6.26350000  32.31830000  49.89770000  3
6603  1  42.40290000  34.58630000  47.66620000  3
6604  1  47.00530000  36.92540000  13.33460000  3
6605  1  18.64220000  16.20880000  31.62350000  3
6606  1  13.97670000  27.07890000  4.80758000  3
6607  1  0.25719700  45.32240000  15.19680000  3
6608  1  10.24810000  2.69560000  29.17310000  3
6609  1  37.38890000  19.98640000  41.02240000  3
6610  1  9.94577000  44.92110000  34.22700000  3
6611  1  28.21440000  16.24030000  11.92650000  3
6612  1  37.41300000  33.32490000  33.17580000  3
6613  1  36.55580000  7.20050000  31.74910000  3
6614  1  26.23520000  37.54030000  42.41420000  3
6615  1  26.35120000  38.02220000  30.31220000  3
6616  1  37.94400000  35.82060000  6.82871000  3
6617  1  7.62546000  23.36100000  5.79076000  3
6618  1  4.21463000  24.11030000  49.75010000  3
6619  1  38.84210000  41.97670000  18.04440000  3
6620  1  36.86840000  36.60950000  19.40000000  3
6621  1  33.56750000  44.34570000  45.02050000  3
6622  1  12.58600000  36.80840000  30.82050000  3
6623  1  17.90310000  29.54330000  9.75237000  3
6624  1  4.11498000  48.77440000  21.03140000  3
6625  1  26.11160000  35.66820000  37.99100000  3
6626  1  47.25000000  11.13810000  23.40010000  3
6627  1  42.20940000  50.85840000  15.76840000  3
6628  1  17.35170000  24.47210000  9.13550000  2
6629  1  45.91200000  45.64120000  38.91070000  3
6630  1  43.45410000  23.29840000  31.79940000  3
6631  1  31.02730000  16.75140000  34.50440000  3
6632  1  22.59210000  13.75210000  36.93250000  3
6633  1  31.04410000  15.84510000  19.82700000  3
6634  1  32.15840000  46.97240000  45.49990000  3
6635  1  32.46760000  13.72180000  0.86119300  3
6636  1  30.14180000  17.73040000  30.39130000  3
6637  1  39.56000000  33.27000000  34.57400000  4
6638  1  21.13880000  22.65520000  40.92850000  3
6639  1  43.47640000  15.26930000  37.92120000  3
6640  1  2.99718000  34.22890000  50.64970000  3
6641  1  49.24030000  14.69130000  9.66423000  3
6642  1  17.20730000  9.68591000  14.96520000  3
6643  1  45.23650000  36.71910000  19.11430000  3
6644  1  3.90208000  7.68930000  20.08810000  3
6645  1  17.24750000  6.21772000  8.83042000  3
6646  1  46.49490000  46.56240000  36.74030000  3
6647  1  8.89139000  43.46020000  36.10760000  3
6648  1  29.99520000  12.99610000  49.92540000  3
6649  1  35.55510000  7.07590000  49.92800000  3
6650  1  41.44020000  3.99657000  16.51010000  3
6651  1  49.62060000  36.03550000  34.80150000  3
6652  1  19.27520000  46.63460000  14.78100000  3
6653  1  46.58720000  1.74269000  32.01300000  3
6654  1  12.53960000  30.48610000  35.75550000  3
6655  1  37.38780000  15.08220000  13.90970000  3
6656  1  38.36010000  43.28490000  0.98171100  2
6657  1  11.27390000  10.15940000  45.28870000  3
6658  1  50.21790000  27.90860000  46.07120000  3
6659  1  21.90640000  9.95808000  17.02400000  3
6660  1  2.31293000  41.38590000  23.99820000  3
6661  1  41.15950000  36.86680000  36.49670000  3
6662  1  4.75151000  18.71770000  25.94620000  3
6663  1  19.10940000  12.90570000  20.54980000  3
6664  1  5.93368000  12.13670000  16.21210000  3
6665  1  24.64580000  15.37720000  10.59780000  3
6666  1  29.90810000  3.12973000  47.85170000  3
6667  1  17.82190000  40.02510000  14.10690000  3
6668  1  47.18870000  31.83470000  44.29290000  3
6669  1  8.52682000  21.90030000  15.50900000  3
6670  1  28.58020000  47.89260000  48.96280000  3
6671  1  9.55550000  2.19450000  32.83030000  3
6672  1  5.17656000  13.23990000  16.71550000  3
6673  1  3.48555000  14.40900000  40.98140000  3
6674  1  43.67210000  0.22310900  47.68890000  3
6675  1  39.95150000  6.97486000  27.98810000  3
6676  1  13.58440000  37.28950000  28.01110000  3
6677  1  7.17515000  20.80640000  40.90450000  3
6678  1  29.37700000  7.74559000  50.77390000  3
6679  1  22.57550000  14.67440000  47.08940000  3
6680  1  44.80460000  47.76590000  4.08173000  3
6681  1  37.05390000  3.21837000  34.18480000  3
6682  1  34.83200000  21.56280000  23.84610000  3
6683  1  5.88181000  9.43198000  16.83150000  3
6684  1  31.92170000  8.50796000  8.26119000  3
6685  1  25.34480000  18.52650000  20.96610000  3
6686  1  48.17690000  43.66540000  13.67970000  3
6687  1  31.10330000  19.76990000  1.95260000  3
6688  1  12.50730000  37.17940000  10.13340000  3
6689  1  22.54040000  45.44540000  3.41668000  3
6690  1  5.00931000  20.21050000  37.32050000  3
6691  1  32.06000000  38.78910000  33.44710000  3
6692  1  14.97340000  17.48920000  12.13240000  3
6693  1  39.35560000  36.31780000  19.94440000  3
6694  1  40.74490000  23.31320000  18.02700000  3
6695  1  50.71130000  42.15290000  24.84000000  3
6696  1  36.52140000  24.58840000  20.37680000  3
6697  1  19.10210000  40.83730000  38.71480000  3
6698  1  27.59110000  41.72910000  47.54470000  3
6699  1  24.80460000  46.74110000  17.81290000  3
6700  1  33.95310000  8.30635000  10.16810000  3
6701  1  3.38115000  31.33900000  45.44550000  2
6702  1  47.69610000  28.89060000  50.93140000  3
6703  1  33.83730000  17.91190000  45.51450000  3
6704  1  17.55050000  32.44850000  28.72300000  3
6705  1  4.83329000  23.94980000  19.92000000  3
6706  1  49.64060000  45.28390000  50.10020000  3
6707  1  1.08154000  45.60670000  16.30950000  3
6708  1  24.18440000  42.84380000  1.41113000  3
6709  1  33.53450000  42.49720000  16.24710000  3
6710  1  50.06620000  45.15540000  19.28640000  3
6711  1  37.76330000  3.72073000  3.86953000  3
6712  1  44.97380000  4.07280000  32.20260000  3
6713  1  46.04490000  50.17010000  13.72940000  3
6714  1  49.27420000  9.55863000  1.83168000  3
6715  1  33.87960000  23.82740000  17.61190000  3
6716  1  17.55220000  46.15090000  17.71170000  3
6717  1  41.38450000  9.00208000  23.53720000  3
6718  1  19.12860000  1.24674000  5.17839000  3
6719  1  41.05450000  38.24850000  38.82690000  3
6720  1  27.69930000  38.80390000  28.02350000  3
6721  1  8.48510000  29.71140000  36.32690000  3
6722  1  12.48610000  22.86690000  7.93742000  3
6723  1  27.93920000  22.52720000  29.61180000  3
6724  1  40.97530000  15.41150000  30.93630000  3
6725  1  23.71610000  25.63670000  17.69230000  3
6726  1  0.05470290  15.87550000  29.25750000  3
6727  1  36.44700000  18.64400000  14.55630000  3
6728  1  49.67250000  46.77580000  34.68830000  3
6729  1  18.90250000  12.56340000  19.19180000  3
6730  1  4.66997000  11.15780000  39.43380000  3
6731  1  38.87530000  5.93756000  18.30630000  3
6732  1  19.71430000  12.98590000  45.63860000  3
6733  1  32.25220000  4.82137000  8.56250000  3
6734  1  22.69770000  46.79250000  19.20840000  3
6735  1  29.82100000  14.00560000  33.37400000  3
6736  1  42.50100000  44.14390000  25.88430000  3
6737  1  35.18310000  16.39690000  42.54040000  2
6738  1  41.08620000  5.26052000  17.12220000  3
6739  1  47.40000000  23.62260000  45.27330000  3
6740  1  43.68720000  42.53230000  17.18910000  3
6741  1  3.79256000  38.36470000  31.88870000  2
6742  1  50.73390000  28.45360000  43.10050000  3
6743  1  33.95650000  19.94820000  25.61150000  3
6744  1  49.40330000  11.68500000  44.84260000  3
6745  1  45.40860000  43.22350000  20.52030000  3
6746  1  6.68200000  26.40560000  42.66300000  3
6747  1  13.43150000  25.63350000  44.14260000  3
6748  1  47.99130000  10.99180000  46.54600000  3
6749  1  5.36649000  23.54390000  50.40290000  3
6750  1  26.44960000  20.05540000  40.72780000  3
6751  1  30.40060000  17.83250000  22.11110000  3
6752  1  20.78970000  40.63140000  25.93410000  2
6753  1  22.38490000  23.14630000  42.79140000  3
6754  1  14.34020000  37.55850000  26.74780000  3
6755  1  25.84290000  40.78730000  23.73160000  3
6756  1  1.82198000  19.39470000  37.93340000  3
6757  1  36.53410000  50.73530000  36.49720000  3
6758  1  30.89830000  0.96893300  44.86590000  3
6759  1  50.87710000  20.94260000  14.98390000  3
6760  1  35.98110000  12.27450000  5.18372000  3
6761  1  25.85680000  50.66250000  37.29100000  3
6762  1  15.42900000  12.76980000  26.98840000  3
6763  1  29.92090000  41.26360000  37.19440000  3
6764  1  27.58790000  10.04870000  37.13080000  3
6765  1  48.74800000  39.97600000  4.18475000  3
6766  1  17.13570000  7.79212000  49.95010000  3
6767  1  31.39180000  41.55590000  19.27370000  3
6768  1  39.96120000  35.05720000  23.35940000  3
6769  1  30.60330000  17.23080000  19.55080000  3
6770  1  0.61418500  27.66970000  44.00060000  3
6771  1  13.62090000  47.97870000  24.09360000  3
6772  1  16.19680000  30.10760000  48.26070000  3
6773  1  9.63136000  17.12480000  15.70870000  3
6774  1  20.41890000  20.51240000  4.69398000  3
6775  1  16.04550000  36.21330000  5.19934000  3
6776  1  48.96770000  45.14300000  28.59510000  3
6777  1  23.73030000  3.47736000  15.32690000  3
6778  1  42.34790000  18.73320000  2.44352000  3
6779  1  31.73970000  30.03560000  45.43640000  3
6780  1  2.77027000  37.16160000  15.67150000  3
6781  1  21.75690000  44.57570000  36.68870000  3
6782  1  49.07000000  45.52540000  36.82960000  3
6783  1  17.05320000  14.73620000  30.45540000  3
6784  1  22.05470000  8.36974000  30.38200000  3
6785  1  38.98640000  44.15540000  12.00400000  3
6786  1  40.04970000  48.15160000  16.95310000  3
6787  1  12.99920000  26.60210000  7.79066000  3
6788  1  41.51210000  12.67980000  44.97880000  3
6789  1  37.59150000  46.70110000  23.76370000  3
6790  1  4.56384000  30.32150000  43.45830000  2
6791  1  20.89700000  5.11042000  1.20677000  3
6792  1  50.22580000  11.15860000  17.08180000  3
6793  1  22.92360000  26.50280000  41.10670000  3
6794  1  5.77053000  32.20170000  10.91960000  3
6795  1  25.15280000  24.21710000  16.09710000  3
6796  1  47.20690000  4.08432000  46.57950000  3
6797  1  30.00630000  35.23080000  25.63770000  3
6798  1  11.28700000  11.55080000  24.08610000  3
6799  1  9.20504000  25.57170000  15.69900000  3
6800  1  25.75960000  44.13830000  0.00696687  3
6801  1  6.94135000  22.25650000  0.56646800  3
6802  1  26.10680000  12.57080000  30.38270000  3
6803  1  12.80050000  10.28590000  37.15140000  3
6804  1  50.41750000  37.84500000  9.36679000  3
6805  1  39.36360000  16.34340000  7.53954000  3
6806  1  1.38846000  22.37140000  13.30660000  3
6807  1  3.84569000  44.07280000  35.02330000  3
6808  1  14.12770000  45.15950000  8.37294000  3
6809  1  39.73680000  43.83420000  47.78850000  3
6810  1  29.38920000  43.57950000  13.46340000  3
6811  1  11.84160000  10.37660000  41.22570000  3
6812  1  27.40900000  23.74050000  23.77840000  3
6813  1  23.97750000  30.03310000  40.26850000  3
6814  1  40.69190000  10.28760000  0.39847400  3
6815  1  11.05420000  49.87440000  1.64572000  3
6816  1  30.09970000  9.97802000  5.31280000  3
6817  1  0.37502300  43.21920000  5.90661000  3
6818  1  12.77430000  42.09120000  37.02600000  3
6819  1  24.25440000  38.76050000  13.81940000  2
6820  1  20.03960000  38.00080000  19.15740000  3
6821  1  20.10330000  14.77200000  8.15475000  3
6822  1  22.34760000  37.02790000  16.38900000  3
6823  1  20.53620000  37.84130000  34.03500000  3
6824  1  9.26091000  2.36763000  35.29830000  3
6825  1  24.86010000  49.09500000  5.68282000  3
6826  1  22.29990000  36.47990000  49.75940000  3
6827  1  37.17220000  27.99880000  24.43230000  3
6828  1  37.70260000  42.98020000  26.26270000  3
6829  1  29.80230000  46.80820000  47.14640000  3
6830  1  35.74400000  36.81170000  18.53830000  3
6831  1  31.62610000  40.61360000  0.85660400  3
6832  1  43.78000000  22.41740000  32.84530000  3
6833  1  2.11189000  3.08587000  25.38610000  3
6834  1  15.69590000  44.55420000  6.57425000  3
6835  1  43.16820000  7.04712000  32.26080000  3
6836  1  2.54234000  29.47200000  11.25210000  3
6837  1  41.20580000  23.69130000  15.62700000  3
6838  1  23.83620000  45.95410000  27.71480000  3
6839  1  16.45860000  35.23220000  4.19878000  3
6840  1  10.48250000  25.64710000  30.37350000  3
6841  1  8.62755000  1.53284000  43.11280000  3
6842  1  1.94276000  17.46070000  2.13659000  3
6843  1  46.69940000  43.88500000  20.79820000  3
6844  1  42.02290000  7.74454000  23.61060000  3
6845  1  32.10840000  38.58640000  49.92500000  3
6846  1  3.87424000  29.04840000  11.41580000  3
6847  1  19.33860000  20.64500000  38.34390000  3
6848  1  11.32960000  28.25370000  34.48580000  3
6849  1  16.06260000  41.31350000  34.98870000  3
6850  1  4.89748000  7.71224000  35.70050000  3
6851  1  40.39690000  42.37550000  19.96400000  3
6852  1  14.67070000  7.32537000  7.90480000  3
6853  1  26.30180000  2.47496000  35.22790000  3
6854  1  23.35340000  32.29030000  23.67850000  3
6855  1  9.77760000  0.65612700  2.64083000  3
6856  1  4.53683000  2.29135000  37.95530000  3
6857  1  29.38800000  2.96327000  7.32550000  3
6858  1  17.96570000  30.59690000  41.98330000  3
6859  1  12.78800000  19.23440000  12.15320000  3
6860  1  26.90540000  24.86370000  23.18700000  3
6861  1  46.56700000  19.20030000  39.81450000  3
6862  1  43.42760000  47.96920000  45.05340000  3
6863  1  8.55064000  41.09590000  19.70530000  3
6864  1  32.89360000  2.53337000  21.69960000  2
6865  1  13.78390000  17.10390000  12.78770000  3
6866  1  21.16590000  45.29410000  3.81735000  3
6867  1  45.88860000  37.98210000  27.10470000  3
6868  1  3.68696000  43.72240000  48.61430000  3
6869  1  36.65750000  34.56650000  36.56190000  3
6870  1  21.62940000  27.57840000  31.96050000  3
6871  1  19.63390000  20.58760000  40.95890000  3
6872  1  32.22540000  25.23270000  18.44020000  3
6873  1  17.29280000  1.64406000  6.85598000  3
6874  1  12.57600000  43.28510000  36.35260000  3
6875  1  37.91830000  12.97420000  26.25550000  3
6876  1  6.66129000  41.63720000  38.43230000  3
6877  1  18.42910000  39.15350000  29.30910000  3
6878  1  12.68220000  6.25205000  24.43100000  3
6879  1  36.60080000  6.14974000  1.32860000  3
6880  1  43.55240000  28.49510000  3.49988000  2
6881  1  0.27536500  37.30800000  28.44400000  2
6882  1  49.18860000  31.16970000  42.31040000  3
6883  1  6.77185000  27.90010000  4.30499000  3
6884  1  12.57670000  47.36510000  28.72500000  3
6885  1  17.92330000  6.45221000  25.13180000  3
6886  1  45.96710000  13.97190000  35.40440000  3
6887  1  19.45350000  34.57460000  0.25976600  3
6888  1  46.40790000  27.54280000  7.45860000  2
6889  1  46.28070000  45.33330000  48.31680000  3
6890  1  22.56760000  44.89600000  33.51540000  4
6891  1  50.11550000  39.07740000  45.81040000  3
6892  1  23.26370000  46.77950000  17.91640000  3
6893  1  16.31150000  29.63940000  45.80400000  3
6894  1  32.84400000  17.94430000  3.02400000  3
6895  1  25.35530000  41.75800000  50.50870000  3
6896  1  16.39590000  14.64780000  6.94249000  3
6897  1  14.83870000  42.18310000  44.33180000  3
6898  1  50.86450000  2.92341000  27.16590000  3
6899  1  44.40010000  31.01320000  31.47880000  3
6900  1  42.00530000  22.80900000  12.88550000  3
6901  1  38.67020000  46.26080000  17.57130000  2
6902  1  23.21850000  5.28633000  31.39810000  3
6903  1  27.73200000  17.80870000  30.65650000  3
6904  1  4.00150000  20.19550000  43.89950000  3
6905  1  12.68400000  30.25210000  7.81213000  3
6906  1  40.22000000  37.05150000  35.44620000  3
6907  1  18.67710000  13.40030000  16.89360000  3
6908  1  25.58010000  41.72710000  21.39870000  3
6909  1  31.16570000  42.76450000  16.69420000  3
6910  1  36.48830000  33.31390000  28.89940000  3
6911  1  14.46820000  42.07850000  50.42510000  3
6912  1  33.14510000  5.71802000  22.79610000  3
6913  1  47.62310000  36.45300000  49.25790000  3
6914  1  17.73690000  27.04110000  9.42636000  3
6915  1  35.28200000  26.16330000  24.45270000  3
6916  1  41.80040000  28.50470000  46.29450000  3
6917  1  46.55590000  10.81310000  24.65100000  3
6918  1  44.60180000  1.92789000  24.88910000  3
6919  1  14.52880000  47.29910000  21.85180000  3
6920  1  33.19720000  43.18880000  24.55730000  3
6921  1  9.64337000  6.01378000  3.71365000  3
6922  1  35.05350000  16.03840000  46.71950000  3
6923  1  9.30249000  45.37940000  1.90690000  3
6924  1  27.07150000  41.48580000  21.13430000  3
6925  1  1.03341000  2.12069000  27.36220000  3
6926  1  23.66630000  10.04410000  43.68810000  3
6927  1  47.19640000  4.73481000  49.05450000  3
6928  1  26.33390000  37.49770000  5.07041000  3
6929  1  50.86450000  18.14460000  27.53680000  3
6930  1  45.18350000  19.29460000  40.05520000  3
6931  1  50.10510000  37.18970000  10.53730000  3
6932  1  33.42740000  39.08010000  33.77540000  3
6933  1  18.95350000  46.84690000  19.51860000  3
6934  1  44.75950000  37.23640000  10.32880000  3
6935  1  14.67300000  8.54260000  10.04180000  3
6936  1  20.88140000  34.62520000  48.82680000  3
6937  1  6.24734000  50.84340000  30.03390000  3
6938  1  11.45040000  49.98740000  44.69190000  3
6939  1  3.93476000  18.19060000  38.22870000  3
6940  1  26.81540000  35.77550000  22.39040000  3
6941  1  40.30790000  0.91357100  0.26426900  3
6942  1  17.52720000  4.75816000  42.66050000  3
6943  1  38.37770000  3.57028000  32.28920000  3
6944  1  22.22510000  40.30760000  39.11530000  3
6945  1  37.58400000  23.67030000  20.19450000  3
6946  1  11.30730000  1.11687000  45.68090000  3
6947  1  30.78810000  11.76990000  47.37560000  3
6948  1  48.76790000  46.36560000  35.76250000  3
6949  1  50.62090000  9.02194000  45.01300000  3
6950  1  15.09570000  46.57640000  19.58880000  3
6951  1  1.25260000  44.56380000  11.50310000  3
6952  1  46.10030000  19.64050000  32.56400000  3
6953  1  41.85010000  16.76840000  26.36010000  3
6954  1  5.14084000  47.71510000  18.43580000  3
6955  1  44.75800000  15.09300000  48.63710000  3
6956  1  36.92730000  27.56000000  46.86790000  3
6957  1  15.06210000  48.48320000  25.93060000  3
6958  1  7.25811000  2.21123000  21.67970000  4
6959  1  16.49490000  37.05060000  41.99520000  3
6960  1  11.67330000  1.93513000  9.60735000  3
6961  1  20.28620000  4.29726000  8.66235000  3
6962  1  32.43480000  34.67190000  10.31870000  3
6963  1  34.27240000  14.35810000  20.79560000  3
6964  1  5.41627000  1.61168000  35.73160000  3
6965  1  10.91990000  2.85011000  8.93280000  3
6966  1  3.81726000  13.82200000  16.11460000  3
6967  1  1.55180000  10.09970000  17.60010000  3
6968  1  26.36590000  14.96190000  0.59861400  3
6969  1  50.56970000  43.97970000  37.99080000  3
6970  1  31.27130000  48.13360000  45.61500000  3
6971  1  46.49820000  27.93030000  25.60720000  3
6972  1  21.92370000  47.18390000  24.30990000  3
6973  1  16.77800000  21.46420000  4.63968000  3
6974  1  35.60540000  49.57450000  9.29535000  3
6975  1  33.81350000  11.09130000  1.10165000  3
6976  1  8.74075000  34.55680000  29.35870000  3
6977  1  26.71810000  22.39450000  9.19246000  3
6978  1  3.97306000  43.23810000  36.26170000  3
6979  1  40.49480000  15.70470000  8.25392000  3
6980  1  19.60660000  6.95950000  29.87300000  3
6981  1  32.41930000  26.58240000  7.54688000  3
6982  1  7.32928000  29.08780000  16.27380000  3
6983  1  12.60920000  48.92270000  15.99590000  3
6984  1  31.56050000  0.94549600  43.49440000  3
6985  1  37.01540000  29.48770000  21.01300000  3
6986  1  39.54900000  5.99985000  28.99390000  3
6987  1  29.45070000  48.60910000  14.46410000  3
6988  1  28.63030000  13.93380000  31.13110000  3
6989  1  24.91640000  29.38120000  42.41440000  3
6990  1  9.19085000  25.72730000  10.61450000  3
6991  1  24.75350000  45.63500000  34.72810000  3
6992  1  0.78859800  29.43830000  3.50883000  3
6993  1  49.90200000  3.23134000  40.85350000  3
6994  1  39.25670000  1.07156000  32.20080000  3
6995  1  32.40210000  16.33750000  13.10470000  3
6996  1  14.08450000  32.14190000  30.21590000  3
6997  1  43.86720000  43.64590000  10.96250000  3
6998  1  19.43690000  15.81870000  1.73310000  3
6999  1  45.40510000  20.22550000  20.62420000  3
7000  1  11.54350000  19.49570000  29.34220000  3
7001  1  37.23250000  24.40030000  32.13160000  3
7002  1  31.02660000  45.78030000  11.12420000  3
7003  1  11.84280000  43.73720000  17.26220000  3
7004  1  43.04770000  18.72010000  15.36480000  2
7005  1  45.04300000  46.65760000  46.48620000  3
7006  1  6.65236000  18.85320000  2.16524000  3
7007  1  21.52160000  49.37180000  9.57206000  3
7008  1  35.77720000  6.94219000  45.10340000  3
7009  1  23.73310000  39.82470000  0.21621000  3
7010  1  29.51400000  37.23900000  39.07220000  3
7011  1  35.39200000  0.49969400  4.96426000  3
7012  1  11.16630000  35.47530000  32.39350000  3
7013  1  40.43340000  30.41950000  47.17820000  3
7014  1  11.20280000  42.04260000  1.51308000  3
7015  1  2.32774000  0.61767300  28.83280000  3
7016  1  6.04659000  35.40030000  12.49110000  3
7017  1  15.93580000  35.15470000  38.25360000  3
7018  1  35.95850000  15.19520000  23.94640000  3
7019  1  46.84820000  33.53250000  4.57062000  3
7020  1  23.96580000  8.42279000  41.90660000  3
7021  1  18.58110000  11.19980000  13.50100000  3
7022  1  24.41360000  50.36510000  37.65830000  3
7023  1  48.64150000  43.38450000  9.83856000  3
7024  1  48.70340000  3.91854000  28.06090000  3
7025  1  49.36790000  18.96600000  39.51580000  3
7026  1  34.40700000  23.54560000  35.15240000  3
7027  1  15.42720000  31.78570000  3.12085000  3
7028  1  12.14070000  38.16920000  11.01310000  3
7029  1  38.68850000  13.85020000  7.24819000  3
7030  1  24.58170000  15.47060000  4.07222000  3
7031  1  41.17230000  14.74440000  15.91450000  3
7032  1  49.44040000  21.06780000  1.13573000  3
7033  1  47.67870000  2.87073000  30.03230000  3
7034  1  36.06330000  5.62765000  42.71370000  3
7035  1  42.37910000  4.81485000  25.90460000  3
7036  1  6.28241000  34.31790000  48.61690000  3
7037  1  16.74780000  46.30150000  5.16539000  3
7038  1  30.84750000  48.46870000  10.58080000  3
7039  1  45.27160000  37.90250000  7.99935000  3
7040  1  36.53550000  19.94560000  50.96300000  3
7041  1  10.00760000  7.11740000  17.98850000  3
7042  1  30.10900000  42.05850000  18.86410000  3
7043  1  39.21310000  11.41170000  45.44660000  3
7044  1  44.17470000  19.97040000  34.11480000  3
7045  1  46.84130000  45.84060000  37.89130000  3
7046  1  23.39170000  19.24890000  31.07760000  3
7047  1  11.54400000  17.53610000  13.59990000  3
7048  1  10.26260000  2.54613000  31.68880000  3
7049  1  13.85170000  15.91090000  13.65680000  3
7050  1  30.28500000  20.97720000  1.26829000  4
7051  1  4.93920000  23.76560000  33.33460000  3
7052  1  1.50735000  16.28820000  41.49980000  3
7053  1  47.37380000  49.78610000  33.64200000  3
7054  1  21.54120000  15.54510000  6.29275000  3
7055  1  20.37770000  42.02060000  21.57910000  3
7056  1  5.10263000  44.48250000  34.52860000  3
7057  1  41.07740000  10.41130000  44.13810000  3
7058  1  16.39310000  15.04900000  36.69520000  3
7059  1  29.76490000  50.70730000  10.06600000  3
7060  1  17.63140000  38.47390000  28.29540000  3
7061  1  8.55885000  31.93460000  33.25350000  3
7062  1  17.82980000  6.86691000  41.59130000  3
7063  1  46.43390000  36.60960000  29.19870000  3
7064  1  0.03277540  6.30691000  24.64380000  3
7065  1  17.48120000  12.13740000  11.46580000  3
7066  1  13.81580000  47.67710000  32.26000000  3
7067  1  19.46990000  39.47620000  3.55316000  3
7068  1  19.69910000  33.78580000  48.98190000  3
7069  1  25.54170000  11.72710000  39.74180000  3
7070  1  31.04030000  1.73800000  2.03844000  3
7071  1  49.46710000  44.17430000  4.58114000  3
7072  1  3.00099000  11.15160000  35.99830000  3
7073  1  0.58749200  2.11021000  21.79490000  3
7074  1  28.92420000  28.50730000  9.59290000  3
7075  1  42.46660000  36.77110000  10.96860000  3
7076  1  23.38410000  45.10070000  34.75200000  3
7077  1  14.97270000  34.03620000  35.77790000  3
7078  1  16.21350000  30.71220000  26.87840000  3
7079  1  46.14680000  36.88190000  18.05220000  3
7080  1  5.62459000  47.40770000  47.72340000  3
7081  1  32.31740000  17.31390000  34.99660000  3
7082  1  35.60610000  21.47530000  47.88660000  3
7083  1  15.96460000  2.37564000  16.48380000  3
7084  1  39.36420000  3.72863000  17.42760000  3
7085  1  15.53210000  22.67900000  2.93536000  3
7086  1  33.56330000  46.01630000  30.41830000  3
7087  1  21.81620000  39.90190000  1.91216000  3
7088  1  28.18400000  34.24320000  15.55680000  3
7089  1  16.01190000  5.61373000  30.52160000  3
7090  1  7.78118000  20.56290000  43.66250000  3
7091  1  22.62620000  31.09410000  23.65650000  3
7092  1  33.78970000  51.01890000  21.08030000  2
7093  1  41.44080000  14.39120000  32.99260000  3
7094  1  14.27290000  46.79810000  42.86240000  3
7095  1  40.62140000  39.60330000  2.94008000  3
7096  1  50.86030000  41.42980000  42.42690000  3
7097  1  1.09500000  4.09093000  25.37090000  3
7098  1  45.06600000  11.00010000  15.34180000  3
7099  1  18.56440000  37.89930000  12.32350000  3
7100  1  17.58850000  17.77180000  25.79590000  2
7101  1  5.25491000  9.13870000  38.28610000  3
7102  1  19.34860000  32.65540000  45.46110000  3
7103  1  25.93120000  25.71290000  23.78540000  3
7104  1  48.91270000  32.63470000  25.50140000  3
7105  1  22.87570000  11.87600000  15.77510000  3
7106  1  25.57090000  22.27330000  14.16200000  3
7107  1  16.15000000  7.72504000  11.97220000  3
7108  1  17.83520000  37.77210000  4.45623000  3
7109  1  5.12916000  9.96050000  15.71550000  3
7110  1  25.22220000  15.63440000  6.48000000  3
7111  1  28.97750000  1.35861000  16.06550000  3
7112  1  30.63690000  34.97440000  12.14210000  3
7113  1  48.21240000  21.42840000  28.36840000  3
7114  1  40.86250000  6.52913000  26.91830000  3
7115  1  33.33170000  18.58520000  27.54050000  3
7116  1  39.26900000  8.26885000  11.87640000  3
7117  1  22.22820000  14.79030000  10.01650000  3
7118  1  35.87960000  40.98280000  34.64350000  3
7119  1  5.24669000  41.33250000  48.13670000  3
7120  1  39.20360000  28.59450000  25.55050000  3
7121  1  30.86860000  13.41400000  19.43760000  3
7122  1  18.36690000  39.13300000  4.39012000  3
7123  1  46.93360000  30.81080000  32.15040000  3
7124  1  41.24480000  18.29870000  40.01450000  3
7125  1  46.03310000  39.36270000  40.65120000  3
7126  1  45.63370000  18.04910000  4.78610000  2
7127  1  16.97260000  6.09210000  27.44970000  3
7128  1  25.75160000  45.28460000  0.90093200  3
7129  1  47.87100000  38.16790000  8.66928000  3
7130  1  0.88464900  20.24850000  14.29750000  3
7131  1  41.25280000  37.33220000  6.79294000  3
7132  1  1.13809000  48.41090000  13.11880000  3
7133  1  20.74290000  38.06470000  17.92690000  3
7134  1  9.76796000  33.45870000  41.71760000  3
7135  1  20.94150000  43.03580000  45.93460000  3
7136  1  26.02920000  14.85410000  46.16010000  3
7137  1  28.97290000  46.94820000  10.18040000  3
7138  1  37.18950000  50.79540000  22.10990000  3
7139  1  24.76080000  17.27290000  21.24620000  3
7140  1  31.68090000  6.83261000  36.13010000  3
7141  1  8.94183000  48.08590000  2.13613000  3
7142  1  2.86085000  4.51778000  46.16760000  3
7143  1  21.34980000  31.56900000  30.85220000  3
7144  1  18.68790000  49.14760000  3.43002000  3
7145  1  5.78405000  2.21872000  43.45310000  3
7146  1  30.31290000  8.03978000  43.36740000  2
7147  1  23.27880000  23.35460000  46.26720000  3
7148  1  5.52459000  26.21870000  41.80300000  3
7149  1  19.55280000  5.22293000  13.50140000  3
7150  1  30.91350000  11.80000000  33.48540000  3
7151  1  40.97780000  16.62720000  27.52050000  3
7152  1  19.29440000  6.83652000  49.31540000  3
7153  1  46.71920000  16.40060000  13.78350000  3
7154  1  30.19640000  25.09460000  7.11389000  3
7155  1  26.88190000  5.70899000  24.48330000  3
7156  1  24.76900000  36.10020000  6.27810000  3
7157  1  0.68531900  45.96600000  48.79260000  3
7158  1  37.00500000  36.53220000  14.17120000  3
7159  1  47.76990000  27.54580000  25.13970000  3
7160  1  32.85220000  39.09900000  41.03870000  3
7161  1  10.91080000  2.86439000  3.24141000  3
7162  1  0.23401500  41.15340000  7.05285000  3
7163  1  25.51210000  47.48750000  14.26440000  3
7164  1  2.02743000  36.55990000  13.31230000  3
7165  1  45.33300000  30.90210000  23.65350000  3
7166  1  30.49580000  38.59900000  40.85740000  3
7167  1  14.87790000  12.48000000  28.24750000  3
7168  1  20.74110000  6.13142000  18.50070000  3
7169  1  22.96820000  46.99670000  37.79430000  3
7170  1  45.21180000  49.10980000  14.15640000  3
7171  1  7.43010000  0.26571400  47.23470000  3
7172  1  15.45070000  38.38430000  29.25960000  3
7173  1  42.31500000  47.24890000  50.76340000  3
7174  1  50.67640000  22.13290000  35.63380000  3
7175  1  37.87230000  8.17846000  11.66180000  3
7176  1  48.78160000  32.79700000  20.35820000  3
7177  1  22.46810000  12.95260000  35.79760000  3
7178  1  17.43970000  7.05434000  39.20280000  3
7179  1  34.79020000  11.84390000  44.11810000  3
7180  1  34.13840000  9.50796000  49.81390000  3
7181  1  0.72277000  36.70950000  13.78350000  3
7182  1  29.04920000  17.58750000  31.28160000  3
7183  1  1.85216000  17.32150000  26.30270000  3
7184  1  13.48450000  12.27680000  41.50690000  3
7185  1  48.28630000  43.80330000  6.94464000  3
7186  1  28.03240000  44.74960000  30.05700000  3
7187  1  16.19370000  29.01730000  38.45480000  2
7188  1  15.45350000  6.30637000  25.61370000  3
7189  1  35.93590000  28.37710000  2.40006000  3
7190  1  15.40020000  5.89698000  1.75599000  3
7191  1  41.42920000  7.22473000  49.59730000  3
7192  1  21.88740000  43.03210000  44.85380000  3
7193  1  23.98470000  13.66940000  14.46930000  3
7194  1  8.43423000  1.73122000  27.78260000  3
7195  1  31.81530000  39.30580000  46.83510000  2
7196  1  12.16370000  13.78200000  1.43525000  3
7197  1  46.14200000  13.19550000  23.29850000  3
7198  1  22.05000000  4.55336000  33.98020000  3
7199  1  44.21360000  46.64500000  25.79870000  3
7200  1  0.16065600  15.56400000  24.54520000  2
7201  1  37.06300000  48.30630000  19.36370000  3
7202  1  19.88960000  33.26760000  46.61810000  3
7203  1  43.23970000  48.20690000  15.13890000  3
7204  1  24.85120000  6.83436000  40.11010000  3
7205  1  20.39470000  16.89760000  27.63670000  3
7206  1  25.64460000  16.59940000  34.33180000  3
7207  1  35.69450000  43.59650000  1.46941000  3
7208  1  38.62570000  24.48750000  7.39785000  3
7209  1  15.99150000  11.13300000  22.98810000  3
7210  1  8.90781000  24.62320000  27.67130000  3
7211  1  29.90050000  36.24180000  46.82680000  3
7212  1  5.20681000  17.47000000  46.91810000  3
7213  1  38.96180000  39.00180000  28.30970000  2
7214  1  37.65460000  10.45070000  12.46040000  3
7215  1  24.84300000  32.55780000  40.62850000  2
7216  1  40.50070000  15.31460000  32.40080000  3
7217  1  30.03950000  50.60310000  1.67353000  3
7218  1  49.64810000  1.37679000  37.60360000  3
7219  1  6.70123000  11.09680000  25.86640000  3
7220  1  24.39170000  48.95310000  37.68900000  3
7221  1  45.68050000  1.70785000  24.01940000  3
7222  1  43.20870000  10.27100000  13.93800000  3
7223  1  3.35336000  21.01210000  42.91700000  3
7224  1  11.31430000  27.03040000  36.61880000  3
7225  1  4.55593000  35.36310000  21.95050000  3
7226  1  49.60590000  10.60160000  34.88610000  3
7227  1  12.07270000  17.87850000  7.53219000  3
7228  1  2.57594000  50.72510000  3.64850000  3
7229  1  48.99900000  7.20759000  25.46420000  3
7230  1  35.72950000  45.66950000  45.27800000  3
7231  1  22.09920000  42.30790000  15.24630000  3
7232  1  1.23347000  18.22250000  46.34690000  3
7233  1  14.08780000  7.51521000  46.90660000  2
7234  1  47.35570000  12.65170000  48.11730000  3
7235  1  40.78590000  22.61680000  13.61550000  3
7236  1  43.40610000  33.30480000  34.55800000  2
7237  1  43.20080000  4.88715000  2.70222000  3
7238  1  36.34140000  14.30930000  41.01920000  3
7239  1  42.10160000  0.31202200  37.91250000  3
7240  1  36.75930000  35.18200000  47.26610000  3
7241  1  16.19680000  48.98780000  40.36610000  3
7242  1  10.10680000  24.58820000  32.59140000  3
7243  1  16.66800000  39.80190000  5.98462000  3
7244  1  21.56500000  41.22210000  23.76410000  3
7245  1  44.50690000  35.61120000  24.73440000  3
7246  1  0.20239000  33.28770000  20.72600000  3
7247  1  23.92140000  33.29610000  38.46430000  3
7248  1  50.91420000  17.47990000  19.08430000  3
7249  1  30.23140000  22.58810000  34.29730000  3
7250  1  10.29140000  7.03663000  7.93128000  3
7251  1  39.28990000  45.09530000  47.48190000  3
7252  1  20.88860000  47.24850000  38.98290000  3
7253  1  29.75000000  50.22210000  40.33190000  3
7254  1  39.54730000  40.29440000  50.45590000  3
7255  1  43.70010000  44.52630000  28.41250000  3
7256  1  14.00710000  32.26930000  39.51010000  3
7257  1  4.23481000  33.72500000  49.97360000  3
7258  1  49.45950000  36.07190000  27.08720000  2
7259  1  47.79630000  27.23440000  10.71010000  3
7260  1  22.15970000  18.58150000  10.59690000  3
7261  1  4.97378000  14.62030000  18.79550000  3
7262  1  12.52020000  28.01690000  38.55070000  3
7263  1  3.05425000  21.24400000  21.96270000  3
7264  1  26.82010000  16.22310000  43.95500000  3
7265  1  26.54080000  43.22730000  16.48640000  3
7266  1  40.29940000  32.31210000  18.64360000  3
7267  1  15.67760000  38.84960000  30.60060000  3
7268  1  18.09170000  42.47350000  40.22680000  3
7269  1  4.83311000  10.15620000  48.18240000  3
7270  1  18.26170000  37.54050000  23.03330000  3
7271  1  48.38640000  36.90360000  13.64720000  3
7272  1  25.94550000  2.41726000  41.37710000  3
7273  1  16.09480000  28.35980000  10.79530000  3
7274  1  20.90100000  0.37368800  38.12710000  3
7275  1  1.77809000  20.23360000  44.98110000  3
7276  1  36.23620000  23.78810000  46.92440000  3
7277  1  24.68320000  0.15007200  44.09280000  3
7278  1  9.80413000  32.43360000  42.66930000  3
7279  1  21.92910000  28.33810000  29.28740000  3
7280  1  21.51220000  34.85940000  47.57370000  3
7281  1  12.29990000  24.27590000  8.17824000  3
7282  1  6.03277000  15.20650000  8.56078000  3
7283  1  29.14980000  5.17599000  5.61645000  3
7284  1  33.83960000  35.67620000  12.26250000  3
7285  1  2.10662000  42.26810000  25.13730000  3
7286  1  0.87061800  25.03970000  12.64160000  3
7287  1  21.83870000  24.03560000  20.57350000  3
7288  1  1.30581000  16.05250000  17.89230000  3
7289  1  49.78690000  26.36510000  24.69810000  3
7290  1  16.81330000  6.11162000  5.02528000  3
7291  1  20.92900000  18.53490000  9.89127000  3
7292  1  5.55524000  25.42420000  31.57110000  3
7293  1  35.53530000  33.35850000  29.90020000  3
7294  1  12.25890000  48.39310000  8.69198000  3
7295  1  3.35648000  46.63790000  16.80130000  3
7296  1  35.15650000  11.99720000  19.93860000  3
7297  1  40.57220000  42.40500000  49.75210000  3
7298  1  35.96940000  35.09910000  48.47560000  3
7299  1  33.23290000  36.89770000  18.26750000  3
7300  1  17.73880000  24.55700000  23.41960000  3
7301  1  2.74031000  19.16600000  11.94190000  3
7302  1  32.51040000  6.71877000  21.99820000  3
7303  1  50.55420000  32.82910000  9.47295000  3
7304  1  31.39870000  24.68350000  6.56253000  3
7305  1  43.09620000  43.40420000  1.41879000  3
7306  1  8.42227000  2.06461000  40.68340000  3
7307  1  36.68250000  21.12000000  45.65520000  3
7308  1  28.17760000  33.43270000  44.95940000  3
7309  1  9.07113000  30.45530000  37.36450000  3
7310  1  48.38140000  5.89389000  1.42796000  3
7311  1  25.74650000  2.00198000  36.53690000  3
7312  1  44.62770000  41.66660000  32.81260000  3
7313  1  10.55240000  4.64858000  7.74905000  3
7314  1  37.11080000  26.16280000  46.69090000  3
7315  1  0.67767500  35.05250000  46.34440000  3
7316  1  6.94374000  26.84330000  39.94990000  3
7317  1  27.84950000  38.20270000  30.34780000  3
7318  1  10.84200000  18.36810000  8.17977000  3
7319  1  24.96640000  17.16870000  36.62900000  3
7320  1  0.50215800  50.60260000  46.98350000  2
7321  1  10.73870000  44.11740000  20.79360000  3
7322  1  35.28410000  16.27690000  13.70410000  3
7323  1  5.66433000  0.06786840  21.77900000  3
7324  1  28.64370000  43.23910000  15.74760000  3
7325  1  44.44440000  23.43010000  30.81090000  3
7326  1  18.14370000  7.70781000  48.96830000  3
7327  1  49.99670000  12.13470000  32.78110000  3
7328  1  7.32790000  20.54050000  17.08940000  3
7329  1  12.26350000  2.69587000  37.75930000  3
7330  1  45.44470000  13.70930000  9.02365000  3
7331  1  8.03842000  19.61600000  33.77430000  3
7332  1  29.86260000  13.90700000  31.84180000  3
7333  1  19.26360000  33.05870000  47.87640000  3
7334  1  30.61180000  1.91019000  18.41050000  3
7335  1  44.85830000  15.22530000  24.72150000  3
7336  1  29.23050000  37.97580000  1.97685000  3
7337  1  28.81540000  34.38440000  32.69880000  3
7338  1  51.01860000  0.96199500  35.72130000  3
7339  1  42.38620000  7.33511000  40.29310000  3
7340  1  11.54530000  35.81830000  37.54110000  3
7341  1  41.86720000  7.20487000  34.51060000  3
7342  1  2.74506000  49.31250000  3.55981000  3
7343  1  20.91360000  13.69900000  45.67940000  3
7344  1  24.34640000  36.69500000  43.67730000  3
7345  1  43.31830000  48.73720000  27.22880000  3
7346  1  29.26980000  15.17880000  34.07090000  3
7347  1  28.31060000  28.89930000  18.82040000  3
7348  1  29.33370000  27.10020000  45.55010000  3
7349  1  6.97664000  33.23360000  28.99580000  3
7350  1  43.22590000  14.69880000  27.13140000  3
7351  1  2.06994000  25.34000000  48.11630000  3
7352  1  34.42460000  19.36630000  43.24320000  3
7353  1  43.01240000  35.68240000  47.05430000  3
7354  1  3.15091000  31.90230000  26.75230000  3
7355  1  17.82390000  9.07090000  19.70240000  3
7356  1  36.37800000  16.78520000  36.95030000  3
7357  1  23.86280000  44.03820000  43.63630000  3
7358  1  29.40830000  38.39530000  32.38300000  3
7359  1  47.90100000  29.73350000  49.77800000  3
7360  1  43.55800000  40.05770000  40.29540000  3
7361  1  14.22320000  11.67740000  32.36220000  3
7362  1  28.42530000  38.97760000  34.72330000  3
7363  1  44.35330000  50.98440000  2.19958000  3
7364  1  41.68680000  29.84400000  5.13146000  3
7365  1  31.41750000  23.66370000  29.36930000  3
7366  1  21.12570000  21.09110000  44.28820000  3
7367  1  1.94240000  22.94320000  34.90370000  3
7368  1  0.56693100  48.29600000  47.84680000  3
7369  1  20.95200000  26.67970000  20.65470000  3
7370  1  17.84200000  41.10230000  47.73920000  2
7371  1  47.61870000  46.88260000  29.58550000  3
7372  1  42.35660000  38.04630000  46.13170000  3
7373  1  34.74980000  43.13640000  36.29080000  3
7374  1  39.69630000  36.68160000  17.28900000  3
7375  1  50.61160000  10.40600000  20.63050000  3
7376  1  29.83690000  8.81678000  4.57911000  3
7377  1  23.94240000  36.45040000  14.81560000  3
7378  1  45.71430000  12.24200000  37.13810000  3
7379  1  1.57414000  3.40638000  43.88970000  3
7380  1  37.61620000  9.98305000  28.61060000  3
7381  1  48.11440000  32.28850000  18.01480000  3
7382  1  44.06960000  10.35620000  28.85130000  3
7383  1  15.22760000  16.22750000  3.72466000  2
7384  1  40.79710000  20.75470000  22.46740000  3
7385  1  28.31070000  1.05320000  14.83900000  3
7386  1  0.16312700  19.31410000  1.69618000  3
7387  1  12.57090000  44.28970000  12.24750000  3
7388  1  37.70930000  25.49950000  29.90710000  3
7389  1  45.97070000  27.03820000  26.54420000  3
7390  1  36.35690000  28.08840000  42.68020000  3
7391  1  46.47790000  23.01360000  36.44510000  3
7392  1  33.47920000  19.05190000  40.24180000  3
7393  1  1.01045000  31.25010000  10.55870000  3
7394  1  42.14200000  12.01220000  42.69500000  3
7395  1  24.66620000  39.05150000  35.81460000  3
7396  1  27.81270000  46.11930000  20.17880000  3
7397  1  48.05170000  42.59950000  44.56850000  3
7398  1  25.56090000  15.29310000  49.31130000  3
7399  1  43.36980000  20.77020000  39.85600000  2
7400  1  37.89620000  14.90000000  37.20670000  3
7401  1  2.11603000  3.05435000  42.64670000  3
7402  1  6.95608000  8.41527000  29.17780000  3
7403  1  31.49640000  50.62940000  18.27400000  3
7404  1  13.95050000  3.65619000  17.39240000  3
7405  1  14.48900000  34.51870000  6.23337000  3
7406  1  40.64740000  8.73938000  25.88250000  3
7407  1  15.10540000  12.75430000  32.92360000  3
7408  1  47.37020000  12.42090000  21.25700000  3
7409  1  6.78272000  1.98351000  36.05070000  3
7410  1  50.31660000  47.09610000  31.73300000  3
7411  1  50.12600000  34.48080000  39.52790000  3
7412  1  29.46660000  44.78190000  30.22900000  3
7413  1  31.54300000  3.67215000  8.19076000  3
7414  1  37.47740000  14.79970000  38.51970000  3
7415  1  13.62260000  22.48980000  7.15150000  3
7416  1  3.92355000  17.48920000  10.43870000  2
7417  1  24.86040000  4.82800000  29.70920000  3
7418  1  2.73727000  9.14261000  15.61460000  3
7419  1  28.12710000  38.23500000  31.73410000  3
7420  1  44.33760000  12.32710000  27.27600000  3
7421  1  24.96440000  40.41410000  8.95932000  3
7422  1  4.94152000  8.87504000  47.50270000  3
7423  1  9.81646000  38.34690000  40.42320000  3
7424  1  9.82501000  25.17550000  26.71560000  3
7425  1  31.24000000  38.31180000  0.05479580  3
7426  1  21.71180000  30.04740000  26.00260000  3
7427  1  18.70300000  13.61500000  9.87550000  3
7428  1  49.97670000  50.82710000  2.55510000  3
7429  1  50.18960000  14.56760000  10.81790000  3
7430  1  24.10090000  25.08440000  44.61390000  3
7431  1  24.66650000  42.19190000  20.31160000  3
7432  1  13.43880000  33.92330000  49.37300000  3
7433  1  3.48894000  13.41500000  28.94000000  3
7434  1  8.53232000  1.15908000  3.09467000  3
7435  1  46.81700000  39.46700000  32.34830000  3
7436  1  17.71940000  40.16490000  5.11439000  3
7437  1  9.52625000  10.73820000  16.76920000  3
7438  1  37.89450000  3.78104000  19.21310000  3
7439  1  11.25680000  9.17971000  33.90470000  3
7440  1  12.05570000  18.26100000  28.85310000  3
7441  1  42.88740000  34.09320000  26.13440000  3
7442  1  10.57950000  18.47720000  13.93190000  3
7443  1  10.74290000  39.86500000  2.46504000  3
7444  1  49.13780000  8.20159000  24.46640000  3
7445  1  1.81648000  12.48550000  43.78970000  3
7446  1  2.77783000  27.83330000  16.55980000  3
7447  1  49.25500000  33.94760000  49.02050000  2
7448  1  47.25040000  17.50490000  32.12630000  3
7449  1  47.29510000  26.78550000  32.95580000  3
7450  1  8.30799000  24.74400000  48.37580000  3
7451  1  11.47970000  10.33900000  42.59880000  3
7452  1  15.15270000  13.00000000  36.69630000  3
7453  1  15.80020000  35.13510000  40.70720000  3
7454  1  21.02470000  37.96640000  10.96790000  3
7455  1  30.11200000  43.14640000  38.80890000  3
7456  1  12.89060000  31.61340000  33.68110000  3
7457  1  35.11240000  4.33704000  35.38190000  3
7458  1  27.23000000  44.80500000  26.31230000  3
7459  1  11.88440000  20.54630000  8.29666000  3
7460  1  40.07200000  48.67630000  48.17940000  3
7461  1  5.52765000  2.00280000  11.72500000  3
7462  1  51.00930000  4.05964000  26.27030000  3
7463  1  21.92430000  19.48470000  7.92846000  3
7464  1  20.58490000  34.41290000  19.96360000  3
7465  1  19.04650000  29.61990000  22.24750000  3
7466  1  15.68320000  37.45400000  44.23470000  3
7467  1  26.31990000  19.09340000  43.11140000  3
7468  1  33.27470000  15.32740000  12.45980000  3
7469  1  17.75420000  34.61380000  2.15975000  3
7470  1  11.96910000  9.53049000  36.21120000  3
7471  1  14.51530000  47.47550000  14.82210000  3
7472  1  30.45100000  33.37110000  10.03880000  3
7473  1  40.73330000  22.84230000  8.38641000  3
7474  1  8.51976000  7.70702000  37.71500000  3
7475  1  23.60650000  40.65770000  39.12790000  3
7476  1  30.01900000  16.62800000  50.80370000  3
7477  1  17.38670000  9.72688000  17.41300000  3
7478  1  40.75520000  20.14100000  44.67510000  3
7479  1  41.57740000  22.67010000  33.91240000  3
7480  1  43.94780000  31.44760000  5.87145000  3
7481  1  9.94887000  38.76990000  14.16280000  3
7482  1  45.49240000  26.17820000  10.90830000  3
7483  1  44.89960000  44.38720000  2.66196000  3
7484  1  46.88450000  28.93930000  2.37854000  3
7485  1  32.32760000  16.11990000  21.97250000  3
7486  1  16.64520000  6.62623000  35.53840000  3
7487  1  28.18440000  6.29693000  22.07600000  3
7488  1  24.07900000  10.77100000  41.47350000  3
7489  1  4.41001000  23.72120000  34.82320000  4
7490  1  3.82131000  15.72330000  29.88070000  3
7491  1  20.81090000  33.26740000  19.21800000  3
7492  1  4.70554000  35.88770000  12.67350000  3
7493  1  19.72860000  49.40400000  39.03060000  3
7494  1  44.10900000  25.90500000  10.54870000  3
7495  1  21.82760000  6.18647000  26.91270000  3
7496  1  23.16350000  28.11560000  25.76460000  3
7497  1  21.81910000  46.37450000  38.34670000  3
7498  1  24.36470000  31.48650000  14.61890000  3
7499  1  9.05724000  48.93560000  46.57480000  3
7500  1  12.67370000  14.32490000  15.04530000  3
7501  1  10.29980000  23.18660000  14.34680000  3
7502  1  11.55350000  14.92940000  30.10010000  2
7503  1  17.75090000  48.68980000  28.14540000  3
7504  1  25.03670000  11.67320000  30.28970000  3
7505  1  34.44690000  8.82131000  48.63560000  3
7506  1  23.75240000  40.56450000  25.16120000  3
7507  1  49.50100000  25.92850000  11.98970000  3
7508  1  48.25830000  20.33490000  5.67034000  3
7509  1  15.53700000  19.12880000  46.64990000  3
7510  1  9.13610000  2.69576000  20.24650000  3
7511  1  10.60050000  16.15060000  15.42650000  3
7512  1  9.01944000  41.65770000  2.78675000  3
7513  1  37.93130000  29.59640000  2.61542000  3
7514  1  4.39005000  2.35369000  47.27880000  3
7515  1  24.63880000  34.22070000  14.37980000  3
7516  1  43.90710000  31.65000000  46.09030000  3
7517  1  28.07600000  27.13170000  20.54670000  3
7518  1  48.52450000  35.00750000  3.26541000  3
7519  1  12.05160000  46.56750000  13.19440000  3
7520  1  27.77470000  39.95700000  45.66440000  3
7521  1  19.48750000  12.21160000  44.39510000  3
7522  1  2.88288000  16.68960000  47.07930000  3
7523  1  42.60490000  18.15620000  24.47550000  3
7524  1  1.97206000  23.94470000  22.98960000  3
7525  1  30.70410000  13.31490000  7.71536000  3
7526  1  14.09780000  38.34900000  50.60060000  3
7527  1  48.90300000  44.78210000  20.10780000  3
7528  1  46.65940000  2.83789000  31.03260000  3
7529  1  30.29040000  8.85163000  35.66660000  3
7530  1  41.11630000  27.22750000  8.54359000  3
7531  1  4.59049000  30.32900000  28.28640000  3
7532  1  19.86070000  39.03540000  28.88760000  3
7533  1  37.31300000  29.06880000  9.19846000  3
7534  1  50.85420000  13.78700000  43.69130000  3
7535  1  22.35170000  36.68860000  29.44340000  2
7536  1  5.64006000  4.42033000  11.39080000  3
7537  1  18.20270000  18.76830000  42.68990000  3
7538  1  27.29530000  14.29710000  31.77880000  3
7539  1  31.16890000  12.62370000  46.32970000  3
7540  1  38.33430000  32.48090000  43.29420000  3
7541  1  30.23240000  48.07030000  46.58250000  3
7542  1  8.71254000  10.85980000  2.86583000  3
7543  1  40.08270000  1.18637000  31.02760000  3
7544  1  20.34330000  36.51730000  26.06880000  3
7545  1  26.95180000  15.08720000  5.07172000  3
7546  1  20.70000000  32.60690000  23.21410000  3
7547  1  43.02540000  23.60270000  13.32070000  3
7548  1  30.12240000  45.37210000  40.00060000  3
7549  1  21.04800000  41.80800000  32.54750000  3
7550  1  0.09914870  43.62630000  9.42576000  3
7551  1  27.33910000  21.25410000  42.44820000  3
7552  1  35.59590000  8.12770000  2.44556000  3
7553  1  44.43510000  6.42761000  10.71650000  3
7554  1  3.44245000  0.46662800  27.83610000  3
7555  1  20.04410000  32.55280000  41.78510000  3
7556  1  50.42020000  44.28700000  12.99400000  3
7557  1  37.63220000  2.37999000  9.52280000  3
7558  1  18.73570000  43.36180000  47.91890000  3
7559  1  45.04330000  38.76930000  42.83820000  3
7560  1  24.49950000  3.71558000  42.94050000  3
7561  1  39.88110000  46.26140000  48.10400000  3
7562  1  17.83020000  32.81550000  50.48620000  3
7563  1  2.45521000  19.16870000  24.33490000  3
7564  1  1.94898000  22.45360000  5.76011000  3
7565  1  40.17820000  22.55540000  45.73800000  3
7566  1  46.17300000  14.48070000  21.21870000  3
7567  1  29.60370000  49.94490000  14.81420000  3
7568  1  3.56375000  38.15060000  17.75390000  3
7569  1  23.67350000  3.81071000  36.02010000  3
7570  1  7.60820000  26.17930000  44.88570000  3
7571  1  2.67224000  26.32640000  45.60550000  3
7572  1  9.40181000  19.66230000  1.76884000  2
7573  1  36.46260000  10.27190000  29.37820000  3
7574  1  15.39550000  43.02110000  49.87960000  3
7575  1  13.99460000  28.86530000  40.30910000  3
7576  1  31.42540000  0.98898400  29.98880000  3
7577  1  8.54174000  2.90076000  47.49360000  3
7578  1  22.07560000  2.25880000  37.09840000  3
7579  1  5.40515000  33.51310000  10.90880000  3
7580  1  22.42470000  40.88810000  30.75240000  3
7581  1  22.88760000  40.22140000  11.17140000  3
7582  1  1.80961000  37.26540000  9.55510000  3
7583  1  45.73760000  5.11746000  30.19720000  3
7584  1  36.85670000  43.33900000  13.62320000  3
7585  1  17.96250000  30.29340000  39.53060000  3
7586  1  30.67980000  23.07750000  25.25560000  3
7587  1  46.49390000  39.95320000  31.01680000  3
7588  1  5.83439000  32.55820000  28.51250000  3
7589  1  42.45930000  19.10260000  36.05920000  3
7590  1  22.65680000  33.38410000  24.27140000  3
7591  1  4.40915000  7.45188000  34.35970000  3
7592  1  32.40630000  34.37900000  28.29390000  3
7593  1  9.44267000  37.11380000  22.85730000  3
7594  1  6.62509000  1.43114000  47.46870000  3
7595  1  45.76860000  31.71880000  22.47450000  3
7596  1  10.98050000  8.31627000  8.08480000  3
7597  1  5.83718000  19.23860000  45.31570000  3
7598  1  39.32340000  34.97020000  39.00070000  3
7599  1  10.77040000  46.57130000  30.29690000  3
7600  1  28.22570000  24.01230000  7.95723000  3
7601  1  4.18758000  18.17310000  2.19885000  3
7602  1  30.65410000  12.21630000  6.85705000  3
7603  1  5.02980000  24.81310000  35.76530000  3
7604  1  27.95670000  46.12470000  5.51995000  3
7605  1  5.79488000  30.33000000  38.30480000  2
7606  1  18.97710000  36.73050000  11.62010000  3
7607  1  42.23920000  7.63650000  21.19440000  3
7608  1  35.11790000  49.18440000  4.76435000  3
7609  1  46.57160000  37.03780000  11.98410000  3
7610  1  47.95220000  50.59970000  1.23577000  3
7611  1  47.69050000  15.85160000  7.04802000  3
7612  1  12.32030000  10.58680000  23.65060000  3
7613  1  9.00465000  22.78170000  39.11590000  3
7614  1  42.40930000  14.73200000  28.36580000  3
7615  1  29.82020000  39.22590000  1.82484000  3
7616  1  15.87730000  15.98980000  2.54184000  3
7617  1  22.48030000  3.96522000  50.15690000  3
7618  1  42.21950000  47.99200000  8.13075000  3
7619  1  37.39290000  13.20210000  45.73500000  2
7620  1  34.87720000  23.69430000  36.49250000  3
7621  1  35.41160000  35.29310000  36.50000000  3
7622  1  19.43480000  30.52690000  21.19310000  3
7623  1  46.92650000  18.55810000  21.62190000  3
7624  1  33.31220000  17.68930000  33.98060000  3
7625  1  47.42580000  41.86430000  27.28980000  3
7626  1  2.66241000  14.75920000  2.77443000  3
7627  1  38.89950000  32.61250000  15.06210000  3
7628  1  5.66904000  6.87514000  11.22000000  3
7629  1  35.34340000  23.61380000  34.08490000  3
7630  1  41.28770000  12.24820000  1.39819000  3
7631  1  3.03261000  2.47423000  40.08330000  3
7632  1  6.89778000  0.26291800  28.82900000  3
7633  1  29.79030000  49.29720000  47.27030000  3
7634  1  24.89020000  48.72740000  8.14856000  3
7635  1  21.17530000  38.60040000  1.79865000  3
7636  1  36.86650000  43.35560000  22.15490000  3
7637  1  16.15810000  38.46340000  6.13327000  3
7638  1  2.91765000  37.86900000  31.06340000  2
7639  1  24.92290000  37.31320000  44.82230000  3
7640  1  47.11820000  47.80460000  34.77880000  3
7641  1  27.96720000  44.41690000  27.50260000  3
7642  1  16.46520000  6.86595000  46.12950000  3
7643  1  32.31120000  18.16490000  28.48230000  3
7644  1  16.85140000  15.12380000  35.33820000  3
7645  1  26.95500000  19.30630000  22.80730000  3
7646  1  23.40420000  36.28500000  31.94830000  4
7647  1  7.65249000  40.66140000  20.73900000  3
7648  1  32.55610000  17.98550000  29.90890000  3
7649  1  44.58840000  40.55450000  37.53550000  3
7650  1  47.80130000  31.02120000  14.33240000  3
7651  1  31.74980000  22.75750000  18.57130000  3
7652  1  2.81498000  1.52255000  22.21570000  3
7653  1  24.18730000  25.50450000  3.20373000  3
7654  1  41.43000000  24.30580000  39.12510000  3
7655  1  27.99930000  44.31320000  7.17378000  3
7656  1  24.32890000  31.34710000  5.26341000  3
7657  1  37.89990000  5.19858000  19.08230000  3
7658  1  14.32680000  47.24220000  34.62230000  3
7659  1  36.22840000  23.20750000  6.54336000  3
7660  1  23.04440000  39.24130000  10.19610000  3
7661  1  37.50210000  41.97360000  17.58490000  3
7662  1  0.72708100  41.41010000  41.30400000  3
7663  1  14.72230000  10.54380000  23.31540000  3
7664  1  18.08620000  35.60580000  11.58440000  3
7665  1  42.12910000  41.29740000  2.03856000  3
7666  1  7.86425000  36.15400000  24.61230000  3
7667  1  30.50520000  5.78806000  40.55230000  2
7668  1  15.64750000  14.07230000  37.42500000  3
7669  1  32.31370000  35.32670000  35.97340000  3
7670  1  48.86120000  35.08640000  26.40770000  2
7671  1  44.34090000  18.60560000  34.54220000  3
7672  1  46.49350000  6.36204000  11.87560000  3
7673  1  7.38055000  24.21970000  16.60490000  3
7674  1  44.91310000  36.34280000  45.68850000  3
7675  1  34.90440000  45.80020000  3.08469000  3
7676  1  9.06432000  10.96330000  25.53720000  3
7677  1  2.53152000  6.80646000  45.76240000  3
7678  1  25.91560000  14.78400000  15.28110000  3
7679  1  32.07120000  24.10330000  26.99030000  3
7680  1  7.90318000  1.90321000  35.09110000  3
7681  1  35.50740000  33.34530000  46.31360000  3
7682  1  39.92100000  23.94880000  46.06560000  3
7683  1  30.00550000  8.39687000  45.94800000  3
7684  1  46.51220000  43.09730000  3.99324000  3
7685  1  42.11640000  14.76450000  46.44970000  3
7686  1  30.86720000  44.28080000  39.32900000  3
7687  1  44.12360000  0.85475900  25.82130000  3
7688  1  17.28730000  18.11930000  43.50280000  3
7689  1  25.56280000  25.94100000  14.49900000  3
7690  1  11.57600000  45.70900000  0.88975300  3
7691  1  27.02250000  19.26020000  44.42450000  3
7692  1  23.56810000  18.60580000  26.26470000  3
7693  1  45.32840000  22.88760000  16.19930000  3
7694  1  0.65354900  43.90950000  50.06970000  3
7695  1  15.16550000  12.82210000  30.57670000  3
7696  1  39.58610000  32.52360000  32.38720000  3
7697  1  19.43880000  42.76480000  34.13210000  3
7698  1  27.42530000  31.01080000  44.60880000  3
7699  1  3.46137000  18.68830000  45.78600000  3
7700  1  41.62690000  32.72240000  14.55390000  3
7701  1  13.52370000  48.96210000  0.47967100  3
7702  1  9.18374000  8.29153000  32.18000000  3
7703  1  5.05463000  8.74112000  17.78970000  3
7704  1  22.94470000  6.21429000  29.07600000  3
7705  1  26.56140000  39.91380000  5.60216000  3
7706  1  12.85530000  27.12300000  26.45970000  3
7707  1  3.23704000  42.63690000  25.87400000  3
7708  1  38.88510000  42.16310000  26.30980000  3
7709  1  1.96136000  31.69850000  26.01770000  3
7710  1  0.13381700  36.65450000  11.32330000  3
7711  1  41.32860000  44.82120000  31.92160000  3
7712  1  8.01462000  8.50339000  17.60270000  3
7713  1  36.06950000  50.21400000  5.05104000  3
7714  1  36.03840000  16.71310000  47.48390000  3
7715  1  9.86724000  36.59680000  18.19050000  3
7716  1  35.44060000  9.05278000  43.90240000  3
7717  1  13.50050000  49.80640000  16.53460000  2
7718  1  30.21200000  10.18900000  35.17120000  3
7719  1  1.44621000  44.82930000  49.18250000  3
7720  1  41.49780000  3.39494000  8.54055000  3
7721  1  42.59870000  33.39940000  47.04410000  3
7722  1  44.74440000  24.69350000  45.38800000  3
7723  1  12.14260000  47.31410000  26.22760000  3
7724  1  3.93713000  1.05328000  23.05260000  4
7725  1  17.74740000  33.26170000  10.84280000  3
7726  1  4.78169000  39.08260000  32.18990000  2
7727  1  35.00070000  12.34370000  28.53720000  3
7728  1  7.07932000  8.87689000  40.97420000  3
7729  1  1.46857000  0.33074600  31.16510000  3
7730  1  41.95730000  10.23320000  8.08225000  3
7731  1  0.74480600  32.55930000  10.09150000  3
7732  1  9.73203000  17.54060000  8.34998000  3
7733  1  26.19420000  26.46910000  13.31600000  3
7734  1  24.69580000  2.07357000  8.61025000  3
7735  1  9.50577000  32.34100000  10.45370000  3
7736  1  50.96720000  23.43890000  44.60110000  2
7737  1  38.67820000  44.59920000  23.97370000  3
7738  1  46.48010000  2.58424000  48.31100000  2
7739  1  15.58180000  28.66160000  37.38540000  2
7740  1  41.30460000  47.38250000  49.75770000  3
7741  1  46.30700000  0.33858600  36.31260000  1
7742  1  44.62940000  30.96150000  8.87800000  3
7743  1  31.16290000  11.03020000  7.24825000  3
7744  1  20.13040000  47.60000000  30.69040000  3
7745  1  47.59990000  33.77590000  3.22573000  4
7746  1  49.72820000  43.29190000  8.96459000  3
7747  1  5.99635000  22.18060000  36.28080000  3
7748  1  0.39756300  29.68410000  25.50120000  3
7749  1  8.79608000  39.50500000  16.23900000  3
7750  1  7.84475000  6.56003000  19.09160000  3
7751  1  26.93210000  47.91140000  9.26758000  3
7752  1  46.34360000  35.26320000  29.64010000  3
7753  1  42.95550000  15.82300000  26.23760000  3
7754  1  1.89924000  15.33830000  16.78250000  3
7755  1  38.00930000  10.93550000  27.65290000  3
7756  1  27.20310000  42.15750000  6.39905000  3
7757  1  38.46270000  36.19470000  39.24500000  3
7758  1  7.27909000  26.68650000  16.65470000  3
7759  1  11.60190000  5.28777000  5.01206000  3
7760  1  26.34900000  29.21220000  2.91643000  3
7761  1  6.07643000  25.92250000  33.92470000  3
7762  1  9.12387000  41.51240000  38.34580000  3
7763  1  29.88180000  23.10970000  36.66440000  3
7764  1  20.97730000  33.92460000  44.02840000  3
7765  1  35.57660000  26.85570000  20.10500000  3
7766  1  6.20931000  2.55256000  39.71800000  3
7767  1  32.56430000  12.46180000  46.04700000  3
7768  1  24.59260000  27.84120000  3.95844000  3
7769  1  25.28240000  36.25400000  40.15630000  3
7770  1  13.33270000  4.48038000  30.50760000  3
7771  1  27.35390000  28.65540000  45.16270000  3
7772  1  37.69510000  32.78690000  29.41860000  3
7773  1  36.44110000  17.65760000  32.05900000  3
7774  1  43.30590000  26.60870000  45.68150000  3
7775  1  34.83890000  14.09470000  3.90704000  3
7776  1  49.98880000  44.73440000  15.34110000  3
7777  1  18.71370000  7.53401000  17.99850000  3
7778  1  41.00190000  29.95820000  24.33050000  3
7779  1  17.58330000  6.92241000  14.01840000  3
7780  1  6.93731000  2.44916000  37.39760000  3
7781  1  31.39390000  47.13030000  19.35410000  3
7782  1  17.15270000  6.86037000  51.00320000  3
7783  1  48.97430000  29.14730000  3.71844000  3
7784  1  30.19390000  17.05580000  41.45620000  3
7785  1  19.41710000  28.61980000  33.96160000  2
7786  1  6.05845000  23.05900000  11.68310000  3
7787  1  9.33154000  9.26063000  42.18920000  3
7788  1  1.52870000  15.10900000  42.25660000  3
7789  1  41.93590000  20.04670000  2.58511000  3
7790  1  41.75500000  18.34080000  15.47810000  3
7791  1  18.11660000  37.17950000  35.87580000  3
7792  1  41.49690000  7.41160000  11.32020000  3
7793  1  12.08950000  17.58250000  47.31650000  3
7794  1  43.59880000  45.82500000  1.20785000  3
7795  1  12.19530000  38.92690000  47.10630000  3
7796  1  19.62140000  42.12620000  19.44130000  3
7797  1  35.29620000  25.93240000  25.89120000  3
7798  1  41.69430000  43.32320000  12.72420000  3
7799  1  3.39724000  0.93913800  12.18320000  3
7800  1  44.53300000  27.77840000  2.84646000  3
7801  1  26.29080000  23.01300000  11.54960000  3
7802  1  23.39170000  14.81620000  10.95510000  3
7803  1  5.47208000  49.88570000  47.53190000  3
7804  1  26.60380000  39.99300000  36.97060000  3
7805  1  47.03990000  1.12894000  38.49440000  2
7806  1  9.23591000  30.09170000  38.78540000  3
7807  1  8.60194000  12.83520000  49.55430000  3
7808  1  0.18216300  17.32600000  46.65570000  3
7809  1  36.49550000  39.84820000  34.02580000  3
7810  1  14.33260000  39.38580000  20.85060000  3
7811  1  0.23005100  9.33527000  21.39890000  3
7812  1  48.15230000  38.60280000  34.82850000  3
7813  1  37.56400000  0.85962000  34.57960000  3
7814  1  41.84780000  32.61040000  28.51620000  3
7815  1  38.07300000  42.10950000  44.77670000  3
7816  1  22.40240000  21.45770000  1.76892000  3
7817  1  36.52420000  18.55970000  49.04210000  3
7818  1  10.49660000  34.90880000  31.32780000  3
7819  1  18.46120000  37.95840000  27.30320000  3
7820  1  50.65800000  8.33384000  13.60710000  3
7821  1  5.15274000  15.45820000  2.99129000  3
7822  1  16.15220000  16.72600000  12.41300000  3
7823  1  14.27090000  27.28850000  49.74270000  3
7824  1  3.19488000  34.32090000  23.84510000  3
7825  1  38.31460000  45.37680000  46.45680000  3
7826  1  23.25160000  41.79160000  1.84771000  3
7827  1  29.18060000  27.31980000  50.48410000  3
7828  1  0.60393300  28.19800000  38.87920000  3
7829  1  46.54540000  17.89860000  1.87855000  3
7830  1  38.24580000  19.97240000  1.57058000  3
7831  1  26.16380000  5.51232000  38.32020000  4
7832  1  42.64250000  22.92900000  45.90670000  3
7833  1  9.00384000  48.43000000  15.41520000  3
7834  1  18.33180000  31.65130000  27.84360000  3
7835  1  15.13580000  43.47280000  36.00150000  3
7836  1  40.39080000  34.55930000  41.09210000  3
7837  1  4.61257000  24.95560000  12.14000000  3
7838  1  50.90710000  21.65470000  25.02880000  3
7839  1  30.85350000  24.61680000  41.87950000  3
7840  1  14.90500000  2.38526000  43.72080000  3
7841  1  39.15780000  2.04434000  2.73356000  3
7842  1  27.29690000  43.40830000  15.31780000  3
7843  1  40.92590000  0.63763800  8.43705000  3
7844  1  39.47520000  45.89500000  33.21450000  3
7845  1  5.72807000  7.54979000  30.99260000  3
7846  1  49.04640000  13.59840000  1.55696000  3
7847  1  27.24900000  26.59690000  21.52990000  3
7848  1  3.76621000  13.19050000  12.36190000  3
7849  1  50.76550000  25.39570000  24.53250000  3
7850  1  16.44650000  14.39290000  34.21700000  3
7851  1  46.01460000  27.28830000  33.06560000  3
7852  1  29.26100000  34.87150000  12.28080000  3
7853  1  48.33570000  16.68630000  22.39410000  3
7854  1  30.91450000  0.15999300  9.40686000  3
7855  1  47.95130000  15.62460000  13.55320000  3
7856  1  8.02522000  45.82640000  2.35593000  3
7857  1  0.86642100  42.65200000  25.57130000  3
7858  1  23.33150000  16.34240000  17.90610000  3
7859  1  14.44190000  36.36900000  46.63930000  3
7860  1  35.76650000  7.29902000  1.30122000  3
7861  1  30.91910000  35.10150000  35.60350000  3
7862  1  30.78770000  37.21210000  21.14550000  3
7863  1  13.58410000  11.10130000  24.06720000  3
7864  1  34.60250000  15.20020000  12.99000000  3
7865  1  39.29620000  15.69780000  33.12220000  3
7866  1  46.13910000  38.69620000  41.87290000  3
7867  1  30.98100000  16.32270000  12.82400000  3
7868  1  1.81921000  32.91300000  18.72870000  3
7869  1  39.34950000  32.33240000  17.48760000  3
7870  1  48.42070000  31.86280000  16.68810000  3
7871  1  32.86570000  14.27270000  20.41870000  3
7872  1  31.83850000  29.02620000  5.53549000  3
7873  1  39.61800000  43.64110000  23.46680000  3
7874  1  15.20860000  10.50140000  16.33550000  3
7875  1  1.18669000  14.92590000  9.46930000  3
7876  1  13.94250000  24.60500000  1.22617000  3
7877  1  25.28160000  49.92950000  43.65430000  3
7878  1  1.76129000  9.74515000  3.55262000  3
7879  1  13.74970000  32.49130000  31.58380000  3
7880  1  25.69010000  15.51610000  11.58530000  3
7881  1  26.39510000  11.90530000  18.19940000  3
7882  1  1.65759000  43.43150000  36.85090000  3
7883  1  27.35420000  42.84700000  17.68000000  3
7884  1  23.91520000  23.18960000  18.85970000  3
7885  1  8.09038000  24.79650000  23.58190000  3
7886  1  30.42480000  48.97460000  16.93000000  3
7887  1  39.15670000  30.27430000  22.16150000  3
7888  1  11.34750000  22.75380000  26.74950000  2
7889  1  9.92026000  3.38169000  26.79160000  3
7890  1  45.75710000  29.10330000  25.28490000  3
7891  1  9.82447000  48.54770000  16.58350000  3
7892  1  41.53170000  10.87050000  33.77220000  3
7893  1  4.93834000  29.86830000  11.16670000  3
7894  1  38.64540000  17.52890000  14.80290000  3
7895  1  43.39020000  42.11000000  33.50920000  3
7896  1  23.56680000  27.75480000  41.11830000  3
7897  1  7.08265000  31.74570000  10.80810000  3
7898  1  41.67630000  8.68878000  1.98077000  3
7899  1  20.85110000  0.36062100  3.71421000  3
7900  1  18.22530000  36.80090000  3.52819000  3
7901  1  9.11623000  22.28100000  40.59590000  3
7902  1  9.69619000  4.89788000  19.21440000  3
7903  1  4.48150000  12.85360000  48.26030000  3
7904  1  30.96050000  34.20070000  47.60260000  3
7905  1  46.13690000  37.92450000  24.61120000  3
7906  1  36.20440000  0.71344800  43.92370000  3
7907  1  3.30465000  14.41620000  33.90610000  3
7908  1  29.21980000  35.43330000  1.60555000  3
7909  1  2.60116000  15.06480000  9.34928000  3
7910  1  24.56070000  37.28190000  32.28860000  3
7911  1  6.18595000  21.47300000  27.73070000  2
7912  1  3.88892000  20.12790000  36.30780000  4
7913  1  34.12550000  26.39430000  42.82130000  3
7914  1  23.94840000  21.06980000  3.65469000  3
7915  1  16.91000000  23.25530000  9.26124000  2
7916  1  45.70290000  11.72240000  25.25340000  3
7917  1  17.94360000  8.83393000  45.35110000  3
7918  1  45.91130000  21.71870000  31.69920000  3
7919  1  27.74510000  18.07440000  26.11850000  3
7920  1  12.42640000  41.50050000  0.88354900  3
7921  1  6.01558000  29.41210000  30.58040000  3
7922  1  41.84750000  49.16210000  41.14090000  3
7923  1  33.10400000  39.38730000  46.78200000  2
7924  1  13.03820000  25.28190000  7.32475000  3
7925  1  11.42770000  18.79370000  47.56220000  3
7926  1  30.74930000  9.85488000  6.57833000  3
7927  1  48.80110000  28.34570000  10.66930000  3
7928  1  12.66580000  17.92500000  12.78470000  3
7929  1  14.04900000  26.69490000  50.98540000  3
7930  1  41.95010000  4.06906000  38.36410000  3
7931  1  21.27100000  40.94010000  2.76926000  3
7932  1  34.35870000  3.01058000  37.34820000  3
7933  1  8.02956000  1.06044000  28.98330000  3
7934  1  40.02050000  33.13600000  2.05648000  3
7935  1  2.00134000  41.95330000  49.48050000  3
7936  1  50.62180000  35.79890000  1.94997000  3
7937  1  38.27640000  5.53317000  30.90510000  3
7938  1  0.34952400  32.72460000  47.15680000  2
7939  1  11.19590000  35.39430000  36.15070000  3
7940  1  29.36430000  40.37280000  2.48833000  3
7941  1  47.10430000  27.97740000  4.77042000  3
7942  1  45.68310000  37.45590000  25.81910000  3
7943  1  9.30715000  9.04148000  29.27440000  3
7944  1  41.52880000  42.31530000  19.07250000  3
7945  1  21.45270000  5.61362000  48.54660000  3
7946  1  35.24610000  35.88240000  12.52790000  3
7947  1  18.48810000  41.46500000  17.38770000  3
7948  1  34.80680000  20.70460000  15.66840000  3
7949  1  15.39090000  16.72580000  43.83820000  3
7950  1  7.39282000  16.92220000  19.24880000  3
7951  1  49.14800000  16.90430000  30.55580000  3
7952  1  6.58911000  20.82150000  39.58570000  3
7953  1  16.50470000  14.15190000  29.28100000  3
7954  1  33.14710000  47.47940000  3.68136000  3
7955  1  28.94040000  48.41580000  13.13700000  3
7956  1  6.36350000  44.16830000  35.13330000  3
7957  1  7.23851000  7.64884000  18.42350000  3
7958  1  3.99340000  15.29240000  27.41100000  3
7959  1  29.61940000  22.62870000  31.24030000  3
7960  1  44.37920000  25.26740000  35.50650000  3
7961  1  32.76100000  43.48350000  37.83990000  3
7962  1  13.94060000  47.69430000  7.25371000  3
7963  1  48.83320000  8.42854000  37.70600000  2
7964  1  11.01380000  4.45734000  18.81030000  3
7965  1  16.03020000  34.34490000  12.20720000  3
7966  1  22.28300000  41.91940000  13.90890000  3
7967  1  43.72480000  36.59310000  15.14290000  3
7968  1  16.93500000  2.91110000  3.41322000  3
7969  1  4.49056000  6.58911000  4.15954000  3
7970  1  30.04520000  26.22360000  8.06859000  3
7971  1  41.62580000  16.29720000  1.70677000  3
7972  1  50.51910000  44.28960000  50.74270000  3
7973  1  30.90460000  29.79260000  16.39180000  3
7974  1  14.16480000  3.95046000  36.73460000  3
7975  1  2.00012000  5.76528000  23.48540000  3
7976  1  27.20340000  14.29140000  2.65835000  3
7977  1  23.21180000  40.16890000  26.34830000  3
7978  1  11.40860000  3.31241000  31.72080000  3
7979  1  42.28480000  43.78120000  31.89150000  3
7980  1  41.23970000  9.93263000  1.68217000  3
7981  1  18.15040000  34.26600000  30.50170000  3
7982  1  48.68820000  32.53070000  42.47030000  3
7983  1  1.44820000  13.30090000  46.71060000  3
7984  1  0.58834300  25.98030000  5.14713000  3
7985  1  23.30300000  0.20283300  37.68690000  3
7986  1  21.78090000  22.01270000  22.02080000  3
7987  1  36.29630000  7.15671000  40.29930000  3
7988  1  47.88540000  48.65890000  13.22600000  3
7989  1  41.28610000  9.39665000  12.68670000  3
7990  1  27.43790000  34.48220000  32.50610000  3
7991  1  1.75787000  27.23270000  11.80340000  3
7992  1  41.80180000  12.10410000  33.27500000  3
7993  1  22.67450000  35.20100000  42.60870000  3
7994  1  4.90771000  3.69020000  47.34210000  3
7995  1  0.47343900  49.67770000  12.90760000  3
7996  1  43.31820000  5.36133000  5.25161000  3
7997  1  8.09095000  40.91100000  3.57602000  3
7998  1  28.18580000  48.25050000  36.20740000  3
7999  1  40.67630000  35.75810000  41.83270000  3
