# particle_index particle_type x y z coordination
# type mapping: 1=C, 2=H
# active pair cutoffs: C-C=1.900000, C-H=1.600000, H-H=0.900000
# skipped pair cutoffs: None
0  1  8.48586000  7.57994000  19.61510000  3
1  1  11.34710000  50.48910000  41.46110000  3
2  1  22.64940000  0.43539900  39.84950000  3
3  1  29.95340000  32.79430000  31.27620000  3
4  1  40.14210000  7.98752000  42.49540000  3
5  1  41.11110000  25.38640000  33.94970000  3
6  1  22.82570000  31.49200000  11.72600000  3
7  1  6.66061000  40.60240000  39.09970000  3
8  1  10.53450000  24.44390000  35.56950000  3
9  1  15.36780000  42.38400000  26.27100000  3
10  1  26.65410000  21.95770000  6.97583000  2
11  1  32.43920000  9.52586000  33.25390000  3
12  1  32.88920000  45.06020000  47.37450000  3
13  1  20.18250000  48.37490000  0.22314700  3
14  1  27.82150000  3.71529000  13.54010000  3
15  1  20.97110000  31.15300000  10.05370000  3
16  1  10.94550000  7.21309000  8.93937000  3
17  1  9.35436000  19.97830000  27.82650000  3
18  1  49.99740000  22.95650000  10.36120000  3
19  1  14.14420000  32.76850000  21.99000000  3
20  1  1.87947000  29.53780000  47.27350000  3
21  1  34.89550000  33.11080000  17.43880000  3
22  1  12.06460000  24.59480000  9.79402000  3
23  1  48.21540000  38.45360000  48.07470000  3
24  1  21.85290000  30.92000000  24.29220000  3
25  1  7.82349000  39.97140000  12.98720000  3
26  1  8.17519000  39.08080000  14.12600000  3
27  1  26.19790000  45.10300000  29.97280000  3
28  1  20.83640000  32.42500000  36.13900000  3
29  1  33.84660000  46.62300000  0.07692080  3
30  1  26.24180000  10.00820000  32.53210000  3
31  1  29.25350000  46.11820000  45.50810000  3
32  1  12.28590000  31.90030000  19.49460000  3
33  1  18.46910000  34.09650000  36.09000000  3
34  1  17.04390000  5.20193000  9.19154000  3
35  1  39.94620000  34.82760000  46.19410000  3
36  1  6.57568000  13.66450000  11.43630000  3
37  1  4.79455000  40.26390000  6.09878000  3
38  1  39.00010000  6.47600000  34.88850000  3
39  1  2.67319000  10.39830000  14.16200000  3
40  1  18.13140000  26.77320000  35.11890000  3
41  1  10.31060000  44.54250000  42.81330000  3
42  1  48.51260000  49.06760000  38.66130000  3
43  1  23.89940000  13.54330000  49.32730000  3
44  1  43.78500000  46.50900000  34.37990000  3
45  1  21.98500000  43.57940000  2.96707000  3
46  1  48.76950000  8.89808000  8.42963000  3
47  1  23.95330000  44.63640000  5.97770000  3
48  1  32.88990000  21.56080000  27.45800000  3
49  1  4.72792000  7.56683000  45.55810000  3
50  1  40.88130000  38.22510000  21.24470000  3
51  1  27.49880000  3.30456000  17.54360000  3
52  1  22.58410000  48.67560000  12.36040000  3
53  1  27.34130000  2.64383000  22.42080000  3
54  1  0.58796600  10.24840000  49.21810000  3
55  1  5.15927000  40.33450000  21.96780000  3
56  1  48.35710000  31.82720000  6.49783000  3
57  1  38.90450000  24.30790000  49.55680000  3
58  1  37.49480000  10.23780000  48.79020000  3
59  1  48.87670000  11.99620000  26.68300000  3
60  1  14.71210000  47.37910000  47.24350000  3
61  1  30.51430000  46.10780000  47.54500000  3
62  1  0.94479600  11.60200000  49.00240000  3
63  1  36.76180000  22.25490000  42.71750000  3
64  1  29.10540000  35.67920000  15.76870000  3
65  1  19.33100000  1.22349000  34.20120000  3
66  1  48.07670000  41.75610000  44.24600000  3
67  1  39.63400000  29.14030000  21.54200000  3
68  1  23.42670000  9.53950000  17.76830000  3
69  1  43.32250000  0.24239200  12.53380000  3
70  1  30.17000000  17.47090000  41.61740000  3
71  1  34.49480000  20.71200000  38.23200000  3
72  1  44.29090000  40.18010000  39.73950000  3
73  1  48.88110000  9.65049000  25.87920000  3
74  1  35.35890000  25.17590000  16.85210000  3
75  1  25.18050000  14.26010000  4.12552000  2
76  1  15.09800000  16.20690000  10.17010000  3
77  1  26.40120000  26.94910000  9.32010000  3
78  1  27.07570000  10.33630000  29.97640000  3
79  1  33.03980000  36.70340000  41.57080000  3
80  1  6.86267000  36.41200000  21.64620000  3
81  1  0.56946500  21.37400000  23.47120000  3
82  1  35.13070000  42.96640000  24.99410000  3
83  1  7.66398000  12.89380000  22.94910000  2
84  1  5.98371000  47.73340000  31.10550000  3
85  1  44.95520000  9.04945000  27.36230000  3
86  1  46.24370000  26.04150000  38.51770000  3
87  1  36.72430000  39.79280000  17.28780000  2
88  1  37.46950000  15.40760000  37.89550000  3
89  1  9.29264000  0.49390500  33.66550000  3
90  1  25.52020000  19.14510000  27.31620000  2
91  1  42.61340000  17.40760000  42.66010000  3
92  1  11.36880000  5.36823000  14.87110000  3
93  1  49.17280000  47.98270000  6.07407000  3
94  1  8.93792000  35.10290000  46.20320000  2
95  1  5.52764000  38.52220000  9.36881000  3
96  1  38.00530000  35.40040000  13.29540000  3
97  1  43.45090000  43.39760000  8.19408000  3
98  1  47.77100000  9.92913000  44.40190000  3
99  1  11.48000000  21.18270000  11.11770000  3
100  1  38.38560000  42.99060000  28.64460000  3
101  1  2.14251000  30.90880000  47.16660000  3
102  1  17.56430000  39.48440000  42.34480000  3
103  1  9.87555000  25.84580000  39.60110000  3
104  1  14.36930000  7.36002000  32.80940000  3
105  1  25.54110000  7.95054000  22.92730000  3
106  1  27.68620000  50.80010000  7.68066000  3
107  1  38.94980000  20.04750000  36.06400000  3
108  1  26.75980000  24.28580000  15.26510000  3
109  1  37.46190000  33.54620000  24.23780000  3
110  1  48.48990000  28.63080000  19.59900000  3
111  1  44.21020000  3.17856000  28.73900000  3
112  1  49.51420000  20.16370000  15.96530000  3
113  1  27.86340000  44.90720000  21.19740000  3
114  1  23.06070000  21.03280000  42.71500000  3
115  1  7.35948000  7.48673000  20.53440000  3
116  1  36.45830000  0.93422100  24.72000000  3
117  1  18.86480000  10.68290000  16.03090000  3
118  1  26.78430000  33.33150000  17.34390000  3
119  1  39.37940000  10.07820000  3.32448000  3
120  1  49.50510000  44.85060000  21.82990000  3
121  1  44.80380000  41.65740000  16.32960000  3
122  1  41.63010000  1.83628000  18.01450000  3
123  1  17.54030000  23.17510000  5.60759000  3
124  1  11.62450000  24.71390000  21.16230000  3
125  1  36.04200000  13.52640000  10.97790000  3
126  1  49.13890000  1.41732000  0.35878000  3
127  1  21.19880000  37.45630000  42.27470000  3
128  1  0.11373200  19.04680000  23.02280000  3
129  1  25.99680000  41.81800000  26.22570000  3
130  1  18.42080000  3.49508000  3.21212000  3
131  1  48.77380000  34.49220000  31.29790000  3
132  1  36.95010000  33.48640000  20.53660000  3
133  1  37.88500000  15.54880000  3.04549000  3
134  1  22.09040000  7.14162000  9.80619000  3
135  1  19.49980000  22.18890000  50.95700000  3
136  1  14.55270000  42.49090000  47.10940000  3
137  1  25.44460000  42.60700000  0.13175400  3
138  1  34.58820000  18.14420000  39.31400000  3
139  1  11.74900000  45.10410000  34.69540000  3
140  1  10.12780000  47.09140000  26.05920000  3
141  1  11.99540000  42.54630000  37.45050000  3
142  1  14.94050000  20.26330000  7.75773000  3
143  1  4.27872000  9.71423000  36.86540000  3
144  1  12.15570000  12.27750000  25.85500000  3
145  1  8.63459000  19.43310000  34.07280000  3
146  1  44.52490000  22.82250000  15.80050000  3
147  1  0.34268400  6.89664000  24.52090000  3
148  1  15.02320000  27.53810000  39.19680000  3
149  1  30.38010000  8.37959000  39.39330000  3
150  1  31.63020000  9.41261000  17.97550000  3
151  1  11.91190000  32.87470000  40.51280000  3
152  1  50.73770000  3.83649000  15.48070000  3
153  1  32.69160000  17.56670000  18.30760000  3
154  1  4.03869000  35.68770000  24.09510000  3
155  1  32.86580000  1.12492000  33.68340000  3
156  1  5.48949000  40.91080000  38.32450000  3
157  1  22.79040000  40.69840000  30.94270000  3
158  1  24.45300000  7.60602000  43.46310000  3
159  1  17.15780000  42.49630000  50.13990000  3
160  1  35.21080000  38.88750000  44.39230000  3
161  1  24.73570000  19.50870000  22.96480000  3
162  1  35.14060000  27.81770000  10.57120000  3
163  1  36.51040000  6.56019000  34.51190000  3
164  1  25.42420000  30.69580000  42.08140000  3
165  1  43.07100000  25.80330000  21.43940000  3
166  1  13.15650000  12.87370000  47.70130000  3
167  1  45.05450000  42.52170000  39.91060000  2
168  1  1.18918000  37.64840000  8.80116000  3
169  1  14.48120000  46.80390000  44.80990000  3
170  1  36.18700000  31.44490000  23.86360000  3
171  1  17.85780000  33.83200000  15.30090000  3
172  1  10.12980000  16.86390000  6.11437000  3
173  1  5.04821000  20.70920000  35.66650000  2
174  1  50.62360000  36.26990000  50.03380000  3
175  1  17.61490000  21.39500000  17.51620000  3
176  1  9.02516000  39.70560000  40.39190000  3
177  1  13.22670000  9.24682000  35.61070000  3
178  1  10.19400000  42.84030000  33.66580000  3
179  1  47.10870000  18.12860000  18.56150000  3
180  1  4.42222000  19.29330000  17.36270000  3
181  1  50.11960000  49.86900000  7.25295000  3
182  1  1.98309000  19.71990000  1.76327000  3
183  1  41.96610000  31.51690000  0.41736800  3
184  1  2.16037000  17.80310000  36.29510000  3
185  1  21.68430000  0.54981000  14.56870000  3
186  1  38.62870000  17.25360000  18.59390000  3
187  1  29.30630000  23.13840000  20.39480000  3
188  1  42.22910000  6.41374000  20.24730000  3
189  1  37.35420000  48.41900000  13.74460000  3
190  1  41.16350000  11.68630000  27.88900000  3
191  1  37.19340000  49.47480000  14.69700000  3
192  1  33.73080000  29.32930000  20.40530000  3
193  1  49.62060000  31.07400000  6.33877000  3
194  1  0.23207000  50.86530000  27.48100000  3
195  1  16.29890000  1.47483000  49.11690000  3
196  1  29.70910000  21.62370000  1.32979000  3
197  1  48.80130000  27.68840000  18.62090000  3
198  1  45.96420000  6.73890000  43.11070000  3
199  1  13.88990000  29.37630000  31.13160000  3
200  1  42.51120000  45.80030000  13.22050000  3
201  1  43.70780000  0.25974600  32.54850000  3
202  1  17.25390000  38.77080000  37.36340000  3
203  1  5.53919000  34.22710000  22.75930000  3
204  1  25.79020000  49.07840000  14.30130000  3
205  1  2.98383000  35.63280000  6.29215000  3
206  1  24.07620000  49.56670000  20.28300000  3
207  1  24.27190000  18.69590000  27.28530000  3
208  1  9.50894000  38.73700000  14.36320000  3
209  1  30.87850000  45.12300000  23.34170000  3
210  1  10.11590000  35.63430000  18.64010000  3
211  1  21.72230000  5.16877000  29.57320000  3
212  1  50.90880000  44.86500000  21.74100000  3
213  1  42.71430000  24.48700000  19.38140000  3
214  1  1.01071000  16.39490000  49.77370000  3
215  1  46.75640000  22.45220000  12.72090000  3
216  1  48.68110000  43.41040000  30.12970000  3
217  1  48.97300000  1.80636000  6.78756000  2
218  1  35.93140000  5.28506000  42.49280000  3
219  1  39.28260000  48.09140000  34.02380000  3
220  1  0.66263900  17.58560000  12.00980000  3
221  1  4.35312000  12.48300000  5.12914000  3
222  1  25.93450000  34.93570000  2.98794000  3
223  1  48.75440000  39.28960000  43.55300000  3
224  1  15.04550000  17.51950000  28.27780000  3
225  1  20.47790000  1.08078000  23.74000000  2
226  1  41.82080000  2.13463000  27.03520000  2
227  1  5.47067000  36.86290000  12.37540000  3
228  1  46.38840000  20.07490000  40.51470000  3
229  1  1.09804000  24.18110000  10.39960000  3
230  1  2.89778000  39.46840000  25.80840000  3
231  1  20.07620000  40.59150000  34.97810000  2
232  1  38.28020000  25.24100000  5.70586000  3
233  1  35.53960000  5.31757000  37.22080000  3
234  1  33.27050000  31.01250000  29.50440000  3
235  1  14.71020000  5.57040000  13.69170000  3
236  1  48.96010000  17.00250000  2.67649000  3
237  1  15.06520000  32.12420000  21.10280000  3
238  1  22.02120000  20.45880000  11.12180000  3
239  1  34.39310000  10.62310000  0.71699400  3
240  1  45.67830000  39.65150000  14.97880000  3
241  1  41.48770000  24.35520000  39.77130000  3
242  1  24.12550000  2.76439000  47.39490000  3
243  1  21.79720000  7.15187000  26.80620000  3
244  1  46.35450000  29.85190000  2.03808000  3
245  1  12.20850000  34.13270000  18.46940000  3
246  1  18.55360000  33.96570000  0.37984700  3
247  1  48.53020000  6.23761000  17.31000000  3
248  1  42.43080000  32.83320000  50.98140000  3
249  1  44.54100000  17.87130000  8.60705000  3
250  1  26.78020000  33.17210000  42.59520000  3
251  1  50.68100000  39.88310000  39.00270000  3
252  1  50.44900000  6.14080000  41.16190000  3
253  1  39.07230000  2.37286000  2.69889000  3
254  1  22.67200000  0.68385800  42.27920000  3
255  1  38.61920000  6.11992000  27.27660000  3
256  1  34.87120000  45.96070000  8.66155000  3
257  1  1.90175000  5.02602000  12.67330000  3
258  1  35.28890000  32.87310000  28.69190000  3
259  1  25.43760000  40.67230000  35.25570000  3
260  1  18.92810000  5.19370000  16.39640000  3
261  1  31.33340000  11.39990000  43.66830000  3
262  1  16.21080000  48.95360000  49.24570000  3
263  1  0.74972700  0.87356600  25.37820000  3
264  1  1.11267000  31.59050000  49.32840000  3
265  1  43.78580000  39.76750000  44.35800000  3
266  1  38.39990000  35.70760000  35.86940000  3
267  1  30.02040000  47.82870000  23.26650000  3
268  1  2.72924000  32.03970000  24.14810000  3
269  1  12.57630000  9.34279000  16.85950000  3
270  1  26.95370000  39.77130000  33.59570000  3
271  1  2.26693000  28.90250000  5.49070000  3
272  1  17.63330000  28.99590000  47.76330000  3
273  1  13.70500000  46.30980000  43.73370000  3
274  1  45.99140000  12.82380000  40.89260000  2
275  1  37.16580000  8.15676000  4.39658000  3
276  1  26.22950000  10.02150000  6.44106000  3
277  1  18.48700000  13.50450000  12.00370000  3
278  1  7.52228000  40.13960000  49.37220000  3
279  1  35.62610000  22.20060000  44.93400000  3
280  1  44.14560000  16.47140000  6.50084000  3
281  1  50.85210000  18.43930000  2.89060000  3
282  1  29.37950000  29.20520000  12.75070000  3
283  1  1.86878000  43.31700000  11.44680000  3
284  1  4.84061000  8.84467000  24.68300000  3
285  1  18.39590000  11.10590000  2.36528000  3
286  1  16.32070000  50.50930000  18.92000000  3
287  1  49.46970000  17.50520000  44.65040000  3
288  1  13.06170000  33.72740000  40.47970000  3
289  1  9.02975000  26.33010000  8.76675000  3
290  1  46.97500000  16.52530000  28.45140000  3
291  1  38.49350000  1.44710000  29.31070000  3
292  1  50.48520000  42.80840000  11.59580000  3
293  1  41.94940000  10.60580000  46.39100000  3
294  1  21.43440000  25.78450000  40.45540000  3
295  1  45.77420000  45.64950000  4.81925000  3
296  1  44.23980000  25.97400000  6.92348000  3
297  1  2.34508000  18.05150000  42.61260000  3
298  1  42.58180000  30.30270000  37.36860000  3
299  1  25.65900000  12.85580000  13.08240000  3
300  1  9.26954000  37.04470000  0.68856300  3
301  1  50.39600000  42.59070000  31.64330000  3
302  1  47.03510000  39.21170000  14.96390000  3
303  1  10.74540000  42.88300000  5.27568000  3
304  1  39.20220000  44.78670000  27.12070000  3
305  1  0.41306000  13.71810000  40.27070000  2
306  1  43.96990000  38.14580000  13.80210000  3
307  1  5.80459000  5.52885000  44.99350000  3
308  1  9.31202000  50.03400000  5.31017000  3
309  1  10.08910000  16.89380000  29.71000000  3
310  1  41.57510000  26.31390000  50.78400000  3
311  1  43.06430000  16.84790000  17.18790000  3
312  1  28.49480000  28.09560000  12.78780000  3
313  1  38.87920000  7.50227000  2.78518000  3
314  1  24.10580000  30.76660000  36.88220000  3
315  1  27.57710000  8.66874000  41.81360000  3
316  1  7.08911000  42.24090000  45.88220000  3
317  1  7.47777000  26.64190000  13.18270000  3
318  1  32.70970000  15.40340000  34.14000000  3
319  1  37.22310000  24.42920000  41.50020000  3
320  1  35.07370000  40.47600000  50.28940000  2
321  1  35.47080000  36.49490000  44.93530000  3
322  1  39.30110000  12.79990000  29.21250000  3
323  1  34.06480000  38.44520000  4.91182000  3
324  1  25.49090000  30.94160000  36.93950000  3
325  1  39.19460000  44.20010000  3.89046000  3
326  1  33.00770000  29.73680000  43.85950000  3
327  1  2.84819000  2.92691000  9.78506000  3
328  1  7.11862000  17.68080000  36.57570000  3
329  1  7.63960000  1.08873000  32.03430000  3
330  1  46.68550000  42.77590000  12.24170000  3
331  1  7.54231000  48.49280000  41.73300000  3
332  1  6.81163000  36.62970000  40.89350000  3
333  1  50.43220000  41.43960000  28.18150000  3
334  1  44.35450000  19.69630000  11.91190000  3
335  1  2.96139000  50.08650000  40.05690000  3
336  1  15.42480000  7.13415000  4.53965000  3
337  1  38.60490000  8.68819000  37.27000000  3
338  1  4.14423000  9.28377000  12.01130000  3
339  1  42.55030000  37.67570000  13.87740000  3
340  1  24.34270000  1.29227000  47.38990000  3
341  1  2.50699000  27.03140000  29.38670000  3
342  1  10.80620000  41.49650000  35.66690000  3
343  1  5.19906000  37.73000000  13.46050000  3
344  1  40.17140000  18.56580000  27.66090000  3
345  1  48.07650000  42.29820000  11.97880000  3
346  1  32.52120000  46.42510000  31.47710000  3
347  1  21.77390000  10.52200000  21.27010000  3
348  1  27.60140000  26.03180000  37.16520000  3
349  1  45.80690000  43.34440000  34.99240000  3
350  1  21.50240000  9.36701000  10.90090000  3
351  1  43.25910000  24.35220000  33.59330000  3
352  1  6.42484000  15.64180000  47.59810000  3
353  1  47.33270000  45.64670000  45.80180000  3
354  1  23.35780000  22.30130000  42.37890000  3
355  1  49.75930000  39.18910000  10.96820000  3
356  1  27.20540000  9.97777000  28.57670000  3
357  1  24.73290000  3.51123000  48.58520000  3
358  1  13.00050000  26.87810000  17.61220000  3
359  1  30.08260000  44.95190000  12.00930000  3
360  1  1.57285000  29.89350000  31.17440000  3
361  1  45.95720000  12.00040000  35.53440000  3
362  1  41.09050000  24.21280000  50.28210000  3
363  1  2.87108000  41.56730000  24.79570000  3
364  1  15.84490000  31.06910000  21.65300000  3
365  1  8.78231000  31.32390000  33.93590000  2
366  1  33.55670000  41.65560000  42.50010000  2
367  1  43.04140000  28.03530000  38.23140000  3
368  1  13.11570000  42.44290000  47.06880000  3
369  1  29.89310000  17.34300000  35.73070000  3
370  1  27.77200000  27.68280000  11.60180000  3
371  1  28.42860000  13.79440000  5.73366000  3
372  1  2.69202000  40.02150000  48.71480000  3
373  1  29.82160000  13.93740000  5.34745000  3
374  1  14.19740000  32.48640000  33.96790000  3
375  1  45.87680000  26.53500000  25.10480000  3
376  1  38.57190000  10.35050000  4.47013000  3
377  1  39.50490000  39.10340000  40.14080000  3
378  1  13.50500000  19.10690000  41.62460000  3
379  1  35.77030000  45.90970000  9.85521000  3
380  1  9.61192000  38.81020000  6.23844000  3
381  1  47.37830000  47.27590000  30.80340000  3
382  1  27.52610000  48.39090000  50.31060000  3
383  1  29.63900000  2.93791000  38.25160000  3
384  1  30.61740000  8.82043000  37.93960000  3
385  1  35.81800000  48.12220000  43.73400000  3
386  1  13.14930000  14.58150000  45.85480000  3
387  1  23.86440000  20.26750000  43.57920000  3
388  1  13.11260000  5.51188000  28.43670000  3
389  1  7.66286000  12.36650000  2.02650000  3
390  1  2.75450000  41.12240000  15.09720000  3
391  1  3.62080000  18.89110000  13.63640000  3
392  1  4.47322000  26.56490000  31.40360000  3
393  1  32.88870000  24.71720000  23.66410000  3
394  1  31.18690000  29.56610000  50.37080000  3
395  1  32.85200000  5.74110000  15.60670000  3
396  1  15.02040000  2.66364000  47.54540000  3
397  1  30.91460000  33.16310000  42.85870000  3
398  1  11.91980000  17.32710000  17.14370000  3
399  1  31.35930000  24.09920000  3.62467000  3
400  1  13.11610000  5.72501000  43.66140000  3
401  1  33.91390000  18.30610000  18.68620000  3
402  1  32.11630000  46.35830000  49.32280000  3
403  1  49.62660000  2.12545000  4.29525000  3
404  1  35.70080000  13.80680000  7.19501000  3
405  1  44.21370000  31.38710000  35.94610000  3
406  1  27.66930000  26.15140000  14.02720000  3
407  1  19.43980000  16.16050000  44.97360000  3
408  1  12.71630000  35.10190000  6.34485000  3
409  1  13.70790000  44.87440000  6.77990000  3
410  1  8.81692000  35.75420000  0.87724400  3
411  1  13.30090000  21.30380000  40.44450000  3
412  1  17.65250000  50.69260000  14.98680000  3
413  1  21.24850000  7.44443000  29.06610000  2
414  1  32.88080000  20.14800000  15.77840000  3
415  1  49.41540000  23.26800000  17.95580000  3
416  1  38.54570000  15.83450000  37.04540000  3
417  1  3.74860000  37.00460000  24.65950000  3
418  1  27.87660000  19.74230000  26.82680000  3
419  1  29.59610000  46.91710000  48.28670000  3
420  1  30.90110000  48.73830000  7.93796000  3
421  1  15.71460000  18.21810000  42.24360000  3
422  1  12.26600000  46.63590000  6.97026000  3
423  1  40.59260000  36.50700000  13.01350000  3
424  1  1.77267000  33.24660000  47.57410000  3
425  1  20.64820000  9.24831000  44.16920000  3
426  1  43.59730000  50.20580000  33.56700000  3
427  1  2.13584000  22.21520000  43.06030000  3
428  1  37.64280000  32.20670000  36.16430000  3
429  1  24.74450000  6.31995000  44.02980000  3
430  1  26.04840000  37.63420000  31.30400000  3
431  1  48.71310000  45.01320000  20.65630000  3
432  1  10.22590000  49.60230000  6.32382000  3
433  1  46.11870000  8.15643000  11.67590000  3
434  1  13.44130000  31.60710000  31.90480000  3
435  1  24.74940000  47.19060000  1.50906000  2
436  1  33.68620000  50.65570000  13.89090000  3
437  1  34.28510000  43.23710000  36.08710000  3
438  1  35.82710000  30.78700000  36.38920000  3
439  1  30.29840000  6.53409000  38.07180000  3
440  1  48.17870000  27.55900000  6.42072000  3
441  1  22.32940000  8.20718000  21.20870000  3
442  1  27.91040000  7.38611000  11.68210000  3
443  1  28.63680000  24.67420000  47.84720000  3
444  1  18.30370000  34.55040000  14.14850000  3
445  1  3.11491000  43.75880000  34.97790000  3
446  1  5.66514000  17.31290000  17.53130000  3
447  1  49.45470000  38.36640000  48.65510000  3
448  1  5.75904000  18.09710000  47.23080000  3
449  1  17.87110000  35.54950000  40.74240000  3
450  1  48.86510000  25.37130000  5.62539000  3
451  1  41.02090000  46.35100000  28.08810000  3
452  1  2.28137000  42.69230000  24.18250000  3
453  1  20.09280000  32.24020000  48.90360000  3
454  1  18.05810000  4.89222000  3.07184000  3
455  1  2.20572000  1.13013000  40.90280000  3
456  1  1.11393000  16.67490000  10.93890000  3
457  1  24.20610000  13.64530000  40.46450000  3
458  1  1.15609000  20.34910000  5.89123000  3
459  1  47.11020000  26.58200000  31.63890000  3
460  1  46.68890000  15.65260000  19.90010000  3
461  1  33.71410000  15.57220000  33.08340000  3
462  1  46.33460000  1.96889000  28.59980000  3
463  1  22.41950000  6.03299000  44.88710000  3
464  1  15.54080000  46.05010000  23.27890000  3
465  1  16.31940000  3.50133000  45.34270000  3
466  1  41.63570000  3.57262000  14.72060000  3
467  1  23.15130000  47.89370000  3.18366000  3
468  1  11.79400000  17.48020000  19.38930000  3
469  1  36.61830000  49.21310000  24.07030000  3
470  1  5.45247000  38.58360000  39.89790000  3
471  1  4.67269000  30.41320000  10.16360000  3
472  1  45.21030000  43.83280000  45.52400000  3
473  1  31.82610000  48.08190000  7.02680000  3
474  1  39.93650000  49.50840000  8.95028000  3
475  1  49.72050000  14.31780000  48.61340000  3
476  1  23.13670000  8.13358000  43.77020000  3
477  1  7.77276000  11.37940000  28.03690000  3
478  1  13.47970000  34.68610000  34.76070000  3
479  1  10.11880000  46.48550000  46.58220000  3
480  1  10.11990000  40.89690000  13.03470000  3
481  1  24.88350000  2.75049000  49.89210000  3
482  1  21.40420000  41.77290000  47.04840000  3
483  1  28.19240000  9.08672000  28.19340000  3
484  1  30.31150000  8.89866000  31.27440000  3
485  1  8.07339000  19.47510000  25.87590000  3
486  1  0.53514700  43.73810000  11.69330000  3
487  1  2.93717000  7.19128000  12.29390000  3
488  1  32.69640000  24.14270000  3.18266000  3
489  1  50.45180000  11.49040000  21.28110000  3
490  1  7.66990000  12.37410000  43.30370000  3
491  1  44.79560000  33.65610000  27.41600000  3
492  1  32.19870000  22.00080000  26.24550000  3
493  1  13.42930000  33.97770000  21.72350000  2
494  1  29.13080000  8.44819000  10.07350000  3
495  1  16.78930000  0.62333100  35.28600000  3
496  1  23.10990000  40.46980000  45.70840000  3
497  1  15.89920000  10.87880000  41.30160000  3
498  1  46.47230000  32.22750000  17.89660000  3
499  1  17.42610000  26.65770000  46.83140000  3
500  1  35.96790000  28.45930000  41.11150000  3
501  1  47.20240000  48.63580000  30.43730000  3
502  1  44.92070000  23.91480000  5.87316000  3
503  1  17.11980000  29.33170000  39.19940000  3
504  1  38.58020000  43.42880000  35.16750000  3
505  1  50.53750000  13.92600000  44.05290000  3
506  1  27.70450000  47.61970000  14.15510000  3
507  1  37.69250000  23.62650000  35.65810000  3
508  1  8.32630000  4.38706000  10.12950000  3
509  1  25.83520000  31.91250000  19.09530000  3
510  1  13.57490000  10.34390000  41.84040000  3
511  1  44.50200000  49.50720000  15.87300000  3
512  1  0.16375300  43.78280000  23.89520000  3
513  1  40.58470000  31.75470000  31.95550000  2
514  1  28.36000000  47.09310000  46.10340000  3
515  1  30.09690000  28.58610000  50.45350000  3
516  1  11.05530000  1.04193000  28.71300000  3
517  1  47.08600000  5.70638000  36.22790000  3
518  1  44.48650000  21.26440000  13.87330000  3
519  1  31.07530000  43.74210000  23.53930000  2
520  1  32.07680000  30.28320000  29.54070000  3
521  1  23.39160000  41.60780000  12.78500000  3
522  1  19.43230000  9.93450000  31.93190000  3
523  1  17.93690000  20.05040000  17.90610000  3
524  1  4.24839000  20.94260000  28.68630000  3
525  1  37.81080000  34.52090000  20.01580000  3
526  1  46.76320000  44.26410000  22.07950000  3
527  1  44.87010000  49.98680000  48.29800000  3
528  1  30.11240000  49.69490000  10.29040000  3
529  1  8.99864000  41.17300000  39.98110000  3
530  1  28.15600000  12.95670000  23.62750000  2
531  1  18.48130000  26.32320000  17.27060000  3
532  1  50.95780000  0.82311500  26.52970000  3
533  1  2.95272000  38.42020000  39.92170000  3
534  1  45.08710000  4.92825000  40.97910000  3
535  1  8.62328000  9.47472000  29.28460000  3
536  1  42.43870000  15.46730000  17.12670000  3
537  1  48.56000000  42.74450000  47.71730000  2
538  1  24.62810000  34.18900000  1.04649000  3
539  1  22.16640000  15.03250000  39.72890000  3
540  1  36.72990000  4.89611000  10.56540000  3
541  1  33.19070000  18.66400000  0.01671200  3
542  1  30.57380000  36.47940000  9.78834000  3
543  1  47.11260000  11.56850000  20.60660000  3
544  1  10.54940000  27.08190000  39.65660000  3
545  1  23.54890000  38.97690000  26.22280000  3
546  1  49.23680000  42.68100000  44.37760000  4
547  1  19.58010000  13.45450000  49.09320000  3
548  1  44.58720000  27.26150000  7.43478000  3
549  1  33.23350000  34.05100000  6.21100000  3
550  1  12.90400000  25.14670000  29.40390000  3
551  1  18.26610000  11.59340000  8.06198000  3
552  1  36.59320000  24.47260000  35.95440000  3
553  1  33.90960000  33.66450000  11.18420000  3
554  1  49.52830000  18.46070000  21.27400000  3
555  1  47.25360000  1.26114000  41.08730000  3
556  1  11.27060000  50.63010000  9.81258000  3
557  1  43.14980000  20.45820000  26.41810000  3
558  1  13.03120000  23.93410000  23.84290000  2
559  1  45.20960000  11.09660000  44.70910000  3
560  1  32.05870000  38.69070000  40.78570000  3
561  1  7.84503000  19.45390000  35.13350000  2
562  1  3.63427000  34.49190000  6.70630000  3
563  1  37.63240000  1.91420000  27.09980000  3
564  1  16.14810000  8.28114000  21.82380000  3
565  1  32.23230000  31.48850000  0.42165500  3
566  1  38.95320000  0.18641000  28.80780000  3
567  1  47.92430000  7.19821000  44.44530000  3
568  1  36.09090000  37.71220000  44.48930000  3
569  1  3.17609000  0.97896800  41.89150000  3
570  1  46.64000000  14.32700000  20.43330000  3
571  1  5.08513000  8.68153000  11.08520000  3
572  1  11.28230000  40.59590000  5.94606000  3
573  1  42.31970000  36.62790000  6.86559000  3
574  1  12.18550000  48.57680000  32.27690000  3
575  1  2.77728000  43.06480000  22.82150000  3
576  1  32.64420000  18.09570000  23.47210000  3
577  1  19.81400000  25.52690000  25.11400000  3
578  1  26.69430000  33.01020000  18.76580000  3
579  1  35.92170000  34.61120000  12.34570000  3
580  1  23.05450000  43.62680000  15.99350000  3
581  1  40.52700000  4.46092000  51.01170000  4
582  1  35.36860000  50.64920000  36.51920000  3
583  1  9.10978000  8.81387000  19.50070000  3
584  1  24.80550000  3.31998000  21.30200000  3
585  1  17.84050000  1.23806000  50.77530000  3
586  1  1.68405000  21.22980000  8.19475000  3
587  1  13.00660000  36.53350000  1.17956000  3
588  1  5.93466000  24.58660000  12.07580000  3
589  1  7.15986000  28.11170000  8.57052000  3
590  1  35.88220000  50.11300000  23.28860000  3
591  1  49.14920000  43.23730000  12.07090000  3
592  1  36.36740000  34.93330000  10.99350000  3
593  1  39.30320000  6.45932000  1.81566000  3
594  1  34.72450000  27.88410000  11.96970000  3
595  1  18.44590000  48.87310000  11.89840000  3
596  1  22.63650000  21.28370000  37.84870000  3
597  1  11.96510000  46.54850000  22.27210000  3
598  1  45.47320000  15.84760000  3.69478000  3
599  1  14.86300000  24.50300000  3.25991000  3
600  1  40.44670000  0.53929100  1.03140000  3
601  1  8.16733000  8.29766000  44.54940000  3
602  1  29.40490000  40.04760000  39.28900000  3
603  1  32.48300000  29.93760000  18.37210000  3
604  1  49.42200000  16.54640000  12.18000000  3
605  1  11.83280000  37.75560000  13.41680000  3
606  1  48.89900000  22.78850000  39.57850000  3
607  1  22.81470000  44.14670000  38.62220000  3
608  1  37.04890000  6.83394000  13.07510000  3
609  1  15.16020000  26.55320000  32.93670000  3
610  1  32.05400000  1.66315000  29.93230000  3
611  1  50.08660000  30.71570000  24.94700000  3
612  1  23.94890000  15.36700000  28.98460000  3
613  1  38.23000000  12.65000000  30.10690000  3
614  1  48.79330000  44.11470000  44.48040000  3
615  1  42.11100000  32.89950000  15.47220000  3
616  1  34.08380000  33.58730000  36.73930000  3
617  1  37.63520000  5.66079000  12.89160000  3
618  1  45.42510000  21.35790000  48.04660000  3
619  1  27.56400000  29.49300000  27.10450000  3
620  1  6.90999000  4.92211000  50.21940000  3
621  1  37.79210000  42.90030000  9.39541000  3
622  1  1.18988000  36.69590000  42.28570000  3
623  1  48.93160000  14.53770000  10.92000000  3
624  1  14.16770000  46.54810000  42.38120000  3
625  1  18.67050000  49.84160000  33.09760000  3
626  1  42.53400000  35.92450000  9.21242000  3
627  1  16.53330000  25.09300000  48.55590000  3
628  1  1.58553000  38.76360000  50.66150000  3
629  1  47.55490000  26.81090000  16.41080000  3
630  1  17.13540000  2.48741000  43.22500000  3
631  1  44.75680000  31.39860000  41.42320000  3
632  1  27.12910000  8.43849000  24.67820000  3
633  1  23.28920000  4.50836000  9.06128000  3
634  1  17.86360000  29.71400000  21.69550000  3
635  1  36.91740000  33.66580000  40.62920000  3
636  1  37.11240000  44.08610000  8.91182000  3
637  1  24.49510000  16.81290000  32.99130000  3
638  1  8.85476000  3.50099000  17.39970000  3
639  1  18.52760000  23.40430000  24.58100000  3
640  1  9.29613000  2.57171000  14.98810000  3
641  1  14.49490000  16.31100000  27.59350000  3
642  1  34.52530000  30.44550000  28.89410000  4
643  1  17.58730000  29.09220000  35.27850000  3
644  1  26.63140000  32.08200000  47.86180000  3
645  1  48.52790000  30.89840000  15.20070000  3
646  1  45.49030000  23.54900000  49.17350000  3
647  1  50.18870000  23.03300000  22.25870000  3
648  1  21.89610000  9.07019000  32.66020000  3
649  1  29.44460000  47.59880000  15.92510000  3
650  1  21.67310000  28.64050000  19.07190000  3
651  1  26.25880000  5.46729000  17.42230000  3
652  1  3.97170000  26.40140000  42.52600000  3
653  1  10.89570000  40.75130000  50.52990000  3
654  1  3.16107000  44.70420000  33.94630000  3
655  1  22.74410000  13.93440000  40.39600000  3
656  1  3.12738000  13.18840000  43.84840000  3
657  1  38.61230000  21.76940000  18.31060000  3
658  1  30.11190000  38.30740000  47.51530000  3
659  1  23.63220000  33.26680000  7.30087000  3
660  1  43.49870000  5.00121000  14.15150000  3
661  1  49.91900000  48.27240000  40.48600000  3
662  1  8.41024000  7.17314000  28.45170000  2
663  1  30.83130000  49.47620000  25.36920000  3
664  1  34.88960000  17.01790000  31.42610000  3
665  1  3.74075000  48.12780000  29.85970000  3
666  1  38.17170000  0.00296871  16.37120000  3
667  1  37.83400000  36.84240000  7.49858000  3
668  1  16.65510000  28.71790000  48.70930000  3
669  1  23.40670000  10.88320000  17.18740000  3
670  1  33.04560000  48.13040000  19.05100000  3
671  1  24.48470000  49.65700000  32.08330000  2
672  1  24.86060000  13.50000000  10.80000000  3
673  1  27.56230000  47.70130000  43.86740000  3
674  1  14.34180000  33.12550000  40.17150000  3
675  1  4.57923000  27.54390000  41.94660000  3
676  1  28.55650000  40.04150000  31.78910000  3
677  1  13.46500000  29.66370000  29.80550000  3
678  1  19.53040000  26.80930000  39.68160000  3
679  1  30.24350000  8.42923000  9.23896000  3
680  1  4.06699000  12.27300000  44.29030000  3
681  1  30.31900000  10.94040000  44.61880000  3
682  1  6.76874000  34.03260000  22.00140000  3
683  1  48.70760000  33.36240000  2.12421000  3
684  1  22.19470000  45.19580000  39.41050000  3
685  1  30.49760000  37.28420000  14.80810000  3
686  1  48.83640000  11.29380000  9.09725000  3
687  1  8.91942000  12.68710000  50.28980000  3
688  1  33.34120000  27.44040000  12.20190000  3
689  1  28.71640000  8.57662000  48.25440000  3
690  1  14.78720000  2.31572000  33.88410000  2
691  1  27.35510000  10.18330000  5.52925000  3
692  1  13.31730000  28.78000000  28.67950000  3
693  1  7.45694000  47.10780000  41.71060000  3
694  1  48.34710000  9.93734000  9.26823000  3
695  1  19.63150000  1.00698000  5.63623000  3
696  1  1.51226000  41.52600000  4.89195000  3
697  1  27.46890000  33.74970000  19.75630000  3
698  1  30.74580000  44.13040000  9.87345000  3
699  1  25.16050000  28.70800000  37.05130000  3
700  1  40.30310000  38.11140000  44.35820000  3
701  1  43.26260000  32.07190000  19.63900000  3
702  1  28.41950000  46.54950000  13.58910000  3
703  1  28.96980000  45.50470000  11.38600000  3
704  1  39.34200000  19.43340000  17.67430000  3
705  1  37.94960000  35.71480000  27.38700000  3
706  1  10.22890000  41.02170000  28.80870000  3
707  1  40.54070000  44.89090000  45.41880000  3
708  1  42.50920000  36.84850000  40.05240000  3
709  1  37.63460000  2.66861000  9.96163000  3
710  1  10.72120000  37.27570000  0.86987200  3
711  1  11.09140000  11.14270000  2.75731000  3
712  1  1.04525000  30.94260000  5.92624000  3
713  1  26.08160000  26.26770000  10.50420000  3
714  1  36.50060000  37.70100000  30.15550000  3
715  1  41.87820000  22.13200000  49.00250000  3
716  1  40.05970000  8.67408000  25.83960000  3
717  1  4.38548000  30.65790000  12.63930000  3
718  1  28.93420000  6.72723000  41.37600000  3
719  1  35.24310000  26.95660000  43.48680000  3
720  1  10.07780000  11.95210000  3.31889000  3
721  1  46.74820000  42.28700000  44.46630000  3
722  1  23.86310000  10.32380000  42.67500000  3
723  1  30.49940000  15.70530000  0.21729800  3
724  1  19.90850000  47.20830000  10.11000000  3
725  1  44.03490000  35.81550000  5.35487000  3
726  1  23.57420000  17.34510000  22.97570000  3
727  1  8.75695000  46.38900000  41.80260000  3
728  1  31.57640000  25.97880000  11.52020000  3
729  1  13.95470000  17.34650000  49.35970000  3
730  1  10.15550000  38.12800000  33.15920000  3
731  1  29.46650000  35.72730000  13.18540000  3
732  1  38.37260000  22.38120000  40.95450000  3
733  1  15.25490000  45.69000000  18.39340000  3
734  1  41.15450000  20.93420000  48.52610000  3
735  1  35.62040000  48.86840000  41.29360000  3
736  1  19.75460000  0.19488200  25.84030000  3
737  1  12.18170000  47.44900000  33.07760000  3
738  1  3.23700000  48.88330000  2.45733000  3
739  1  4.14531000  42.23790000  20.82840000  3
740  1  50.65800000  21.94880000  9.41494000  3
741  1  39.50620000  2.71264000  1.34648000  3
742  1  18.10100000  26.48550000  13.04450000  3
743  1  25.87080000  13.17510000  11.70070000  3
744  1  31.21900000  1.44501000  27.58520000  3
745  1  38.52230000  4.64719000  3.29484000  3
746  1  43.88880000  44.05910000  49.07560000  3
747  1  48.95110000  48.71380000  44.05480000  3
748  1  46.12390000  48.47110000  10.14770000  3
749  1  42.46750000  3.06236000  34.42620000  3
750  1  24.67550000  4.97368000  11.12530000  3
751  1  36.94330000  30.88510000  47.84930000  3
752  1  17.41920000  42.70200000  27.64820000  3
753  1  18.45540000  6.58533000  50.71740000  3
754  1  0.99099400  22.38000000  24.37080000  3
755  1  44.48120000  13.79840000  28.11450000  3
756  1  29.68620000  0.18668800  12.34180000  3
757  1  32.55890000  1.63859000  14.44230000  3
758  1  41.63870000  45.09230000  9.36427000  3
759  1  2.70357000  39.99810000  9.10137000  3
760  1  22.11200000  47.01110000  19.65580000  3
761  1  48.05490000  21.83330000  46.99500000  3
762  1  38.66830000  38.05160000  28.91370000  3
763  1  36.94850000  28.90420000  40.17650000  3
764  1  24.51180000  25.49840000  47.64990000  2
765  1  27.06600000  41.46650000  49.64340000  3
766  1  40.27960000  3.52011000  19.16600000  3
767  1  10.86890000  12.63250000  18.93330000  3
768  1  37.88920000  26.17500000  6.66586000  3
769  1  31.57260000  43.57620000  7.59876000  3
770  1  26.31020000  11.26380000  3.37101000  3
771  1  49.10600000  36.65710000  30.30980000  3
772  1  33.91110000  28.67700000  44.19380000  3
773  1  38.62080000  50.72620000  27.48850000  3
774  1  36.03630000  33.49760000  18.16590000  3
775  1  6.19454000  21.10790000  20.93910000  3
776  1  4.80530000  26.38010000  49.37200000  3
777  1  17.26640000  22.52060000  33.62640000  3
778  1  50.51640000  5.19991000  1.44652000  3
779  1  45.97290000  46.11740000  35.55110000  3
780  1  40.13890000  26.32210000  50.42960000  3
781  1  21.21540000  46.91950000  41.35750000  3
782  1  37.23100000  42.93620000  38.44520000  3
783  1  31.05270000  26.59290000  29.41950000  3
784  1  25.30840000  25.40830000  1.57322000  3
785  1  2.80485000  24.43680000  19.51450000  3
786  1  15.12980000  17.17930000  29.68120000  3
787  1  30.77930000  10.77680000  1.78220000  3
788  1  37.08930000  14.04080000  11.74880000  3
789  1  37.58160000  15.97240000  45.66640000  3
790  1  47.57870000  49.42160000  1.92731000  3
791  1  13.85990000  6.03217000  34.91100000  3
792  1  23.50090000  5.70023000  2.58141000  3
793  1  9.48366000  23.62710000  14.54660000  3
794  1  5.59311000  4.84053000  34.58520000  3
795  1  44.04380000  23.51590000  49.48670000  3
796  1  32.33920000  12.83850000  10.82940000  3
797  1  7.15096000  29.27910000  48.60870000  4
798  1  2.03025000  38.25430000  0.89884700  3
799  1  32.23050000  41.35540000  19.65390000  3
800  1  27.36770000  13.78700000  4.80058000  3
801  1  29.65830000  30.16490000  29.40890000  3
802  1  40.21150000  8.85864000  15.49240000  3
803  1  34.27330000  31.32520000  19.18890000  3
804  1  10.85810000  28.56110000  8.88798000  3
805  1  47.56310000  44.44900000  45.05930000  3
806  1  17.86130000  45.66180000  28.52350000  3
807  1  9.97199000  47.29360000  21.12260000  3
808  1  8.68559000  21.56210000  6.07003000  3
809  1  29.96840000  18.64740000  40.81150000  3
810  1  29.80810000  6.13534000  40.42470000  3
811  1  14.19150000  8.50664000  34.82060000  3
812  1  44.54240000  33.59910000  15.05530000  3
813  1  29.94140000  6.91114000  27.58960000  3
814  1  50.20970000  1.54470000  16.07620000  3
815  1  30.06380000  9.37182000  32.62140000  3
816  1  36.73150000  29.46240000  48.21890000  3
817  1  11.22200000  42.08680000  42.80100000  3
818  1  6.80868000  15.23470000  6.44352000  3
819  1  27.78480000  37.94770000  26.17630000  3
820  1  34.05690000  36.44880000  45.24310000  3
821  1  18.22450000  31.47860000  39.73640000  3
822  1  19.99590000  18.91750000  42.58680000  3
823  1  1.95414000  49.45890000  28.60650000  3
824  1  47.93110000  29.13590000  36.20560000  3
825  1  35.55270000  24.28890000  46.06010000  3
826  1  30.97130000  30.69790000  13.79590000  3
827  1  43.80040000  42.80660000  30.29560000  3
828  1  26.90120000  0.01564320  8.88302000  3
829  1  28.06790000  12.09840000  40.64950000  3
830  1  19.62660000  9.52791000  8.08238000  3
831  1  13.35310000  33.18540000  24.31330000  3
832  1  13.59820000  27.96760000  9.33981000  3
833  1  33.32730000  27.17970000  21.43620000  3
834  1  30.19070000  40.41200000  29.93570000  3
835  1  36.57260000  19.38060000  27.51270000  3
836  1  50.70910000  38.59500000  28.99170000  3
837  1  7.38287000  35.12040000  21.39090000  3
838  1  18.66710000  13.79780000  10.56320000  3
839  1  14.44930000  3.38611000  31.32420000  3
840  1  17.26250000  4.96793000  20.66350000  3
841  1  29.64730000  36.16740000  14.57010000  3
842  1  50.63680000  41.85800000  37.56550000  3
843  1  27.92930000  27.99980000  3.61951000  3
844  1  24.46220000  2.57150000  7.68677000  3
845  1  44.24270000  2.40157000  37.65440000  3
846  1  44.74290000  26.58540000  24.29940000  3
847  1  12.87300000  41.31210000  26.17680000  3
848  1  7.54244000  46.03820000  35.43610000  3
849  1  29.59980000  40.39600000  32.71040000  3
850  1  33.81760000  41.90470000  43.75540000  3
851  1  49.78760000  28.46400000  27.98800000  3
852  1  30.35980000  44.02940000  7.07055000  3
853  1  34.31960000  29.49890000  47.58860000  3
854  1  37.57090000  41.62420000  8.85035000  3
855  1  12.14770000  50.37280000  19.79790000  3
856  1  26.76170000  30.66240000  42.61220000  3
857  1  13.86680000  31.62860000  8.67887000  4
858  1  37.05030000  11.16220000  38.60300000  3
859  1  20.05840000  21.41600000  12.47950000  3
860  1  30.25910000  14.95940000  42.97050000  3
861  1  30.92980000  31.35770000  7.68844000  3
862  1  38.22020000  24.04740000  19.04140000  3
863  1  42.49840000  15.73940000  44.92190000  3
864  1  2.15889000  46.68450000  40.35500000  3
865  1  10.19920000  39.05440000  40.92940000  3
866  1  29.98110000  13.03210000  10.25150000  3
867  1  38.59780000  1.32832000  11.75450000  3
868  1  50.80550000  41.53370000  11.04260000  3
869  1  12.85260000  20.80190000  11.29010000  3
870  1  21.39460000  30.72880000  40.58210000  3
871  1  39.44490000  11.34560000  9.87268000  2
872  1  24.01830000  2.74635000  16.39170000  3
873  1  19.52440000  42.74640000  49.58100000  3
874  1  48.38460000  40.95210000  11.52790000  3
875  1  18.26300000  2.55282000  50.58360000  3
876  1  20.29880000  0.53410200  14.51410000  3
877  1  21.85440000  17.29950000  38.98300000  3
878  1  10.87230000  45.69100000  28.25150000  3
879  1  32.54940000  50.02430000  34.99500000  2
880  1  21.61380000  19.45100000  15.61300000  3
881  1  3.58803000  49.69100000  26.40410000  3
882  1  50.44800000  27.80570000  11.69230000  3
883  1  49.65460000  40.60290000  10.99590000  3
884  1  19.72680000  42.67540000  30.63470000  3
885  1  28.71660000  26.81290000  46.76050000  3
886  1  31.45050000  5.75554000  29.66390000  3
887  1  4.43984000  13.05610000  49.35540000  3
888  1  44.00650000  44.44580000  47.66210000  3
889  1  27.48240000  47.83300000  45.25380000  3
890  1  12.28250000  45.02320000  41.35780000  3
891  1  36.46540000  13.62020000  31.50300000  3
892  1  8.73232000  26.44960000  22.51490000  3
893  1  33.43040000  34.71990000  36.35690000  3
894  1  14.47080000  5.82706000  12.30550000  3
895  1  24.06740000  14.17080000  8.58745000  3
896  1  23.24550000  33.31880000  34.36400000  3
897  1  10.19780000  47.92260000  37.50130000  3
898  1  1.03217000  28.78060000  28.90750000  3
899  1  4.96217000  4.83230000  21.37340000  3
900  1  6.11410000  26.38620000  40.15720000  3
901  1  20.78630000  29.45500000  40.16360000  3
902  1  36.37880000  25.22600000  17.85160000  3
903  1  35.67610000  28.03790000  12.94390000  3
904  1  49.29140000  38.32510000  44.47110000  3
905  1  6.92830000  34.83950000  36.18230000  2
906  1  8.05965000  5.23277000  35.01890000  3
907  1  16.55230000  12.69260000  1.97886000  3
908  1  18.65120000  21.73840000  49.90030000  3
909  1  10.43800000  5.78109000  10.86960000  3
910  1  21.86000000  29.32390000  17.89810000  3
911  1  17.47550000  4.83455000  5.44278000  3
912  1  38.85990000  25.61610000  34.75090000  3
913  1  21.90650000  34.77490000  30.13900000  3
914  1  3.76206000  8.67691000  45.58280000  3
915  1  37.95640000  33.40670000  46.67050000  3
916  1  29.72570000  0.38007000  24.29300000  3
917  1  21.89570000  5.75987000  26.95670000  3
918  1  18.19750000  1.36701000  38.59160000  3
919  1  22.89360000  34.83530000  25.29220000  3
920  1  39.78470000  18.74620000  42.24130000  3
921  1  50.09520000  12.73830000  24.31960000  3
922  1  44.36670000  17.42530000  34.93610000  3
923  1  23.86590000  27.11260000  28.86910000  3
924  1  3.73400000  32.65460000  44.38550000  3
925  1  29.75900000  9.60108000  5.23672000  3
926  1  31.17950000  8.50729000  44.22810000  3
927  1  33.06900000  37.15520000  2.97621000  3
928  1  21.40990000  27.53600000  26.03440000  3
929  1  14.78890000  47.74690000  39.81800000  3
930  1  36.89660000  11.24090000  31.64100000  3
931  1  39.94200000  50.18240000  6.25797000  3
932  1  2.86633000  3.50421000  21.89500000  3
933  1  29.68800000  14.40750000  24.80130000  2
934  1  35.17310000  20.38130000  17.51120000  3
935  1  43.05520000  8.82624000  34.90380000  3
936  1  24.03240000  42.14130000  36.78690000  3
937  1  31.53870000  16.55410000  47.07430000  3
938  1  39.67440000  10.83700000  48.02130000  3
939  1  1.72122000  13.04430000  44.02320000  3
940  1  7.18437000  13.66590000  43.04940000  3
941  1  22.71120000  1.68684000  44.58200000  3
942  1  32.01380000  35.07110000  33.50700000  3
943  1  13.71090000  2.19812000  31.08210000  3
944  1  47.03850000  36.18090000  31.89660000  3
945  1  8.43666000  11.39730000  7.61073000  3
946  1  48.11980000  48.76760000  8.13474000  3
947  1  11.69190000  50.28840000  14.63890000  3
948  1  38.27560000  10.73560000  7.55799000  3
949  1  45.16160000  42.39850000  6.52908000  3
950  1  18.24460000  48.05730000  28.30060000  3
951  1  46.48470000  43.50260000  44.96560000  3
952  1  49.87350000  6.28215000  5.42030000  3
953  1  11.98530000  9.94121000  32.37990000  2
954  1  9.20459000  1.56248000  15.98180000  3
955  1  15.94660000  15.08250000  46.00390000  3
956  1  30.43290000  26.17680000  18.38750000  3
957  1  22.92430000  48.82550000  5.66863000  3
958  1  44.29280000  35.17020000  40.35400000  3
959  1  21.44320000  36.13790000  29.89530000  3
960  1  41.89080000  48.28010000  33.33320000  3
961  1  14.94790000  17.52580000  9.51511000  3
962  1  31.78330000  23.39310000  28.99670000  3
963  1  49.83900000  42.58390000  47.05040000  3
964  1  24.36070000  37.84480000  18.57050000  3
965  1  1.47113000  50.22980000  27.50420000  3
966  1  13.84670000  30.21510000  18.54260000  2
967  1  3.72249000  4.59695000  22.07820000  3
968  1  26.50800000  43.81990000  29.53400000  3
969  1  16.88600000  43.22070000  5.58965000  3
970  1  12.26560000  23.21990000  46.39740000  2
971  1  47.59420000  19.16270000  17.71850000  3
972  1  20.25280000  4.61023000  16.39010000  3
973  1  44.50150000  8.53118000  35.03660000  3
974  1  21.74210000  44.07750000  15.77660000  3
975  1  48.94110000  32.60850000  32.79930000  3
976  1  13.07230000  49.21670000  10.73140000  3
977  1  27.14260000  6.27664000  23.45010000  3
978  1  39.93630000  20.58680000  40.88980000  3
979  1  29.74240000  23.21230000  38.01320000  3
980  1  45.92580000  29.28970000  29.31060000  3
981  1  25.75100000  32.84000000  13.70640000  3
982  1  17.00050000  48.33050000  40.66290000  3
983  1  39.83960000  42.95890000  43.42530000  3
984  1  2.89436000  34.15590000  36.97520000  2
985  1  45.20100000  36.55230000  49.12080000  3
986  1  24.96990000  41.97480000  37.80740000  3
987  1  10.97160000  13.70330000  46.77320000  3
988  1  9.71633000  13.80220000  23.61300000  3
989  1  16.35710000  12.59530000  3.43679000  3
990  1  2.30055000  9.17498000  13.65170000  3
991  1  34.42120000  0.65676800  37.01330000  3
992  1  50.83280000  13.63590000  26.50890000  3
993  1  41.06560000  4.49250000  15.54110000  3
994  1  50.14640000  32.26240000  32.27910000  3
995  1  9.03362000  39.29280000  0.01782050  3
996  1  40.97700000  19.94320000  22.01880000  3
997  1  32.36630000  17.14500000  40.74730000  3
998  1  20.54850000  23.53050000  35.87980000  3
999  1  15.27570000  42.43770000  45.85730000  3
1000  1  3.16074000  28.96820000  45.10010000  3
1001  1  5.87961000  36.90630000  11.06820000  2
1002  1  1.00477000  29.22270000  48.41280000  3
1003  1  11.74730000  45.72850000  6.02441000  3
1004  1  8.58998000  4.33568000  26.16950000  2
1005  1  43.72870000  4.95606000  18.96970000  3
1006  1  19.15870000  42.54340000  48.22760000  3
1007  1  50.26730000  39.11880000  40.17000000  3
1008  1  48.32410000  42.06610000  48.95060000  3
1009  1  21.86440000  23.54520000  3.21507000  3
1010  1  22.48280000  23.18350000  41.63090000  3
1011  1  11.64890000  35.79520000  33.52980000  3
1012  1  41.99010000  14.24640000  4.26988000  3
1013  1  10.19620000  46.72770000  39.71250000  3
1014  1  41.82890000  17.05350000  28.34570000  3
1015  1  18.67470000  4.60406000  0.70913000  3
1016  1  33.52810000  43.61160000  45.47970000  3
1017  1  30.66410000  30.08960000  1.70875000  3
1018  1  29.19500000  27.63500000  15.14130000  3
1019  1  47.62460000  7.06161000  26.13200000  3
1020  1  18.30580000  47.10930000  30.54040000  3
1021  1  23.65500000  15.78950000  26.50180000  3
1022  1  18.80200000  21.78980000  11.86790000  3
1023  1  7.96167000  43.46240000  44.02960000  3
1024  1  41.99210000  19.81740000  48.17820000  3
1025  1  29.00600000  5.55710000  44.86580000  3
1026  1  21.03300000  21.25690000  41.33280000  3
1027  1  12.08470000  33.62230000  29.03160000  3
1028  1  11.86070000  41.74330000  27.11950000  3
1029  1  16.92520000  3.85830000  46.60330000  3
1030  1  34.68350000  5.16440000  22.30440000  3
1031  1  6.26095000  10.87250000  26.09960000  3
1032  1  49.42560000  3.57205000  47.37750000  3
1033  1  31.07360000  39.84500000  25.82400000  3
1034  1  25.08670000  31.81270000  16.68050000  3
1035  1  31.55030000  45.30070000  17.38230000  3
1036  1  2.06545000  0.22973200  39.90400000  3
1037  1  4.59267000  4.68139000  10.14410000  3
1038  1  40.62160000  5.28076000  33.73180000  3
1039  1  50.45210000  0.15570300  15.85090000  3
1040  1  11.80940000  4.98443000  35.67060000  3
1041  1  29.60920000  8.98583000  46.06500000  3
1042  1  13.07190000  21.50850000  6.66639000  3
1043  1  32.69520000  39.62830000  3.21427000  3
1044  1  23.07840000  6.98637000  1.95040000  3
1045  1  8.95191000  30.20630000  8.67217000  3
1046  1  21.71690000  15.33060000  4.68815000  3
1047  1  36.94520000  7.25635000  24.34460000  3
1048  1  1.51822000  25.03100000  19.17520000  3
1049  1  27.08700000  27.05250000  2.96060000  3
1050  1  26.33810000  10.55340000  27.59760000  3
1051  1  39.48140000  30.57470000  18.15040000  3
1052  1  21.36110000  5.25651000  16.90190000  3
1053  1  21.96660000  0.72657600  41.04290000  3
1054  1  27.40680000  50.53620000  11.42990000  3
1055  1  46.38020000  24.44680000  16.00590000  3
1056  1  34.42340000  20.03230000  28.58070000  3
1057  1  17.52000000  26.81480000  23.82200000  2
1058  1  24.44570000  8.33501000  22.12240000  3
1059  1  12.54930000  51.00130000  39.43830000  3
1060  1  10.19810000  23.39260000  39.81870000  3
1061  1  31.69050000  11.52850000  35.53760000  3
1062  1  25.94670000  15.06300000  50.13530000  3
1063  1  42.41460000  26.92560000  7.86070000  3
1064  1  9.04162000  15.27150000  43.30870000  3
1065  1  22.64380000  4.72459000  16.90920000  3
1066  1  46.44420000  42.82680000  29.56870000  3
1067  1  33.16840000  33.73870000  48.53670000  3
1068  1  49.79140000  4.94164000  5.06473000  3
1069  1  15.19420000  38.50380000  10.44050000  3
1070  1  39.62580000  28.72450000  50.37600000  3
1071  1  21.19290000  6.60207000  17.37300000  3
1072  1  44.86510000  46.55560000  30.22910000  3
1073  1  37.51260000  35.98910000  40.47170000  3
1074  1  5.73114000  26.64940000  21.90350000  3
1075  1  38.88050000  21.43420000  35.78510000  3
1076  1  24.48670000  49.37670000  13.83550000  3
1077  1  17.73740000  16.55570000  21.12060000  3
1078  1  7.05819000  33.68440000  36.70230000  2
1079  1  19.81700000  9.26885000  3.86487000  3
1080  1  12.00010000  33.08510000  7.68459000  3
1081  1  37.05500000  14.28570000  13.14040000  3
1082  1  32.70490000  11.67600000  34.52290000  3
1083  1  30.68990000  3.76845000  42.31340000  3
1084  1  11.28500000  45.12600000  33.36950000  3
1085  1  31.05910000  48.90550000  9.40916000  3
1086  1  2.11082000  20.67260000  25.67300000  3
1087  1  9.91228000  14.12120000  30.64980000  3
1088  1  49.58450000  42.28010000  27.43440000  3
1089  1  14.37890000  33.38690000  6.92683000  3
1090  1  11.75680000  10.83520000  37.29590000  3
1091  1  21.10230000  50.35260000  6.73122000  3
1092  1  32.60100000  8.08891000  8.88722000  3
1093  1  3.11158000  18.83260000  36.18890000  3
1094  1  0.26107300  44.28690000  44.15060000  3
1095  1  24.34080000  22.48640000  13.09410000  3
1096  1  35.47250000  31.41220000  41.29110000  3
1097  1  13.43320000  15.09250000  38.27990000  3
1098  1  2.13971000  22.97590000  26.43370000  3
1099  1  34.29190000  18.53470000  20.00880000  3
1100  1  22.70870000  19.33990000  16.62360000  3
1101  1  44.12440000  38.03690000  1.73421000  3
1102  1  37.70830000  28.72030000  48.98530000  3
1103  1  24.86420000  41.39160000  17.17310000  3
1104  1  32.98960000  47.42680000  2.18821000  3
1105  1  39.69470000  36.87170000  44.78460000  3
1106  1  37.71010000  27.67810000  39.81860000  3
1107  1  32.93310000  17.86500000  32.68190000  3
1108  1  17.59420000  23.79550000  3.20930000  3
1109  1  37.06340000  42.42530000  45.04190000  2
1110  1  40.31680000  5.63960000  29.09160000  4
1111  1  19.90440000  16.22960000  3.50407000  2
1112  1  19.88690000  11.35180000  42.53980000  3
1113  1  10.90080000  23.93950000  16.76520000  3
1114  1  1.06533000  32.04030000  11.08190000  3
1115  1  38.33550000  44.79780000  42.39680000  3
1116  1  23.87180000  0.83072800  44.85250000  3
1117  1  39.13480000  30.75980000  49.08610000  3
1118  1  38.10410000  29.12830000  4.49513000  3
1119  1  24.22550000  31.57610000  47.64960000  3
1120  1  9.34263000  23.27620000  33.39060000  3
1121  1  5.91611000  41.83500000  46.58220000  3
1122  1  47.75400000  16.50700000  20.26990000  3
1123  1  6.85533000  42.51810000  11.79580000  3
1124  1  11.95260000  21.55450000  30.09830000  3
1125  1  2.80658000  19.71970000  50.66080000  3
1126  1  29.64950000  20.83690000  39.22600000  3
1127  1  10.90790000  13.88850000  33.48210000  2
1128  1  50.82010000  14.75750000  40.58150000  2
1129  1  29.58880000  49.69540000  17.39310000  3
1130  1  0.48347000  38.37150000  40.61560000  3
1131  1  35.44840000  23.88370000  36.57040000  3
1132  1  10.02070000  19.21530000  6.75971000  3
1133  1  30.62290000  16.33350000  19.05290000  3
1134  1  21.13360000  23.64610000  4.41585000  3
1135  1  50.26490000  42.72630000  45.66370000  3
1136  1  7.82910000  44.51210000  43.05920000  3
1137  1  40.68310000  5.82066000  15.21230000  3
1138  1  24.66610000  28.19730000  29.01040000  3
1139  1  15.88730000  50.14070000  16.61440000  3
1140  1  12.70190000  37.87360000  41.32660000  3
1141  1  7.42761000  18.62170000  31.89270000  3
1142  1  43.35590000  49.52450000  1.54726000  3
1143  1  15.58170000  43.91300000  13.35500000  3
1144  1  46.92740000  23.52240000  33.61360000  3
1145  1  49.09380000  25.36160000  12.07530000  3
1146  1  6.94884000  46.92520000  48.55740000  3
1147  1  32.32540000  50.67510000  13.24730000  3
1148  1  50.14810000  4.54498000  3.75905000  3
1149  1  32.65450000  21.19410000  29.82710000  3
1150  1  33.02290000  5.80445000  20.62510000  3
1151  1  19.57150000  16.04950000  8.48685000  3
1152  1  40.70790000  49.72670000  16.09950000  3
1153  1  38.68610000  18.67720000  18.69330000  3
1154  1  23.78690000  5.61487000  44.83410000  3
1155  1  24.56560000  23.67430000  37.43350000  3
1156  1  9.57996000  7.66707000  9.11145000  3
1157  1  15.83600000  3.69684000  21.88920000  3
1158  1  22.19640000  47.81660000  2.12259000  3
1159  1  20.09030000  15.44440000  46.02050000  3
1160  1  15.93650000  17.79240000  30.63820000  3
1161  1  48.29900000  2.46682000  9.20667000  3
1162  1  47.03170000  49.01180000  48.23710000  3
1163  1  49.34900000  8.67432000  36.64280000  3
1164  1  22.90730000  5.07722000  21.05420000  3
1165  1  1.42204000  18.69090000  1.02449000  3
1166  1  43.20150000  12.64820000  35.21750000  3
1167  1  32.78480000  18.72040000  24.78650000  3
1168  1  17.74190000  48.11860000  10.93030000  3
1169  1  14.25210000  10.55660000  32.64700000  3
1170  1  30.92200000  2.83560000  27.56280000  3
1171  1  49.27730000  15.46740000  28.30290000  3
1172  1  4.40411000  39.55920000  7.24648000  3
1173  1  34.88830000  3.85759000  40.73840000  3
1174  1  50.46610000  36.81590000  10.81370000  3
1175  1  44.60240000  1.21247000  30.20960000  3
1176  1  20.13490000  1.97364000  30.60680000  3
1177  1  22.71510000  35.65550000  42.16120000  3
1178  1  1.10681000  0.52344100  38.91680000  3
1179  1  24.08870000  3.16448000  6.45597000  3
1180  1  18.57630000  49.01990000  25.99080000  3
1181  1  45.04790000  25.28010000  19.96190000  3
1182  1  17.91980000  21.20270000  14.87210000  3
1183  1  30.69890000  12.28670000  12.52810000  3
1184  1  0.72173500  31.04830000  31.25660000  3
1185  1  23.00620000  43.45760000  1.95017000  3
1186  1  45.13910000  25.43360000  32.68270000  3
1187  1  30.08870000  24.50510000  30.82070000  4
1188  1  11.45170000  50.49470000  12.20390000  3
1189  1  2.35514000  1.38451000  7.81326000  3
1190  1  26.08320000  26.38420000  3.68313000  3
1191  1  10.38890000  40.30410000  35.02080000  3
1192  1  41.04820000  31.10380000  20.13020000  3
1193  1  19.08850000  28.33210000  45.96830000  3
1194  1  45.07560000  48.38360000  35.03890000  3
1195  1  11.88660000  2.13959000  43.02760000  3
1196  1  6.48598000  27.90200000  48.69620000  3
1197  1  7.97866000  9.56897000  9.02840000  3
1198  1  32.87910000  44.34100000  32.77760000  3
1199  1  19.01930000  17.98930000  49.68220000  3
1200  1  29.49130000  36.97250000  22.16790000  3
1201  1  28.72030000  29.40400000  7.80374000  3
1202  1  6.96062000  27.50020000  4.18865000  3
1203  1  22.29240000  39.00940000  43.79400000  3
1204  1  45.54600000  13.44630000  20.30960000  3
1205  1  32.26350000  17.42890000  10.37010000  3
1206  1  44.42410000  7.30179000  19.57230000  3
1207  1  34.23970000  27.57190000  9.49314000  3
1208  1  15.87960000  41.15480000  25.72040000  3
1209  1  13.06860000  44.80440000  38.55650000  3
1210  1  49.06460000  49.32930000  39.94560000  3
1211  1  19.87730000  35.99290000  35.41640000  3
1212  1  9.94826000  31.23560000  8.47815000  3
1213  1  7.82953000  15.05980000  37.35410000  3
1214  1  21.40240000  2.56289000  33.95110000  3
1215  1  37.84900000  11.47150000  30.64870000  3
1216  1  50.04910000  19.80270000  35.43190000  3
1217  1  8.52553000  1.13415000  18.15230000  3
1218  1  2.19027000  48.76600000  14.96380000  3
1219  1  7.86632000  10.94850000  8.88959000  3
1220  1  37.48780000  37.83260000  44.37820000  3
1221  1  29.00650000  35.82440000  20.06740000  3
1222  1  28.79970000  0.80349900  23.33860000  3
1223  1  9.31009000  33.39840000  1.40585000  3
1224  1  42.05150000  39.92020000  4.27878000  3
1225  1  48.84350000  20.12830000  19.57650000  3
1226  1  36.02520000  33.95120000  28.15100000  3
1227  1  20.09710000  11.30480000  15.85390000  3
1228  1  21.71840000  22.41270000  1.05819000  3
1229  1  49.22240000  38.18540000  45.85330000  3
1230  1  41.89540000  34.65370000  47.65480000  3
1231  1  18.29770000  3.60865000  14.56630000  3
1232  1  15.40980000  35.30850000  40.67390000  3
1233  1  26.19320000  29.69300000  37.06250000  3
1234  1  43.86680000  18.59750000  27.80690000  3
1235  1  34.50890000  45.89220000  48.90340000  3
1236  1  20.44210000  8.45275000  8.75379000  3
1237  1  0.84800800  17.33460000  24.60400000  3
1238  1  25.96900000  36.72870000  28.11740000  3
1239  1  22.65760000  33.23180000  41.45170000  3
1240  1  35.68210000  7.36014000  1.48477000  2
1241  1  42.26430000  7.14028000  40.95170000  3
1242  1  20.86980000  42.01150000  31.05230000  3
1243  1  38.79190000  8.05867000  25.50370000  3
1244  1  16.68040000  50.76500000  17.61840000  3
1245  1  28.72310000  6.63220000  25.36820000  3
1246  1  43.84520000  34.75290000  50.84110000  3
1247  1  38.16590000  7.39212000  39.26200000  4
1248  1  44.67530000  24.22920000  17.78620000  3
1249  1  32.58930000  39.07380000  11.63410000  3
1250  1  32.26540000  18.44640000  40.18220000  3
1251  1  45.10060000  38.70870000  0.94108000  3
1252  1  35.74930000  42.51460000  45.27250000  3
1253  1  50.03190000  50.89360000  8.23927000  3
1254  1  24.52380000  19.48690000  33.53280000  3
1255  1  3.36851000  47.78750000  48.83820000  3
1256  1  41.42940000  14.78990000  46.83010000  3
1257  1  16.17050000  46.22990000  22.05220000  3
1258  1  47.02660000  44.18580000  18.12830000  3
1259  1  9.48676000  4.47589000  16.64270000  3
1260  1  11.57210000  45.40080000  27.08460000  3
1261  1  13.35610000  31.60140000  12.91250000  2
1262  1  2.47420000  13.55240000  17.81440000  3
1263  1  47.15820000  47.65760000  8.04620000  3
1264  1  36.42810000  40.17050000  7.15953000  3
1265  1  9.60815000  41.73590000  33.08730000  3
1266  1  20.31540000  44.04330000  35.61560000  4
1267  1  15.15410000  14.95600000  30.89440000  3
1268  1  9.02822000  45.74280000  3.41555000  3
1269  1  7.68175000  32.31120000  12.54040000  3
1270  1  48.58290000  26.59270000  31.43730000  3
1271  1  44.08970000  28.99120000  1.61607000  3
1272  1  1.66334000  12.53990000  21.22090000  3
1273  1  17.11890000  9.12184000  47.67320000  3
1274  1  42.30760000  20.38670000  21.83840000  2
1275  1  9.40514000  3.25918000  34.54800000  3
1276  1  30.32840000  45.64360000  46.20650000  3
1277  1  7.99914000  1.60536000  19.41060000  3
1278  1  10.43490000  21.01230000  40.45760000  3
1279  1  27.02020000  13.27350000  2.22334000  3
1280  1  32.78590000  15.90090000  47.03470000  3
1281  1  16.75020000  24.82720000  45.34680000  3
1282  1  4.22793000  45.58160000  33.73550000  3
1283  1  35.59600000  31.45080000  26.76070000  3
1284  1  18.57490000  40.63060000  36.67030000  3
1285  1  23.74800000  44.19460000  4.67558000  3
1286  1  34.53460000  30.19500000  36.60670000  3
1287  1  34.87230000  49.90340000  13.84230000  3
1288  1  0.89710700  34.51210000  14.75780000  2
1289  1  35.55600000  20.79340000  44.87660000  3
1290  1  15.90060000  32.06590000  49.98210000  3
1291  1  7.28437000  30.72330000  41.34970000  3
1292  1  27.42180000  23.85950000  37.59700000  3
1293  1  30.26210000  28.32220000  47.98560000  3
1294  1  7.31394000  5.15199000  19.99920000  3
1295  1  39.68480000  6.99158000  21.26790000  2
1296  1  36.23550000  12.12620000  39.28970000  3
1297  1  48.79460000  15.04090000  36.00280000  3
1298  1  20.25570000  14.10660000  48.00590000  3
1299  1  30.26600000  3.68660000  40.86840000  3
1300  1  46.13740000  41.75280000  26.56350000  3
1301  1  16.89370000  32.64480000  17.74590000  3
1302  1  21.94220000  4.82697000  25.83080000  3
1303  1  14.15690000  44.86230000  25.44450000  3
1304  1  3.32761000  2.17054000  42.70730000  3
1305  1  50.08300000  41.38140000  29.64960000  3
1306  1  30.90190000  23.13860000  22.38410000  3
1307  1  12.96630000  23.87260000  30.07510000  3
1308  1  29.41700000  28.25930000  0.58380300  3
1309  1  19.27380000  33.59930000  40.25670000  3
1310  1  14.44960000  21.41080000  6.95788000  3
1311  1  31.29150000  45.95340000  39.44180000  3
1312  1  12.94470000  37.12330000  12.75040000  3
1313  1  3.24742000  12.32620000  31.07310000  2
1314  1  0.30873300  7.95498000  2.25421000  3
1315  1  6.14577000  48.66620000  26.28580000  3
1316  1  13.81280000  13.95660000  46.98220000  3
1317  1  42.02330000  16.86910000  9.67243000  3
1318  1  26.02850000  23.92030000  14.08470000  3
1319  1  13.75340000  49.70680000  33.88450000  3
1320  1  35.34900000  26.66120000  35.97560000  3
1321  1  9.47654000  22.36610000  13.76040000  3
1322  1  20.94720000  16.01560000  19.29830000  3
1323  1  7.03496000  29.96300000  3.79063000  3
1324  1  45.99910000  6.90237000  36.07000000  4
1325  1  34.95230000  32.74770000  41.54420000  3
1326  1  22.90160000  31.94770000  48.01660000  3
1327  1  50.00370000  7.38106000  45.70760000  3
1328  1  41.48010000  50.77100000  0.53085900  3
1329  1  18.06500000  0.65241300  21.75400000  2
1330  1  5.40056000  20.34350000  20.13460000  3
1331  1  32.28070000  47.74780000  28.99810000  3
1332  1  4.94117000  14.64200000  43.05830000  3
1333  1  26.60990000  1.68908000  21.69840000  3
1334  1  20.42510000  12.97830000  40.76260000  3
1335  1  18.53420000  32.26820000  7.27457000  3
1336  1  16.52520000  26.18970000  10.90780000  3
1337  1  50.03840000  25.16030000  38.69750000  3
1338  1  25.36190000  35.64000000  42.75370000  3
1339  1  49.80330000  39.02750000  30.04130000  3
1340  1  40.21000000  36.54740000  8.27106000  3
1341  1  0.91013100  9.70564000  50.53290000  3
1342  1  25.28260000  42.65710000  17.70400000  3
1343  1  6.89442000  39.71440000  12.06950000  2
1344  1  45.32960000  2.06879000  38.63090000  3
1345  1  19.50580000  1.12540000  39.19340000  3
1346  1  34.89700000  50.79460000  39.34450000  3
1347  1  9.91035000  12.63570000  30.91690000  3
1348  1  8.39730000  12.26530000  28.92150000  3
1349  1  7.17117000  13.10130000  10.25460000  3
1350  1  2.16249000  39.83170000  6.64445000  3
1351  1  34.96670000  33.86080000  14.88810000  3
1352  1  37.46730000  37.33880000  29.18750000  3
1353  1  44.26070000  35.11110000  7.65134000  3
1354  1  49.92410000  37.28420000  50.74790000  3
1355  1  46.55240000  15.85020000  2.62910000  3
1356  1  32.17770000  13.60230000  48.63400000  3
1357  1  14.71150000  37.33000000  11.00880000  3
1358  1  44.44280000  6.11003000  41.22490000  3
1359  1  50.93590000  31.65540000  11.82450000  3
1360  1  2.08162000  26.78110000  20.85040000  3
1361  1  42.94660000  31.37970000  36.54690000  3
1362  1  39.38550000  6.88728000  38.53450000  3
1363  1  40.82560000  45.94920000  10.09250000  3
1364  1  11.95570000  8.07677000  17.06460000  3
1365  1  14.05240000  50.06080000  18.18230000  3
1366  1  18.63980000  3.52371000  45.04910000  3
1367  1  26.50850000  0.88930900  36.68140000  3
1368  1  28.87780000  23.65530000  6.03750000  3
1369  1  9.91530000  9.39332000  7.41721000  3
1370  1  12.08690000  31.48870000  40.15260000  3
1371  1  22.23850000  11.91810000  41.85870000  3
1372  1  9.43716000  6.18996000  44.39900000  3
1373  1  28.09310000  26.36500000  45.57730000  3
1374  1  5.23969000  29.83650000  42.53710000  3
1375  1  5.50094000  20.31830000  7.36252000  3
1376  1  39.22820000  37.16840000  7.40821000  3
1377  1  16.71060000  14.58210000  21.96720000  3
1378  1  2.72963000  15.36820000  8.51108000  3
1379  1  14.44270000  25.84470000  31.99370000  3
1380  1  18.77860000  22.61610000  27.36060000  3
1381  1  24.64160000  1.93533000  35.54280000  3
1382  1  33.26850000  32.33720000  29.94880000  3
1383  1  5.20152000  1.40358000  31.03390000  3
1384  1  42.63660000  22.92170000  17.49040000  3
1385  1  39.08110000  7.87843000  43.35350000  3
1386  1  15.00780000  8.26200000  22.74100000  3
1387  1  13.23240000  40.10230000  38.16110000  3
1388  1  5.32406000  26.07840000  32.48150000  3
1389  1  24.70530000  27.30930000  22.66730000  3
1390  1  27.16300000  33.26750000  21.08210000  3
1391  1  9.12692000  36.81910000  41.02180000  3
1392  1  31.17550000  37.85180000  50.06790000  3
1393  1  41.63750000  25.78530000  21.69700000  3
1394  1  11.07160000  0.42274500  21.72430000  3
1395  1  32.75350000  49.14730000  11.38520000  3
1396  1  17.59790000  23.50850000  0.82010100  3
1397  1  42.10620000  3.93215000  35.46050000  3
1398  1  45.69730000  13.01010000  12.48020000  3
1399  1  36.31500000  14.37070000  4.49576000  3
1400  1  3.35774000  17.97710000  11.14350000  3
1401  1  40.60140000  49.31060000  28.88230000  3
1402  1  11.29750000  22.12660000  20.72110000  3
1403  1  45.89230000  20.85540000  34.68800000  3
1404  1  13.29360000  30.26100000  0.87300800  3
1405  1  23.58890000  18.99490000  32.54400000  3
1406  1  18.15570000  49.51600000  50.74310000  3
1407  1  28.53770000  39.88180000  48.52460000  3
1408  1  17.43990000  23.91940000  34.08210000  3
1409  1  27.99690000  28.43720000  10.47050000  3
1410  1  26.76520000  13.81140000  7.54458000  3
1411  1  16.86360000  43.13200000  39.04070000  3
1412  1  44.03170000  40.29420000  2.23563000  3
1413  1  18.57250000  48.56370000  32.51320000  3
1414  1  4.82418000  26.61770000  37.23830000  3
1415  1  42.62600000  39.88640000  34.66490000  3
1416  1  28.50590000  25.60640000  16.33510000  3
1417  1  12.79390000  8.50077000  43.04400000  3
1418  1  27.22330000  13.04950000  11.20180000  3
1419  1  32.98910000  34.06560000  3.72632000  3
1420  1  4.39332000  9.91780000  45.20530000  3
1421  1  34.24370000  13.18300000  33.33120000  3
1422  1  14.92260000  9.94956000  41.90760000  3
1423  1  36.64390000  44.44680000  7.58089000  3
1424  1  41.65130000  43.08610000  2.60471000  3
1425  1  5.49756000  38.84430000  7.98459000  3
1426  1  29.40480000  14.44540000  1.80566000  3
1427  1  29.81860000  47.28570000  49.67130000  3
1428  1  50.76680000  17.09210000  36.04510000  3
1429  1  4.03601000  6.20647000  35.74500000  3
1430  1  47.60180000  9.42567000  26.58740000  3
1431  1  49.23750000  49.02310000  42.71660000  3
1432  1  14.36520000  7.02961000  23.25360000  3
1433  1  50.80810000  30.93140000  39.32170000  2
1434  1  16.84810000  33.44120000  40.04340000  3
1435  1  29.95090000  15.70390000  20.20190000  3
1436  1  49.35810000  27.77560000  12.54160000  3
1437  1  4.58638000  11.60230000  4.06603000  3
1438  1  21.08020000  25.47210000  27.21580000  3
1439  1  40.56280000  45.25650000  46.74350000  3
1440  1  41.44000000  46.99010000  33.75770000  3
1441  1  27.30050000  0.15081600  6.36085000  3
1442  1  36.50820000  27.96700000  10.31070000  3
1443  1  40.91380000  38.53690000  6.08831000  3
1444  1  37.61880000  47.02470000  24.70390000  3
1445  1  50.41500000  43.52210000  4.27904000  3
1446  1  14.32380000  40.79350000  0.70647300  3
1447  1  24.28210000  31.49150000  30.31530000  3
1448  1  35.31360000  31.76500000  20.01570000  3
1449  1  4.31444000  6.64716000  23.34210000  3
1450  1  9.77571000  47.26920000  18.67490000  3
1451  1  28.08090000  19.99190000  45.95260000  3
1452  1  17.09460000  12.05190000  5.70400000  3
1453  1  4.74891000  20.40250000  40.82520000  3
1454  1  32.21410000  30.42250000  36.97730000  3
1455  1  2.74805000  47.74260000  30.82380000  3
1456  1  18.11920000  46.94470000  29.13720000  3
1457  1  43.22210000  15.04030000  4.39832000  3
1458  1  26.14710000  21.33830000  20.08490000  3
1459  1  26.35980000  40.51430000  36.36430000  3
1460  1  21.62350000  12.64460000  14.44210000  3
1461  1  25.31980000  2.01496000  21.22420000  3
1462  1  46.16610000  17.64600000  28.34800000  3
1463  1  11.11070000  45.52580000  14.94940000  3
1464  1  10.93920000  39.23700000  5.99958000  3
1465  1  25.95160000  29.36250000  22.91400000  3
1466  1  2.12023000  0.78812500  22.97280000  3
1467  1  13.61350000  22.98990000  10.71160000  3
1468  1  32.09870000  9.71965000  3.50597000  3
1469  1  38.46810000  11.24610000  48.56260000  3
1470  1  37.06120000  14.13260000  6.75556000  3
1471  1  26.69960000  48.97890000  20.85330000  3
1472  1  29.82450000  34.12870000  37.10870000  3
1473  1  1.36351000  48.76100000  4.40124000  3
1474  1  20.09960000  17.03570000  44.13590000  3
1475  1  8.92399000  43.61100000  12.46980000  3
1476  1  5.84702000  30.69160000  12.82070000  3
1477  1  32.70030000  42.61930000  9.59113000  3
1478  1  14.46270000  31.76640000  39.91440000  3
1479  1  2.48552000  26.34420000  37.89170000  3
1480  1  19.33680000  2.75551000  15.17430000  3
1481  1  40.10280000  17.69240000  43.15990000  3
1482  1  14.96790000  48.48700000  49.57220000  3
1483  1  2.04279000  10.82470000  15.34420000  3
1484  1  18.38130000  1.72632000  41.33270000  3
1485  1  15.20010000  25.69850000  1.08747000  3
1486  1  28.25190000  6.01064000  42.47850000  3
1487  1  41.47070000  14.36000000  35.15630000  3
1488  1  2.25367000  37.35700000  2.99926000  3
1489  1  10.49670000  26.06270000  4.26356000  3
1490  1  18.29250000  3.59217000  5.59613000  3
1491  1  11.00200000  12.56330000  48.94580000  3
1492  1  42.57570000  7.88143000  42.14160000  3
1493  1  24.28380000  14.01470000  28.68940000  3
1494  1  28.75630000  23.91450000  31.32570000  3
1495  1  43.04800000  20.45130000  20.74030000  2
1496  1  19.05770000  22.08710000  28.65940000  3
1497  1  12.47740000  46.77130000  46.16750000  3
1498  1  48.48170000  30.92100000  2.11065000  3
1499  1  5.29002000  41.12560000  18.38810000  3
1500  1  48.76480000  50.27830000  42.20910000  3
1501  1  44.71570000  32.45080000  35.12050000  3
1502  1  16.82470000  15.95780000  22.04820000  3
1503  1  16.32120000  48.25920000  10.87390000  3
1504  1  27.30330000  21.87570000  20.78580000  3
1505  1  25.28670000  24.33970000  11.74030000  3
1506  1  17.15240000  7.77093000  1.36359000  3
1507  1  13.38070000  4.41184000  29.34030000  3
1508  1  42.95720000  31.22300000  2.87775000  4
1509  1  14.15020000  37.93650000  37.15940000  3
1510  1  46.25380000  18.04470000  46.43530000  3
1511  1  31.51970000  26.05920000  37.11100000  3
1512  1  22.32020000  31.58840000  10.39040000  3
1513  1  0.08063220  38.30140000  2.79765000  3
1514  1  27.30990000  20.94790000  1.18787000  3
1515  1  1.76502000  23.24020000  44.07250000  3
1516  1  3.25782000  24.63120000  34.15920000  2
1517  1  3.13650000  13.73110000  37.05390000  3
1518  1  21.12730000  2.05374000  24.34210000  2
1519  1  20.18290000  13.75630000  21.02880000  3
1520  1  10.45390000  45.95220000  45.38510000  2
1521  1  12.92310000  41.65250000  49.46150000  3
1522  1  48.97560000  32.59160000  13.27620000  3
1523  1  37.98120000  2.46246000  11.30230000  3
1524  1  46.51320000  40.03030000  44.47420000  3
1525  1  47.05830000  32.82020000  15.70550000  3
1526  1  32.35310000  47.87800000  4.56173000  3
1527  1  38.82250000  17.30370000  43.81460000  3
1528  1  15.52390000  34.64590000  14.97740000  3
1529  1  19.33190000  48.15650000  49.05240000  3
1530  1  44.40090000  39.10290000  14.67960000  3
1531  1  3.68156000  14.59280000  29.76940000  3
1532  1  27.80230000  25.36340000  25.36370000  2
1533  1  11.17500000  31.81840000  12.38970000  3
1534  1  17.34960000  28.83870000  22.69530000  3
1535  1  50.09150000  3.47717000  50.66900000  3
1536  1  37.55130000  44.85230000  19.26370000  2
1537  1  46.55690000  1.94364000  11.31900000  3
1538  1  25.38020000  40.19670000  46.56590000  3
1539  1  34.12480000  0.89078100  21.72620000  3
1540  1  21.82930000  22.14800000  31.06890000  3
1541  1  2.48635000  21.20770000  40.45500000  3
1542  1  2.85073000  36.07750000  4.91341000  3
1543  1  50.41480000  6.76780000  49.00590000  3
1544  1  6.98729000  47.07030000  45.94510000  3
1545  1  39.85740000  26.67600000  25.46870000  2
1546  1  16.44280000  24.72050000  33.47070000  3
1547  1  29.35040000  29.95560000  9.02844000  3
1548  1  40.82880000  44.01020000  1.95024000  3
1549  1  32.26350000  1.11651000  19.96100000  3
1550  1  47.88570000  1.09533000  16.47100000  3
1551  1  16.32320000  6.54393000  16.04980000  3
1552  1  10.06790000  48.36950000  41.46360000  3
1553  1  27.42350000  34.45350000  42.81350000  3
1554  1  18.51470000  42.74210000  50.54400000  3
1555  1  14.97580000  39.18060000  39.22930000  2
1556  1  39.62010000  44.47930000  2.61190000  3
1557  1  27.38210000  35.65440000  24.86820000  3
1558  1  40.79290000  30.33330000  11.61300000  3
1559  1  5.49740000  43.37800000  44.30970000  3
1560  1  19.14670000  22.81840000  39.89110000  3
1561  1  14.14460000  39.53450000  10.54560000  3
1562  1  29.56000000  36.86940000  4.40057000  3
1563  1  38.80430000  26.75340000  7.58719000  3
1564  1  17.40460000  42.75940000  11.72240000  3
1565  1  21.06890000  1.15008000  35.93900000  3
1566  1  23.85300000  50.46800000  14.42650000  3
1567  1  11.37050000  35.61930000  6.59824000  3
1568  1  20.83290000  2.94284000  29.83840000  3
1569  1  42.84000000  2.68025000  18.35450000  3
1570  1  9.01822000  46.64150000  47.41960000  3
1571  1  33.06020000  35.97010000  33.44560000  3
1572  1  14.08910000  24.75790000  23.79340000  3
1573  1  40.85210000  19.44640000  15.63430000  3
1574  1  35.55510000  19.17080000  20.37610000  3
1575  1  34.26610000  35.81680000  35.77360000  3
1576  1  13.17540000  34.95640000  22.67510000  3
1577  1  15.61430000  24.76960000  2.03500000  3
1578  1  12.95690000  9.68578000  3.38040000  3
1579  1  5.67237000  47.23440000  50.51150000  3
1580  1  21.36180000  33.76520000  4.40764000  3
1581  1  26.46750000  33.49010000  12.62800000  3
1582  1  6.91304000  25.04240000  4.53920000  3
1583  1  20.53360000  28.44960000  23.85070000  3
1584  1  19.45510000  41.46500000  35.90410000  3
1585  1  49.28870000  18.27130000  4.77145000  3
1586  1  3.61731000  26.02010000  50.00220000  2
1587  1  16.19280000  45.02570000  16.00120000  3
1588  1  43.19840000  19.23840000  12.48650000  3
1589  1  7.82590000  44.53170000  12.44570000  3
1590  1  35.98070000  43.18650000  27.23800000  3
1591  1  30.27310000  7.66751000  37.15100000  3
1592  1  31.98160000  42.85580000  17.58490000  3
1593  1  26.04620000  50.66890000  11.59210000  2
1594  1  25.62110000  27.38860000  36.99790000  3
1595  1  48.00320000  38.16130000  15.10060000  3
1596  1  1.81403000  21.97880000  25.45660000  3
1597  1  26.13400000  33.57130000  50.15000000  3
1598  1  28.34300000  34.84860000  19.32060000  3
1599  1  21.95060000  23.30370000  9.28293000  3
1600  1  14.63690000  24.03030000  10.73700000  3
1601  1  11.09050000  19.17810000  15.24410000  3
1602  1  9.75872000  34.66140000  0.98569100  3
1603  1  42.02040000  26.82450000  26.68890000  3
1604  1  11.77880000  9.03335000  5.78803000  3
1605  1  38.23420000  4.70368000  27.31060000  3
1606  1  6.77758000  22.75520000  5.12807000  3
1607  1  11.40350000  30.48330000  12.90950000  3
1608  1  43.84260000  26.91510000  0.37716700  3
1609  1  3.84840000  41.03300000  5.41625000  3
1610  1  33.29120000  11.07560000  16.90250000  3
1611  1  27.56860000  29.58410000  37.00650000  3
1612  1  39.87700000  30.42880000  19.49790000  3
1613  1  40.73670000  9.85282000  46.11860000  3
1614  1  1.23739000  24.38200000  39.03220000  3
1615  1  10.87440000  34.45180000  19.00700000  3
1616  1  17.85980000  25.34750000  16.45810000  3
1617  1  31.22100000  6.07050000  43.42110000  3
1618  1  47.24760000  15.45030000  12.62540000  3
1619  1  28.65290000  49.55660000  22.27200000  3
1620  1  32.98690000  39.03250000  8.62318000  2
1621  1  47.02580000  25.48850000  16.81720000  3
1622  1  18.00360000  5.79091000  34.01070000  3
1623  1  28.51600000  43.20490000  3.82864000  3
1624  1  6.55637000  46.94970000  33.36890000  3
1625  1  32.94460000  46.73160000  18.61780000  3
1626  1  14.25900000  2.29870000  36.86670000  3
1627  1  46.38850000  5.78559000  11.27010000  3
1628  1  33.83310000  41.78630000  28.34780000  3
1629  1  13.48020000  23.35380000  45.70450000  3
1630  1  47.43020000  39.91980000  50.69320000  3
1631  1  26.44560000  25.96150000  0.91296900  3
1632  1  22.81930000  28.92340000  19.93390000  3
1633  1  30.24040000  20.82210000  13.21310000  3
1634  1  13.84030000  34.48620000  16.73860000  3
1635  1  39.56410000  2.55308000  13.74340000  3
1636  1  40.08330000  31.59660000  16.03430000  3
1637  1  18.78240000  9.34731000  16.50130000  3
1638  1  35.93550000  1.27596000  33.12340000  2
1639  1  26.90680000  35.56900000  2.11677000  3
1640  1  48.24660000  30.32150000  26.51780000  3
1641  1  10.71040000  24.93110000  9.52902000  3
1642  1  32.31510000  48.01630000  33.83040000  3
1643  1  32.72110000  46.44200000  29.00550000  3
1644  1  42.71590000  44.64230000  12.33640000  3
1645  1  33.88270000  2.39048000  2.35240000  2
1646  1  22.30230000  32.83880000  22.18400000  3
1647  1  49.65510000  26.28100000  48.96200000  3
1648  1  41.53560000  1.29818000  25.97500000  3
1649  1  19.42080000  23.74080000  26.86190000  3
1650  1  14.93180000  14.90680000  12.36180000  3
1651  1  35.49740000  27.79070000  14.36050000  3
1652  1  4.15773000  16.50900000  48.32600000  3
1653  1  50.10050000  14.72590000  36.31020000  3
1654  1  39.38940000  45.79100000  47.32540000  3
1655  1  0.64654900  12.66800000  7.23622000  3
1656  1  43.55740000  24.62640000  50.27960000  3
1657  1  17.81050000  24.95590000  39.45650000  3
1658  1  0.30083700  19.13070000  43.95210000  3
1659  1  34.77530000  23.96210000  16.38830000  3
1660  1  32.41130000  26.63360000  7.54010000  3
1661  1  48.04730000  17.85400000  5.23332000  3
1662  1  2.83372000  31.32020000  45.98270000  3
1663  1  16.55310000  7.60213000  2.64126000  3
1664  1  19.21760000  32.16770000  18.34870000  3
1665  1  1.93511000  42.21860000  36.44520000  3
1666  1  25.12220000  40.76990000  25.83080000  3
1667  1  11.37430000  48.58610000  31.12780000  3
1668  1  41.70800000  3.71900000  30.37580000  3
1669  1  20.49280000  49.72480000  12.80260000  3
1670  1  48.52110000  37.74600000  5.82944000  2
1671  1  35.48050000  23.45700000  3.02387000  3
1672  1  9.21940000  35.42090000  41.15460000  3
1673  1  49.49250000  13.22300000  27.06900000  3
1674  1  27.64910000  17.92310000  36.75130000  3
1675  1  4.14150000  3.54230000  9.41507000  3
1676  1  18.53980000  43.21020000  37.23470000  2
1677  1  48.64270000  30.73210000  34.49350000  3
1678  1  18.33430000  30.10040000  39.41170000  3
1679  1  17.08480000  15.81170000  34.20690000  3
1680  1  25.16530000  3.22747000  0.27684300  3
1681  1  30.31560000  15.26680000  23.84470000  3
1682  1  18.16730000  13.59700000  49.21360000  3
1683  1  20.96590000  27.36300000  44.75930000  2
1684  1  44.67650000  43.41880000  20.79600000  3
1685  1  42.58050000  15.28940000  46.28420000  3
1686  1  3.21352000  28.12510000  36.35070000  3
1687  1  21.31020000  8.43394000  9.92944000  3
1688  1  1.78767000  43.71290000  18.27310000  3
1689  1  30.92120000  13.67020000  6.20637000  3
1690  1  48.14560000  27.86760000  17.30420000  3
1691  1  49.65490000  36.95480000  1.12824000  3
1692  1  0.45365600  2.06754000  36.29050000  3
1693  1  40.68630000  29.07860000  4.99030000  2
1694  1  23.16560000  45.59750000  8.37119000  3
1695  1  20.31550000  47.57110000  42.26870000  3
1696  1  50.89050000  9.23532000  48.60490000  2
1697  1  46.43050000  5.34380000  43.03270000  3
1698  1  1.99426000  18.51330000  50.67400000  3
1699  1  8.60791000  17.72260000  27.41800000  3
1700  1  2.57343000  47.57950000  2.72058000  3
1701  1  7.14047000  7.59331000  45.08000000  3
1702  1  21.36980000  47.77210000  20.57970000  3
1703  1  0.48284700  4.70295000  14.59790000  3
1704  1  31.65440000  40.21810000  20.26400000  3
1705  1  33.23140000  28.30230000  28.58130000  3
1706  1  35.75370000  7.88303000  22.32430000  3
1707  1  8.00536000  23.39950000  32.92900000  3
1708  1  0.37287400  40.25960000  49.31770000  3
1709  1  39.77850000  17.24760000  13.77860000  3
1710  1  19.56870000  19.36580000  49.48650000  3
1711  1  4.03634000  11.48080000  0.10000500  3
1712  1  5.26569000  14.58470000  13.79380000  3
1713  1  11.07820000  46.68350000  18.61690000  3
1714  1  26.94140000  7.86699000  10.74990000  3
1715  1  16.40920000  27.37640000  48.97190000  3
1716  1  28.63960000  9.62757000  6.09016000  3
1717  1  30.77630000  45.20640000  16.12940000  3
1718  1  40.30300000  9.41312000  27.07110000  3
1719  1  34.92930000  36.18530000  6.27429000  3
1720  1  7.89811000  24.57240000  35.56570000  2
1721  1  7.09705000  32.03250000  8.74248000  3
1722  1  32.66480000  9.19442000  18.89580000  3
1723  1  32.14700000  22.40440000  1.57903000  3
1724  1  12.51790000  0.30158700  21.96320000  3
1725  1  5.34828000  33.61510000  3.69410000  3
1726  1  48.93350000  1.80311000  49.10440000  3
1727  1  29.50020000  33.18140000  42.93720000  3
1728  1  11.29500000  21.18390000  19.62080000  3
1729  1  43.43240000  11.25410000  27.64970000  3
1730  1  48.38040000  48.22350000  14.76140000  3
1731  1  46.01470000  0.81492100  38.33320000  3
1732  1  4.22849000  40.16330000  38.56530000  3
1733  1  20.04310000  43.73140000  4.92631000  3
1734  1  6.28491000  20.61920000  9.67255000  3
1735  1  49.76950000  1.61533000  26.68200000  3
1736  1  16.23750000  40.04870000  42.51180000  3
1737  1  1.60290000  24.31850000  26.40420000  3
1738  1  33.28080000  9.77972000  2.70978000  3
1739  1  38.30780000  46.12630000  46.44160000  3
1740  1  48.22430000  43.16490000  35.42730000  3
1741  1  15.92850000  45.72020000  19.64570000  3
1742  1  44.62480000  49.05620000  30.16070000  3
1743  1  21.53150000  3.63070000  27.70740000  3
1744  1  40.60640000  38.13060000  17.55580000  3
1745  1  31.30590000  44.47240000  41.45040000  3
1746  1  36.65650000  6.14485000  37.61090000  3
1747  1  16.64330000  18.93610000  30.15980000  3
1748  1  4.01098000  50.10910000  17.89790000  3
1749  1  5.40343000  11.45690000  11.77370000  3
1750  1  28.53480000  17.17800000  50.87080000  3
1751  1  22.27100000  33.57530000  19.83310000  3
1752  1  23.37550000  29.48150000  41.30120000  3
1753  1  17.68140000  22.77140000  49.50340000  3
1754  1  14.07810000  12.44930000  24.55540000  3
1755  1  18.41130000  39.18310000  36.54000000  3
1756  1  30.02840000  8.79200000  7.90296000  3
1757  1  46.22220000  4.41314000  11.62210000  3
1758  1  0.18883500  36.64300000  45.79500000  3
1759  1  19.63150000  27.32020000  45.05020000  3
1760  1  19.11790000  38.27490000  8.85301000  3
1761  1  37.76370000  22.26110000  36.04180000  3
1762  1  33.70580000  36.01830000  32.09210000  3
1763  1  47.53060000  49.92650000  38.12670000  3
1764  1  0.79033700  32.66540000  50.22550000  3
1765  1  20.89070000  13.54040000  12.32720000  3
1766  1  30.21550000  48.96730000  38.88280000  3
1767  1  31.81230000  46.23630000  38.09260000  3
1768  1  15.55490000  28.99020000  33.57470000  3
1769  1  20.90260000  19.61430000  49.67430000  3
1770  1  2.87170000  37.07200000  25.76150000  3
1771  1  19.95060000  7.30256000  17.27400000  3
1772  1  48.27780000  7.68972000  36.55020000  3
1773  1  42.57300000  42.40050000  34.86930000  3
1774  1  50.07870000  5.90061000  47.82120000  3
1775  1  10.75530000  12.57000000  33.28780000  3
1776  1  27.71780000  28.41640000  7.96518000  3
1777  1  48.00100000  46.84040000  45.53270000  3
1778  1  45.59000000  16.23710000  19.16680000  3
1779  1  1.95013000  6.42872000  13.00750000  3
1780  1  22.06900000  30.14330000  15.15560000  3
1781  1  46.35840000  2.40529000  40.84100000  3
1782  1  49.18810000  45.56010000  31.24080000  3
1783  1  4.85575000  46.53180000  41.59540000  3
1784  1  37.92000000  2.05584000  7.60130000  3
1785  1  36.13930000  35.19840000  28.83880000  3
1786  1  31.68200000  34.35810000  42.52740000  3
1787  1  25.36480000  10.21290000  24.05770000  3
1788  1  49.23390000  39.41090000  40.97470000  2
1789  1  40.53450000  37.22330000  25.18480000  3
1790  1  8.16939000  22.68880000  5.44318000  3
1791  1  14.67210000  15.85850000  29.94530000  3
1792  1  35.27160000  48.16010000  21.97630000  3
1793  1  45.71950000  41.18020000  44.40350000  3
1794  1  10.92660000  48.39150000  6.26853000  3
1795  1  19.22900000  18.06520000  17.61290000  3
1796  1  12.00640000  15.97690000  33.25500000  2
1797  1  28.41010000  2.17196000  23.33400000  3
1798  1  43.63070000  21.49170000  34.48040000  3
1799  1  37.49620000  44.23220000  6.41358000  3
1800  1  17.24180000  20.50590000  28.30730000  3
1801  1  11.26860000  38.60220000  0.72274800  3
1802  1  49.08420000  35.74620000  1.36868000  2
1803  1  32.57990000  43.72920000  39.54720000  3
1804  1  4.13572000  27.61100000  4.54621000  3
1805  1  18.90940000  37.54360000  41.60780000  3
1806  1  34.74340000  13.19310000  11.47350000  3
1807  1  35.64710000  19.91160000  37.95410000  3
1808  1  16.42180000  50.07210000  15.26070000  3
1809  1  11.79100000  15.16690000  18.50520000  3
1810  1  3.97533000  14.17010000  6.66139000  3
1811  1  7.64470000  24.37800000  47.82040000  3
1812  1  36.55940000  33.06360000  46.59940000  3
1813  1  12.07850000  0.94878100  29.66590000  3
1814  1  33.33590000  18.09800000  20.96970000  3
1815  1  50.11070000  42.65660000  26.18580000  3
1816  1  33.03980000  22.50180000  15.18120000  3
1817  1  16.00330000  29.08060000  23.20290000  3
1818  1  1.34182000  25.70640000  38.43150000  3
1819  1  20.13020000  22.55550000  29.39890000  3
1820  1  2.83843000  24.92540000  28.42030000  3
1821  1  37.74340000  45.99530000  50.60110000  3
1822  1  8.07811000  34.53220000  41.23020000  3
1823  1  40.95000000  5.38273000  48.14700000  3
1824  1  19.36070000  9.77288000  44.29740000  3
1825  1  43.21590000  41.34290000  2.55414000  3
1826  1  19.33550000  3.96017000  20.75100000  3
1827  1  30.94900000  28.03650000  29.44310000  3
1828  1  44.45990000  16.48260000  47.02960000  3
1829  1  22.93240000  17.66360000  20.17870000  3
1830  1  27.48080000  46.25810000  20.88930000  3
1831  1  42.27810000  41.14010000  3.63320000  3
1832  1  0.83652000  21.02060000  16.18700000  3
1833  1  31.98180000  43.47030000  42.20940000  3
1834  1  38.15260000  16.80950000  2.53847000  3
1835  1  9.56451000  13.72330000  46.74720000  3
1836  1  6.03847000  13.63880000  25.57270000  3
1837  1  18.58760000  28.09350000  35.48430000  3
1838  1  23.93540000  17.71300000  28.32920000  3
1839  1  12.87780000  37.88110000  36.45580000  3
1840  1  31.44370000  20.80580000  47.32390000  3
1841  1  30.28990000  33.73100000  32.30260000  3
1842  1  11.84510000  28.32670000  14.53970000  3
1843  1  43.01320000  40.91520000  17.77670000  3
1844  1  3.12912000  30.83410000  23.42760000  3
1845  1  45.76700000  28.21210000  37.37900000  3
1846  1  41.53280000  1.34520000  13.81050000  3
1847  1  34.86270000  20.09230000  45.86330000  3
1848  1  50.45160000  7.21102000  4.48107000  3
1849  1  46.62590000  41.17170000  50.61490000  3
1850  1  20.98230000  37.58050000  10.89950000  3
1851  1  9.60969000  47.32200000  29.67110000  3
1852  1  22.10030000  30.38490000  46.34500000  3
1853  1  45.55740000  39.79920000  39.22500000  3
1854  1  14.34540000  33.17040000  18.82490000  3
1855  1  41.87170000  36.23060000  10.44530000  3
1856  1  15.01280000  35.84720000  36.23480000  3
1857  1  27.45980000  33.87700000  22.40020000  3
1858  1  48.09470000  29.23750000  16.98830000  3
1859  1  50.06390000  18.84520000  44.60440000  3
1860  1  5.37151000  44.51260000  11.93570000  3
1861  1  37.51490000  9.20724000  47.81920000  3
1862  1  0.21625300  21.89830000  39.90960000  3
1863  1  40.41250000  15.21990000  35.69990000  3
1864  1  48.13970000  39.77480000  32.25040000  3
1865  1  41.28530000  26.35710000  23.03700000  3
1866  1  8.32873000  24.95930000  4.64405000  3
1867  1  30.25360000  46.73980000  40.09490000  3
1868  1  10.88550000  39.53080000  27.15200000  3
1869  1  34.18280000  7.59741000  33.32280000  3
1870  1  9.28063000  49.19830000  34.51990000  3
1871  1  10.62800000  37.44860000  28.35990000  3
1872  1  35.29320000  5.95199000  34.68680000  3
1873  1  12.10320000  18.98880000  12.75350000  3
1874  1  2.41405000  36.48140000  41.59060000  3
1875  1  0.40193700  4.31515000  39.84590000  3
1876  1  9.16141000  6.56834000  2.26217000  2
1877  1  18.40820000  24.34070000  20.50480000  3
1878  1  13.77850000  47.57450000  4.59272000  1
1879  1  4.33468000  50.41210000  20.26820000  3
1880  1  46.35710000  24.60470000  49.69410000  3
1881  1  45.74570000  42.54310000  24.26450000  3
1882  1  31.70870000  43.42620000  9.04450000  3
1883  1  22.17970000  36.32110000  14.20110000  3
1884  1  0.22738400  0.67086500  8.44511000  3
1885  1  23.90500000  44.33490000  16.99160000  3
1886  1  44.31460000  41.10810000  8.40110000  3
1887  1  19.24050000  43.70350000  31.41950000  3
1888  1  25.16760000  45.97600000  30.20450000  2
1889  1  22.68880000  33.78000000  21.19690000  3
1890  1  12.53870000  34.68940000  33.71500000  3
1891  1  45.79940000  25.59240000  50.61930000  3
1892  1  10.15500000  49.56900000  35.56710000  3
1893  1  14.82490000  45.01620000  15.51590000  3
1894  1  23.92840000  30.71080000  29.04660000  3
1895  1  36.09260000  45.90580000  5.26166000  3
1896  1  47.85070000  17.42970000  13.93090000  3
1897  1  38.50860000  9.04208000  30.79130000  3
1898  1  17.98220000  22.71670000  22.27810000  3
1899  1  10.15760000  20.94390000  28.52860000  3
1900  1  41.48070000  19.05420000  14.36970000  3
1901  1  24.61600000  8.88615000  9.57931000  2
1902  1  32.38220000  32.22580000  12.46390000  3
1903  1  26.55080000  16.34780000  38.51080000  3
1904  1  35.25500000  1.00437000  34.30340000  3
1905  1  39.94290000  18.46810000  47.99450000  3
1906  1  48.27180000  37.30630000  11.72750000  3
1907  1  36.63320000  7.53877000  33.48930000  3
1908  1  47.05700000  48.66060000  15.11390000  3
1909  1  26.04180000  32.82170000  16.32800000  3
1910  1  29.05240000  15.82460000  51.01780000  3
1911  1  45.26670000  32.77830000  7.90892000  3
1912  1  4.00633000  32.94420000  13.31160000  3
1913  1  33.01820000  42.22240000  20.56110000  3
1914  1  28.87230000  50.16570000  8.09099000  3
1915  1  24.42100000  14.92950000  31.33600000  3
1916  1  3.11671000  50.14590000  16.87670000  3
1917  1  0.73895000  18.11120000  36.07350000  3
1918  1  44.09230000  41.79560000  22.38860000  3
1919  1  39.70390000  14.15970000  28.89150000  3
1920  1  47.65230000  10.35510000  36.08220000  3
1921  1  19.73280000  20.74350000  41.04030000  3
1922  1  18.68940000  40.05290000  43.11580000  3
1923  1  6.79618000  10.32670000  44.41170000  3
1924  1  3.26941000  49.27030000  15.71450000  3
1925  1  49.24410000  26.73720000  5.89133000  3
1926  1  33.81720000  2.54223000  3.62753000  2
1927  1  24.70570000  34.41370000  2.54721000  3
1928  1  19.83700000  0.01164650  24.42470000  3
1929  1  8.75874000  17.31610000  41.95560000  3
1930  1  27.82920000  6.31506000  12.62730000  3
1931  1  5.33049000  45.32240000  34.55370000  3
1932  1  26.47040000  19.60500000  26.41060000  3
1933  1  44.66220000  48.52240000  25.29220000  2
1934  1  19.27740000  36.06390000  11.92660000  3
1935  1  47.68980000  0.27415400  40.21530000  3
1936  1  43.52310000  42.25560000  44.30710000  3
1937  1  1.00794000  21.58860000  35.10700000  3
1938  1  10.20650000  14.09030000  22.31630000  3
1939  1  26.22730000  25.70390000  43.63480000  3
1940  1  20.85180000  27.25410000  36.10890000  3
1941  1  33.06400000  42.65780000  40.27330000  2
1942  1  36.51210000  22.77680000  17.80230000  3
1943  1  32.91940000  42.49000000  41.63040000  3
1944  1  46.21090000  22.94330000  13.98870000  3
1945  1  38.39880000  39.73230000  49.41640000  3
1946  1  50.46240000  23.93580000  23.35290000  3
1947  1  26.59910000  24.53890000  44.53450000  3
1948  1  30.48890000  15.88240000  21.47010000  3
1949  1  13.06370000  31.45820000  28.22200000  3
1950  1  46.27300000  9.35025000  19.81370000  3
1951  1  37.73230000  34.53840000  36.19460000  3
1952  1  39.38020000  10.37340000  29.03930000  3
1953  1  48.94230000  1.99115000  16.45830000  3
1954  1  35.42510000  49.57240000  38.79870000  3
1955  1  10.96070000  30.96820000  35.11800000  2
1956  1  22.35610000  0.21953600  20.69980000  3
1957  1  32.26140000  10.43490000  43.14750000  3
1958  1  44.18100000  16.22790000  28.21160000  3
1959  1  42.75360000  15.98110000  28.29910000  3
1960  1  23.14730000  28.15500000  20.94490000  2
1961  1  7.03867000  19.48170000  41.04380000  3
1962  1  26.60730000  5.01271000  44.89500000  3
1963  1  12.80270000  30.30770000  13.26740000  3
1964  1  17.85060000  31.33950000  48.73900000  3
1965  1  33.66460000  32.99710000  42.09370000  3
1966  1  40.56190000  9.10421000  44.92520000  3
1967  1  44.24600000  32.39440000  18.69580000  3
1968  1  40.38280000  2.26757000  18.39680000  3
1969  1  4.19761000  24.95150000  39.09190000  3
1970  1  16.10360000  32.06470000  35.16220000  3
1971  1  39.51800000  6.11737000  33.62190000  3
1972  1  15.96570000  14.22590000  48.41040000  3
1973  1  47.28500000  30.66020000  25.52150000  3
1974  1  40.08460000  37.04080000  21.58050000  3
1975  1  46.22990000  17.72820000  6.91191000  3
1976  1  26.78380000  35.25440000  0.79320100  2
1977  1  40.30340000  12.43710000  3.55216000  3
1978  1  39.15480000  23.00040000  18.85900000  3
1979  1  28.11350000  15.53450000  44.19780000  3
1980  1  20.99400000  0.27714600  21.05560000  3
1981  1  31.92280000  17.53930000  9.04863000  3
1982  1  39.96140000  37.29330000  16.60640000  3
1983  1  17.45160000  27.23740000  10.93200000  3
1984  1  34.58580000  8.40987000  4.41062000  3
1985  1  14.12910000  48.71870000  50.68930000  3
1986  1  43.69080000  20.10760000  34.72650000  3
1987  1  13.08520000  4.32048000  43.79020000  3
1988  1  44.41020000  9.55370000  13.20260000  3
1989  1  6.75629000  4.44890000  0.45843300  2
1990  1  1.77686000  14.07870000  36.84840000  3
1991  1  9.67198000  23.21610000  46.83630000  3
1992  1  3.55081000  1.33406000  7.01804000  3
1993  1  12.11200000  50.82820000  30.62170000  3
1994  1  10.74560000  7.90207000  17.85260000  3
1995  1  29.09760000  9.64626000  47.23240000  3
1996  1  32.38090000  50.06590000  32.56430000  3
1997  1  42.03890000  3.09300000  27.91510000  3
1998  1  42.48530000  30.80320000  1.48238000  3
1999  1  28.98980000  36.01950000  6.51556000  3
2000  1  27.13720000  36.70820000  25.82530000  3
2001  1  46.05710000  37.29940000  48.27650000  3
2002  1  50.59750000  34.77370000  29.59190000  3
2003  1  31.93520000  25.74740000  5.35970000  3
2004  1  35.72820000  44.49910000  23.10410000  3
2005  1  34.80700000  50.20260000  48.15970000  3
2006  1  50.38780000  17.61980000  12.58200000  3
2007  1  48.25750000  29.56040000  15.60320000  3
2008  1  10.67820000  13.57670000  19.95520000  3
2009  1  10.76360000  27.33290000  21.36050000  3
2010  1  26.04900000  24.64890000  12.93410000  3
2011  1  40.71220000  28.32160000  9.10703000  3
2012  1  35.89850000  44.02390000  24.50710000  3
2013  1  17.90420000  12.24050000  14.38860000  3
2014  1  41.09950000  47.49180000  8.42489000  3
2015  1  38.05970000  14.33380000  7.72327000  3
2016  1  17.51480000  24.08200000  16.88290000  3
2017  1  6.94893000  3.44032000  44.14620000  3
2018  1  37.87160000  25.29080000  40.53520000  3
2019  1  35.73000000  6.06377000  47.08480000  3
2020  1  11.09860000  16.18960000  23.34760000  3
2021  1  0.30658800  2.49630000  37.68530000  3
2022  1  30.44980000  4.95105000  43.14470000  3
2023  1  31.76090000  19.92010000  14.96520000  3
2024  1  8.15989000  32.98450000  8.43098000  3
2025  1  35.62420000  6.19339000  48.53510000  3
2026  1  2.21623000  10.66230000  4.26962000  3
2027  1  15.29520000  22.44120000  6.36110000  3
2028  1  6.13955000  18.40580000  8.54836000  3
2029  1  21.83210000  20.52280000  42.19080000  3
2030  1  26.83620000  27.56830000  5.71580000  3
2031  1  8.34065000  0.67418500  6.85545000  3
2032  1  3.09539000  39.75200000  7.77477000  3
2033  1  31.49790000  17.95430000  47.01510000  3
2034  1  19.52770000  30.50980000  47.23600000  3
2035  1  47.18080000  42.84450000  26.75520000  4
2036  1  37.96080000  8.30789000  24.31960000  3
2037  1  49.13150000  40.59160000  31.76710000  3
2038  1  14.53210000  11.42610000  35.06520000  3
2039  1  12.51070000  28.11280000  19.73720000  3
2040  1  33.07140000  7.74523000  11.73990000  3
2041  1  14.46250000  40.86950000  10.82040000  3
2042  1  36.70120000  21.72460000  36.81540000  3
2043  1  1.46731000  31.75970000  24.91680000  3
2044  1  15.51880000  23.85500000  4.34375000  3
2045  1  3.17794000  16.83430000  42.77160000  3
2046  1  29.32430000  11.96650000  45.03450000  3
2047  1  46.10550000  29.15930000  7.44965000  3
2048  1  7.37026000  26.87790000  48.39250000  3
2049  1  47.14730000  47.09980000  6.81677000  2
2050  1  27.28830000  28.02170000  25.36100000  3
2051  1  3.85382000  17.21910000  28.74970000  3
2052  1  1.11531000  18.00930000  43.41480000  3
2053  1  44.09260000  11.41740000  45.53490000  3
2054  1  45.35620000  12.72100000  27.83000000  3
2055  1  46.78550000  49.45860000  37.02900000  3
2056  1  16.55410000  31.08200000  49.25250000  3
2057  1  11.59060000  37.06200000  41.13440000  3
2058  1  38.22660000  2.45600000  28.23190000  3
2059  1  38.84070000  11.60660000  5.20844000  3
2060  1  39.86400000  18.77330000  16.45630000  3
2061  1  48.16360000  12.44900000  21.19610000  3
2062  1  10.89820000  2.14554000  27.86840000  3
2063  1  44.76890000  31.04660000  25.04850000  3
2064  1  29.66280000  12.69990000  11.61890000  3
2065  1  31.66380000  29.91580000  44.33530000  3
2066  1  24.99590000  25.82100000  5.84087000  3
2067  1  10.78850000  10.55690000  32.07380000  3
2068  1  18.19050000  29.50530000  9.95761000  3
2069  1  7.38846000  43.99330000  3.75884000  3
2070  1  39.48310000  42.13860000  11.07400000  2
2071  1  43.18440000  11.17030000  20.73910000  3
2072  1  4.68564000  14.63950000  23.30040000  3
2073  1  39.19570000  19.60400000  48.04200000  3
2074  1  47.87770000  17.81880000  19.70670000  3
2075  1  11.67250000  43.03670000  27.60880000  3
2076  1  31.19690000  7.83305000  31.02310000  3
2077  1  49.58170000  19.44630000  6.90497000  3
2078  1  2.24370000  29.82130000  23.11850000  3
2079  1  31.29790000  16.82660000  25.52950000  3
2080  1  3.86633000  23.89970000  10.88530000  3
2081  1  12.33280000  42.05970000  48.20320000  3
2082  1  19.46790000  0.85420200  30.02190000  3
2083  1  29.56950000  27.93020000  46.75340000  3
2084  1  33.92150000  16.60890000  46.57770000  3
2085  1  29.96210000  46.26080000  15.49380000  3
2086  1  30.29000000  20.02280000  47.00020000  3
2087  1  36.29250000  34.60050000  36.34060000  3
2088  1  19.37770000  49.82050000  23.76150000  3
2089  1  18.45210000  9.25304000  45.27280000  3
2090  1  46.50700000  32.24710000  2.46323000  3
2091  1  12.86380000  48.20430000  50.39240000  3
2092  1  29.43350000  30.71790000  43.39220000  3
2093  1  15.41200000  0.35021100  21.56240000  3
2094  1  19.03310000  25.62650000  35.28920000  3
2095  1  45.24570000  30.29460000  7.85780000  3
2096  1  29.40080000  8.56177000  35.09420000  3
2097  1  41.23790000  26.67190000  25.56520000  3
2098  1  34.26830000  47.22080000  2.67151000  3
2099  1  19.71330000  23.29090000  2.09197000  3
2100  1  32.93430000  31.89840000  42.67210000  3
2101  1  19.66500000  2.33915000  43.35470000  3
2102  1  18.04950000  33.23560000  50.30520000  3
2103  1  26.88440000  2.62885000  35.03250000  3
2104  1  38.45910000  29.76460000  17.47650000  3
2105  1  1.02507000  22.13240000  9.11545000  3
2106  1  20.73030000  14.89380000  39.21970000  3
2107  1  3.31347000  14.28120000  21.28250000  3
2108  1  26.16740000  25.11830000  49.57800000  2
2109  1  39.14080000  27.36260000  50.18610000  3
2110  1  29.22660000  45.91760000  44.12630000  3
2111  1  5.83260000  22.88410000  48.66530000  3
2112  1  17.37830000  25.25600000  12.87550000  3
2113  1  21.04860000  39.71310000  43.84990000  3
2114  1  29.00830000  38.54680000  25.57600000  3
2115  1  31.82300000  21.16940000  31.02660000  3
2116  1  47.82270000  14.05770000  35.88210000  3
2117  1  33.38830000  43.63060000  33.93080000  3
2118  1  16.86410000  40.24910000  10.32150000  3
2119  1  39.12820000  5.06048000  2.07153000  3
2120  1  38.93490000  11.11130000  36.72210000  3
2121  1  8.35782000  18.53280000  11.06850000  3
2122  1  46.28030000  4.02899000  27.38960000  3
2123  1  36.95830000  28.56980000  12.62550000  3
2124  1  35.79610000  49.57110000  37.34130000  3
2125  1  17.66320000  49.47680000  12.88560000  3
2126  1  13.47600000  29.31090000  27.35030000  3
2127  1  10.99250000  22.62220000  5.82488000  3
2128  1  1.21643000  11.68960000  36.92490000  3
2129  1  17.71740000  12.70670000  39.88470000  3
2130  1  4.78604000  21.94550000  29.54010000  3
2131  1  20.62770000  0.76306600  38.32630000  3
2132  1  1.13945000  11.36830000  23.28050000  3
2133  1  21.13130000  19.27780000  38.08060000  3
2134  1  40.88770000  11.91990000  35.52070000  3
2135  1  37.34600000  14.18420000  5.41382000  3
2136  1  34.74450000  21.49460000  16.71080000  3
2137  1  27.28970000  7.50591000  34.09750000  3
2138  1  26.97760000  25.75360000  24.36300000  3
2139  1  39.58700000  6.82138000  31.19680000  3
2140  1  34.98670000  1.37857000  22.79830000  3
2141  1  21.12560000  3.02346000  32.64480000  3
2142  1  9.03474000  50.49470000  42.26480000  3
2143  1  14.93420000  19.23050000  41.61300000  3
2144  1  17.07300000  1.64369000  40.71610000  3
2145  1  0.58213100  28.80540000  35.75090000  3
2146  1  11.31450000  46.32210000  25.98960000  3
2147  1  48.50800000  20.13910000  18.17870000  3
2148  1  3.09708000  46.36080000  2.34198000  3
2149  1  5.63538000  40.41920000  17.18290000  3
2150  1  13.32260000  39.26670000  24.48210000  3
2151  1  29.58620000  19.52480000  13.19590000  3
2152  1  18.55550000  19.20750000  17.01180000  3
2153  1  11.27500000  43.20640000  12.77720000  3
2154  1  4.90679000  18.25020000  18.14850000  3
2155  1  7.76233000  17.26460000  46.26260000  3
2156  1  29.42950000  23.41050000  10.00470000  3
2157  1  24.79630000  38.73720000  22.72290000  3
2158  1  12.08530000  25.73670000  20.22580000  3
2159  1  14.39300000  39.54430000  2.97467000  3
2160  1  22.27390000  10.73920000  34.26060000  2
2161  1  7.53118000  38.76000000  16.33500000  3
2162  1  13.09660000  16.12680000  43.86940000  3
2163  1  18.53810000  48.74770000  35.21330000  3
2164  1  41.59820000  36.34810000  8.13253000  3
2165  1  38.23640000  49.82440000  15.59150000  3
2166  1  26.69320000  42.49560000  42.49070000  3
2167  1  4.94080000  28.82340000  4.53328000  3
2168  1  33.73350000  13.10570000  10.44920000  3
2169  1  0.45989600  23.66400000  24.24570000  3
2170  1  13.34280000  32.57360000  32.88880000  3
2171  1  32.39510000  40.60730000  23.86470000  3
2172  1  45.99370000  49.51790000  49.09890000  3
2173  1  9.71224000  43.78080000  4.70949000  3
2174  1  24.83810000  43.95700000  41.72660000  3
2175  1  47.46000000  47.56390000  3.55342000  3
2176  1  2.17613000  33.63860000  46.27140000  3
2177  1  1.05674000  26.19150000  19.90580000  3
2178  1  3.98898000  12.47610000  13.94160000  3
2179  1  6.69944000  20.68670000  22.15240000  3
2180  1  49.25550000  23.42040000  21.26500000  3
2181  1  48.66750000  14.79290000  21.59940000  3
2182  1  24.38830000  10.80900000  4.83168000  3
2183  1  40.61750000  34.16310000  47.23260000  3
2184  1  5.00983000  24.53590000  20.80350000  3
2185  1  12.40510000  22.58600000  5.96619000  3
2186  1  50.48240000  20.31930000  7.68169000  3
2187  1  21.97990000  6.33106000  4.55902000  3
2188  1  7.22782000  48.48620000  18.90560000  3
2189  1  38.72290000  32.63220000  47.62730000  3
2190  1  43.91530000  22.02450000  5.01693000  3
2191  1  8.30598000  27.73150000  13.46180000  3
2192  1  29.82280000  45.54720000  22.49960000  3
2193  1  17.56770000  8.64541000  16.49450000  3
2194  1  7.20626000  9.07300000  36.67330000  3
2195  1  32.75040000  45.74500000  30.28270000  3
2196  1  33.37220000  3.96958000  33.19810000  3
2197  1  13.38840000  37.88410000  1.49288000  3
2198  1  1.32480000  38.22350000  27.29280000  3
2199  1  41.04200000  7.81453000  48.99960000  3
2200  1  15.20880000  15.66930000  44.94540000  3
2201  1  36.23790000  48.08270000  12.84440000  3
2202  1  35.94200000  16.80070000  1.56593000  3
2203  1  31.63530000  36.76630000  42.11070000  3
2204  1  36.88190000  46.83580000  42.02110000  3
2205  1  16.87200000  4.65216000  12.91250000  3
2206  1  41.56440000  44.99480000  48.95320000  3
2207  1  26.93820000  26.96900000  43.58010000  3
2208  1  42.78960000  44.15930000  45.55060000  3
2209  1  31.04360000  9.62011000  33.59130000  3
2210  1  27.17660000  48.45970000  42.66270000  3
2211  1  43.09570000  18.50700000  41.81410000  3
2212  1  51.01900000  36.46600000  48.59860000  3
2213  1  12.58040000  5.04827000  24.26230000  3
2214  1  27.19340000  43.37800000  3.33967000  3
2215  1  48.12200000  49.27890000  46.18280000  3
2216  1  20.96710000  23.58390000  6.88752000  3
2217  1  34.57820000  10.79280000  33.12740000  3
2218  1  0.15447600  29.07590000  11.56740000  3
2219  1  28.70380000  40.06830000  36.87470000  3
2220  1  19.40310000  46.40650000  35.50570000  3
2221  1  21.65720000  29.94730000  36.45570000  3
2222  1  21.73420000  34.03980000  2.07514000  3
2223  1  25.87800000  0.14821800  15.89370000  3
2224  1  20.79690000  0.15243200  7.88851000  2
2225  1  16.40520000  9.37486000  16.17360000  3
2226  1  45.15460000  44.60760000  12.95610000  3
2227  1  42.28830000  49.63610000  30.61290000  3
2228  1  31.87930000  29.78200000  49.13800000  3
2229  1  33.06640000  42.95570000  44.30810000  3
2230  1  34.49010000  13.14370000  48.51750000  3
2231  1  31.29350000  39.82260000  24.45640000  3
2232  1  7.57873000  30.65500000  8.77195000  3
2233  1  33.66890000  44.59090000  27.96320000  2
2234  1  31.05240000  25.57550000  9.30090000  3
2235  1  3.94858000  7.76430000  24.10710000  3
2236  1  49.33780000  50.35050000  15.59930000  3
2237  1  44.17340000  18.89290000  47.47270000  3
2238  1  28.85740000  24.16360000  37.52460000  3
2239  1  22.11130000  33.95970000  28.98250000  3
2240  1  12.69120000  19.87150000  31.74930000  3
2241  1  6.43038000  20.69610000  6.41211000  3
2242  1  19.40090000  50.40070000  3.30656000  3
2243  1  50.82160000  22.97980000  3.79540000  2
2244  1  5.52761000  49.11870000  25.08380000  3
2245  1  34.93300000  14.09950000  4.89306000  3
2246  1  31.56560000  31.92760000  43.00130000  3
2247  1  29.87220000  25.82700000  29.98500000  3
2248  1  39.53530000  29.66680000  11.78880000  3
2249  1  49.98210000  30.15110000  34.48490000  3
2250  1  27.02540000  20.83430000  45.33960000  3
2251  1  18.15250000  43.15360000  28.79030000  3
2252  1  39.35490000  1.33046000  12.95760000  3
2253  1  1.56819000  7.39152000  45.74760000  3
2254  1  12.30920000  17.20280000  32.69690000  3
2255  1  20.29380000  38.17560000  30.17820000  3
2256  1  9.60629000  24.10690000  9.51248000  3
2257  1  31.41080000  30.42330000  16.18110000  3
2258  1  23.15070000  8.45400000  32.93870000  3
2259  1  37.81610000  28.76290000  18.24540000  3
2260  1  37.70440000  14.93320000  46.65200000  3
2261  1  29.58920000  44.64370000  9.26103000  3
2262  1  4.41436000  16.89220000  8.98850000  3
2263  1  33.20840000  41.48250000  8.82590000  3
2264  1  9.30720000  4.62610000  35.05910000  3
2265  1  4.59456000  18.43440000  10.65870000  3
2266  1  20.75260000  36.34560000  34.37550000  3
2267  1  37.39730000  5.70192000  19.09390000  3
2268  1  46.84450000  25.16250000  18.23020000  3
2269  1  19.94250000  1.21766000  8.08226000  3
2270  1  22.97870000  18.83190000  18.00240000  3
2271  1  38.79150000  45.45430000  0.47561400  3
2272  1  22.08580000  30.75540000  12.72420000  3
2273  1  12.11500000  17.99820000  6.78300000  3
2274  1  26.61770000  24.95010000  37.25560000  3
2275  1  26.29200000  10.52710000  49.86130000  3
2276  1  37.43270000  30.19580000  39.97860000  3
2277  1  6.99494000  10.96230000  21.60820000  3
2278  1  36.99510000  27.54310000  9.00304000  3
2279  1  21.91860000  19.05410000  26.43330000  3
2280  1  47.96710000  23.06050000  12.09070000  3
2281  1  14.77580000  10.07950000  50.53360000  3
2282  1  12.24950000  22.85290000  24.01970000  3
2283  1  3.57368000  33.21930000  23.92550000  3
2284  1  22.59430000  32.71030000  49.18650000  3
2285  1  31.87950000  24.14010000  49.26430000  3
2286  1  19.46930000  26.54500000  20.85200000  3
2287  1  19.53870000  13.32070000  12.83210000  3
2288  1  40.06180000  19.19270000  35.75920000  3
2289  1  37.15900000  12.67330000  19.59320000  3
2290  1  0.09204060  0.77294100  35.73090000  3
2291  1  18.73410000  31.43540000  19.44090000  3
2292  1  42.59350000  9.12170000  14.66080000  3
2293  1  34.28650000  28.84050000  36.44200000  3
2294  1  11.36060000  15.31330000  36.72290000  2
2295  1  25.15570000  39.34520000  20.34190000  3
2296  1  37.64980000  41.38180000  35.44820000  3
2297  1  45.21500000  34.06560000  7.30920000  3
2298  1  12.69450000  6.36173000  24.89080000  3
2299  1  48.54390000  49.80520000  44.95790000  3
2300  1  17.84890000  9.82123000  20.89780000  3
2301  1  15.79730000  10.59070000  21.98790000  3
2302  1  25.63330000  39.07080000  29.05900000  3
2303  1  47.10590000  49.52460000  10.13910000  3
2304  1  7.26409000  32.72110000  21.77050000  3
2305  1  11.06660000  49.16720000  40.91650000  3
2306  1  1.00957000  43.05080000  24.70520000  3
2307  1  20.45340000  41.29610000  10.41000000  3
2308  1  48.19250000  0.60202600  49.08860000  3
2309  1  37.96210000  27.40560000  20.27420000  3
2310  1  49.47070000  6.94622000  6.63690000  3
2311  1  37.04380000  4.28408000  8.21489000  3
2312  1  46.89460000  10.52320000  27.03680000  3
2313  1  46.97970000  36.94160000  12.24460000  3
2314  1  5.71520000  32.47830000  9.00059000  3
2315  1  32.02950000  26.54150000  8.89282000  3
2316  1  35.61540000  11.49090000  49.81190000  3
2317  1  2.48085000  0.65687100  19.17610000  3
2318  1  20.23620000  0.69879100  36.93340000  3
2319  1  43.85570000  35.96400000  47.21090000  3
2320  1  28.38900000  22.43140000  10.20000000  3
2321  1  48.81600000  50.95720000  9.05611000  3
2322  1  29.96980000  36.64640000  5.70627000  3
2323  1  4.73674000  16.85680000  29.84260000  3
2324  1  42.77310000  28.79520000  31.43670000  3
2325  1  46.89240000  13.22080000  11.65580000  3
2326  1  29.51570000  3.35621000  18.76190000  3
2327  1  25.91770000  21.21380000  1.42690000  3
2328  1  17.11110000  17.83040000  32.65080000  3
2329  1  4.48567000  50.51110000  3.80628000  3
2330  1  43.79090000  45.16390000  6.28028000  3
2331  1  49.32760000  44.46180000  4.30032000  3
2332  1  39.71930000  42.86150000  29.24500000  3
2333  1  35.51220000  46.79140000  10.94830000  3
2334  1  49.21380000  35.07870000  11.99930000  3
2335  1  4.59594000  47.41400000  48.22580000  3
2336  1  48.49460000  12.36040000  9.97710000  3
2337  1  34.36700000  3.22445000  38.03930000  3
2338  1  33.29450000  37.91100000  40.85700000  3
2339  1  39.14260000  51.01320000  7.13339000  3
2340  1  3.44826000  0.48207200  5.82339000  3
2341  1  35.30470000  11.70370000  40.30210000  3
2342  1  46.11330000  49.34700000  1.63129000  3
2343  1  37.07280000  3.91814000  9.60287000  3
2344  1  33.95340000  33.26980000  47.50160000  3
2345  1  24.86080000  30.23290000  20.64850000  3
2346  1  20.93680000  28.93380000  16.79850000  3
2347  1  6.51277000  30.68650000  48.31690000  3
2348  1  29.93340000  21.94020000  32.13540000  3
2349  1  50.75160000  6.20694000  0.48007200  3
2350  1  31.42930000  4.12927000  19.87240000  3
2351  1  16.18260000  13.70600000  50.77730000  3
2352  1  4.85494000  40.44370000  15.99230000  3
2353  1  21.26260000  32.57810000  19.64500000  3
2354  1  21.56170000  17.27450000  44.22870000  3
2355  1  41.38660000  18.52750000  47.92670000  3
2356  1  28.96870000  2.87926000  36.98220000  3
2357  1  48.90110000  7.22808000  25.47450000  3
2358  1  29.04040000  4.53812000  13.86290000  3
2359  1  35.68790000  12.47340000  48.77700000  3
2360  1  28.36240000  50.22710000  16.82350000  3
2361  1  37.81140000  41.57610000  44.32590000  3
2362  1  32.14060000  27.75480000  19.29960000  3
2363  1  35.58480000  15.88470000  39.35830000  3
2364  1  35.20550000  15.99680000  46.40890000  3
2365  1  21.35410000  33.15630000  40.92370000  3
2366  1  36.10460000  11.67700000  19.58550000  3
2367  1  48.13060000  48.50600000  2.86584000  2
2368  1  26.76010000  42.94270000  2.01200000  3
2369  1  50.07860000  42.13680000  4.58701000  3
2370  1  22.65380000  38.14760000  27.02340000  3
2371  1  23.53430000  19.13780000  38.58980000  3
2372  1  27.66620000  19.80890000  0.45289500  3
2373  1  13.05050000  33.88240000  7.00491000  3
2374  1  18.94410000  16.46430000  7.16293000  4
2375  1  16.20890000  34.84340000  1.09337000  3
2376  1  44.79700000  45.64340000  34.86680000  3
2377  1  35.14730000  5.23221000  49.40890000  3
2378  1  31.05640000  31.22690000  37.12700000  3
2379  1  50.39520000  50.66620000  28.58460000  3
2380  1  14.06990000  38.17380000  2.69977000  3
2381  1  44.97160000  45.78110000  13.69150000  3
2382  1  25.25860000  20.77330000  33.43560000  3
2383  1  1.71153000  9.73104000  45.36210000  3
2384  1  21.31310000  47.28620000  46.09160000  3
2385  1  13.28670000  30.65870000  27.09720000  3
2386  1  40.84310000  14.50270000  28.37700000  2
2387  1  32.08720000  12.46230000  12.17650000  3
2388  1  22.22850000  18.68510000  38.72650000  3
2389  1  32.74050000  3.17688000  32.20870000  3
2390  1  7.49196000  1.04860000  22.30270000  2
2391  1  7.86812000  50.54400000  29.99670000  3
2392  1  13.82580000  46.01860000  18.34990000  3
2393  1  41.20960000  46.38510000  13.38350000  3
2394  1  21.67330000  14.05600000  47.92230000  3
2395  1  44.61850000  13.96240000  46.39990000  3
2396  1  10.45600000  39.57910000  0.24348200  3
2397  1  38.22720000  43.84150000  27.50310000  3
2398  1  2.60436000  11.44180000  23.61690000  3
2399  1  27.95880000  35.03240000  8.41173000  3
2400  1  4.25220000  42.14920000  18.37250000  3
2401  1  14.57390000  50.64500000  20.53900000  3
2402  1  12.46480000  22.47870000  40.00810000  3
2403  1  18.68010000  26.02600000  18.59930000  3
2404  1  15.85820000  23.74850000  11.38000000  3
2405  1  35.98500000  4.64811000  24.33120000  3
2406  1  0.60748700  35.88390000  14.61450000  3
2407  1  19.44810000  34.51260000  2.98920000  3
2408  1  4.13896000  49.13020000  27.54850000  3
2409  1  27.92380000  6.28154000  47.94570000  3
2410  1  37.87350000  11.68210000  37.64330000  3
2411  1  40.43210000  9.46600000  35.84370000  3
2412  1  40.52350000  21.00140000  3.78929000  3
2413  1  29.64880000  8.94565000  40.46130000  3
2414  1  11.56550000  2.51258000  35.85420000  3
2415  1  38.52940000  3.25965000  3.60437000  3
2416  1  32.45240000  35.44770000  50.67510000  3
2417  1  38.34140000  20.14040000  24.86000000  3
2418  1  9.23592000  47.56330000  19.94220000  3
2419  1  39.65830000  49.16830000  33.28420000  3
2420  1  33.96450000  30.81310000  48.21880000  3
2421  1  11.48800000  46.83430000  47.24230000  3
2422  1  16.05610000  18.93890000  24.18480000  3
2423  1  47.55890000  43.94950000  23.15980000  3
2424  1  9.07057000  5.59725000  10.38610000  3
2425  1  17.62790000  34.68830000  1.34739000  3
2426  1  47.61110000  24.34910000  19.13210000  3
2427  1  1.98516000  5.66419000  23.44170000  3
2428  1  44.00010000  33.61810000  34.88200000  3
2429  1  15.21270000  12.41370000  35.77290000  3
2430  1  22.94440000  24.59220000  5.95524000  3
2431  1  33.21040000  32.46340000  37.08240000  3
2432  1  38.63740000  7.15758000  14.82810000  3
2433  1  23.13980000  42.87560000  50.34930000  3
2434  1  39.75190000  20.88170000  48.26690000  3
2435  1  0.53875800  26.38570000  4.91266000  3
2436  1  5.29556000  10.75580000  37.03430000  3
2437  1  38.93360000  20.10470000  23.53030000  3
2438  1  31.27920000  33.96340000  37.05150000  3
2439  1  12.99930000  45.94160000  17.20310000  3
2440  1  34.47030000  3.19930000  0.10453800  3
2441  1  42.76320000  50.07030000  25.36410000  2
2442  1  31.12930000  44.05380000  13.97380000  3
2443  1  45.87460000  31.39830000  40.62970000  3
2444  1  28.69190000  10.90310000  15.37200000  3
2445  1  28.10780000  34.62320000  15.71650000  3
2446  1  25.59980000  50.10860000  43.80400000  3
2447  1  17.05090000  13.76540000  37.39090000  3
2448  1  29.69090000  46.21830000  41.36140000  3
2449  1  12.16890000  43.16910000  5.59307000  3
2450  1  35.06570000  24.48760000  3.88730000  3
2451  1  25.24400000  9.47101000  8.68062000  2
2452  1  42.14070000  47.04550000  6.25400000  3
2453  1  10.93040000  15.99220000  5.31381000  3
2454  1  27.35140000  33.63550000  49.54380000  2
2455  1  26.07100000  16.54530000  50.24250000  3
2456  1  37.77810000  27.86830000  34.95150000  3
2457  1  11.65430000  7.32205000  35.87180000  3
2458  1  45.40300000  0.43514700  37.11030000  3
2459  1  13.39680000  15.74710000  14.14540000  3
2460  1  4.40395000  10.17670000  24.75360000  3
2461  1  37.26320000  43.68280000  35.66150000  3
2462  1  22.56020000  43.21010000  0.64035200  3
2463  1  47.00790000  43.15560000  5.17089000  3
2464  1  20.20090000  17.52010000  16.66460000  3
2465  1  46.48440000  13.32590000  44.95690000  3
2466  1  41.76660000  39.73510000  19.55120000  3
2467  1  49.56630000  8.45587000  25.30650000  3
2468  1  1.97070000  33.93530000  14.32100000  2
2469  1  10.46520000  11.95050000  32.03040000  3
2470  1  0.50133200  44.69620000  20.50780000  3
2471  1  6.16479000  41.06460000  47.71050000  3
2472  1  18.80750000  8.12954000  46.05390000  3
2473  1  43.19760000  43.76930000  34.77520000  3
2474  1  15.79390000  29.86560000  39.34540000  3
2475  1  0.58860000  9.33611000  36.94850000  3
2476  1  24.01920000  3.26358000  8.94347000  3
2477  1  18.34850000  50.27350000  13.89180000  3
2478  1  13.18410000  29.30200000  9.06519000  3
2479  1  20.33440000  27.76820000  18.82890000  3
2480  1  5.05026000  40.41270000  48.38330000  3
2481  1  8.44232000  5.14948000  19.16150000  3
2482  1  21.78250000  41.01050000  10.78720000  3
2483  1  8.69190000  43.63190000  38.19670000  3
2484  1  41.16390000  39.60240000  29.40050000  3
2485  1  43.17420000  31.23180000  23.29340000  3
2486  1  15.75840000  13.52350000  1.15890000  3
2487  1  11.10010000  8.70541000  7.03444000  3
2488  1  37.68690000  46.36060000  11.83410000  3
2489  1  12.40200000  5.35578000  27.20350000  3
2490  1  22.79590000  3.41564000  16.52120000  3
2491  1  21.85600000  29.87580000  25.28600000  3
2492  1  6.06466000  20.27180000  30.70440000  3
2493  1  12.12730000  29.47350000  20.01270000  3
2494  1  26.41950000  10.19580000  26.22690000  3
2495  1  9.33785000  47.48540000  22.38150000  3
2496  1  44.99590000  40.17490000  1.12744000  3
2497  1  34.33330000  47.57940000  10.83840000  3
2498  1  29.22780000  16.47290000  46.67190000  2
2499  1  9.12866000  8.84539000  8.47656000  3
2500  1  25.94630000  3.18332000  12.14940000  3
2501  1  27.92900000  17.78140000  42.38590000  2
2502  1  9.81655000  9.78926000  31.41100000  3
2503  1  32.11200000  9.11339000  43.44310000  2
2504  1  6.56793000  31.62200000  22.33760000  3
2505  1  25.40680000  9.48922000  50.33790000  3
2506  1  10.52780000  20.59620000  11.90210000  3
2507  1  24.76470000  41.75250000  48.90090000  3
2508  1  20.21830000  44.77790000  7.04184000  3
2509  1  1.80806000  23.08790000  9.85078000  3
2510  1  29.37310000  23.87840000  8.55758000  3
2511  1  23.97610000  0.20378100  42.45690000  3
2512  1  25.42880000  47.25010000  49.66930000  2
2513  1  11.40440000  6.47009000  10.07720000  3
2514  1  4.25978000  43.64370000  11.65330000  3
2515  1  8.53176000  34.93110000  20.46950000  3
2516  1  44.89720000  14.68490000  49.32370000  3
2517  1  1.68906000  40.54600000  38.04140000  3
2518  1  12.84840000  42.45220000  38.63230000  3
2519  1  29.70810000  27.87520000  49.23540000  3
2520  1  33.82190000  43.14410000  37.42340000  3
2521  1  12.80990000  6.44150000  10.50830000  3
2522  1  34.73110000  0.97328900  44.95370000  3
2523  1  7.32601000  1.52867000  7.20216000  3
2524  1  50.74930000  27.32950000  37.54520000  3
2525  1  8.66784000  2.22644000  9.14348000  3
2526  1  24.96660000  3.59019000  11.22350000  3
2527  1  19.66530000  27.39650000  23.22710000  4
2528  1  1.49036000  12.70660000  19.81760000  3
2529  1  49.24120000  43.32430000  25.29520000  3
2530  1  23.55730000  11.56830000  41.93040000  3
2531  1  38.30020000  48.97430000  25.85100000  3
2532  1  22.90510000  15.09430000  22.88270000  3
2533  1  12.89950000  33.05710000  18.98120000  3
2534  1  44.29070000  42.35000000  7.74690000  3
2535  1  12.14290000  36.27110000  15.36140000  3
2536  1  35.74870000  41.21410000  30.75970000  3
2537  1  29.64890000  36.96070000  19.32920000  3
2538  1  44.37930000  36.07280000  0.36303700  3
2539  1  15.30820000  12.68650000  43.57410000  2
2540  1  3.91887000  15.15550000  48.63460000  3
2541  1  2.41241000  38.26130000  26.32310000  3
2542  1  13.85300000  35.43390000  1.17587000  3
2543  1  3.95832000  20.59570000  18.01390000  3
2544  1  39.99840000  26.14360000  34.08270000  3
2545  1  5.80251000  40.70830000  19.64150000  3
2546  1  50.40660000  37.52870000  47.89900000  3
2547  1  14.40060000  14.71330000  5.93869000  3
2548  1  16.95960000  0.49296500  49.93160000  3
2549  1  0.79559600  43.08810000  34.37610000  3
2550  1  42.90300000  26.62300000  32.61100000  3
2551  1  43.45570000  27.82730000  8.15343000  3
2552  1  15.04430000  11.71780000  45.80460000  2
2553  1  3.27342000  4.57031000  43.92990000  3
2554  1  39.48420000  36.38470000  25.62730000  3
2555  1  42.15660000  27.86880000  32.40330000  3
2556  1  31.30860000  44.72860000  45.58820000  3
2557  1  11.70840000  7.71146000  43.52500000  3
2558  1  32.06860000  41.93060000  3.59525000  3
2559  1  30.97360000  19.84280000  33.02940000  3
2560  1  4.25039000  42.17300000  4.59049000  3
2561  1  33.48590000  34.91330000  31.24940000  3
2562  1  36.41200000  2.34909000  24.98780000  3
2563  1  41.89220000  21.92020000  40.33110000  3
2564  1  24.11920000  25.02540000  8.11833000  3
2565  1  31.64690000  42.91850000  16.14200000  3
2566  1  6.79305000  39.52500000  17.29970000  3
2567  1  14.69240000  11.46200000  33.65140000  3
2568  1  44.13790000  21.02330000  40.42960000  3
2569  1  9.85752000  0.36210200  15.91870000  3
2570  1  49.92320000  34.07410000  30.61030000  3
2571  1  18.58170000  49.38920000  28.88070000  3
2572  1  42.54940000  18.23230000  11.70820000  3
2573  1  39.66580000  36.07540000  9.50780000  3
2574  1  27.57300000  22.20530000  32.78720000  3
2575  1  41.64440000  44.96910000  47.57940000  3
2576  1  27.71540000  31.85800000  36.32870000  3
2577  1  3.79843000  40.31450000  10.06740000  3
2578  1  19.53140000  1.87630000  9.31029000  3
2579  1  16.19970000  11.92240000  21.67450000  3
2580  1  29.67690000  47.96810000  39.73250000  3
2581  1  39.44560000  39.22150000  44.05120000  3
2582  1  10.51770000  0.45644000  12.31740000  3
2583  1  39.89050000  40.26530000  29.47240000  3
2584  1  46.95730000  4.61696000  35.64590000  2
2585  1  24.60350000  16.61950000  44.83750000  3
2586  1  23.90770000  22.56980000  2.34795000  3
2587  1  14.58410000  1.31920000  39.42010000  3
2588  1  36.50360000  7.19672000  46.63460000  3
2589  1  31.12780000  39.24470000  18.08560000  3
2590  1  8.35979000  49.85140000  32.26620000  3
2591  1  41.76990000  14.45730000  19.60650000  4
2592  1  8.37213000  29.75830000  3.30296000  3
2593  1  1.38089000  45.49970000  42.26090000  3
2594  1  22.58230000  24.96600000  36.56730000  3
2595  1  15.10280000  12.47910000  37.21870000  3
2596  1  5.67720000  20.55740000  47.74150000  3
2597  1  11.35080000  36.84030000  27.25510000  3
2598  1  43.90950000  26.95940000  38.52390000  3
2599  1  17.99700000  6.69553000  1.09080000  3
2600  1  23.88020000  25.87920000  29.62030000  3
2601  1  13.59620000  10.04860000  2.13081000  3
2602  1  30.81670000  0.65643000  26.47570000  3
2603  1  33.13480000  37.53400000  44.84310000  3
2604  1  42.63410000  41.91050000  40.03820000  3
2605  1  19.86870000  3.13928000  44.51040000  3
2606  1  1.23312000  29.61950000  33.60970000  3
2607  1  21.42290000  36.34830000  12.99670000  3
2608  1  7.56206000  46.77330000  47.19430000  3
2609  1  18.12830000  39.00590000  27.70350000  3
2610  1  34.65950000  1.41976000  41.25680000  3
2611  1  45.21620000  46.82840000  4.29246000  3
2612  1  29.50240000  45.92410000  14.14970000  3
2613  1  26.01090000  33.96940000  27.93280000  3
2614  1  28.43470000  34.98350000  12.48370000  3
2615  1  13.38990000  12.66180000  39.06210000  4
2616  1  3.82639000  40.71960000  24.16220000  3
2617  1  22.28900000  32.20900000  24.58210000  3
2618  1  41.17870000  49.92830000  31.49070000  3
2619  1  27.34660000  44.28600000  30.64500000  3
2620  1  46.84000000  26.99820000  6.60315000  3
2621  1  11.85930000  10.46780000  17.43990000  3
2622  1  30.59930000  48.17920000  1.26980000  3
2623  1  10.82700000  42.33480000  46.25850000  3
2624  1  10.78090000  24.70350000  39.65640000  3
2625  1  45.03290000  43.68570000  19.43990000  3
2626  1  26.42470000  20.61740000  34.17470000  3
2627  1  21.71140000  47.54180000  49.43480000  3
2628  1  42.00900000  15.30650000  6.34446000  3
2629  1  21.89970000  49.72770000  13.03410000  3
2630  1  21.28990000  11.12400000  42.66850000  3
2631  1  2.19944000  33.19280000  37.58740000  2
2632  1  15.03980000  7.37196000  16.15230000  3
2633  1  33.26210000  44.42290000  19.15020000  3
2634  1  44.66320000  37.65130000  12.67450000  3
2635  1  25.80940000  11.79460000  49.52950000  3
2636  1  40.51250000  36.09730000  10.66350000  3
2637  1  14.59070000  15.91210000  26.20070000  3
2638  1  17.51910000  13.25510000  50.45650000  3
2639  1  20.90280000  21.79630000  0.06399310  3
2640  1  29.17850000  5.11232000  36.45730000  3
2641  1  3.27523000  23.17120000  18.99520000  3
2642  1  27.82200000  8.79294000  49.38570000  3
2643  1  38.93650000  22.12230000  48.37760000  3
2644  1  26.02850000  42.33930000  27.49880000  2
2645  1  5.95417000  16.77610000  23.47950000  3
2646  1  24.31650000  41.37040000  35.53290000  3
2647  1  49.75880000  10.18990000  19.12110000  3
2648  1  47.33820000  44.98240000  20.98890000  3
2649  1  25.04260000  14.55060000  33.63630000  3
2650  1  34.65890000  13.80440000  6.28225000  3
2651  1  39.77590000  35.74540000  35.52450000  3
2652  1  6.45022000  24.08050000  39.64720000  3
2653  1  17.86450000  21.97220000  26.42760000  3
2654  1  24.13200000  41.26500000  15.99420000  3
2655  1  44.99830000  9.66051000  20.27950000  3
2656  1  46.07550000  15.76120000  35.39050000  3
2657  1  15.01880000  27.96260000  32.80050000  3
2658  1  24.98920000  24.36870000  31.09480000  3
2659  1  15.05380000  16.76860000  25.20540000  3
2660  1  47.69740000  29.75520000  19.28710000  3
2661  1  30.86860000  40.83510000  32.27090000  3
2662  1  49.97670000  28.40930000  50.25980000  3
2663  1  49.33320000  19.83060000  45.33530000  3
2664  1  14.04280000  6.98134000  30.16770000  3
2665  1  19.18730000  12.63300000  14.01670000  3
2666  1  15.37540000  8.39763000  2.67299000  3
2667  1  34.13560000  8.48781000  20.63160000  3
2668  1  34.01640000  28.26180000  45.52800000  3
2669  1  33.43890000  44.06460000  35.29060000  3
2670  1  21.80590000  11.90380000  21.57290000  3
2671  1  35.74850000  48.58580000  39.81940000  3
2672  1  32.84980000  36.12650000  2.05522000  3
2673  1  6.83859000  13.23880000  26.72870000  3
2674  1  3.71901000  20.92350000  5.90718000  3
2675  1  10.93150000  40.85430000  27.61030000  3
2676  1  6.69980000  17.67250000  24.25360000  3
2677  1  47.52660000  3.26031000  27.04900000  3
2678  1  15.82400000  41.20550000  10.80610000  3
2679  1  40.67520000  19.52930000  41.41570000  3
2680  1  8.51590000  17.38250000  36.69920000  3
2681  1  44.38920000  25.70720000  50.77410000  3
2682  1  0.20172800  14.10370000  48.73850000  3
2683  1  9.51696000  32.55850000  8.21262000  3
2684  1  22.56360000  23.28070000  30.61170000  3
2685  1  41.85940000  44.11730000  29.69000000  3
2686  1  31.79660000  18.22360000  25.73150000  3
2687  1  15.25350000  6.30885000  8.02502000  3
2688  1  26.25680000  39.08270000  31.37030000  4
2689  1  1.08865000  36.03400000  43.58000000  3
2690  1  34.97840000  12.10720000  32.81720000  3
2691  1  7.31547000  12.75680000  37.38900000  3
2692  1  24.62440000  14.80880000  49.41090000  3
2693  1  45.80080000  43.46050000  39.61180000  2
2694  1  29.10760000  20.66090000  46.70010000  3
2695  1  31.16590000  29.18120000  45.47450000  3
2696  1  18.39660000  16.00930000  36.36880000  3
2697  1  6.76559000  8.63749000  21.08880000  3
2698  1  42.64650000  45.28940000  29.62540000  3
2699  1  40.04360000  50.54680000  30.90170000  3
2700  1  15.62440000  33.45570000  35.48300000  3
2701  1  10.15090000  37.72840000  15.28120000  3
2702  1  14.16210000  30.41930000  32.17930000  3
2703  1  46.14640000  46.52050000  14.19710000  3
2704  1  1.07073000  41.21190000  26.47580000  3
2705  1  17.48960000  12.84650000  8.45250000  3
2706  1  28.30820000  36.37060000  3.93268000  3
2707  1  44.49420000  34.62400000  2.81358000  3
2708  1  16.76830000  21.58910000  8.93467000  3
2709  1  26.63620000  4.16786000  12.88410000  3
2710  1  19.11410000  25.49200000  39.64150000  3
2711  1  29.66140000  29.92420000  11.48710000  3
2712  1  3.75642000  47.17600000  13.87980000  3
2713  1  1.22222000  0.61072900  7.44732000  3
2714  1  38.22160000  2.81517000  4.94716000  3
2715  1  23.38210000  46.69130000  45.19510000  3
2716  1  13.03150000  38.91310000  11.10060000  3
2717  1  47.35460000  10.28130000  19.98690000  3
2718  1  47.00550000  8.02952000  36.11350000  3
2719  1  44.85700000  39.87650000  33.92710000  3
2720  1  21.45850000  5.22863000  20.94340000  3
2721  1  42.40090000  22.00650000  34.52800000  3
2722  1  46.22510000  45.61100000  46.81360000  3
2723  1  22.13980000  7.38291000  44.43630000  3
2724  1  44.32060000  41.08160000  44.24290000  3
2725  1  49.17980000  2.25891000  47.70980000  3
2726  1  11.68230000  35.60630000  40.99570000  3
2727  1  45.89540000  37.32400000  46.91670000  3
2728  1  37.59720000  3.79512000  5.82434000  3
2729  1  43.57220000  8.91269000  27.62550000  3
2730  1  0.87066200  27.03170000  47.45080000  3
2731  1  36.51460000  15.15780000  3.27777000  3
2732  1  48.18080000  0.20197200  47.71360000  3
2733  1  32.54730000  39.61170000  12.98890000  3
2734  1  18.40160000  3.57562000  10.60320000  3
2735  1  22.69620000  16.37190000  48.85970000  2
2736  1  24.22600000  37.13420000  20.88190000  3
2737  1  33.97280000  20.61210000  27.42550000  3
2738  1  10.98710000  32.15220000  19.95420000  3
2739  1  16.56390000  38.83040000  10.30530000  3
2740  1  45.56360000  13.36880000  35.40550000  3
2741  1  29.65350000  2.24296000  13.75770000  3
2742  1  21.86650000  38.11680000  28.37670000  3
2743  1  4.03258000  29.91900000  11.44000000  4
2744  1  45.69570000  43.44780000  5.77547000  3
2745  1  1.48904000  36.89080000  14.06470000  3
2746  1  27.54650000  4.92355000  23.40960000  3
2747  1  15.23860000  28.33800000  24.20070000  3
2748  1  40.26260000  30.42850000  23.58170000  2
2749  1  25.17320000  6.24286000  33.33350000  3
2750  1  22.92490000  38.21120000  12.26130000  3
2751  1  21.46080000  14.43250000  21.15100000  3
2752  1  46.92710000  49.94240000  15.67850000  3
2753  1  15.95270000  41.34830000  2.47840000  3
2754  1  31.13240000  46.98560000  50.16830000  3
2755  1  50.68660000  44.73290000  19.31360000  3
2756  1  48.97980000  10.01780000  36.44950000  3
2757  1  7.04796000  30.31870000  22.18120000  3
2758  1  21.29340000  5.17826000  45.32190000  3
2759  1  50.63920000  29.71090000  50.44550000  3
2760  1  2.75437000  20.24060000  35.92110000  3
2761  1  35.01360000  3.40238000  44.54260000  3
2762  1  14.22540000  10.72690000  30.08080000  3
2763  1  19.95680000  34.00510000  4.21541000  3
2764  1  6.04305000  37.16530000  9.73539000  3
2765  1  6.97724000  17.80190000  12.88390000  3
2766  1  23.98630000  18.50330000  22.23990000  3
2767  1  26.46690000  33.97940000  10.01830000  3
2768  1  40.33950000  15.31420000  8.13718000  3
2769  1  1.74816000  33.64530000  26.42700000  3
2770  1  13.33980000  30.90770000  39.84310000  3
2771  1  32.59800000  45.80780000  32.75910000  3
2772  1  49.90590000  4.52297000  48.30740000  3
2773  1  44.78900000  2.74090000  12.79820000  3
2774  1  24.43110000  23.12150000  42.98250000  3
2775  1  39.96660000  36.31980000  40.00440000  3
2776  1  25.32040000  25.12970000  48.60650000  2
2777  1  13.17250000  32.58400000  25.61280000  3
2778  1  0.91051900  35.65120000  46.43120000  3
2779  1  3.23473000  32.19810000  10.11050000  3
2780  1  3.41071000  10.40740000  2.26603000  3
2781  1  28.40620000  27.32840000  13.96890000  3
2782  1  26.80350000  27.63190000  7.10729000  3
2783  1  26.84520000  14.33210000  18.67450000  3
2784  1  48.15510000  16.52440000  12.89710000  3
2785  1  27.66630000  21.51650000  22.08920000  3
2786  1  22.54380000  41.26310000  32.29740000  3
2787  1  27.89010000  47.89000000  41.54210000  3
2788  1  34.39140000  3.72645000  22.08520000  3
2789  1  32.00900000  29.23980000  46.63070000  3
2790  1  2.74961000  11.21070000  31.56590000  2
2791  1  42.93510000  19.83570000  4.10582000  2
2792  1  37.55360000  33.84190000  22.89160000  3
2793  1  45.91910000  43.91180000  30.23420000  3
2794  1  24.67870000  40.33140000  32.94780000  3
2795  1  0.35165500  10.44310000  17.22790000  3
2796  1  44.19290000  39.96610000  11.51870000  2
2797  1  41.78690000  0.56459000  17.32840000  3
2798  1  9.66782000  14.70080000  44.50720000  3
2799  1  38.27680000  36.70510000  44.78190000  3
2800  1  25.98620000  27.71210000  29.61950000  3
2801  1  34.65010000  29.15370000  26.72420000  3
2802  1  40.60590000  23.25460000  18.87770000  3
2803  1  47.38900000  15.11640000  49.78070000  3
2804  1  42.86340000  21.13980000  4.55594000  3
2805  1  3.38869000  26.31230000  20.99340000  3
2806  1  28.38970000  11.21980000  2.07218000  3
2807  1  23.70690000  35.86760000  20.51050000  3
2808  1  48.15110000  22.80980000  34.07370000  3
2809  1  30.16180000  45.13940000  43.46470000  3
2810  1  45.80560000  14.30530000  45.72050000  3
2811  1  27.67150000  41.51610000  42.16660000  3
2812  1  10.36590000  0.65394900  9.96046000  3
2813  1  29.39950000  49.67550000  5.90209000  3
2814  1  34.47850000  2.97812000  49.69230000  3
2815  1  33.89620000  1.76456000  34.63570000  4
2816  1  34.10340000  26.02210000  36.43450000  3
2817  1  32.43240000  36.38200000  0.71577900  3
2818  1  29.44070000  39.70320000  27.66360000  3
2819  1  37.20840000  46.06820000  36.22640000  3
2820  1  45.12130000  22.31000000  14.58680000  3
2821  1  44.60460000  38.66560000  44.83510000  3
2822  1  35.47510000  41.35190000  38.22200000  3
2823  1  38.72260000  17.22380000  36.79060000  3
2824  1  40.93540000  23.08220000  49.51810000  3
2825  1  35.94870000  26.33800000  42.43680000  3
2826  1  42.53090000  12.29370000  27.90410000  3
2827  1  38.58900000  35.21810000  20.97950000  3
2828  1  5.14477000  19.18490000  47.88670000  3
2829  1  43.87270000  2.43627000  29.98800000  3
2830  1  37.55150000  34.58950000  26.46190000  3
2831  1  24.24070000  40.52660000  12.82490000  3
2832  1  48.86100000  41.41510000  5.08241000  3
2833  1  45.57080000  31.13540000  22.62230000  3
2834  1  37.17470000  40.26380000  44.28380000  3
2835  1  14.42430000  9.31589000  23.50810000  3
2836  1  40.97080000  11.01330000  14.46840000  3
2837  1  32.24500000  48.47480000  30.18140000  3
2838  1  32.84770000  45.15950000  36.00950000  3
2839  1  5.07749000  18.01070000  9.39990000  3
2840  1  24.54800000  49.87270000  30.70220000  2
2841  1  21.09000000  44.63960000  36.90540000  3
2842  1  8.49700000  39.68620000  6.02217000  3
2843  1  0.86754000  30.00220000  23.41860000  3
2844  1  45.22620000  6.50441000  27.35930000  3
2845  1  47.71470000  24.79730000  49.21110000  3
2846  1  2.92242000  34.41310000  8.83928000  3
2847  1  28.76040000  8.09560000  41.23560000  3
2848  1  39.39450000  30.77970000  13.98850000  3
2849  1  17.26010000  46.77160000  24.95930000  3
2850  1  21.25270000  43.33460000  34.61210000  3
2851  1  14.18250000  4.55377000  30.50820000  3
2852  1  45.39020000  17.58350000  41.43880000  3
2853  1  4.21174000  36.04330000  2.89744000  3
2854  1  21.67960000  12.54510000  49.88470000  3
2855  1  17.40490000  4.67781000  7.96222000  3
2856  1  40.82030000  11.58150000  48.40410000  4
2857  1  12.86780000  46.09520000  36.52120000  3
2858  1  39.00730000  22.91020000  4.14387000  3
2859  1  10.56220000  47.85540000  38.87940000  3
2860  1  49.16440000  20.85860000  17.13990000  3
2861  1  31.67450000  0.81910300  13.64160000  3
2862  1  48.85560000  14.99210000  49.42510000  3
2863  1  47.67570000  30.64760000  24.13980000  3
2864  1  47.11230000  40.23510000  33.20620000  3
2865  1  40.77250000  8.24639000  22.96830000  3
2866  1  36.07260000  6.89183000  23.33670000  3
2867  1  45.13450000  32.92400000  29.62180000  2
2868  1  29.22900000  7.84321000  11.32850000  3
2869  1  37.38890000  34.02140000  4.51938000  2
2870  1  1.82854000  20.21770000  41.49620000  4
2871  1  27.32090000  26.84290000  1.58981000  3
2872  1  7.26302000  24.30060000  12.59570000  3
2873  1  3.56765000  27.48510000  11.49310000  3
2874  1  9.06898000  49.25090000  4.15559000  3
2875  1  29.26570000  9.35737000  17.14420000  3
2876  1  33.49670000  26.25910000  14.41290000  3
2877  1  1.20465000  4.13350000  13.49300000  3
2878  1  2.51318000  24.45760000  43.81680000  3
2879  1  49.90400000  22.14040000  17.32690000  3
2880  1  25.12520000  44.99260000  46.74020000  2
2881  1  47.24730000  5.95036000  10.16220000  3
2882  1  33.77380000  26.85250000  7.14829000  3
2883  1  40.10970000  50.52190000  4.94261000  3
2884  1  41.18650000  26.72770000  39.09120000  3
2885  1  13.45330000  46.13880000  38.77170000  3
2886  1  16.49990000  28.47730000  34.55670000  3
2887  1  24.20610000  45.93020000  18.92630000  3
2888  1  34.32450000  19.19720000  17.59280000  3
2889  1  46.91700000  28.73950000  1.34944000  3
2890  1  48.34850000  0.22971900  0.30963200  3
2891  1  36.49410000  6.06384000  41.43450000  3
2892  1  42.09030000  32.42720000  12.37920000  3
2893  1  14.30130000  47.73120000  9.24802000  3
2894  1  48.40720000  28.47280000  14.66970000  3
2895  1  45.64390000  7.12950000  18.59080000  4
2896  1  15.85060000  1.59351000  41.40150000  3
2897  1  39.04650000  50.95390000  31.84050000  3
2898  1  2.31714000  50.35470000  26.36360000  3
2899  1  23.94450000  12.54390000  24.63050000  3
2900  1  21.19550000  36.74930000  32.17360000  3
2901  1  47.33610000  23.42820000  5.29970000  3
2902  1  45.67620000  12.03120000  20.51700000  3
2903  1  10.88620000  30.70210000  40.15490000  3
2904  1  19.19640000  19.45580000  15.66790000  3
2905  1  4.72223000  2.97312000  33.24510000  3
2906  1  23.71950000  36.67550000  23.23730000  3
2907  1  33.81310000  2.85354000  4.83193000  2
2908  1  11.96430000  43.72360000  36.70390000  3
2909  1  32.96180000  15.48390000  1.89928000  3
2910  1  50.60540000  11.15140000  19.80480000  3
2911  1  7.12539000  39.45200000  6.28360000  3
2912  1  29.66360000  39.04680000  48.67540000  3
2913  1  20.89170000  31.53210000  20.62660000  3
2914  1  1.35776000  42.76180000  16.03430000  3
2915  1  30.53530000  38.13690000  17.32250000  3
2916  1  41.91850000  36.99400000  12.85000000  3
2917  1  5.64376000  12.83790000  12.14430000  3
2918  1  18.58800000  4.62487000  49.25980000  3
2919  1  50.68420000  38.28010000  10.47290000  3
2920  1  16.36000000  43.31680000  26.90070000  3
2921  1  25.96490000  26.61080000  5.06696000  3
2922  1  0.75782000  38.21680000  14.10950000  3
2923  1  20.05470000  48.72970000  1.56265000  3
2924  1  19.77060000  49.32150000  22.44880000  3
2925  1  2.36371000  13.64490000  19.13980000  3
2926  1  21.57360000  3.56872000  26.30080000  3
2927  1  33.06430000  28.09120000  20.38580000  3
2928  1  36.09420000  7.19241000  17.75820000  2
2929  1  8.23321000  37.13240000  19.63980000  3
2930  1  40.84370000  37.35460000  23.87220000  3
2931  1  4.66318000  14.91970000  15.08280000  3
2932  1  44.06190000  39.52970000  28.70440000  3
2933  1  37.80020000  29.19680000  13.61440000  3
2934  1  35.30420000  49.37470000  44.14250000  3
2935  1  41.28500000  4.53375000  32.70490000  3
2936  1  31.99690000  10.39630000  16.97770000  3
2937  1  39.43200000  14.61680000  7.25640000  3
2938  1  34.13210000  35.96200000  5.12571000  3
2939  1  15.71280000  33.94680000  0.18746400  3
2940  1  26.64590000  47.59760000  49.34520000  3
2941  1  9.73322000  25.62830000  47.29140000  2
2942  1  26.38750000  48.67380000  47.18930000  3
2943  1  7.10823000  1.63972000  23.42910000  2
2944  1  25.32660000  33.17390000  32.95890000  3
2945  1  18.74350000  10.24630000  5.89699000  3
2946  1  7.35682000  19.70590000  46.25460000  3
2947  1  1.34059000  20.45200000  35.71890000  3
2948  1  44.96600000  19.87020000  40.62670000  3
2949  1  11.64110000  32.43810000  0.99409200  3
2950  1  44.38610000  35.31120000  12.50670000  3
2951  1  13.19880000  46.28730000  19.62770000  3
2952  1  39.03120000  40.69090000  6.28009000  3
2953  1  24.35310000  19.68600000  20.06480000  3
2954  1  2.43065000  8.60657000  45.75210000  3
2955  1  16.65630000  47.51680000  45.72820000  3
2956  1  31.07810000  4.99914000  28.57430000  3
2957  1  18.25690000  6.96417000  48.38730000  3
2958  1  26.17350000  32.99580000  31.65770000  4
2959  1  29.96850000  22.66470000  47.75650000  3
2960  1  16.82910000  14.17300000  35.98560000  3
2961  1  10.36230000  35.09060000  45.99270000  4
2962  1  23.39470000  31.97660000  41.50640000  3
2963  1  9.62749000  40.47570000  33.85590000  3
2964  1  0.88098800  32.67330000  29.14170000  3
2965  1  11.16270000  22.47010000  10.37860000  3
2966  1  23.60260000  17.43220000  24.43020000  3
2967  1  11.56590000  34.90180000  28.75050000  3
2968  1  2.77316000  28.00260000  30.38580000  3
2969  1  22.82540000  44.94780000  7.01018000  3
2970  1  40.69520000  16.67350000  35.57040000  3
2971  1  7.85484000  20.98400000  32.17730000  3
2972  1  28.45870000  44.25510000  31.20810000  2
2973  1  6.70729000  38.47460000  7.26415000  3
2974  1  8.08071000  33.07470000  41.30900000  3
2975  1  36.02560000  31.89300000  47.29960000  3
2976  1  15.15540000  43.10310000  12.33270000  3
2977  1  36.05870000  9.21392000  50.67440000  3
2978  1  28.27590000  48.12330000  15.36480000  3
2979  1  14.71880000  16.15990000  11.58840000  3
2980  1  2.36758000  7.73066000  36.70250000  3
2981  1  38.04390000  19.29480000  19.92910000  3
2982  1  33.85740000  36.57020000  34.56990000  3
2983  1  50.42430000  8.49443000  5.12821000  3
2984  1  17.30940000  31.73660000  35.73730000  3
2985  1  5.30426000  23.22680000  20.34370000  3
2986  1  21.68410000  16.68370000  18.29890000  3
2987  1  31.07550000  19.19680000  40.18970000  3
2988  1  14.95240000  2.74230000  22.37900000  3
2989  1  5.87264000  22.81020000  39.83430000  3
2990  1  23.28600000  23.67090000  9.89131000  3
2991  1  23.35120000  36.45460000  16.75470000  3
2992  1  29.52610000  38.42460000  46.18650000  3
2993  1  23.36330000  39.07740000  11.27080000  3
2994  1  46.78220000  24.09230000  14.68160000  3
2995  1  25.68860000  2.51173000  2.65478000  3
2996  1  35.54220000  27.33070000  47.19640000  3
2997  1  42.11820000  0.07116070  25.67860000  2
2998  1  34.03020000  48.61030000  11.83670000  3
2999  1  25.35850000  50.36680000  48.75780000  3
3000  1  12.35790000  34.73240000  26.37320000  3
3001  1  36.43130000  13.73860000  9.54667000  3
3002  1  34.66870000  31.97070000  47.58960000  3
3003  1  23.54260000  42.37030000  15.36130000  3
3004  1  21.69220000  6.21938000  5.98938000  3
3005  1  19.19620000  24.90490000  22.79200000  3
3006  1  34.76900000  30.41790000  42.10070000  3
3007  1  18.40990000  48.41810000  31.06410000  3
3008  1  41.87550000  34.62920000  35.22370000  3
3009  1  27.97820000  48.63500000  21.41250000  3
3010  1  27.78580000  14.38310000  39.15190000  3
3011  1  19.55770000  16.43280000  19.50240000  3
3012  1  8.05526000  1.43889000  43.20510000  3
3013  1  3.39714000  30.37590000  45.10170000  3
3014  1  31.82950000  38.56910000  1.28371000  3
3015  1  4.39171000  30.08920000  4.75923000  3
3016  1  39.12860000  30.77840000  15.36190000  3
3017  1  42.51400000  30.39420000  3.92517000  2
3018  1  33.91240000  20.80240000  46.68260000  3
3019  1  49.65360000  49.01200000  30.21140000  3
3020  1  17.99780000  34.18290000  40.33390000  3
3021  1  41.37710000  39.31770000  34.93610000  3
3022  1  47.65310000  19.18210000  35.17720000  3
3023  1  17.35170000  35.09170000  36.23250000  3
3024  1  47.24160000  11.68860000  35.83150000  3
3025  1  19.03340000  10.67500000  8.70151000  2
3026  1  49.47850000  42.04700000  33.75170000  3
3027  1  35.92610000  50.20630000  14.67680000  3
3028  1  21.58540000  44.63910000  6.49815000  3
3029  1  35.78440000  3.24784000  24.06570000  3
3030  1  15.11610000  48.28680000  38.53290000  3
3031  1  24.14860000  9.21881000  33.56240000  3
3032  1  15.16080000  8.81380000  42.63770000  2
3033  1  48.94250000  27.42960000  30.45560000  2
3034  1  45.99240000  47.58790000  35.75310000  3
3035  1  50.38430000  27.49500000  49.19330000  3
3036  1  36.73270000  34.82830000  13.53620000  3
3037  1  26.15720000  42.84950000  28.62990000  2
3038  1  10.20860000  18.25940000  29.28140000  3
3039  1  38.22600000  31.42860000  48.19800000  3
3040  1  25.02480000  11.09690000  3.64280000  2
3041  1  28.27240000  2.36301000  13.51590000  3
3042  1  9.01806000  24.41640000  47.38250000  3
3043  1  25.96120000  0.92647000  0.95323800  3
3044  1  42.66240000  21.22970000  15.70360000  3
3045  1  16.24070000  13.06380000  6.28660000  3
3046  1  0.50470700  46.16890000  31.72370000  3
3047  1  4.07574000  50.08800000  40.96250000  3
3048  1  3.34549000  14.46610000  17.04970000  3
3049  1  8.75884000  0.95379200  21.79450000  3
3050  1  28.62350000  29.45650000  43.62150000  3
3051  1  19.66550000  46.68180000  36.95500000  3
3052  1  38.95540000  10.91800000  8.79636000  2
3053  1  11.00970000  46.14970000  31.28500000  3
3054  1  50.77770000  26.49250000  26.77120000  3
3055  1  31.03040000  40.23470000  37.47250000  3
3056  1  49.66710000  30.50050000  26.27980000  3
3057  1  7.65539000  28.03740000  40.30490000  3
3058  1  19.53600000  31.97170000  36.23620000  3
3059  1  43.12080000  33.46520000  14.55470000  3
3060  1  31.89720000  47.57930000  26.54410000  3
3061  1  7.50220000  22.01400000  47.07260000  3
3062  1  11.97800000  1.46702000  36.67760000  3
3063  1  15.58460000  14.60700000  8.12267000  3
3064  1  18.93380000  50.95710000  32.27310000  3
3065  1  23.26070000  32.41570000  30.54320000  3
3066  1  13.38090000  0.91015100  38.73640000  3
3067  1  41.73260000  20.17230000  26.56490000  3
3068  1  13.35470000  15.80910000  0.12377600  2
3069  1  7.35122000  47.98170000  31.03430000  3
3070  1  9.72153000  44.03510000  39.19570000  3
3071  1  11.36150000  13.16350000  25.32050000  2
3072  1  34.91930000  41.58530000  34.36610000  3
3073  1  43.39770000  11.52670000  14.25330000  3
3074  1  13.20800000  37.48560000  22.74830000  3
3075  1  0.33282400  9.31150000  45.22200000  3
3076  1  37.33140000  24.62970000  4.80243000  3
3077  1  11.80560000  47.93500000  7.25486000  3
3078  1  13.14530000  27.39480000  16.30260000  3
3079  1  24.48130000  32.19790000  13.43870000  3
3080  1  5.11548000  28.16130000  33.84940000  3
3081  1  50.44760000  42.72860000  34.64410000  3
3082  1  30.69760000  30.80040000  11.39250000  3
3083  1  15.87380000  35.21780000  4.07989000  3
3084  1  2.35435000  3.36572000  10.99100000  2
3085  1  34.84480000  43.46710000  45.94860000  3
3086  1  38.94050000  45.61320000  26.01790000  3
3087  1  29.89860000  2.62620000  25.28410000  3
3088  1  15.77950000  2.06375000  42.70680000  3
3089  1  47.52730000  41.87470000  5.31511000  3
3090  1  24.48520000  23.22920000  11.90040000  3
3091  1  13.29460000  46.20440000  22.19460000  3
3092  1  4.05421000  34.28610000  8.07366000  3
3093  1  31.36040000  11.47090000  14.81260000  3
3094  1  5.63250000  37.31060000  40.43030000  3
3095  1  31.71000000  40.70640000  34.55200000  3
3096  1  38.46110000  11.57690000  6.54533000  2
3097  1  3.95538000  46.13840000  12.94430000  3
3098  1  39.88810000  41.12730000  11.82190000  3
3099  1  49.46230000  25.74080000  32.16560000  3
3100  1  34.90340000  3.09981000  43.08860000  3
3101  1  19.57280000  0.52846000  28.64110000  3
3102  1  32.16540000  35.79420000  49.30770000  3
3103  1  49.53690000  9.25181000  7.32030000  3
3104  1  49.97970000  12.63780000  44.15870000  3
3105  1  17.92070000  0.35281600  17.28080000  3
3106  1  11.34710000  46.70700000  23.53860000  3
3107  1  4.45123000  22.59790000  39.83280000  3
3108  1  35.97320000  47.18360000  22.73340000  3
3109  1  32.43430000  33.97350000  31.36650000  3
3110  1  21.77870000  28.37710000  45.22050000  3
3111  1  41.45670000  1.13425000  49.56540000  3
3112  1  38.69970000  5.09340000  13.72990000  3
3113  1  40.33740000  20.31940000  23.24480000  3
3114  1  4.15307000  22.56620000  4.13271000  3
3115  1  34.53750000  47.69780000  20.83510000  3
3116  1  7.05639000  32.11900000  41.75410000  3
3117  1  33.37670000  20.30060000  38.99530000  3
3118  1  6.93274000  4.53750000  34.30970000  3
3119  1  31.40120000  3.61756000  28.65590000  3
3120  1  42.66980000  32.40820000  11.08580000  3
3121  1  46.92190000  48.12070000  36.57710000  3
3122  1  28.61410000  4.44937000  24.28430000  3
3123  1  20.29290000  29.65250000  36.21200000  3
3124  1  43.68070000  15.10490000  14.99290000  3
3125  1  14.39120000  37.07960000  3.57378000  3
3126  1  18.68750000  5.63925000  48.14060000  3
3127  1  38.18990000  41.81920000  6.59022000  3
3128  1  31.60570000  50.04830000  18.81240000  3
3129  1  48.46260000  28.94640000  6.59024000  3
3130  1  47.06800000  30.96080000  40.29230000  2
3131  1  26.40030000  44.31720000  5.53979000  3
3132  1  29.83480000  30.45310000  36.92850000  3
3133  1  13.74710000  36.20490000  13.44420000  3
3134  1  48.11300000  19.59180000  46.03030000  3
3135  1  46.83110000  28.48640000  30.04730000  3
3136  1  41.40210000  4.26654000  19.48040000  3
3137  1  28.63960000  45.25400000  10.03610000  3
3138  1  41.51360000  32.08990000  17.89060000  3
3139  1  1.84475000  42.78810000  45.47760000  3
3140  1  29.11370000  12.43020000  39.75710000  3
3141  1  15.14750000  26.87420000  24.14000000  3
3142  1  36.11730000  12.31640000  32.06000000  3
3143  1  50.05110000  32.76890000  12.27550000  3
3144  1  43.77070000  0.92533000  35.38700000  3
3145  1  22.12940000  39.65530000  10.56960000  3
3146  1  23.95490000  19.75370000  18.66440000  3
3147  1  3.59294000  50.73120000  19.13480000  3
3148  1  19.67770000  30.88930000  20.42140000  3
3149  1  9.04352000  31.20690000  21.25780000  3
3150  1  7.40458000  1.06800000  27.94480000  3
3151  1  44.56220000  44.18890000  34.89990000  3
3152  1  36.75880000  47.12180000  37.08390000  3
3153  1  30.07330000  24.14480000  19.71010000  3
3154  1  4.01164000  15.50500000  17.79510000  3
3155  1  38.88030000  37.95160000  35.48070000  3
3156  1  26.42060000  46.13030000  10.36260000  3
3157  1  5.71117000  39.07150000  22.01540000  3
3158  1  0.97259800  10.06020000  15.97550000  3
3159  1  28.61930000  2.64533000  18.04260000  3
3160  1  44.76030000  17.50810000  28.15980000  3
3161  1  15.69060000  47.69890000  9.76879000  3
3162  1  21.31330000  7.86530000  27.89900000  2
3163  1  0.80270000  31.37840000  27.21380000  3
3164  1  45.19630000  44.60080000  46.71820000  3
3165  1  30.82290000  16.34760000  35.43450000  3
3166  1  13.74690000  48.51260000  34.77280000  3
3167  1  21.40710000  8.87499000  2.00187000  3
3168  1  34.57250000  2.60789000  46.85830000  3
3169  1  5.81513000  32.29420000  42.56690000  3
3170  1  9.23675000  15.96150000  29.02930000  3
3171  1  49.08390000  30.37400000  23.96060000  3
3172  1  46.73040000  18.12790000  35.17930000  3
3173  1  20.88960000  22.54270000  9.90835000  3
3174  1  30.11030000  50.03170000  24.22230000  3
3175  1  27.11360000  13.80070000  45.44560000  3
3176  1  4.39203000  38.19150000  24.10230000  3
3177  1  20.55630000  47.74000000  48.44290000  3
3178  1  40.06440000  40.53140000  43.84980000  3
3179  1  46.37790000  15.48900000  1.25124000  3
3180  1  44.42210000  31.18610000  2.50190000  3
3181  1  45.68050000  34.02000000  14.21900000  3
3182  1  4.45168000  22.48280000  19.50930000  3
3183  1  7.13980000  39.03100000  18.58090000  3
3184  1  31.99970000  24.61130000  13.69490000  3
3185  1  13.66980000  28.43930000  26.25980000  3
3186  1  32.78470000  26.83120000  13.36840000  3
3187  1  14.44540000  2.43740000  43.18830000  3
3188  1  13.35410000  27.87710000  18.64070000  3
3189  1  28.92960000  28.41700000  44.47500000  3
3190  1  11.42020000  43.89580000  35.45920000  3
3191  1  14.71550000  23.33340000  5.42298000  3
3192  1  41.60580000  39.05570000  17.23270000  3
3193  1  41.95770000  19.10370000  3.68573000  2
3194  1  42.00630000  8.01643000  34.97510000  2
3195  1  23.84250000  6.06405000  21.47910000  3
3196  1  46.13420000  20.33450000  47.30850000  3
3197  1  30.33860000  18.21230000  27.77870000  3
3198  1  26.34340000  9.58646000  7.83585000  3
3199  1  31.29130000  12.67230000  36.25360000  3
3200  1  17.81500000  44.02590000  6.34625000  3
3201  1  17.15190000  23.10290000  15.95510000  3
3202  1  25.55920000  9.00163000  33.24820000  3
3203  1  7.04747000  24.98570000  34.63010000  3
3204  1  14.10880000  11.79730000  39.97580000  3
3205  1  46.51740000  25.58720000  32.37930000  3
3206  1  9.93385000  39.67390000  29.25900000  3
3207  1  47.58600000  24.79820000  5.81215000  3
3208  1  25.88480000  30.32610000  46.34990000  2
3209  1  20.36330000  30.25550000  10.99880000  3
3210  1  48.40490000  7.57955000  8.74239000  3
3211  1  20.10530000  10.61290000  32.95140000  3
3212  1  22.54840000  32.57910000  25.99000000  3
3213  1  4.54163000  6.20689000  45.18410000  3
3214  1  4.80980000  17.11230000  36.65670000  3
3215  1  14.10310000  7.87225000  42.97150000  3
3216  1  24.00090000  39.61050000  13.98580000  3
3217  1  42.24240000  17.48160000  47.60300000  2
3218  1  24.65630000  50.84930000  41.26600000  3
3219  1  44.06140000  50.65370000  34.85800000  3
3220  1  25.82100000  34.57790000  29.24210000  3
3221  1  17.28340000  16.56280000  43.94210000  3
3222  1  36.25950000  32.23650000  36.45890000  3
3223  1  19.74010000  36.96760000  10.90740000  3
3224  1  14.10170000  38.95690000  38.21510000  3
3225  1  7.90015000  48.50980000  32.22540000  3
3226  1  45.04970000  15.11300000  1.00790000  3
3227  1  5.50895000  49.56610000  20.22530000  3
3228  1  33.19280000  40.89790000  38.04020000  3
3229  1  28.22370000  50.95310000  22.41250000  3
3230  1  22.64140000  34.47570000  18.79570000  3
3231  1  24.08110000  9.88426000  50.69890000  3
3232  1  25.97180000  20.16990000  44.69080000  3
3233  1  39.60510000  16.53140000  12.47410000  3
3234  1  23.57280000  37.14630000  24.54960000  3
3235  1  23.75140000  41.55890000  47.83130000  3
3236  1  35.34030000  49.13690000  50.15750000  3
3237  1  24.92520000  19.44570000  24.38200000  3
3238  1  37.99110000  1.70923000  9.02758000  3
3239  1  11.89700000  11.83260000  40.71640000  3
3240  1  25.02710000  20.97450000  44.00440000  3
3241  1  13.74300000  9.11375000  28.32550000  3
3242  1  11.01430000  23.26090000  28.65340000  3
3243  1  13.93200000  6.76963000  9.81158000  3
3244  1  25.06540000  25.66880000  42.79170000  3
3245  1  8.76232000  49.53000000  29.71270000  3
3246  1  31.84880000  37.63450000  0.32273000  3
3247  1  36.27180000  13.81910000  14.17480000  3
3248  1  44.61830000  33.84300000  40.46630000  2
3249  1  40.68340000  8.66436000  50.05920000  3
3250  1  19.64390000  11.30220000  20.77510000  3
3251  1  29.80690000  39.36790000  26.36060000  3
3252  1  45.04060000  20.75540000  12.59870000  3
3253  1  17.96830000  17.52130000  43.07650000  3
3254  1  14.34400000  13.89180000  24.75460000  3
3255  1  41.23560000  8.48058000  25.23110000  2
3256  1  12.18230000  40.18090000  37.17210000  3
3257  1  3.87620000  1.52583000  31.45630000  3
3258  1  35.84250000  13.03860000  17.65570000  3
3259  1  50.49550000  6.63677000  15.77810000  3
3260  1  0.10007200  36.68770000  44.40960000  3
3261  1  1.34483000  15.45120000  43.60990000  3
3262  1  30.06290000  29.58240000  13.89110000  3
3263  1  0.83002000  14.15460000  43.83570000  3
3264  1  7.48341000  13.54720000  48.63430000  3
3265  1  17.16470000  11.82260000  4.29524000  3
3266  1  20.36140000  24.78240000  40.06180000  3
3267  1  39.63680000  4.06210000  1.10302000  3
3268  1  35.05820000  42.62440000  26.39790000  3
3269  1  48.97920000  31.24280000  13.88440000  3
3270  1  2.19881000  27.64240000  11.24150000  3
3271  1  2.94686000  46.75730000  31.89630000  3
3272  1  42.96070000  9.53990000  44.34250000  3
3273  1  39.99590000  33.10200000  48.00400000  3
3274  1  35.86510000  37.81910000  40.55470000  3
3275  1  12.96160000  31.92480000  30.62870000  3
3276  1  37.93940000  2.22183000  17.91430000  3
3277  1  10.96670000  39.01630000  35.39970000  3
3278  1  36.28730000  13.53150000  39.09420000  3
3279  1  42.57450000  30.66370000  29.88300000  3
3280  1  9.59406000  41.43520000  31.72010000  3
3281  1  30.95830000  31.16020000  5.28115000  3
3282  1  45.72230000  38.00850000  50.90390000  3
3283  1  33.67730000  46.89270000  8.60712000  3
3284  1  23.43910000  46.60550000  47.70640000  3
3285  1  44.37170000  15.59380000  19.41610000  3
3286  1  4.09347000  25.18720000  4.06844000  3
3287  1  49.37220000  34.44580000  1.35745000  3
3288  1  3.52756000  12.37440000  37.10230000  3
3289  1  31.07470000  30.89330000  2.90010000  3
3290  1  30.92940000  17.95420000  50.91240000  3
3291  1  14.13910000  11.04890000  15.79410000  3
3292  1  45.37450000  48.60520000  2.61048000  3
3293  1  19.09710000  20.37940000  14.61000000  3
3294  1  46.62540000  26.69150000  0.04063250  3
3295  1  2.35668000  35.90190000  26.18210000  3
3296  1  49.98340000  2.89619000  1.98842000  3
3297  1  5.45231000  33.87950000  8.56350000  3
3298  1  37.95960000  1.78023000  30.55540000  3
3299  1  47.25270000  5.76255000  26.24460000  3
3300  1  25.99790000  44.12560000  19.69690000  3
3301  1  40.88370000  38.63630000  40.04810000  3
3302  1  30.14610000  14.01460000  3.98428000  3
3303  1  42.94650000  17.83980000  35.00130000  3
3304  1  47.98010000  46.49760000  4.47481000  4
3305  1  39.96440000  50.36230000  11.19280000  3
3306  1  8.48982000  27.70520000  8.55793000  3
3307  1  36.50680000  26.51750000  6.79172000  3
3308  1  1.30166000  32.28870000  26.19920000  3
3309  1  31.85000000  16.97260000  19.26370000  3
3310  1  26.74600000  31.16220000  46.83100000  2
3311  1  37.68610000  26.47430000  35.14310000  3
3312  1  29.20110000  34.17830000  38.26410000  3
3313  1  7.41277000  22.35940000  32.09510000  3
3314  1  10.12860000  21.58390000  6.28090000  3
3315  1  48.01200000  38.49750000  31.71800000  3
3316  1  25.17780000  43.84890000  17.06010000  2
3317  1  3.64534000  42.76920000  19.56910000  3
3318  1  32.46730000  14.14000000  34.67090000  3
3319  1  23.16510000  1.30142000  20.70980000  3
3320  1  16.85590000  20.32260000  40.89210000  3
3321  1  41.47260000  8.31580000  42.84370000  3
3322  1  4.60987000  21.73740000  5.19069000  3
3323  1  17.03230000  1.56786000  39.33300000  3
3324  1  35.18620000  39.91250000  6.55163000  3
3325  1  40.09970000  46.03660000  12.57820000  3
3326  1  21.90100000  13.15070000  13.16650000  3
3327  1  46.06320000  19.82130000  10.14260000  3
3328  1  43.75220000  48.48970000  10.96530000  3
3329  1  41.04810000  39.79380000  5.40039000  3
3330  1  21.52830000  41.02070000  30.25450000  3
3331  1  18.95240000  37.00590000  35.83620000  3
3332  1  3.18647000  12.65840000  23.15330000  3
3333  1  42.39020000  31.15170000  24.54500000  3
3334  1  36.78930000  16.08410000  30.15550000  3
3335  1  6.20827000  29.12310000  22.33860000  3
3336  1  45.62000000  16.31840000  14.28190000  3
3337  1  21.22560000  47.41130000  44.63400000  3
3338  1  30.48470000  30.84000000  8.97950000  3
3339  1  17.32380000  22.08430000  13.89470000  3
3340  1  19.31730000  45.01700000  33.49400000  3
3341  1  26.44830000  14.12520000  50.97660000  2
3342  1  20.90780000  27.03860000  40.11140000  3
3343  1  7.49366000  12.87100000  49.99910000  3
3344  1  6.57219000  16.12840000  31.76750000  3
3345  1  29.83950000  37.07660000  17.91040000  3
3346  1  9.08272000  28.58600000  3.62077000  3
3347  1  1.15900000  9.08089000  2.60531000  3
3348  1  11.04850000  23.26480000  46.63150000  2
3349  1  5.46675000  26.71160000  33.76750000  3
3350  1  32.56190000  45.17850000  37.43030000  3
3351  1  30.49070000  50.23050000  11.61480000  3
3352  1  34.69820000  9.75199000  20.10480000  3
3353  1  28.80030000  41.55200000  0.94877900  3
3354  1  14.58380000  44.44340000  14.19680000  3
3355  1  26.00000000  47.39710000  12.41210000  3
3356  1  28.22660000  40.71580000  49.63340000  3
3357  1  48.31240000  0.27972100  43.14890000  3
3358  1  34.73870000  2.29444000  45.41780000  3
3359  1  19.16640000  6.38042000  20.80540000  3
3360  1  2.98279000  18.43240000  12.41510000  3
3361  1  15.64730000  15.04380000  9.52466000  3
3362  1  7.44142000  12.81750000  5.82013000  3
3363  1  40.54950000  37.32870000  15.29680000  3
3364  1  22.59850000  28.88200000  36.73950000  3
3365  1  4.42031000  46.26730000  1.62725000  3
3366  1  34.45980000  22.03380000  37.68370000  3
3367  1  42.82350000  42.53310000  1.91475000  3
3368  1  26.15530000  26.41420000  30.19110000  3
3369  1  36.11550000  32.89390000  19.54710000  3
3370  1  11.52630000  2.75611000  23.80880000  3
3371  1  34.55080000  14.48430000  32.75490000  3
3372  1  14.49590000  4.93327000  34.22780000  3
3373  1  31.94710000  11.86990000  50.91840000  3
3374  1  38.65810000  47.71040000  25.32200000  3
3375  1  30.97920000  6.65080000  19.30100000  3
3376  1  25.78110000  31.32360000  20.37840000  3
3377  1  50.27110000  46.82730000  42.43750000  3
3378  1  44.05150000  49.93070000  0.35374700  3
3379  1  41.71590000  38.41390000  23.47450000  3
3380  1  38.03500000  13.10670000  37.51150000  3
3381  1  33.60960000  20.12840000  29.74020000  3
3382  1  1.22955000  4.42952000  23.45770000  3
3383  1  16.92720000  40.48660000  26.45460000  3
3384  1  47.83830000  43.13800000  25.38980000  3
3385  1  33.22970000  40.08930000  10.88680000  3
3386  1  16.17060000  32.01340000  7.90979000  3
3387  1  49.33640000  16.72630000  1.37593000  3
3388  1  25.35370000  14.45610000  39.86900000  3
3389  1  23.14930000  7.14476000  32.24210000  3
3390  1  23.52850000  33.68280000  0.34177600  3
3391  1  35.68140000  13.30610000  16.35530000  3
3392  1  7.86927000  7.61875000  27.27310000  3
3393  1  28.54070000  19.98930000  39.51710000  3
3394  1  22.45710000  13.92250000  10.45590000  3
3395  1  2.94924000  43.27930000  44.76520000  3
3396  1  2.69944000  15.60320000  43.21580000  3
3397  1  29.35260000  18.79260000  28.51100000  2
3398  1  49.11060000  37.29520000  3.51916000  2
3399  1  2.58607000  11.41130000  37.02090000  3
3400  1  24.58790000  49.02620000  33.11280000  2
3401  1  30.32340000  36.18050000  12.10260000  3
3402  1  47.30690000  14.12440000  27.89570000  3
3403  1  10.93000000  44.63680000  29.29270000  3
3404  1  42.63460000  44.34520000  49.67620000  3
3405  1  32.53400000  5.94778000  31.87070000  3
3406  1  23.00810000  16.28980000  22.27820000  3
3407  1  4.92040000  16.07530000  7.93408000  3
3408  1  10.82240000  34.34470000  11.93330000  2
3409  1  29.65800000  42.63160000  3.14126000  3
3410  1  11.80990000  18.84700000  30.98670000  3
3411  1  10.36940000  33.44980000  19.82630000  3
3412  1  10.90400000  19.74070000  12.96050000  3
3413  1  8.36413000  7.94676000  32.14650000  3
3414  1  25.08000000  4.68053000  17.21950000  3
3415  1  49.84070000  26.70690000  18.79490000  3
3416  1  8.62623000  21.76140000  26.38630000  3
3417  1  27.71210000  8.59428000  9.68805000  3
3418  1  45.20670000  14.09730000  13.31170000  3
3419  1  50.34560000  29.25220000  35.52890000  3
3420  1  3.75919000  40.63250000  47.97470000  3
3421  1  8.72565000  28.91540000  40.26430000  3
3422  1  33.09980000  47.29310000  7.29831000  3
3423  1  13.04780000  36.29580000  22.12320000  3
3424  1  34.94880000  29.15920000  23.96250000  3
3425  1  9.83126000  12.00890000  38.08350000  3
3426  1  45.71250000  34.00480000  31.93800000  3
3427  1  18.28210000  0.54893900  15.94370000  3
3428  1  22.19410000  27.45850000  36.51330000  3
3429  1  27.08450000  27.26920000  36.92250000  3
3430  1  23.51040000  13.52080000  11.33140000  3
3431  1  33.12390000  32.67610000  16.00790000  3
3432  1  31.94900000  17.71390000  33.69020000  3
3433  1  44.28780000  32.61250000  8.95266000  3
3434  1  27.35850000  27.98490000  9.30204000  3
3435  1  40.56390000  0.63333000  13.02960000  3
3436  1  29.95690000  28.83280000  15.12360000  3
3437  1  34.79490000  4.04544000  48.78920000  3
3438  1  34.90960000  7.86214000  13.37820000  3
3439  1  20.40870000  3.32599000  15.87750000  3
3440  1  19.72650000  34.94120000  14.06500000  3
3441  1  17.53630000  21.91350000  12.51040000  3
3442  1  2.21551000  36.25110000  7.33335000  3
3443  1  30.57430000  24.52460000  49.22820000  2
3444  1  12.55560000  36.88220000  25.13260000  3
3445  1  50.84270000  48.61610000  14.71280000  3
3446  1  44.07960000  18.25590000  9.86105000  3
3447  1  8.39169000  42.00030000  46.35670000  3
3448  1  29.08560000  19.57170000  0.20394300  3
3449  1  7.88526000  0.18576800  42.58360000  3
3450  1  31.81960000  49.95850000  12.12610000  3
3451  1  13.50140000  39.93060000  6.67039000  3
3452  1  32.14460000  49.89100000  30.14790000  3
3453  1  12.00160000  27.28450000  39.47150000  3
3454  1  3.32508000  17.56350000  48.86710000  3
3455  1  20.54850000  6.48593000  20.80640000  3
3456  1  22.84460000  42.90050000  36.52650000  3
3457  1  15.61670000  18.97750000  26.45460000  3
3458  1  32.94530000  28.18620000  36.66930000  3
3459  1  13.80980000  23.52860000  31.17370000  3
3460  1  18.32860000  32.67190000  36.10320000  3
3461  1  3.95345000  23.66170000  34.67140000  2
3462  1  48.45430000  25.17970000  22.68030000  3
3463  1  32.57240000  14.13860000  4.40688000  3
3464  1  24.66840000  39.18980000  24.05400000  3
3465  1  25.77620000  8.16564000  50.47310000  3
3466  1  16.43820000  12.46070000  39.41020000  3
3467  1  25.70870000  11.29990000  31.81050000  3
3468  1  25.75170000  44.15170000  44.05390000  3
3469  1  44.23170000  42.67470000  11.64850000  3
3470  1  36.62060000  42.28650000  36.08410000  4
3471  1  1.99552000  44.81180000  33.13010000  3
3472  1  4.76636000  33.08290000  23.22440000  3
3473  1  45.54830000  9.29383000  12.29370000  3
3474  1  48.75420000  46.91100000  31.02840000  3
3475  1  25.68660000  22.40720000  16.45060000  3
3476  1  23.22080000  41.61260000  34.61050000  3
3477  1  14.17940000  7.27323000  34.26250000  3
3478  1  30.09480000  38.76270000  42.53080000  3
3479  1  33.48400000  46.20000000  49.76270000  3
3480  1  22.52380000  35.36980000  16.44980000  3
3481  1  1.73944000  31.88380000  48.08530000  3
3482  1  2.16847000  10.40480000  32.27770000  2
3483  1  48.73420000  1.27043000  27.66410000  3
3484  1  29.75330000  14.82410000  37.04150000  3
3485  1  11.80510000  46.58270000  19.75970000  3
3486  1  39.52990000  37.49550000  27.82660000  3
3487  1  19.09890000  19.61600000  35.86500000  3
3488  1  9.54660000  3.89501000  15.30550000  3
3489  1  6.48127000  28.43080000  40.94880000  3
3490  1  34.84630000  18.18890000  30.55790000  3
3491  1  12.63210000  6.12790000  35.64070000  3
3492  1  10.93050000  43.30930000  28.79560000  3
3493  1  33.15240000  39.93120000  39.08460000  3
3494  1  12.60670000  34.91050000  17.30240000  3
3495  1  29.42370000  0.54559100  38.72430000  3
3496  1  49.66270000  29.60890000  6.23342000  3
3497  1  45.33070000  9.71663000  44.03260000  3
3498  1  49.03360000  29.81270000  1.37045000  3
3499  1  10.90660000  20.96400000  16.96080000  3
3500  1  46.33560000  11.73350000  40.50980000  2
3501  1  29.64920000  38.00890000  43.77520000  3
3502  1  1.96795000  35.11310000  44.25470000  3
3503  1  13.27630000  23.53970000  5.37035000  3
3504  1  40.30570000  19.08610000  21.04640000  3
3505  1  13.17830000  31.04870000  29.50410000  3
3506  1  22.58110000  33.93880000  26.34230000  3
3507  1  25.04960000  13.18980000  33.32700000  3
3508  1  17.54440000  10.86570000  43.17370000  3
3509  1  50.34720000  10.15960000  44.76260000  3
3510  1  22.16200000  25.75190000  28.04120000  3
3511  1  28.69240000  9.19732000  7.48279000  3
3512  1  23.20430000  32.28440000  9.45760000  3
3513  1  1.68909000  19.97430000  3.09669000  3
3514  1  16.88530000  23.65160000  4.39184000  3
3515  1  34.00720000  27.59380000  22.54410000  3
3516  1  48.44630000  44.45910000  18.20790000  3
3517  1  25.25440000  44.92830000  45.28840000  3
3518  1  33.22530000  41.34570000  24.69730000  3
3519  1  11.09300000  20.56400000  29.49370000  3
3520  1  27.83710000  5.19692000  45.53550000  3
3521  1  13.73900000  14.16100000  39.30980000  3
3522  1  20.42070000  24.28160000  27.64050000  3
3523  1  13.57440000  6.75509000  28.88420000  3
3524  1  11.93590000  50.08720000  10.94310000  3
3525  1  46.41010000  17.99010000  15.94180000  3
3526  1  11.84540000  50.01650000  38.77850000  3
3527  1  16.93790000  32.04020000  39.75320000  3
3528  1  27.74160000  44.21060000  5.99551000  3
3529  1  12.83910000  47.59860000  49.12880000  3
3530  1  48.34970000  30.72390000  40.08250000  2
3531  1  14.11570000  35.86220000  40.94470000  3
3532  1  32.71200000  42.54870000  10.99850000  3
3533  1  19.93340000  39.24920000  34.73600000  3
3534  1  42.11450000  32.45410000  36.31270000  3
3535  1  26.62650000  39.35090000  29.96480000  3
3536  1  42.03460000  25.60330000  39.35030000  3
3537  1  16.77200000  12.79010000  13.71870000  3
3538  1  25.39930000  8.43015000  42.81320000  3
3539  1  45.97600000  15.31820000  13.31980000  3
3540  1  29.94700000  5.23934000  37.66110000  3
3541  1  35.21220000  29.07480000  42.13380000  3
3542  1  35.47490000  15.73330000  2.48085000  3
3543  1  6.37451000  13.95490000  5.88321000  3
3544  1  44.96530000  32.64940000  40.80940000  3
3545  1  14.64320000  1.32915000  22.30290000  3
3546  1  19.51760000  32.76760000  6.37834000  3
3547  1  29.61450000  11.56180000  50.75100000  3
3548  1  27.01170000  6.46837000  49.11620000  3
3549  1  10.14000000  4.39672000  13.02850000  3
3550  1  43.61890000  49.15960000  24.82080000  3
3551  1  13.96510000  14.07450000  28.44170000  3
3552  1  5.41842000  19.22100000  30.06740000  3
3553  1  19.14340000  50.19220000  26.64540000  3
3554  1  45.05880000  7.16507000  34.91890000  3
3555  1  33.89830000  20.96970000  0.63896500  3
3556  1  28.69860000  40.77570000  42.91460000  3
3557  1  7.99175000  50.91590000  31.43190000  3
3558  1  3.89284000  6.59070000  11.36540000  3
3559  1  48.67380000  19.21340000  40.60830000  3
3560  1  24.74620000  43.85230000  3.72453000  3
3561  1  18.38100000  26.67010000  14.45180000  3
3562  1  17.84710000  35.79110000  12.12310000  3
3563  1  8.04237000  5.41828000  26.16210000  2
3564  1  13.29200000  1.22782000  22.61880000  3
3565  1  47.04860000  33.77300000  5.43535000  3
3566  1  4.00905000  44.70200000  42.99400000  3
3567  1  4.59318000  0.32455000  4.98529000  3
3568  1  26.77820000  18.84490000  50.93520000  3
3569  1  13.62450000  41.15350000  42.82340000  3
3570  1  42.10990000  0.10507500  50.39040000  3
3571  1  49.52350000  1.65915000  1.67565000  3
3572  1  15.55590000  5.89275000  11.44180000  3
3573  1  26.29600000  23.12050000  44.62470000  3
3574  1  5.90771000  0.72373100  5.41059000  3
3575  1  32.12100000  26.02390000  28.56560000  3
3576  1  23.01890000  42.32410000  14.03250000  3
3577  1  29.55250000  35.69320000  42.92700000  3
3578  1  9.46457000  32.58960000  40.83600000  3
3579  1  11.37350000  17.60460000  23.08710000  3
3580  1  45.03430000  31.39170000  21.26730000  3
3581  1  27.58160000  9.11015000  8.37280000  3
3582  1  41.26140000  14.41110000  5.50450000  3
3583  1  3.09969000  16.50450000  9.34483000  3
3584  1  0.10900700  6.94186000  37.20780000  3
3585  1  8.36674000  30.12930000  21.76840000  3
3586  1  3.41762000  24.79450000  50.68250000  3
3587  1  26.28150000  49.64180000  42.62810000  3
3588  1  25.82360000  34.40960000  6.80654000  3
3589  1  26.39340000  40.41110000  47.55830000  3
3590  1  6.95307000  38.21380000  50.92480000  3
3591  1  2.95351000  19.95500000  15.55340000  3
3592  1  49.01740000  18.80020000  35.50130000  3
3593  1  22.56100000  17.69210000  18.81130000  3
3594  1  3.81011000  33.59000000  5.63269000  3
3595  1  41.56080000  44.10530000  44.83200000  3
3596  1  37.11650000  17.52680000  1.90237000  3
3597  1  37.19440000  36.08240000  28.50500000  3
3598  1  36.28440000  46.36120000  50.64040000  3
3599  1  15.12450000  17.23620000  43.05920000  3
3600  1  5.80393000  36.69280000  22.66690000  3
3601  1  17.41760000  17.15890000  33.84930000  3
3602  1  6.75991000  47.81850000  0.20724200  3
3603  1  6.53285000  43.95980000  36.39520000  3
3604  1  0.83288900  27.94440000  36.86140000  3
3605  1  22.13780000  49.36310000  6.60706000  2
3606  1  28.00190000  32.01990000  29.82050000  3
3607  1  3.40639000  37.02850000  2.33744000  3
3608  1  37.70330000  14.31600000  9.07802000  3
3609  1  43.15990000  44.63090000  7.41220000  3
3610  1  12.37730000  32.52010000  12.33470000  3
3611  1  8.26729000  42.27190000  12.26660000  3
3612  1  39.06080000  34.13990000  39.73350000  3
3613  1  37.43540000  30.32090000  4.72898000  2
3614  1  40.38770000  5.77498000  30.65270000  3
3615  1  32.93930000  34.68710000  2.29744000  3
3616  1  20.06190000  29.11490000  13.04770000  3
3617  1  46.01360000  44.56590000  19.03090000  3
3618  1  10.07840000  47.24690000  23.58100000  3
3619  1  32.31260000  1.08249000  31.23360000  3
3620  1  11.68300000  17.52250000  31.46780000  3
3621  1  20.17870000  43.04460000  1.40324000  3
3622  1  9.07064000  12.19190000  21.09250000  3
3623  1  28.88680000  20.17000000  25.88500000  3
3624  1  31.86780000  20.01230000  31.96560000  3
3625  1  42.82590000  33.38650000  13.17060000  3
3626  1  49.89170000  37.64970000  2.42173000  3
3627  1  39.18810000  1.62184000  17.84790000  3
3628  1  48.29380000  21.56730000  40.05550000  3
3629  1  9.14607000  24.10740000  35.76080000  3
3630  1  12.24250000  41.06380000  11.86070000  3
3631  1  0.19628700  10.69580000  24.22380000  3
3632  1  25.65520000  4.60326000  45.97060000  3
3633  1  31.82960000  24.68200000  37.52030000  3
3634  1  40.04850000  22.05450000  35.21270000  3
3635  1  44.24070000  1.04736000  17.18730000  3
3636  1  49.72120000  2.81353000  25.93240000  3
3637  1  41.99040000  11.44640000  47.47110000  3
3638  1  8.92491000  3.08572000  10.24690000  3
3639  1  7.62932000  16.03950000  46.98030000  3
3640  1  3.37294000  23.58180000  28.42180000  3
3641  1  10.74430000  46.29910000  16.19680000  3
3642  1  50.20520000  36.15220000  29.54310000  3
3643  1  27.56530000  32.87190000  48.54050000  2
3644  1  29.49480000  18.20940000  50.88100000  3
3645  1  14.29940000  47.99040000  37.32110000  3
3646  1  32.72290000  16.47300000  0.83559500  3
3647  1  3.73600000  37.77920000  13.76690000  3
3648  1  21.95610000  47.87580000  11.26970000  3
3649  1  38.19030000  6.95096000  26.25300000  3
3650  1  46.94300000  32.54690000  33.82670000  3
3651  1  32.01260000  11.11210000  1.11375000  3
3652  1  2.21291000  11.96260000  49.61380000  3
3653  1  49.45310000  24.15230000  47.59970000  3
3654  1  18.27270000  42.16070000  10.77340000  3
3655  1  25.01000000  31.42690000  18.05500000  3
3656  1  33.25520000  10.59590000  33.73400000  3
3657  1  1.22548000  50.74360000  6.38279000  3
3658  1  4.99919000  12.29140000  50.38310000  3
3659  1  40.13070000  37.17310000  35.28580000  3
3660  1  50.77400000  30.39460000  27.22280000  3
3661  1  17.60380000  41.27890000  27.35590000  3
3662  1  2.74921000  13.52660000  6.57331000  3
3663  1  37.02740000  21.66870000  2.53245000  3
3664  1  51.01010000  47.36630000  13.98930000  3
3665  1  31.41390000  36.96980000  49.04590000  3
3666  1  50.79190000  8.06795000  49.30350000  3
3667  1  15.35900000  6.75183000  10.28840000  4
3668  1  26.12670000  5.86451000  43.83210000  3
3669  1  13.69690000  5.95756000  14.63090000  3
3670  1  40.03740000  11.88720000  10.95470000  2
3671  1  41.63290000  27.97380000  38.58790000  3
3672  1  9.99504000  25.01390000  27.09480000  3
3673  1  25.13340000  13.81110000  9.42246000  3
3674  1  33.56940000  26.84400000  26.70450000  3
3675  1  17.31260000  45.65200000  19.49700000  3
3676  1  31.53610000  16.70970000  21.78620000  3
3677  1  8.37748000  43.21830000  4.54379000  3
3678  1  49.22190000  40.24480000  14.80810000  3
3679  1  13.44200000  41.68980000  11.45210000  3
3680  1  30.39340000  11.82750000  13.83670000  3
3681  1  45.35260000  41.27710000  0.24787700  3
3682  1  38.38540000  19.55440000  2.58961000  3
3683  1  8.35336000  13.67320000  28.66020000  3
3684  1  31.94300000  48.71740000  18.44040000  3
3685  1  9.93625000  23.55670000  34.63050000  3
3686  1  34.42080000  1.64012000  49.21360000  3
3687  1  42.81480000  1.34493000  13.37160000  3
3688  1  47.03590000  30.42310000  20.37020000  3
3689  1  16.61840000  6.67054000  3.81763000  3
3690  1  18.58530000  24.30420000  34.84730000  3
3691  1  46.02050000  32.00060000  34.70660000  3
3692  1  23.84580000  21.09760000  15.30790000  3
3693  1  40.64400000  19.56600000  3.49690000  3
3694  1  44.88040000  27.48050000  31.33180000  3
3695  1  3.83088000  18.59980000  28.31570000  3
3696  1  9.76837000  41.06440000  49.63710000  3
3697  1  48.49950000  20.70190000  9.21384000  3
3698  1  26.10330000  41.06970000  37.61600000  3
3699  1  13.54970000  10.03370000  25.82630000  3
3700  1  22.30800000  34.01830000  3.37261000  3
3701  1  7.36932000  17.21830000  41.96340000  3
3702  1  41.53980000  12.24550000  1.10249000  3
3703  1  7.21062000  47.36460000  15.35630000  3
3704  1  36.76310000  9.98660000  32.21330000  3
3705  1  48.04900000  26.21140000  14.00800000  3
3706  1  29.07290000  11.69790000  14.19250000  3
3707  1  13.98190000  8.31188000  30.64100000  3
3708  1  10.16990000  28.65460000  21.32210000  3
3709  1  30.08780000  43.80250000  5.70745000  3
3710  1  50.94640000  18.48590000  41.01100000  2
3711  1  24.99070000  20.53260000  0.57493000  3
3712  1  43.19600000  41.57530000  20.14160000  3
3713  1  21.17160000  22.54500000  36.64260000  3
3714  1  32.30310000  6.90634000  19.91240000  3
3715  1  1.16699000  9.80028000  3.90674000  3
3716  1  1.95478000  10.18280000  0.33948600  3
3717  1  1.94699000  24.43340000  3.17827000  3
3718  1  38.97690000  4.00633000  19.31000000  3
3719  1  15.59890000  18.72440000  27.81690000  3
3720  1  21.12610000  29.50090000  45.82480000  3
3721  1  32.47440000  46.57850000  33.94070000  3
3722  1  32.38370000  48.62400000  32.58440000  3
3723  1  34.60680000  46.36050000  20.32370000  3
3724  1  6.77764000  45.78890000  2.24316000  2
3725  1  24.80960000  32.77370000  11.15830000  3
3726  1  33.17890000  1.80518000  20.93770000  3
3727  1  44.03400000  45.29190000  30.09400000  3
3728  1  8.28724000  50.99220000  5.69365000  3
3729  1  37.45140000  13.78080000  30.52380000  3
3730  1  19.95670000  7.32548000  45.69830000  3
3731  1  33.29560000  25.77550000  4.90007000  3
3732  1  31.81160000  45.79180000  48.10050000  3
3733  1  2.51992000  34.64100000  25.63650000  3
3734  1  43.01730000  10.51870000  45.44820000  3
3735  1  45.54400000  31.94930000  18.94170000  3
3736  1  44.88010000  29.27520000  37.12160000  3
3737  1  48.52030000  19.28860000  15.48900000  3
3738  1  36.73240000  8.93380000  22.28470000  3
3739  1  48.25700000  24.31850000  12.63600000  3
3740  1  12.88370000  19.12740000  7.10857000  3
3741  1  8.41956000  13.54000000  23.74370000  2
3742  1  14.04730000  46.02580000  23.32840000  3
3743  1  49.56190000  15.87560000  50.26530000  3
3744  1  19.50760000  1.75625000  6.84757000  3
3745  1  43.23270000  48.81460000  33.51240000  3
3746  1  11.71180000  14.43330000  45.78320000  3
3747  1  18.39630000  0.34504600  35.04120000  4
3748  1  16.40010000  14.25230000  10.38020000  3
3749  1  31.71300000  17.09210000  23.18200000  3
3750  1  25.77750000  42.31180000  40.19980000  3
3751  1  3.25696000  2.60945000  20.82930000  3
3752  1  5.42719000  45.53140000  2.28613000  3
3753  1  18.09680000  12.16850000  41.12010000  3
3754  1  41.60160000  41.75380000  30.11330000  3
3755  1  0.51681900  34.00140000  28.68210000  3
3756  1  43.48730000  39.63900000  15.70870000  3
3757  1  2.97834000  44.13810000  11.80740000  3
3758  1  6.99598000  23.04840000  22.18160000  3
3759  1  32.31390000  40.62560000  36.98340000  3
3760  1  41.34920000  22.53450000  17.88710000  3
3761  1  24.76390000  12.30360000  27.04410000  3
3762  1  17.68670000  25.59420000  15.06860000  3
3763  1  10.03390000  46.83490000  28.45750000  3
3764  1  35.64710000  19.40550000  21.72350000  3
3765  1  4.33107000  42.81260000  44.95480000  3
3766  1  18.19410000  12.38200000  0.29087600  3
3767  1  44.52010000  43.99690000  30.34220000  3
3768  1  9.07868000  11.01830000  37.42930000  3
3769  1  46.85020000  38.64900000  50.25650000  3
3770  1  45.83670000  42.01900000  34.50090000  3
3771  1  33.14360000  44.39380000  30.28970000  3
3772  1  21.85880000  43.01620000  13.67570000  3
3773  1  39.26390000  13.88010000  19.94900000  3
3774  1  2.27472000  42.93950000  17.12040000  3
3775  1  22.69730000  12.61620000  22.38690000  3
3776  1  49.48950000  5.71888000  16.41630000  3
3777  1  28.89530000  36.79030000  43.48950000  3
3778  1  37.76590000  45.61310000  25.17980000  3
3779  1  49.24180000  45.52160000  37.81290000  3
3780  1  11.03240000  24.60940000  28.00640000  3
3781  1  47.24680000  25.86420000  23.15360000  3
3782  1  34.66940000  42.62110000  29.28480000  4
3783  1  47.64960000  11.36000000  44.39130000  3
3784  1  48.43820000  16.41040000  35.83070000  3
3785  1  42.61030000  36.10120000  2.06991000  3
3786  1  47.72910000  1.34535000  42.46730000  3
3787  1  42.62410000  31.31790000  10.26460000  3
3788  1  24.65970000  38.92710000  44.57970000  3
3789  1  2.53980000  39.87180000  14.50580000  3
3790  1  14.17830000  14.54590000  26.02030000  3
3791  1  12.42250000  6.87846000  16.38840000  3
3792  1  17.71730000  25.84890000  45.66790000  3
3793  1  37.75600000  15.04880000  29.95810000  3
3794  1  7.93028000  2.10345000  24.33150000  2
3795  1  32.05900000  47.89010000  3.16818000  3
3796  1  49.32990000  38.79760000  14.76710000  3
3797  1  47.98590000  50.54030000  29.29950000  3
3798  1  33.79080000  7.50587000  9.36155000  3
3799  1  18.62710000  5.15158000  20.54430000  3
3800  1  11.69430000  13.00330000  47.76490000  3
3801  1  40.28280000  31.53910000  17.44440000  3
3802  1  2.63195000  24.71470000  0.78900900  2
3803  1  12.89160000  7.60274000  26.78190000  2
3804  1  27.32610000  9.13092000  25.87740000  3
3805  1  18.73230000  20.50240000  49.33610000  3
3806  1  34.28620000  10.02600000  41.61610000  2
3807  1  8.14759000  33.69250000  12.27180000  3
3808  1  8.98834000  10.34630000  43.41850000  3
3809  1  34.78390000  0.65839500  43.60640000  3
3810  1  29.90490000  4.29407000  38.67930000  3
3811  1  48.20350000  23.88320000  48.21950000  3
3812  1  42.82970000  44.58420000  46.91740000  3
3813  1  10.54440000  1.42785000  42.89760000  3
3814  1  33.41120000  3.26176000  21.16430000  3
3815  1  50.47430000  13.39470000  36.48210000  3
3816  1  42.43350000  32.68160000  16.93320000  3
3817  1  18.54600000  44.68180000  30.72550000  3
3818  1  26.34200000  50.99410000  38.94490000  3
3819  1  46.17750000  43.22030000  49.34900000  3
3820  1  27.42710000  4.71997000  17.67350000  3
3821  1  20.64810000  18.38460000  11.09660000  2
3822  1  4.82267000  29.33810000  22.62680000  3
3823  1  49.27900000  28.78670000  36.37070000  3
3824  1  10.14310000  44.05690000  13.07360000  3
3825  1  29.84110000  21.91660000  12.43270000  2
3826  1  48.80240000  43.07570000  16.14140000  3
3827  1  30.34030000  8.80250000  17.91860000  3
3828  1  0.73289300  24.04770000  3.74850000  3
3829  1  8.64163000  7.99227000  29.55680000  3
3830  1  17.34420000  35.08530000  13.28290000  3
3831  1  2.00858000  11.50310000  5.40413000  3
3832  1  14.55870000  42.22110000  5.54880000  3
3833  1  8.38491000  27.44100000  4.04283000  3
3834  1  24.40560000  43.56970000  2.37794000  3
3835  1  21.27930000  30.68920000  23.00380000  3
3836  1  42.05390000  49.27800000  15.78120000  3
3837  1  3.12001000  30.01520000  5.42956000  3
3838  1  6.01079000  1.49014000  6.59360000  3
3839  1  12.38720000  17.93000000  13.64770000  3
3840  1  4.21444000  15.06230000  22.04020000  3
3841  1  27.01980000  6.55115000  42.90180000  3
3842  1  0.67287800  22.90530000  44.85980000  3
3843  1  0.79993700  13.06940000  36.81710000  3
3844  1  9.52398000  8.47808000  31.80600000  3
3845  1  1.87583000  43.03310000  35.29490000  3
3846  1  0.02402940  25.12940000  4.52006000  3
3847  1  47.62340000  50.90510000  50.18560000  3
3848  1  1.63214000  6.87338000  24.00010000  3
3849  1  2.20466000  10.92370000  44.86740000  3
3850  1  14.99390000  30.30970000  33.31660000  3
3851  1  7.09470000  34.21020000  1.95599000  3
3852  1  34.33770000  12.92860000  12.89490000  3
3853  1  10.15980000  0.94699700  34.69180000  3
3854  1  48.37000000  4.96498000  25.67080000  3
3855  1  25.68150000  40.16650000  33.98180000  3
3856  1  33.47830000  39.67290000  4.34401000  3
3857  1  32.81770000  26.75140000  36.68380000  3
3858  1  43.61550000  38.99240000  2.71430000  3
3859  1  47.36620000  19.03540000  16.33740000  3
3860  1  44.45430000  42.47120000  50.95940000  3
3861  1  13.42710000  29.48270000  39.48870000  3
3862  1  29.67790000  10.33810000  16.20620000  3
3863  1  45.49740000  0.61315900  16.73880000  3
3864  1  33.25180000  12.90850000  49.22630000  3
3865  1  27.19610000  22.53430000  3.97946000  3
3866  1  13.44980000  0.83361700  41.52210000  3
3867  1  22.68960000  12.25250000  15.34440000  3
3868  1  35.40860000  40.18320000  34.04690000  3
3869  1  21.38090000  42.18090000  32.33270000  3
3870  1  50.87250000  8.24746000  24.75210000  3
3871  1  45.97680000  38.83960000  44.99310000  3
3872  1  6.68116000  27.80140000  22.19280000  3
3873  1  28.98030000  3.05183000  24.29350000  3
3874  1  1.78959000  25.97110000  45.60970000  3
3875  1  43.84790000  47.10920000  4.50623000  3
3876  1  12.51280000  33.70010000  32.69500000  3
3877  1  8.01371000  33.16500000  2.03187000  3
3878  1  27.57870000  23.66270000  17.53760000  3
3879  1  35.69920000  0.45563500  23.59520000  3
3880  1  42.06680000  44.01050000  10.08110000  3
3881  1  9.77645000  14.33170000  3.57179000  2
3882  1  33.94670000  14.43450000  3.95259000  3
3883  1  14.40350000  42.28860000  44.73890000  3
3884  1  18.33050000  3.56101000  8.03621000  3
3885  1  35.17940000  39.52680000  32.67320000  3
3886  1  38.99380000  6.85211000  32.49610000  3
3887  1  10.12870000  23.28170000  15.79790000  3
3888  1  14.25710000  46.61940000  8.33041000  3
3889  1  16.48630000  10.65300000  15.59210000  3
3890  1  3.26448000  5.73280000  44.85620000  3
3891  1  27.59460000  18.93120000  35.67050000  3
3892  1  24.94520000  17.21030000  34.31210000  3
3893  1  1.42248000  35.79680000  27.25630000  3
3894  1  4.24194000  21.29070000  49.60500000  3
3895  1  23.87680000  29.94830000  19.68770000  3
3896  1  4.46033000  28.49260000  11.82880000  3
3897  1  11.02010000  15.53100000  24.49540000  2
3898  1  2.93467000  10.01190000  36.96260000  3
3899  1  19.47430000  41.37790000  44.93490000  3
3900  1  38.78600000  29.48250000  49.50300000  3
3901  1  11.75060000  50.25900000  17.22150000  3
3902  1  40.06040000  15.97300000  45.24660000  3
3903  1  29.54660000  7.50124000  35.98270000  3
3904  1  9.59875000  39.39950000  32.88760000  3
3905  1  5.13070000  41.13560000  20.76940000  3
3906  1  48.96910000  5.29440000  45.68390000  3
3907  1  30.77860000  2.44433000  42.76210000  3
3908  1  18.94350000  14.41120000  20.84540000  3
3909  1  34.24200000  14.22620000  47.64500000  3
3910  1  28.31780000  21.70800000  1.75939000  3
3911  1  37.20060000  48.89850000  35.33790000  3
3912  1  40.71320000  5.72225000  36.20340000  3
3913  1  44.05650000  8.60240000  20.18120000  3
3914  1  11.05880000  29.37200000  39.85700000  3
3915  1  13.94240000  6.82167000  8.40484000  3
3916  1  40.92260000  38.63730000  19.93970000  3
3917  1  16.69220000  42.14910000  45.56820000  3
3918  1  50.75180000  3.14424000  24.90890000  3
3919  1  44.64020000  5.15301000  13.30410000  3
3920  1  48.54570000  38.63300000  11.52810000  3
3921  1  6.14849000  6.58978000  10.29760000  3
3922  1  40.16250000  0.26578500  2.34632000  3
3923  1  18.12570000  48.01370000  26.87590000  3
3924  1  45.11930000  34.99360000  5.13930000  3
3925  1  11.00040000  35.99520000  32.30150000  3
3926  1  48.82800000  7.57080000  17.78510000  3
3927  1  8.86144000  11.66300000  42.87930000  3
3928  1  32.45070000  40.83400000  22.49730000  3
3929  1  12.09050000  33.76500000  0.77066100  3
3930  1  0.73386000  9.39150000  24.46210000  3
3931  1  39.44110000  28.93900000  4.97472000  2
3932  1  0.52470600  40.90300000  14.53100000  3
3933  1  1.92336000  22.58200000  34.71920000  3
3934  1  0.80092200  11.79480000  21.97980000  3
3935  1  27.67090000  40.14360000  35.93530000  3
3936  1  38.80150000  19.30740000  21.11440000  3
3937  1  41.23480000  47.25810000  9.84762000  3
3938  1  32.88160000  14.63680000  47.66040000  3
3939  1  47.32470000  29.70930000  7.00842000  3
3940  1  37.36950000  39.09700000  6.92500000  3
3941  1  44.26960000  16.95720000  16.31850000  3
3942  1  19.81460000  34.60500000  35.82530000  3
3943  1  38.97550000  7.17502000  37.16470000  4
3944  1  40.07500000  8.09334000  0.24826800  3
3945  1  48.06440000  37.82050000  37.62910000  3
3946  1  42.22570000  19.56340000  41.33750000  3
3947  1  19.52610000  1.41623000  40.59330000  3
3948  1  40.78430000  32.51240000  36.88400000  3
3949  1  37.81900000  37.03900000  35.75280000  3
3950  1  1.50878000  45.71220000  12.88340000  3
3951  1  37.28540000  35.90700000  8.53220000  3
3952  1  1.72759000  5.47383000  36.13560000  3
3953  1  35.53510000  9.72880000  32.85980000  3
3954  1  5.29533000  23.90820000  49.40130000  3
3955  1  15.44940000  19.99260000  10.12080000  3
3956  1  26.31690000  1.82133000  12.21120000  3
3957  1  6.94387000  4.31056000  9.64183000  3
3958  1  47.96810000  36.84120000  15.51470000  3
3959  1  24.55460000  38.90120000  17.60540000  3
3960  1  25.10040000  21.94580000  32.65130000  3
3961  1  50.86240000  31.65820000  6.16987000  2
3962  1  21.79520000  4.94420000  28.20510000  3
3963  1  46.94390000  8.17070000  26.60630000  3
3964  1  14.01540000  8.46692000  32.01910000  3
3965  1  32.02860000  48.35740000  27.73990000  3
3966  1  0.30489500  18.06050000  1.59730000  3
3967  1  14.26100000  27.95400000  0.96894800  3
3968  1  37.84790000  15.58850000  17.09280000  3
3969  1  40.16410000  40.87670000  5.44398000  3
3970  1  31.99210000  25.62560000  20.12950000  3
3971  1  5.42269000  12.43580000  43.89920000  3
3972  1  38.11680000  46.56080000  35.29830000  3
3973  1  21.56760000  4.07652000  30.48080000  3
3974  1  0.05142460  15.72730000  36.36710000  3
3975  1  17.55320000  15.28520000  35.45810000  3
3976  1  38.56790000  1.16632000  6.69362000  3
3977  1  47.46240000  46.10280000  13.84240000  3
3978  1  29.13490000  35.73780000  7.93577000  3
3979  1  14.09640000  28.10260000  31.64750000  3
3980  1  47.80390000  31.62760000  17.57860000  4
3981  1  23.36580000  29.83160000  46.13330000  3
3982  1  38.39380000  9.26407000  46.71080000  3
3983  1  18.66020000  49.55950000  30.27590000  3
3984  1  17.56950000  21.38210000  22.68750000  3
3985  1  13.99360000  32.36360000  23.36380000  3
3986  1  1.32812000  26.54740000  11.03420000  3
3987  1  34.74880000  27.29410000  8.14738000  3
3988  1  6.58164000  38.67610000  20.91030000  3
3989  1  27.10170000  40.89350000  38.58440000  3
3990  1  23.74530000  18.65120000  20.80890000  3
3991  1  36.54500000  5.56798000  7.77700000  3
3992  1  20.93100000  18.89460000  25.67870000  2
3993  1  50.65940000  8.33369000  36.95070000  3
3994  1  18.14360000  11.00680000  3.70921000  3
3995  1  1.14778000  3.14153000  35.45110000  3
3996  1  23.27340000  13.18230000  12.70800000  3
3997  1  33.86380000  18.00200000  46.50020000  3
3998  1  22.02300000  7.73112000  2.60748000  3
3999  1  20.39750000  25.86660000  35.76370000  3
4000  1  12.70700000  39.96170000  25.55300000  3
4001  1  0.35017800  28.30970000  21.76800000  3
4002  1  48.81780000  18.45490000  14.34550000  3
4003  1  7.38746000  47.82270000  28.69790000  3
4004  1  2.95272000  28.58430000  35.06070000  3
4005  1  32.40280000  18.02810000  16.92980000  3
4006  1  44.66820000  27.80410000  1.06240000  3
4007  1  13.35540000  16.95440000  13.36240000  3
4008  1  35.37660000  18.98040000  0.53299000  3
4009  1  46.03630000  39.37760000  33.33360000  3
4010  1  42.70740000  10.02570000  27.41530000  3
4011  1  19.70300000  44.02060000  14.37500000  3
4012  1  44.27600000  35.73890000  48.57800000  3
4013  1  26.86110000  46.61500000  11.63680000  3
4014  1  33.63140000  3.37843000  15.69660000  3
4015  1  39.83500000  7.52587000  41.18280000  3
4016  1  23.45330000  3.67789000  20.98260000  3
4017  1  26.02880000  41.04020000  23.52200000  3
4018  1  38.15450000  19.80040000  22.37560000  3
4019  1  50.72780000  0.76403800  34.42530000  2
4020  1  2.78630000  13.13900000  21.88880000  3
4021  1  7.69177000  22.90230000  12.18480000  3
4022  1  12.98880000  37.86380000  24.12260000  3
4023  1  35.36270000  6.93767000  11.13320000  3
4024  1  40.51180000  35.92930000  45.48170000  3
4025  1  39.90660000  33.43420000  36.23550000  3
4026  1  14.66510000  15.27630000  7.21801000  3
4027  1  45.71960000  16.70940000  46.48920000  3
4028  1  4.36779000  13.35380000  23.81740000  3
4029  1  31.67490000  40.65670000  28.07640000  3
4030  1  17.11940000  20.93100000  26.97860000  3
4031  1  15.22380000  42.31260000  48.48140000  3
4032  1  39.34010000  0.50368300  16.99420000  3
4033  1  16.02160000  45.03560000  7.44365000  3
4034  1  13.96400000  21.62090000  11.06350000  3
4035  1  15.27440000  32.50030000  19.69990000  3
4036  1  50.12040000  10.48690000  7.15802000  3
4037  1  2.83432000  20.31090000  26.83580000  3
4038  1  46.26220000  14.91660000  49.00730000  2
4039  1  11.22230000  49.80660000  30.31410000  3
4040  1  50.99410000  26.17950000  38.27740000  3
4041  1  23.56830000  47.13610000  19.45320000  3
4042  1  47.53820000  2.05187000  27.73840000  3
4043  1  31.32660000  13.13680000  9.88182000  3
4044  1  0.50898300  32.25470000  30.45680000  3
4045  1  10.08250000  41.95100000  40.56030000  3
4046  1  27.77040000  14.51650000  19.54280000  2
4047  1  5.94603000  5.23323000  9.99250000  3
4048  1  1.29642000  46.89150000  13.68270000  3
4049  1  19.28380000  24.24970000  25.51920000  3
4050  1  43.93000000  48.78490000  2.67317000  3
4051  1  39.19840000  45.81180000  34.70870000  3
4052  1  11.14730000  21.61250000  18.21460000  3
4053  1  23.85420000  29.37090000  28.48210000  3
4054  1  30.04040000  48.36660000  16.95790000  3
4055  1  4.18419000  49.06030000  1.46382000  3
4056  1  38.81120000  28.80380000  10.85920000  3
4057  1  48.07970000  45.89990000  36.83770000  3
4058  1  28.71440000  6.90313000  18.10760000  3
4059  1  36.29860000  20.12390000  43.89190000  3
4060  1  4.14721000  38.89140000  50.18940000  3
4061  1  49.02870000  22.55260000  20.20880000  3
4062  1  16.17820000  45.93140000  24.53750000  3
4063  1  29.63550000  28.75440000  29.60210000  3
4064  1  0.65030100  50.73950000  37.91410000  2
4065  1  13.72210000  39.98740000  42.11330000  3
4066  1  23.21780000  21.65460000  13.04110000  3
4067  1  30.54500000  30.53250000  4.11181000  3
4068  1  25.82090000  1.75908000  5.07422000  3
4069  1  39.72420000  48.04620000  14.55080000  3
4070  1  34.62380000  28.91360000  22.56910000  3
4071  1  11.38060000  30.90210000  8.53200000  3
4072  1  50.68860000  13.82780000  25.12160000  3
4073  1  39.22420000  35.58250000  3.58886000  2
4074  1  3.93426000  48.26560000  0.22151000  3
4075  1  20.04640000  28.04660000  17.39470000  3
4076  1  8.96770000  7.37434000  36.06770000  3
4077  1  6.48544000  46.06170000  34.41870000  3
4078  1  43.84620000  6.42378000  27.74340000  3
4079  1  17.42600000  44.87780000  7.35360000  3
4080  1  47.72100000  47.92200000  46.37700000  3
4081  1  38.16830000  12.59340000  48.26710000  3
4082  1  33.96820000  42.32050000  33.61750000  3
4083  1  44.81330000  16.40110000  42.01460000  3
4084  1  26.76130000  35.65670000  42.96500000  3
4085  1  33.71360000  4.77079000  16.18040000  3
4086  1  23.91080000  9.68247000  22.20800000  3
4087  1  28.85240000  43.37270000  22.87020000  3
4088  1  36.73130000  24.29230000  29.88830000  2
4089  1  41.34130000  37.80970000  34.85720000  3
4090  1  22.87490000  20.98840000  14.24800000  3
4091  1  3.76031000  14.06090000  15.73880000  3
4092  1  9.59405000  12.52300000  0.45409700  3
4093  1  50.78970000  24.08450000  39.12490000  3
4094  1  33.37680000  41.73970000  7.39042000  3
4095  1  49.23830000  43.99820000  17.12680000  3
4096  1  35.87240000  10.51650000  20.41560000  3
4097  1  45.99510000  16.52080000  4.83575000  3
4098  1  5.36330000  33.14760000  12.90680000  3
4099  1  37.97710000  39.11660000  44.14100000  3
4100  1  46.90550000  21.37170000  40.11850000  3
4101  1  22.41050000  13.40780000  49.02030000  3
4102  1  12.51210000  28.99730000  35.56270000  2
4103  1  7.26686000  21.75460000  22.92990000  3
4104  1  33.03090000  12.41050000  13.23440000  3
4105  1  35.29470000  35.53840000  29.91060000  3
4106  1  7.16844000  38.60110000  14.94060000  3
4107  1  39.89600000  50.44500000  29.50740000  3
4108  1  16.96180000  23.29390000  14.51710000  3
4109  1  3.18230000  37.30660000  40.68680000  3
4110  1  12.62340000  38.91510000  0.81687400  3
4111  1  13.10820000  42.13590000  5.74245000  3
4112  1  23.75560000  20.53560000  38.23790000  3
4113  1  0.37858100  44.98010000  12.43720000  3
4114  1  28.78350000  43.74490000  5.15412000  3
4115  1  11.08130000  27.10160000  3.62185000  3
4116  1  3.37970000  24.19910000  42.66050000  3
4117  1  16.79130000  49.23520000  36.98140000  3
4118  1  48.01200000  47.13160000  5.82540000  3
4119  1  48.61520000  50.37980000  40.76270000  3
4120  1  47.45780000  42.66630000  16.12480000  3
4121  1  27.21980000  29.48130000  25.75130000  3
4122  1  7.43705000  35.48530000  1.24897000  3
4123  1  28.14670000  33.03410000  35.57470000  3
4124  1  6.20706000  15.00360000  25.21110000  3
4125  1  6.52955000  15.39510000  37.18350000  3
4126  1  21.53390000  10.71000000  0.35392400  3
4127  1  25.13620000  49.93130000  28.17660000  2
4128  1  48.42460000  2.88184000  45.17570000  3
4129  1  11.52390000  18.05080000  21.75370000  3
4130  1  18.29270000  27.40100000  12.04540000  3
4131  1  28.08130000  22.60970000  2.80053000  3
4132  1  17.14800000  18.85970000  21.98570000  3
4133  1  22.01040000  34.07680000  34.60790000  3
4134  1  30.99350000  32.15150000  30.62820000  3
4135  1  6.07351000  8.49994000  25.28300000  3
4136  1  6.13999000  19.76620000  8.55860000  3
4137  1  0.36665900  6.11908000  14.77410000  3
4138  1  13.19740000  19.38420000  32.94510000  2
4139  1  41.34450000  17.10820000  43.42410000  3
4140  1  11.74460000  46.14500000  44.98160000  3
4141  1  24.48640000  3.66074000  4.23669000  3
4142  1  37.44030000  49.75240000  25.10610000  3
4143  1  6.87250000  18.38740000  46.43840000  3
4144  1  2.14473000  3.12391000  34.41110000  3
4145  1  7.71145000  47.75570000  33.37000000  3
4146  1  45.38940000  18.36690000  34.93860000  3
4147  1  26.21640000  1.54909000  3.72833000  3
4148  1  31.10300000  1.57902000  19.27600000  3
4149  1  5.27038000  45.69810000  12.67460000  3
4150  1  16.35140000  3.15101000  47.65100000  3
4151  1  10.26650000  37.62550000  41.03480000  3
4152  1  15.29620000  21.18360000  11.13630000  3
4153  1  11.24490000  24.81770000  4.64271000  3
4154  1  24.71830000  13.53370000  31.01230000  3
4155  1  32.49560000  50.73540000  19.75460000  3
4156  1  20.15990000  28.88100000  21.56390000  3
4157  1  27.60700000  7.62254000  17.66030000  3
4158  1  41.67500000  38.71660000  28.42580000  3
4159  1  28.66510000  26.46380000  30.06890000  3
4160  1  16.47540000  24.87630000  50.00790000  3
4161  1  5.48198000  19.46610000  36.10010000  3
4162  1  50.05660000  15.75580000  40.75050000  2
4163  1  35.29570000  9.50594000  0.82621900  3
4164  1  27.95290000  24.25600000  46.65150000  3
4165  1  24.50900000  18.13770000  38.74530000  3
4166  1  46.80880000  44.96860000  30.57950000  3
4167  1  42.53070000  9.22685000  8.46100000  3
4168  1  29.16000000  21.97350000  38.46280000  3
4169  1  7.71276000  11.41070000  37.24300000  3
4170  1  6.95103000  25.49850000  48.43580000  3
4171  1  12.55160000  39.29890000  41.62490000  3
4172  1  10.23620000  5.61840000  16.98000000  3
4173  1  36.21960000  24.82950000  47.16600000  3
4174  1  15.51960000  5.27580000  33.18490000  3
4175  1  38.72170000  30.29640000  39.28590000  3
4176  1  44.64770000  11.04330000  20.53760000  3
4177  1  20.39450000  23.40340000  40.29600000  3
4178  1  18.33850000  45.95990000  31.40050000  3
4179  1  19.42150000  29.27800000  39.66890000  3
4180  1  12.99820000  11.51320000  49.71200000  3
4181  1  41.02940000  30.59520000  31.85270000  3
4182  1  28.66310000  26.89390000  49.17560000  3
4183  1  31.96600000  40.77190000  2.83056000  3
4184  1  10.36680000  21.82190000  15.89700000  3
4185  1  34.30410000  45.11600000  47.75940000  3
4186  1  28.92530000  13.53880000  38.92870000  3
4187  1  47.07750000  41.46210000  33.99550000  3
4188  1  18.13110000  27.81250000  23.27440000  3
4189  1  27.32470000  20.51690000  38.84110000  3
4190  1  41.10190000  50.15410000  2.78093000  3
4191  1  37.34180000  46.24780000  44.25850000  3
4192  1  43.25550000  43.02030000  0.66522000  3
4193  1  0.48156900  43.23650000  45.18500000  3
4194  1  29.86620000  35.78940000  10.81160000  3
4195  1  46.36920000  11.88780000  44.69330000  3
4196  1  13.81560000  39.27780000  5.44638000  3
4197  1  50.24340000  4.45318000  49.72720000  3
4198  1  26.23240000  21.93160000  18.76490000  3
4199  1  18.33970000  4.15345000  46.31560000  3
4200  1  4.51816000  4.01089000  34.16120000  3
4201  1  28.65960000  46.80060000  42.00940000  3
4202  1  14.19690000  3.06400000  46.50050000  3
4203  1  5.81876000  5.93918000  21.62260000  3
4204  1  19.93440000  39.38740000  43.05170000  3
4205  1  18.14860000  17.85040000  34.78470000  3
4206  1  20.68660000  29.44730000  22.81430000  3
4207  1  6.84705000  19.01780000  35.97830000  3
4208  1  2.96760000  13.14620000  49.23600000  3
4209  1  21.69990000  6.37917000  8.70436000  3
4210  1  22.14930000  34.43310000  17.46580000  3
4211  1  33.74710000  48.64270000  20.12950000  3
4212  1  30.04220000  7.47362000  18.47510000  3
4213  1  32.19650000  32.85300000  30.61900000  3
4214  1  17.94730000  20.03860000  33.62490000  3
4215  1  41.53940000  40.71620000  43.89460000  3
4216  1  21.10160000  45.96820000  38.96850000  3
4217  1  30.98580000  44.15330000  11.25250000  3
4218  1  34.41320000  12.67330000  40.94490000  3
4219  1  17.78030000  46.54790000  9.08917000  3
4220  1  46.27690000  27.50860000  30.95760000  3
4221  1  26.43660000  2.54622000  16.98220000  3
4222  1  5.09551000  2.89391000  8.50717000  3
4223  1  15.35640000  11.41270000  15.16030000  3
4224  1  21.36770000  32.24140000  7.85831000  3
4225  1  26.30690000  23.91520000  31.48460000  3
4226  1  16.48850000  17.54530000  50.11490000  2
4227  1  10.89750000  3.97031000  25.78970000  3
4228  1  21.38650000  44.09000000  5.19133000  3
4229  1  33.02720000  32.74030000  13.64210000  3
4230  1  6.93016000  23.10300000  47.80760000  3
4231  1  5.58679000  26.27250000  36.16800000  2
4232  1  29.20900000  13.51700000  8.04668000  3
4233  1  50.36670000  31.67160000  1.10837000  3
4234  1  33.66720000  23.81690000  15.48500000  3
4235  1  34.98870000  4.48230000  38.28270000  3
4236  1  12.83330000  47.42740000  34.37320000  3
4237  1  30.15460000  27.14410000  17.38550000  3
4238  1  25.29040000  49.94170000  26.95970000  2
4239  1  23.33820000  35.33690000  22.91850000  3
4240  1  1.96112000  12.37560000  17.17010000  3
4241  1  13.43760000  31.24210000  25.80270000  3
4242  1  50.58680000  39.91080000  4.87586000  3
4243  1  48.27620000  6.27378000  36.92490000  3
4244  1  18.91500000  1.67170000  21.30180000  3
4245  1  20.56470000  17.05690000  38.31070000  3
4246  1  40.93160000  17.99990000  13.54680000  3
4247  1  45.44360000  33.46990000  30.72000000  2
4248  1  15.13940000  25.12020000  39.25110000  3
4249  1  40.81560000  8.13291000  35.61690000  3
4250  1  18.81040000  5.25847000  50.47130000  3
4251  1  17.05690000  3.56562000  21.16520000  3
4252  1  24.72510000  29.44240000  41.82130000  3
4253  1  45.27880000  11.65580000  12.57820000  3
4254  1  11.28220000  19.97500000  40.91840000  3
4255  1  17.66750000  47.89120000  43.12960000  3
4256  1  17.40970000  37.64900000  10.56040000  3
4257  1  8.83048000  16.75960000  47.13880000  3
4258  1  35.01350000  38.59940000  5.90925000  3
4259  1  40.07490000  41.49840000  34.91200000  3
4260  1  50.54640000  32.94630000  31.08810000  3
4261  1  36.31570000  24.98350000  42.50230000  3
4262  1  1.84841000  42.86220000  4.32247000  3
4263  1  3.12798000  22.02020000  3.34970000  3
4264  1  44.20970000  13.66990000  35.17100000  3
4265  1  11.08990000  26.10780000  15.42860000  3
4266  1  11.31050000  15.72850000  20.87160000  3
4267  1  13.88920000  22.17440000  31.60980000  3
4268  1  20.79770000  43.06800000  33.32470000  3
4269  1  35.43880000  4.69455000  44.94650000  3
4270  1  23.71090000  5.39855000  10.15190000  3
4271  1  1.25384000  15.11320000  49.09290000  3
4272  1  10.38790000  50.77110000  17.19720000  3
4273  1  40.81480000  29.31100000  50.92370000  3
4274  1  47.67710000  26.17500000  38.32490000  3
4275  1  32.51010000  2.97215000  14.89470000  3
4276  1  27.17900000  47.88230000  47.98620000  3
4277  1  11.58610000  41.35270000  36.84970000  3
4278  1  13.36850000  14.84100000  3.63991000  3
4279  1  37.87970000  34.91340000  18.62660000  3
4280  1  17.72780000  22.05310000  19.97050000  3
4281  1  12.70490000  26.90650000  9.39692000  3
4282  1  31.80030000  25.76640000  12.91830000  3
4283  1  46.15910000  22.56920000  48.36960000  3
4284  1  32.23770000  9.10362000  4.83453000  3
4285  1  26.69120000  13.93540000  39.93620000  3
4286  1  41.90460000  28.59540000  0.46013300  3
4287  1  34.94530000  27.27920000  45.85320000  3
4288  1  2.35483000  2.34478000  33.21120000  3
4289  1  27.55830000  25.05390000  45.54970000  3
4290  1  33.63080000  43.54810000  20.25290000  3
4291  1  2.79568000  44.12510000  43.68010000  3
4292  1  11.85780000  37.56660000  26.15180000  3
4293  1  32.26460000  23.64590000  24.37770000  3
4294  1  9.42369000  0.02068180  27.40730000  2
4295  1  3.23226000  28.67050000  32.60030000  3
4296  1  31.60650000  37.45490000  10.01600000  3
4297  1  32.50930000  26.98650000  11.13710000  3
4298  1  1.66306000  22.21350000  39.89360000  3
4299  1  20.55540000  32.65890000  18.39030000  3
4300  1  5.02395000  13.62930000  5.80632000  3
4301  1  6.70581000  31.44310000  3.56747000  3
4302  1  28.46380000  0.61192100  37.67200000  3
4303  1  37.17060000  23.89150000  48.01180000  3
4304  1  36.73080000  31.27140000  40.52350000  3
4305  1  35.67730000  39.47130000  49.87340000  2
4306  1  33.15430000  24.13360000  37.41850000  3
4307  1  23.95590000  16.11150000  49.24220000  3
4308  1  25.08480000  24.95710000  23.01050000  2
4309  1  18.81230000  46.08940000  32.66530000  3
4310  1  30.35470000  29.03450000  36.91760000  3
4311  1  47.09390000  16.78640000  35.47720000  3
4312  1  13.23900000  11.32430000  40.89120000  3
4313  1  50.60040000  5.66343000  24.69620000  3
4314  1  29.82750000  13.68980000  37.83710000  3
4315  1  17.10390000  22.75480000  48.21270000  3
4316  1  35.15370000  12.98840000  14.07080000  3
4317  1  21.02350000  29.22600000  15.39080000  3
4318  1  43.42790000  3.63448000  37.79440000  3
4319  1  41.05060000  27.21990000  8.20331000  3
4320  1  18.86470000  0.71133600  3.35809000  3
4321  1  16.39320000  13.43800000  7.67935000  3
4322  1  5.17070000  23.62430000  11.35130000  3
4323  1  30.52720000  16.81500000  27.88990000  3
4324  1  32.02410000  3.02337000  29.78700000  3
4325  1  8.44017000  19.65280000  40.96020000  3
4326  1  36.76400000  8.04563000  47.82380000  3
4327  1  18.35100000  45.64270000  8.18503000  3
4328  1  37.71570000  23.53560000  3.99499000  3
4329  1  46.99000000  38.27430000  48.81800000  3
4330  1  19.94930000  13.77780000  39.67280000  3
4331  1  46.04420000  49.43740000  30.08090000  3
4332  1  37.83410000  3.39580000  18.70580000  3
4333  1  42.70930000  3.92369000  19.01000000  3
4334  1  33.75600000  0.86441100  14.58490000  3
4335  1  12.11510000  14.23510000  17.49540000  3
4336  1  25.46080000  11.93670000  29.34810000  3
4337  1  11.35070000  27.24590000  9.13356000  3
4338  1  14.25180000  26.27100000  39.20180000  3
4339  1  16.49900000  9.20979000  48.96040000  3
4340  1  44.30760000  10.95850000  13.40410000  3
4341  1  18.82220000  44.60230000  15.44670000  3
4342  1  27.70820000  30.73130000  27.79820000  3
4343  1  12.31620000  26.76780000  27.71890000  4
4344  1  39.39330000  31.52590000  38.89620000  3
4345  1  10.91960000  41.96640000  47.64180000  3
4346  1  7.93268000  17.87630000  6.92090000  3
4347  1  16.65390000  42.47270000  48.78680000  3
4348  1  25.00860000  25.60060000  30.39120000  3
4349  1  18.94690000  1.50970000  4.51512000  3
4350  1  15.55440000  29.91780000  9.07943000  3
4351  1  28.47780000  14.77620000  0.80861900  3
4352  1  40.07170000  46.91470000  34.04200000  3
4353  1  13.81780000  36.89090000  4.80579000  3
4354  1  11.43350000  19.84500000  19.94740000  3
4355  1  21.87560000  31.43850000  36.32220000  3
4356  1  5.58162000  29.62830000  9.51989000  2
4357  1  29.93990000  20.78040000  33.07400000  3
4358  1  38.18650000  10.55660000  21.53680000  3
4359  1  11.94820000  39.00950000  36.39520000  3
4360  1  21.65690000  14.65280000  8.28944000  3
4361  1  4.42760000  3.73386000  44.03920000  3
4362  1  10.32120000  31.06870000  20.61680000  3
4363  1  33.83050000  37.15410000  4.25593000  3
4364  1  43.78640000  23.46490000  39.84920000  3
4365  1  50.19180000  30.32030000  0.65169900  3
4366  1  30.46000000  40.25470000  28.55720000  3
4367  1  38.94820000  40.59720000  14.24700000  2
4368  1  13.24150000  9.58350000  32.53990000  3
4369  1  2.78778000  0.88094300  30.87010000  2
4370  1  36.41580000  19.75770000  1.22343000  3
4371  1  27.70020000  7.15463000  24.46500000  3
4372  1  14.00210000  49.11770000  11.87070000  3
4373  1  42.43690000  16.53380000  8.35716000  3
4374  1  31.32770000  21.00660000  14.13070000  3
4375  1  36.40420000  10.30300000  49.74500000  3
4376  1  40.62010000  2.17617000  50.26180000  3
4377  1  7.07550000  6.14558000  45.04070000  3
4378  1  1.59899000  38.79410000  39.83780000  3
4379  1  43.05740000  31.29240000  27.02460000  3
4380  1  24.86550000  0.22675800  38.88210000  3
4381  1  36.22830000  9.41051000  40.14820000  2
4382  1  6.70163000  10.39490000  36.97930000  3
4383  1  13.92080000  9.40304000  29.74760000  3
4384  1  31.63020000  40.03140000  21.68500000  3
4385  1  48.18550000  12.70850000  36.05750000  3
4386  1  41.75630000  38.84160000  22.16750000  3
4387  1  41.72350000  5.97214000  38.46760000  3
4388  1  22.14770000  33.81730000  0.72469700  3
4389  1  32.17840000  45.48510000  25.35730000  3
4390  1  17.91690000  23.54860000  39.61610000  3
4391  1  48.97310000  38.06790000  30.65770000  3
4392  1  13.66650000  10.06890000  27.26890000  3
4393  1  34.15000000  42.48900000  22.79630000  3
4394  1  17.93480000  1.20985000  37.19740000  3
4395  1  42.90100000  17.76030000  10.42260000  3
4396  1  41.22380000  31.39240000  12.55390000  3
4397  1  23.72730000  1.47769000  15.71770000  3
4398  1  28.31710000  19.48520000  28.11550000  2
4399  1  27.82370000  28.24130000  4.96970000  3
4400  1  48.07950000  33.07320000  6.04056000  2
4401  1  42.72380000  38.75110000  3.85155000  3
4402  1  11.04450000  15.06390000  44.69420000  3
4403  1  24.19240000  28.31590000  21.77230000  3
4404  1  27.98250000  40.03500000  34.53490000  3
4405  1  6.35860000  32.04800000  12.75210000  3
4406  1  28.19530000  14.16380000  44.68140000  3
4407  1  29.31910000  21.51820000  23.88030000  3
4408  1  46.96430000  43.24270000  24.29260000  3
4409  1  34.64900000  37.06560000  31.73370000  3
4410  1  39.64190000  12.16760000  36.14460000  3
4411  1  27.10900000  34.82450000  7.24962000  3
4412  1  18.90090000  47.49240000  34.67770000  3
4413  1  38.88920000  8.21254000  15.68180000  3
4414  1  15.37280000  18.16150000  25.32500000  3
4415  1  4.15245000  19.27290000  15.94990000  3
4416  1  18.25430000  14.18130000  37.98370000  3
4417  1  28.79360000  31.91830000  43.04080000  3
4418  1  39.80370000  26.58280000  39.50930000  3
4419  1  43.05220000  0.06008890  46.36410000  2
4420  1  0.72116600  31.51830000  38.69210000  2
4421  1  18.82480000  33.31220000  16.16750000  3
4422  1  13.40390000  26.24550000  2.64956000  3
4423  1  7.98399000  25.30170000  13.30650000  3
4424  1  39.49840000  44.49340000  34.73120000  3
4425  1  23.46410000  13.82800000  25.05560000  3
4426  1  14.26230000  14.65650000  13.64520000  3
4427  1  33.82750000  43.91430000  29.11080000  3
4428  1  34.37340000  33.45140000  16.12320000  3
4429  1  22.40310000  37.89710000  42.95840000  3
4430  1  25.21990000  1.46497000  10.03200000  3
4431  1  29.78440000  49.53650000  7.24040000  3
4432  1  21.23800000  28.58010000  24.99920000  3
4433  1  45.80200000  18.32480000  8.16977000  3
4434  1  2.88623000  16.27160000  28.19290000  3
4435  1  25.59610000  0.88646500  11.32370000  3
4436  1  9.23065000  2.48297000  24.50280000  3
4437  1  24.24010000  16.69150000  39.12400000  3
4438  1  11.25520000  14.79640000  19.72930000  3
4439  1  18.76620000  26.23100000  44.92230000  2
4440  1  27.42840000  25.84920000  30.51770000  3
4441  1  30.56860000  13.43010000  7.58398000  3
4442  1  31.67600000  44.73140000  40.10830000  3
4443  1  50.36930000  9.64143000  17.91720000  3
4444  1  40.28220000  42.10480000  4.71570000  3
4445  1  9.23728000  46.87590000  48.78670000  3
4446  1  15.58730000  1.89862000  37.30970000  3
4447  1  22.61850000  2.53809000  20.85760000  3
4448  1  13.56010000  8.76524000  4.24035000  3
4449  1  0.11534100  41.21950000  4.79942000  3
4450  1  31.37260000  12.76470000  43.23100000  3
4451  1  50.92960000  37.11680000  28.85340000  3
4452  1  43.42810000  33.56880000  10.91840000  3
4453  1  18.13260000  44.52140000  29.35000000  3
4454  1  25.51440000  2.70334000  34.68570000  3
4455  1  27.92980000  8.97195000  17.33760000  3
4456  1  21.87120000  17.36440000  48.85120000  2
4457  1  50.70430000  24.10620000  10.65820000  3
4458  1  9.44913000  47.43720000  24.85920000  3
4459  1  14.60520000  14.38990000  41.73480000  2
4460  1  37.26940000  45.09390000  5.31818000  3
4461  1  29.55750000  11.19420000  1.13611000  3
4462  1  0.70346000  1.96256000  38.92890000  3
4463  1  45.46510000  17.52640000  16.89460000  3
4464  1  45.04220000  15.08540000  28.13950000  3
4465  1  49.08080000  5.98427000  38.03450000  3
4466  1  17.02530000  30.68880000  21.05370000  3
4467  1  4.58529000  42.03910000  46.14840000  3
4468  1  21.61000000  49.10110000  20.86540000  3
4469  1  20.30290000  35.51370000  41.13590000  3
4470  1  4.50645000  16.62380000  20.12180000  3
4471  1  48.32940000  49.39870000  30.02750000  3
4472  1  0.01084280  34.93880000  50.49640000  3
4473  1  24.90440000  22.09410000  15.34850000  3
4474  1  8.12583000  21.90420000  40.12280000  3
4475  1  28.48870000  48.47920000  40.42330000  3
4476  1  25.21200000  25.50550000  3.00934000  3
4477  1  31.25290000  22.13080000  47.80600000  3
4478  1  24.07840000  40.13260000  30.61550000  3
4479  1  28.65460000  19.10960000  40.58670000  3
4480  1  36.73780000  20.41200000  37.17910000  3
4481  1  23.21210000  14.71350000  6.39290000  3
4482  1  22.38140000  7.36878000  17.66770000  3
4483  1  5.48602000  49.35540000  22.61860000  3
4484  1  31.09890000  50.29110000  26.54020000  3
4485  1  18.34130000  37.84680000  28.47770000  3
4486  1  18.78080000  15.78060000  20.44500000  3
4487  1  30.83990000  38.19120000  15.95460000  3
4488  1  21.54670000  31.60910000  21.90220000  3
4489  1  6.32837000  22.69490000  31.34240000  3
4490  1  3.83896000  45.63390000  41.94560000  3
4491  1  34.41960000  8.99492000  3.06707000  3
4492  1  40.68620000  6.64086000  39.06760000  3
4493  1  45.02210000  49.05460000  11.01110000  3
4494  1  21.42960000  10.25600000  33.30780000  3
4495  1  28.14030000  13.74840000  7.11650000  3
4496  1  22.29740000  34.47830000  27.63140000  3
4497  1  43.62220000  49.93700000  30.65030000  3
4498  1  43.55900000  34.84390000  49.43090000  3
4499  1  49.25630000  44.90420000  19.34320000  3
4500  1  36.02720000  47.94630000  42.31230000  3
4501  1  39.59070000  9.95789000  46.95120000  3
4502  1  36.40630000  47.37380000  39.59270000  3
4503  1  7.09315000  24.48530000  33.28730000  3
4504  1  37.09860000  41.40910000  7.53119000  3
4505  1  12.23340000  42.51220000  45.90010000  3
4506  1  40.80470000  16.37690000  10.22090000  3
4507  1  43.55110000  17.60690000  47.34970000  3
4508  1  36.98110000  24.01470000  18.26600000  3
4509  1  19.56420000  47.74610000  39.90740000  3
4510  1  6.78209000  15.10590000  11.92250000  3
4511  1  44.92490000  49.72360000  35.51540000  3
4512  1  34.09630000  40.87450000  6.40152000  3
4513  1  9.22527000  47.46620000  0.47366200  3
4514  1  9.41144000  3.40078000  43.93060000  3
4515  1  49.90180000  40.75650000  38.18240000  3
4516  1  24.71680000  11.85270000  25.60880000  3
4517  1  15.36100000  13.40670000  4.05200000  3
4518  1  17.92880000  4.69692000  15.46580000  3
4519  1  34.12000000  15.22240000  2.73749000  3
4520  1  18.85170000  0.57719900  36.49460000  3
4521  1  44.07880000  0.16670700  31.16350000  3
4522  1  15.71600000  50.65970000  35.06930000  3
4523  1  16.76840000  22.58800000  6.59812000  3
4524  1  36.65830000  18.72720000  44.13780000  3
4525  1  4.08752000  14.74830000  36.99560000  3
4526  1  41.63650000  5.35230000  37.24990000  3
4527  1  31.55130000  34.28580000  32.38750000  3
4528  1  2.12351000  17.43290000  49.72230000  3
4529  1  30.91230000  18.70210000  33.88200000  3
4530  1  35.02570000  50.31590000  43.13210000  3
4531  1  35.37640000  13.64800000  8.60069000  3
4532  1  12.78780000  15.42190000  2.50054000  3
4533  1  4.84099000  39.42130000  15.05080000  3
4534  1  28.18110000  8.56009000  26.84570000  3
4535  1  28.10000000  46.21140000  12.17970000  3
4536  1  30.96030000  18.99840000  26.68170000  3
4537  1  39.42620000  44.97440000  44.59090000  3
4538  1  39.13990000  35.69040000  23.33860000  3
4539  1  32.40570000  46.26720000  26.54220000  3
4540  1  28.90680000  29.20330000  5.35950000  3
4541  1  22.72280000  28.28950000  41.08130000  3
4542  1  0.17010700  43.80900000  31.92070000  4
4543  1  9.29175000  18.59850000  41.48640000  3
4544  1  49.61480000  17.05920000  21.66990000  3
4545  1  34.06590000  13.32260000  9.03916000  3
4546  1  9.97564000  21.28990000  14.62680000  3
4547  1  39.95130000  23.42400000  34.83150000  3
4548  1  12.52220000  51.00370000  40.85390000  3
4549  1  7.17317000  3.37954000  33.53830000  3
4550  1  0.15942200  1.23767000  33.35260000  2
4551  1  50.83740000  26.86240000  19.86610000  3
4552  1  28.01370000  25.99430000  26.51570000  3
4553  1  31.07980000  9.13659000  5.64930000  3
4554  1  33.65190000  47.39970000  4.98471000  3
4555  1  47.86150000  13.79250000  21.05470000  3
4556  1  47.05090000  42.16490000  49.66210000  3
4557  1  12.91380000  10.69710000  1.12885000  3
4558  1  38.23540000  35.76030000  9.59727000  3
4559  1  4.83205000  24.28220000  30.31210000  3
4560  1  26.30800000  34.64840000  26.74520000  3
4561  1  10.63830000  5.54921000  44.01770000  3
4562  1  47.43290000  20.56550000  46.80300000  3
4563  1  13.80770000  3.40016000  23.04810000  3
4564  1  2.96178000  12.47350000  5.64368000  3
4565  1  26.36680000  32.61870000  28.06610000  3
4566  1  4.24753000  46.51650000  32.60150000  3
4567  1  29.27300000  13.24360000  44.37220000  3
4568  1  16.90860000  40.00570000  38.16260000  3
4569  1  27.35000000  10.56780000  4.15179000  3
4570  1  22.31020000  5.22877000  8.12895000  3
4571  1  9.19182000  10.36360000  30.24580000  3
4572  1  42.35740000  42.94960000  30.25830000  3
4573  1  23.54490000  7.44706000  21.51290000  3
4574  1  41.53490000  21.70940000  4.50990000  3
4575  1  37.27390000  5.14058000  5.45564000  3
4576  1  17.55860000  46.50610000  21.81090000  3
4577  1  6.94542000  11.81570000  26.95280000  3
4578  1  47.65870000  30.24110000  35.39760000  3
4579  1  24.63770000  26.29770000  36.93500000  3
4580  1  17.91510000  30.59330000  8.98209000  3
4581  1  43.49560000  33.62500000  0.50752400  3
4582  1  23.97780000  32.69040000  35.39430000  3
4583  1  37.93320000  40.93460000  39.84300000  3
4584  1  49.47140000  49.03540000  15.10530000  3
4585  1  35.65110000  6.83026000  0.25059700  3
4586  1  44.54350000  31.15370000  23.55320000  3
4587  1  49.38180000  45.87740000  4.32699000  3
4588  1  46.63890000  8.15276000  19.09390000  3
4589  1  28.44310000  49.38780000  1.67045000  3
4590  1  40.28850000  31.32430000  49.62190000  3
4591  1  46.84950000  33.73410000  32.86010000  4
4592  1  30.35010000  15.88400000  47.05010000  2
4593  1  8.55770000  28.96220000  48.24630000  3
4594  1  15.26210000  36.04180000  3.08846000  3
4595  1  23.14140000  37.31410000  14.48780000  3
4596  1  39.28750000  8.45817000  44.64140000  3
4597  1  9.66661000  47.97120000  4.11979000  3
4598  1  38.60540000  0.45829400  9.45123000  3
4599  1  36.70730000  47.79100000  23.83330000  3
4600  1  42.57970000  12.49560000  20.61190000  3
4601  1  12.42460000  14.90210000  37.28440000  2
4602  1  1.92618000  24.82980000  33.83530000  3
4603  1  17.45900000  27.99010000  39.23410000  3
4604  1  22.44220000  5.22974000  6.76365000  3
4605  1  14.89640000  3.39807000  45.37030000  3
4606  1  24.12990000  39.94140000  15.43130000  3
4607  1  19.21110000  38.44350000  35.69840000  3
4608  1  42.86190000  19.82480000  19.59900000  2
4609  1  50.55410000  30.30450000  12.13630000  3
4610  1  43.25480000  41.23250000  34.80530000  3
4611  1  38.03570000  45.02510000  4.11929000  3
4612  1  20.62340000  49.93040000  21.47450000  3
4613  1  14.52640000  14.08550000  3.23257000  3
4614  1  11.67770000  17.07630000  20.67850000  3
4615  1  40.32790000  5.88975000  50.51480000  3
4616  1  38.61470000  1.52246000  5.36775000  3
4617  1  20.33100000  49.97650000  4.30766000  3
4618  1  48.80620000  24.77950000  33.00570000  3
4619  1  50.58970000  25.59420000  25.71530000  3
4620  1  5.60398000  48.80940000  16.59380000  3
4621  1  20.00110000  39.23810000  9.35969000  3
4622  1  23.30190000  31.74910000  36.22470000  3
4623  1  39.31770000  12.69990000  4.49429000  3
4624  1  39.33680000  16.39390000  19.49580000  3
4625  1  14.25650000  34.94600000  15.45860000  3
4626  1  50.70710000  7.97971000  16.15030000  3
4627  1  16.71690000  42.00390000  1.47285000  3
4628  1  36.87720000  27.69180000  17.77970000  3
4629  1  49.85990000  47.82070000  30.90680000  3
4630  1  26.14980000  10.66660000  41.87240000  3
4631  1  9.89091000  46.98580000  41.14010000  3
4632  1  6.75175000  29.43350000  8.92114000  3
4633  1  44.58920000  29.42780000  29.73390000  3
4634  1  14.70600000  8.10019000  3.81965000  3
4635  1  44.66640000  32.63480000  28.35850000  3
4636  1  11.68060000  35.46550000  27.44090000  3
4637  1  50.73840000  44.04380000  17.13940000  3
4638  1  50.50290000  45.20290000  31.76190000  3
4639  1  32.77460000  34.11690000  50.90160000  3
4640  1  0.81426900  24.81020000  25.21320000  4
4641  1  5.23795000  33.59450000  42.61630000  3
4642  1  33.10150000  41.17400000  26.11720000  3
4643  1  15.46980000  12.56760000  14.43400000  3
4644  1  46.00280000  38.05620000  12.30890000  3
4645  1  13.49790000  7.41824000  24.34330000  3
4646  1  45.54180000  41.79830000  29.11800000  3
4647  1  36.28420000  32.54560000  26.11280000  3
4648  1  5.05738000  44.42850000  3.11199000  3
4649  1  31.61630000  39.26020000  15.45860000  3
4650  1  17.51950000  7.24323000  16.63300000  3
4651  1  27.65080000  22.45510000  7.84652000  3
4652  1  24.37100000  14.36040000  7.20558000  3
4653  1  38.86560000  9.79501000  22.54870000  3
4654  1  22.08170000  9.54892000  0.94492600  3
4655  1  24.15840000  40.17660000  26.73340000  3
4656  1  3.61578000  11.06010000  44.88590000  3
4657  1  17.47010000  4.68389000  10.43940000  3
4658  1  49.50280000  2.21818000  50.32390000  3
4659  1  43.33520000  13.93980000  0.02567240  3
4660  1  10.20560000  24.06480000  23.08850000  3
4661  1  12.13010000  5.57423000  12.64820000  3
4662  1  35.53330000  45.36370000  20.90950000  4
4663  1  37.13560000  44.30610000  37.97310000  3
4664  1  42.18340000  24.99990000  50.51190000  3
4665  1  27.61470000  21.25090000  33.83010000  3
4666  1  47.66900000  16.55490000  40.87730000  3
4667  1  48.23160000  31.90030000  33.74270000  3
4668  1  8.00848000  25.33650000  23.19990000  4
4669  1  24.87940000  4.62767000  0.59073300  3
4670  1  17.28360000  44.70770000  15.13380000  3
4671  1  26.66650000  27.23100000  24.30640000  3
4672  1  14.52910000  39.83010000  23.89880000  3
4673  1  4.40328000  2.84796000  20.05420000  3
4674  1  7.30243000  37.18610000  7.64226000  3
4675  1  23.03670000  14.95230000  4.94566000  3
4676  1  23.61560000  11.18610000  50.25740000  3
4677  1  11.42200000  25.24540000  16.60090000  3
4678  1  36.07900000  36.37440000  40.72080000  3
4679  1  21.21190000  3.75655000  45.04720000  3
4680  1  39.32760000  28.31350000  9.56400000  3
4681  1  27.55750000  21.97990000  9.17387000  3
4682  1  31.48030000  16.70850000  0.12041900  3
4683  1  5.65986000  1.68660000  43.17260000  3
4684  1  37.78170000  0.55052900  26.71520000  3
4685  1  36.59720000  14.13540000  15.50930000  3
4686  1  21.09870000  39.03800000  29.07910000  3
4687  1  31.16070000  37.20830000  6.39011000  2
4688  1  47.67600000  3.40720000  44.10210000  3
4689  1  5.81939000  41.67810000  11.37340000  3
4690  1  28.48010000  30.95810000  29.09690000  3
4691  1  12.29610000  49.95940000  15.90000000  3
4692  1  50.92810000  15.11400000  24.57850000  3
4693  1  18.53600000  3.22901000  0.77308700  3
4694  1  10.60140000  4.12046000  43.82550000  3
4695  1  40.56360000  31.58410000  13.78060000  3
4696  1  48.58920000  6.09333000  39.33190000  3
4697  1  37.20090000  26.48890000  40.37100000  3
4698  1  30.17030000  2.31143000  40.47230000  3
4699  1  18.92850000  17.61350000  18.90290000  3
4700  1  34.12820000  11.17070000  18.10000000  3
4701  1  9.89233000  45.19680000  4.46232000  3
4702  1  11.77040000  38.01160000  5.86646000  3
4703  1  0.51566200  19.65720000  40.90660000  3
4704  1  47.93290000  27.15020000  15.02850000  3
4705  1  31.09400000  16.37230000  24.16810000  3
4706  1  28.11270000  22.63650000  19.86950000  3
4707  1  44.92180000  49.90970000  46.94640000  2
4708  1  24.49290000  47.52480000  2.76643000  3
4709  1  33.82940000  19.12930000  30.74790000  3
4710  1  2.55109000  33.45810000  9.90201000  3
4711  1  5.80619000  13.59520000  43.19220000  3
4712  1  45.51480000  41.50080000  25.29990000  3
4713  1  46.49110000  2.93057000  17.36120000  3
4714  1  42.43080000  46.06500000  34.15660000  3
4715  1  43.22300000  16.38890000  19.38490000  3
4716  1  48.94370000  44.31350000  23.05070000  3
4717  1  30.02850000  20.57900000  0.48187100  3
4718  1  19.19950000  43.62220000  13.06370000  3
4719  1  46.06980000  5.68417000  18.27740000  3
4720  1  50.67980000  23.30650000  34.12680000  3
4721  1  24.61490000  47.51680000  12.04560000  3
4722  1  46.93650000  33.46170000  14.48500000  3
4723  1  36.81230000  13.12320000  48.11630000  3
4724  1  14.92360000  27.65950000  9.70986000  3
4725  1  24.10280000  40.79060000  46.71350000  3
4726  1  30.78620000  39.96990000  38.80620000  3
4727  1  2.49991000  23.96570000  1.89225000  3
4728  1  1.41774000  2.01527000  23.27120000  3
4729  1  31.18360000  24.59090000  20.41140000  3
4730  1  32.21510000  7.32505000  31.92330000  3
4731  1  37.77380000  14.74790000  18.25360000  3
4732  1  7.26862000  17.19760000  25.45820000  3
4733  1  18.66090000  47.68250000  44.17700000  3
4734  1  25.18800000  3.28555000  16.88310000  3
4735  1  22.88130000  45.31040000  40.69100000  3
4736  1  35.89240000  46.64340000  4.15431000  3
4737  1  17.02250000  8.41928000  50.00770000  3
4738  1  10.82300000  20.39060000  6.65052000  3
4739  1  37.20020000  14.00040000  38.14560000  3
4740  1  32.08060000  22.41890000  38.46960000  3
4741  1  24.72510000  34.43360000  42.23610000  3
4742  1  35.32740000  22.76460000  16.95120000  3
4743  1  40.82190000  37.95290000  27.49680000  3
4744  1  28.36540000  47.25970000  21.48780000  3
4745  1  14.98830000  41.60940000  50.80310000  3
4746  1  17.84220000  43.62950000  12.79530000  3
4747  1  9.30626000  23.95200000  26.35140000  3
4748  1  30.99230000  7.10289000  29.81210000  3
4749  1  20.49810000  21.33870000  36.79730000  3
4750  1  39.75000000  46.87490000  25.91950000  4
4751  1  5.40512000  25.87000000  12.15170000  3
4752  1  49.65920000  43.32840000  35.77080000  3
4753  1  43.71560000  37.69840000  33.99760000  3
4754  1  47.19300000  39.66050000  6.53992000  3
4755  1  12.46440000  27.67930000  35.62100000  2
4756  1  11.57160000  25.22720000  35.58690000  2
4757  1  50.19520000  41.27030000  14.89250000  3
4758  1  39.87710000  24.96340000  50.25660000  3
4759  1  9.87363000  10.80050000  5.42983000  3
4760  1  18.90050000  47.76320000  46.76050000  3
4761  1  12.31290000  33.19510000  30.34920000  3
4762  1  11.61890000  11.34630000  1.41729000  3
4763  1  4.52254000  35.54990000  41.55040000  3
4764  1  17.93110000  42.50000000  1.95574000  3
4765  1  49.85140000  11.51830000  8.11511000  3
4766  1  21.04520000  43.69220000  14.61400000  3
4767  1  14.85860000  10.55290000  23.03740000  3
4768  1  36.79860000  22.99730000  3.08863000  3
4769  1  27.02020000  38.77230000  45.16610000  3
4770  1  8.21211000  5.47012000  44.72220000  3
4771  1  29.08770000  14.04290000  3.07473000  3
4772  1  32.88600000  40.97350000  13.09670000  3
4773  1  1.80518000  44.09200000  20.62740000  3
4774  1  20.31670000  12.21630000  14.79400000  3
4775  1  0.01229170  30.34090000  33.52630000  3
4776  1  40.61860000  50.92590000  16.90010000  3
4777  1  28.16330000  49.77870000  39.91770000  3
4778  1  2.33096000  49.77210000  4.48506000  3
4779  1  31.22960000  43.51600000  4.93395000  3
4780  1  44.09800000  9.02991000  43.70710000  3
4781  1  32.63590000  41.26580000  28.99670000  3
4782  1  23.74500000  40.52290000  28.06680000  2
4783  1  50.03160000  25.70650000  17.90060000  2
4784  1  5.19902000  27.63450000  49.05350000  2
4785  1  35.55620000  22.58360000  36.99550000  3
4786  1  6.17272000  47.18020000  14.43110000  3
4787  1  16.58680000  8.56733000  0.31409200  3
4788  1  13.46300000  34.13670000  0.76579000  3
4789  1  40.52790000  25.33790000  6.48771000  3
4790  1  27.73040000  13.78430000  3.39827000  3
4791  1  21.64390000  23.96780000  5.64099000  3
4792  1  24.28480000  0.76562100  37.70170000  3
4793  1  35.37950000  4.89042000  46.36170000  3
4794  1  34.79890000  38.08320000  32.78710000  3
4795  1  35.56470000  5.56299000  23.35940000  3
4796  1  46.12080000  35.24060000  32.66290000  4
4797  1  3.67502000  11.15390000  13.47860000  3
4798  1  29.24500000  36.03850000  17.15360000  3
4799  1  38.20530000  28.57750000  19.58020000  3
4800  1  1.52629000  14.69220000  8.40354000  3
4801  1  5.33045000  3.79231000  20.49010000  3
4802  1  23.59030000  3.77377000  33.60110000  3
4803  1  21.23490000  8.31550000  31.66510000  3
4804  1  17.99930000  15.93780000  44.95800000  3
4805  1  38.68680000  35.85910000  14.46690000  3
4806  1  24.99320000  49.94740000  29.52680000  2
4807  1  9.46818000  46.80580000  16.23800000  3
4808  1  39.23390000  40.51640000  40.14070000  3
4809  1  43.38960000  36.34400000  4.27253000  3
4810  1  45.55100000  49.86480000  0.39645500  3
4811  1  41.75260000  38.06190000  15.00090000  3
4812  1  31.53770000  26.16600000  6.61895000  3
4813  1  32.46980000  21.32840000  0.69201800  3
4814  1  17.18810000  32.60190000  7.13904000  3
4815  1  25.32870000  5.78518000  50.78710000  3
4816  1  14.73000000  21.52740000  40.48810000  3
4817  1  1.28421000  19.64390000  13.46090000  4
4818  1  38.47850000  7.37944000  40.79900000  3
4819  1  35.65290000  18.64770000  38.52290000  3
4820  1  47.16230000  26.32900000  24.46580000  3
4821  1  8.89101000  49.13060000  41.80770000  3
4822  1  21.97150000  18.61350000  49.37620000  3
4823  1  13.13480000  18.14760000  33.44990000  3
4824  1  25.86940000  6.58035000  22.80370000  3
4825  1  28.79390000  49.70090000  3.06889000  3
4826  1  31.13400000  31.35080000  10.15640000  3
4827  1  28.80140000  7.36782000  47.56530000  3
4828  1  10.59830000  33.52570000  7.74130000  3
4829  1  23.28530000  34.94560000  21.57990000  3
4830  1  0.15552900  7.54268000  0.76717700  3
4831  1  23.48520000  22.82270000  10.97140000  3
4832  1  22.01430000  1.38617000  43.34020000  3
4833  1  13.86310000  29.02400000  17.84850000  3
4834  1  39.89220000  4.23355000  28.96380000  3
4835  1  41.31650000  3.87470000  28.97520000  4
4836  1  6.12655000  49.11850000  21.42080000  3
4837  1  22.65250000  31.51100000  26.98490000  3
4838  1  45.00680000  19.68460000  34.76430000  3
4839  1  45.26350000  4.09792000  12.60350000  3
4840  1  35.84430000  38.05680000  35.03440000  3
4841  1  15.14320000  37.98430000  41.61540000  3
4842  1  3.60410000  28.16350000  44.05390000  3
4843  1  49.28970000  36.38190000  11.46520000  3
4844  1  35.14620000  46.05370000  6.33210000  3
4845  1  16.55260000  30.84740000  8.69161000  3
4846  1  23.86210000  17.18060000  30.70510000  3
4847  1  43.40920000  26.76910000  26.26920000  3
4848  1  12.47200000  6.47884000  26.28270000  3
4849  1  51.01970000  10.59810000  6.07049000  3
4850  1  24.01140000  32.20810000  12.15830000  3
4851  1  14.40080000  41.86200000  49.52390000  3
4852  1  17.38400000  21.18060000  24.11210000  3
4853  1  17.36800000  5.51288000  4.14690000  3
4854  1  16.29310000  47.46170000  43.32910000  3
4855  1  33.66740000  17.37360000  0.43769100  3
4856  1  14.36250000  25.36290000  10.17410000  3
4857  1  30.33970000  6.99443000  39.41140000  3
4858  1  22.76420000  20.09070000  32.26120000  2
4859  1  33.47720000  34.71490000  4.98746000  3
4860  1  10.27600000  4.62336000  14.39770000  3
4861  1  37.59630000  22.50290000  47.91150000  3
4862  1  47.07970000  45.39160000  4.51801000  3
4863  1  40.63150000  13.69630000  20.20350000  3
4864  1  22.85090000  16.33220000  39.32600000  3
4865  1  2.59305000  28.62240000  22.44120000  3
4866  1  15.04680000  35.90480000  12.92030000  3
4867  1  0.49619900  30.88890000  24.49660000  3
4868  1  7.71902000  15.48930000  27.14780000  3
4869  1  47.69180000  16.58070000  3.14515000  3
4870  1  23.16130000  36.19680000  25.50570000  3
4871  1  18.93750000  47.87300000  37.44370000  3
4872  1  15.53930000  45.15680000  25.49400000  3
4873  1  25.57660000  0.46420400  50.71060000  3
4874  1  13.89440000  46.93590000  46.16150000  3
4875  1  29.73970000  41.66660000  2.05081000  3
4876  1  50.38970000  41.15390000  48.89860000  3
4877  1  19.71450000  50.52310000  13.75340000  3
4878  1  47.03250000  43.86110000  35.62090000  3
4879  1  28.57540000  35.13250000  10.95030000  3
4880  1  10.20010000  15.74580000  36.77690000  2
4881  1  24.49660000  7.75577000  10.37670000  3
4882  1  8.61875000  6.84867000  9.85402000  3
4883  1  16.65420000  24.91680000  11.64670000  3
4884  1  14.49690000  39.94930000  4.34719000  3
4885  1  5.72159000  25.27170000  49.06700000  3
4886  1  13.37150000  46.10660000  41.26660000  3
4887  1  12.17940000  48.81040000  8.42199000  3
4888  1  37.69920000  6.52167000  35.31610000  3
4889  1  25.16690000  14.83820000  35.00270000  3
4890  1  17.41610000  20.28530000  21.68570000  3
4891  1  28.85620000  1.31074000  17.93850000  3
4892  1  31.11080000  44.03910000  15.38010000  3
4893  1  22.35010000  42.67250000  35.15220000  3
4894  1  11.85380000  27.12400000  20.55740000  3
4895  1  45.52280000  30.70380000  27.32800000  3
4896  1  14.17440000  14.53000000  40.51880000  2
4897  1  16.25850000  42.09950000  0.13179100  3
4898  1  12.38390000  27.17060000  2.96162000  3
4899  1  47.04400000  37.55930000  32.17900000  3
4900  1  10.29530000  38.77190000  28.22660000  3
4901  1  1.61293000  18.31270000  25.27580000  3
4902  1  33.24990000  12.17060000  50.36540000  3
4903  1  10.97300000  11.50810000  41.79080000  3
4904  1  47.78600000  44.17720000  4.59658000  3
4905  1  14.23120000  49.54510000  14.34760000  3
4906  1  34.72690000  2.55675000  15.99050000  3
4907  1  4.52804000  28.63260000  42.94620000  3
4908  1  19.18200000  29.46960000  10.85470000  3
4909  1  41.61230000  48.29710000  5.83938000  3
4910  1  35.55740000  25.00060000  44.84280000  3
4911  1  47.50990000  18.26880000  6.48181000  3
4912  1  50.46150000  46.63840000  4.41858000  3
4913  1  46.24610000  21.30360000  12.13070000  3
4914  1  42.31010000  23.72070000  5.71995000  3
4915  1  35.64810000  35.83660000  36.06900000  3
4916  1  8.52986000  32.54450000  21.19730000  3
4917  1  6.96527000  22.11310000  11.35030000  3
4918  1  41.35390000  10.33160000  27.25410000  3
4919  1  0.97342600  14.34660000  27.14160000  3
4920  1  11.65160000  47.16250000  48.55800000  3
4921  1  11.24750000  10.31110000  42.52440000  3
4922  1  36.85790000  26.42590000  18.38410000  3
4923  1  50.30150000  22.90600000  39.60820000  3
4924  1  3.30355000  5.64463000  22.99280000  3
4925  1  36.59410000  14.25800000  47.32450000  3
4926  1  10.11800000  37.71690000  30.76650000  3
4927  1  15.40830000  12.69110000  22.54830000  3
4928  1  20.15650000  33.75580000  16.18490000  3
4929  1  26.16180000  43.91850000  4.21572000  3
4930  1  19.53410000  43.27260000  3.68056000  3
4931  1  44.68600000  41.16550000  34.42830000  3
4932  1  23.20130000  33.54000000  5.95723000  3
4933  1  17.33360000  3.21481000  44.40960000  3
4934  1  32.92060000  27.11470000  9.83305000  3
4935  1  10.31430000  34.82630000  7.26545000  3
4936  1  46.07860000  32.98680000  16.74930000  3
4937  1  25.57140000  45.15940000  7.71796000  3
4938  1  32.50920000  40.90760000  35.63120000  2
4939  1  37.76890000  18.20880000  43.39990000  3
4940  1  3.91717000  28.31380000  22.34450000  3
4941  1  3.59623000  23.63810000  39.36950000  3
4942  1  28.61610000  23.33610000  7.40705000  3
4943  1  0.33938800  35.84230000  10.30730000  3
4944  1  34.66850000  20.03640000  26.17170000  3
4945  1  6.60864000  12.04460000  1.08904000  3
4946  1  5.15719000  21.55920000  9.93961000  3
4947  1  1.35418000  5.02739000  42.10970000  2
4948  1  3.75498000  7.44288000  36.38240000  3
4949  1  37.48890000  3.36643000  7.23285000  3
4950  1  18.85220000  42.79210000  0.96608700  3
4951  1  42.23560000  40.50960000  30.05940000  3
4952  1  30.94790000  24.84200000  4.78661000  3
4953  1  28.48130000  35.09050000  17.92290000  3
4954  1  25.69440000  31.66620000  30.72640000  4
4955  1  39.58050000  20.84470000  17.82620000  3
4956  1  29.45690000  33.95010000  33.36080000  3
4957  1  6.48026000  4.02734000  1.57521000  2
4958  1  6.64161000  3.91229000  20.02300000  3
4959  1  15.08330000  29.57280000  50.37950000  3
4960  1  13.76210000  42.84180000  12.14590000  3
4961  1  5.50860000  49.32910000  1.86739000  3
4962  1  39.55330000  27.79770000  21.98630000  3
4963  1  23.12840000  22.00090000  1.34686000  3
4964  1  20.04310000  8.87491000  31.32120000  2
4965  1  43.26240000  12.88590000  14.46810000  3
4966  1  0.71437500  46.38120000  3.87994000  3
4967  1  23.36210000  18.91840000  26.28410000  3
4968  1  5.24998000  21.57380000  48.66160000  3
4969  1  30.20670000  1.22272000  25.33050000  3
4970  1  3.82179000  39.42170000  24.71840000  3
4971  1  31.32390000  22.80280000  23.66160000  3
4972  1  8.86852000  13.48430000  48.05670000  3
4973  1  30.86160000  10.24510000  3.10624000  3
4974  1  1.08253000  41.16780000  10.49170000  3
4975  1  11.19710000  35.13680000  31.19050000  3
4976  1  0.95162500  26.41850000  27.57930000  3
4977  1  17.61590000  17.93450000  20.96670000  3
4978  1  23.19090000  19.08550000  49.96560000  3
4979  1  26.82890000  25.75630000  50.56770000  3
4980  1  40.13500000  11.23410000  2.86974000  3
4981  1  0.16919000  15.72530000  10.48300000  3
4982  1  10.43600000  43.72340000  31.44190000  3
4983  1  13.99220000  29.38590000  15.29190000  2
4984  1  26.71890000  17.68380000  37.85810000  3
4985  1  11.92100000  16.57420000  18.31530000  3
4986  1  26.08170000  8.86778000  23.84640000  3
4987  1  36.16110000  22.89590000  43.80450000  3
4988  1  12.52410000  46.26280000  35.17640000  3
4989  1  28.01990000  26.53830000  50.36540000  3
4990  1  25.85420000  0.99848100  8.82973000  3
4991  1  1.44336000  21.08420000  42.77730000  3
4992  1  46.17690000  46.69050000  47.73930000  3
4993  1  16.69460000  37.54120000  36.98980000  3
4994  1  9.42267000  0.42711800  7.73244000  3
4995  1  49.47530000  24.92410000  23.64530000  3
4996  1  7.56705000  2.97036000  19.38330000  3
4997  1  19.44070000  23.23180000  35.12740000  3
4998  1  35.22240000  48.89720000  47.84910000  3
4999  1  28.85330000  14.31240000  21.86090000  3
5000  1  5.71989000  4.20292000  44.39080000  3
5001  1  34.18720000  33.54740000  13.64620000  3
5002  1  39.32680000  20.01510000  25.88780000  3
5003  1  35.09200000  41.49520000  44.41650000  3
5004  1  26.57340000  23.44810000  16.47560000  3
5005  1  17.65370000  22.35120000  18.54310000  3
5006  1  47.18050000  28.27660000  37.04890000  3
5007  1  44.82600000  11.45930000  27.60950000  3
5008  1  25.88770000  40.73630000  22.12560000  3
5009  1  43.09880000  13.56960000  28.13950000  3
5010  1  5.70991000  47.19650000  49.09530000  3
5011  1  35.20420000  35.30570000  41.19140000  3
5012  1  30.85320000  7.10026000  44.26880000  3
5013  1  36.75610000  19.88440000  22.53460000  3
5014  1  9.67355000  37.28220000  16.59400000  3
5015  1  19.73140000  45.17490000  34.85680000  3
5016  1  44.54210000  40.36420000  25.20650000  3
5017  1  10.50290000  47.52880000  5.20729000  3
5018  1  3.15121000  34.07940000  13.72180000  3
5019  1  30.76860000  2.93413000  19.37010000  3
5020  1  34.93900000  5.21664000  16.88250000  3
5021  1  16.00860000  34.75960000  36.11180000  3
5022  1  39.20970000  44.27610000  43.38580000  3
5023  1  26.53260000  28.20680000  42.93660000  3
5024  1  47.65200000  39.70600000  11.75840000  3
5025  1  34.19960000  42.24720000  24.14680000  3
5026  1  26.41190000  11.72450000  15.12820000  3
5027  1  24.13500000  47.22400000  50.01360000  3
5028  1  45.86550000  27.79690000  7.27746000  3
5029  1  43.61110000  31.69030000  20.97740000  3
5030  1  44.06990000  36.61530000  11.93170000  3
5031  1  40.93840000  4.07341000  48.58670000  2
5032  1  42.36160000  10.03560000  21.25800000  3
5033  1  30.35900000  37.90100000  45.12620000  3
5034  1  8.60500000  47.98360000  34.50700000  3
5035  1  6.07823000  2.73072000  32.88350000  3
5036  1  41.10650000  5.51431000  20.05080000  3
5037  1  49.22400000  28.66190000  20.75770000  3
5038  1  0.98063700  29.47980000  5.81254000  3
5039  1  13.73960000  17.12360000  43.01990000  3
5040  1  22.05880000  23.99330000  29.53780000  3
5041  1  10.29900000  50.95700000  28.40510000  3
5042  1  6.48109000  6.88752000  35.79640000  3
5043  1  23.76470000  36.65920000  18.14120000  3
5044  1  36.69360000  45.06370000  20.11220000  2
5045  1  10.41930000  8.35234000  43.66320000  3
5046  1  2.76373000  11.14720000  50.61630000  3
5047  1  40.45160000  48.62660000  7.96891000  3
5048  1  12.79390000  30.52920000  19.31160000  3
5049  1  24.12560000  46.51100000  30.71530000  2
5050  1  30.07750000  3.55213000  14.18210000  3
5051  1  23.72610000  34.09440000  3.61116000  3
5052  1  44.07300000  2.34768000  17.76060000  3
5053  1  17.08660000  13.49140000  12.54690000  3
5054  1  45.54220000  23.20340000  33.82050000  3
5055  1  16.65120000  20.12810000  24.70860000  3
5056  1  1.82006000  29.07010000  30.08710000  3
5057  1  1.41324000  31.60850000  28.39790000  2
5058  1  13.75460000  15.45460000  44.91610000  3
5059  1  49.38100000  12.16910000  21.91600000  3
5060  1  49.02690000  0.59989200  2.53187000  3
5061  1  39.19400000  13.41730000  47.82450000  3
5062  1  37.59650000  39.96540000  30.03430000  3
5063  1  25.83140000  15.88490000  44.96880000  3
5064  1  23.61180000  10.45150000  34.24890000  3
5065  1  45.27650000  27.11310000  38.17680000  3
5066  1  9.48951000  1.12810000  8.93637000  3
5067  1  12.12790000  39.69460000  11.80540000  3
5068  1  28.10370000  28.26240000  36.97030000  3
5069  1  40.45500000  29.57700000  32.83380000  3
5070  1  24.96880000  7.58806000  17.65490000  3
5071  1  43.62490000  25.16300000  20.25300000  3
5072  1  23.25330000  2.03845000  35.40090000  3
5073  1  46.55500000  44.30820000  38.96540000  1
5074  1  36.59370000  39.02660000  30.57340000  3
5075  1  8.45906000  25.62680000  39.73590000  3
5076  1  19.45510000  42.90940000  36.28900000  3
5077  1  21.25470000  24.80920000  36.07040000  3
5078  1  14.17930000  30.23770000  8.85836000  3
5079  1  23.92820000  25.12580000  5.11695000  3
5080  1  43.25960000  39.19510000  39.83220000  3
5081  1  30.00750000  4.71078000  40.04380000  3
5082  1  6.11407000  16.92040000  13.56450000  3
5083  1  13.12300000  23.65880000  39.65440000  3
5084  1  48.58120000  3.67176000  26.13470000  3
5085  1  36.34850000  47.50850000  46.11160000  3
5086  1  31.10500000  38.03970000  41.78590000  3
5087  1  27.62140000  49.39780000  15.85990000  3
5088  1  20.29920000  12.67640000  49.97470000  3
5089  1  18.65050000  48.85000000  24.55890000  3
5090  1  2.98666000  5.30326000  35.44930000  3
5091  1  37.82480000  19.53210000  36.76860000  3
5092  1  48.15480000  49.69850000  9.17536000  3
5093  1  40.37520000  49.43000000  10.24880000  3
5094  1  20.17370000  35.71260000  12.94860000  3
5095  1  9.98489000  28.44730000  39.91190000  3
5096  1  15.00170000  12.56690000  31.61780000  3
5097  1  12.77310000  2.41126000  23.26380000  3
5098  1  25.05080000  32.89210000  49.54920000  3
5099  1  21.71010000  6.56530000  30.07610000  3
5100  1  22.11320000  42.50350000  49.41030000  3
5101  1  35.50850000  48.63120000  46.46990000  3
5102  1  35.61890000  19.25620000  28.56940000  3
5103  1  25.78000000  49.72820000  45.12010000  3
5104  1  23.37710000  45.29060000  17.88870000  3
5105  1  42.17000000  30.03980000  31.10460000  3
5106  1  18.40590000  20.57460000  30.50840000  3
5107  1  34.77420000  12.63700000  15.41560000  3
5108  1  21.21700000  2.63213000  20.87390000  3
5109  1  26.59130000  31.97590000  21.33980000  3
5110  1  25.52470000  49.73200000  47.50220000  3
5111  1  8.98696000  35.94960000  19.65930000  3
5112  1  38.01460000  0.90077100  31.68950000  3
5113  1  46.35340000  30.78900000  35.44110000  3
5114  1  25.38590000  40.34800000  19.33730000  3
5115  1  45.39710000  1.67798000  12.10390000  3
5116  1  18.05320000  48.60030000  36.58020000  3
5117  1  37.66200000  6.51784000  36.75140000  3
5118  1  14.88270000  18.70280000  10.40910000  3
5119  1  43.88730000  7.27966000  13.82650000  3
5120  1  4.73146000  8.43037000  36.58290000  3
5121  1  48.84880000  6.52599000  7.90687000  3
5122  1  21.91650000  14.99220000  6.90789000  3
5123  1  18.63050000  17.30150000  36.01250000  3
5124  1  36.82840000  40.03170000  39.77630000  3
5125  1  28.99870000  7.42876000  26.57970000  3
5126  1  12.11620000  25.17630000  18.91670000  3
5127  1  47.91820000  40.36530000  44.09430000  3
5128  1  15.33950000  13.73930000  5.43547000  3
5129  1  34.13160000  2.06042000  1.06062000  3
5130  1  30.19240000  24.95000000  8.28149000  3
5131  1  37.18530000  0.06958270  25.47800000  3
5132  1  15.37640000  22.67320000  39.95560000  3
5133  1  0.44751100  27.87510000  48.41390000  3
5134  1  0.18196300  23.85550000  45.84510000  3
5135  1  42.56650000  40.00050000  21.86840000  3
5136  1  47.63190000  14.42430000  11.70540000  3
5137  1  36.29540000  39.42820000  34.89050000  3
5138  1  43.56720000  37.79420000  39.78020000  3
5139  1  39.51840000  40.88750000  13.16550000  2
5140  1  24.57320000  45.83200000  47.56590000  2
5141  1  34.65620000  29.80600000  21.43740000  3
5142  1  41.49650000  20.65370000  16.24480000  3
5143  1  14.98510000  21.68350000  32.39310000  3
5144  1  23.09410000  47.16360000  49.02430000  3
5145  1  14.53780000  48.71920000  36.05580000  3
5146  1  26.08270000  20.05770000  38.50520000  3
5147  1  12.28250000  23.31360000  10.23850000  3
5148  1  30.94630000  39.72660000  1.04316000  3
5149  1  12.61060000  40.97190000  6.27969000  3
5150  1  15.35570000  33.94510000  6.11017000  3
5151  1  50.84290000  16.53110000  50.52020000  3
5152  1  10.90420000  29.73870000  20.67920000  3
5153  1  3.30552000  26.75290000  43.78430000  3
5154  1  15.69730000  49.53020000  35.90950000  3
5155  1  35.91040000  35.41090000  8.52714000  3
5156  1  5.71748000  28.25200000  12.41200000  3
5157  1  44.07740000  28.59510000  30.83870000  3
5158  1  30.96460000  42.81180000  3.67480000  3
5159  1  1.26694000  15.63640000  26.50990000  3
5160  1  47.83770000  13.60680000  44.61110000  3
5161  1  31.84350000  29.06530000  36.80980000  3
5162  1  39.98630000  23.52660000  4.97793000  3
5163  1  47.77930000  19.67310000  8.48527000  3
5164  1  27.34550000  10.89000000  15.85080000  3
5165  1  25.38460000  33.18500000  42.30610000  3
5166  1  38.37260000  12.74120000  20.32760000  3
5167  1  1.23139000  39.62690000  14.16670000  3
5168  1  25.63100000  5.98167000  11.51880000  3
5169  1  42.15430000  3.48891000  33.11840000  3
5170  1  15.33310000  16.12060000  23.92420000  3
5171  1  36.78350000  20.81400000  42.74180000  3
5172  1  19.19390000  27.63990000  15.04510000  3
5173  1  36.95960000  0.69483800  16.37690000  3
5174  1  43.30300000  3.87924000  27.92020000  3
5175  1  18.99840000  50.81820000  30.91560000  3
5176  1  14.51810000  5.67588000  22.87450000  3
5177  1  1.91361000  25.33590000  10.77180000  3
5178  1  21.44360000  47.79100000  50.78140000  3
5179  1  38.91980000  0.29660300  10.83870000  3
5180  1  1.00354000  4.30690000  36.29200000  3
5181  1  43.59720000  40.46040000  29.61340000  3
5182  1  8.59531000  18.76390000  32.77760000  3
5183  1  41.94160000  24.86330000  6.45894000  3
5184  1  40.87820000  43.98610000  34.54140000  3
5185  1  18.10950000  46.14500000  20.53130000  3
5186  1  21.22440000  15.74550000  3.37746000  3
5187  1  11.74410000  23.83220000  19.07310000  3
5188  1  1.58213000  19.62930000  24.83890000  3
5189  1  5.26893000  31.79460000  22.86040000  3
5190  1  41.87630000  36.24430000  45.78550000  3
5191  1  17.36340000  12.33440000  21.11120000  3
5192  1  50.46050000  34.07720000  0.47407700  3
5193  1  13.63490000  11.40410000  27.86280000  3
5194  1  31.92360000  22.32390000  14.24270000  3
5195  1  30.02500000  40.21560000  36.42940000  3
5196  1  17.61870000  38.21650000  41.68160000  3
5197  1  46.31430000  39.41950000  12.09060000  3
5198  1  31.14910000  48.63010000  37.97760000  2
5199  1  43.48420000  35.64580000  3.06867000  3
5200  1  39.20780000  27.06360000  24.31450000  3
5201  1  45.97240000  22.99140000  5.41911000  3
5202  1  48.02330000  38.34730000  46.65490000  3
5203  1  42.49370000  38.50160000  25.70720000  3
5204  1  9.87374000  26.40360000  26.93020000  3
5205  1  19.31310000  48.05490000  41.31800000  3
5206  1  8.86706000  28.83980000  21.77490000  3
5207  1  34.78010000  7.14270000  8.40205000  3
5208  1  22.26620000  8.78633000  17.59470000  3
5209  1  4.10072000  26.12780000  11.63900000  3
5210  1  40.43250000  10.15930000  0.73280200  3
5211  1  26.92460000  12.79340000  40.75930000  3
5212  1  32.72780000  24.48010000  26.66120000  3
5213  1  41.33960000  24.26650000  19.68290000  3
5214  1  23.90870000  27.40770000  46.02770000  2
5215  1  48.06360000  5.80269000  44.70180000  3
5216  1  7.08713000  0.03326280  4.88195000  3
5217  1  31.86470000  16.46320000  34.43790000  3
5218  1  37.37590000  4.18355000  26.31830000  3
5219  1  37.44080000  28.43190000  11.24170000  3
5220  1  13.27280000  12.07390000  16.24640000  3
5221  1  11.65650000  36.79730000  34.56850000  3
5222  1  2.13719000  41.99710000  46.63680000  3
5223  1  14.71610000  28.91230000  39.32310000  3
5224  1  39.90300000  40.12380000  49.45470000  3
5225  1  45.24490000  42.67100000  17.22270000  3
5226  1  16.37900000  48.82620000  38.28850000  3
5227  1  7.99715000  18.11940000  26.21990000  3
5228  1  5.25950000  18.97630000  20.50620000  3
5229  1  1.60438000  29.07290000  34.89390000  3
5230  1  10.49470000  36.29810000  17.35060000  3
5231  1  8.01560000  41.92450000  5.05935000  3
5232  1  12.58350000  50.12590000  18.41570000  3
5233  1  30.54740000  12.52120000  37.47830000  3
5234  1  39.99300000  36.50560000  14.28240000  3
5235  1  19.66260000  16.09440000  5.92924000  3
5236  1  43.95300000  37.49960000  45.37030000  3
5237  1  24.59320000  45.69250000  8.65779000  3
5238  1  24.62360000  11.24850000  34.86180000  2
5239  1  41.85650000  29.60120000  4.67000000  2
5240  1  24.50180000  0.09901980  43.72260000  3
5241  1  48.00480000  31.88150000  16.09380000  3
5242  1  15.46790000  20.35140000  40.99310000  3
5243  1  36.88670000  31.53840000  4.68873000  2
5244  1  10.22720000  9.67050000  43.28380000  3
5245  1  39.88170000  6.74407000  0.53887600  3
5246  1  26.06130000  33.44580000  11.32140000  3
5247  1  18.00650000  11.26700000  6.56973000  3
5248  1  26.91030000  34.33680000  25.38360000  3
5249  1  42.68270000  14.69770000  15.93070000  3
5250  1  31.71420000  49.74180000  27.69580000  3
5251  1  37.99200000  46.03000000  49.23030000  3
5252  1  15.33890000  10.06390000  49.18790000  3
5253  1  31.67420000  47.46690000  37.46220000  3
5254  1  7.74990000  34.90250000  46.36800000  2
5255  1  13.05550000  34.53910000  24.03650000  3
5256  1  27.83110000  41.11180000  40.83780000  3
5257  1  18.29760000  48.15520000  48.01270000  3
5258  1  10.83160000  5.26885000  12.08810000  3
5259  1  47.66880000  44.88370000  13.09990000  3
5260  1  5.14102000  35.54500000  23.16980000  3
5261  1  31.36180000  31.27960000  12.53980000  3
5262  1  6.47717000  3.20063000  8.81684000  3
5263  1  30.36400000  5.55614000  27.50880000  3
5264  1  21.48890000  15.47050000  45.92430000  3
5265  1  33.15530000  12.99760000  34.24430000  3
5266  1  8.96181000  50.14210000  33.49760000  3
5267  1  24.10840000  34.04820000  4.96195000  3
5268  1  27.92310000  39.58820000  29.55410000  3
5269  1  42.63370000  36.75310000  11.60190000  3
5270  1  15.50250000  10.94840000  46.92000000  3
5271  1  40.98110000  10.39560000  21.78320000  3
5272  1  11.10310000  9.68873000  36.74900000  3
5273  1  12.62250000  44.81890000  37.21180000  3
5274  1  42.92310000  35.58290000  40.48810000  3
5275  1  18.84770000  27.96820000  39.48560000  3
5276  1  2.68448000  0.56853500  21.65390000  3
5277  1  17.38030000  48.59520000  39.25390000  3
5278  1  8.96622000  41.02930000  5.58589000  3
5279  1  0.21670700  21.91920000  17.14630000  3
5280  1  48.82720000  27.94410000  50.98820000  3
5281  1  25.27400000  39.60860000  21.70180000  3
5282  1  11.69460000  7.70620000  7.83606000  3
5283  1  8.09190000  47.77240000  27.43610000  3
5284  1  12.37090000  3.66466000  35.87340000  3
5285  1  33.84070000  35.48580000  41.63330000  3
5286  1  13.99220000  37.23510000  41.31270000  3
5287  1  11.23190000  46.80750000  21.04980000  3
5288  1  37.01490000  46.49450000  48.35170000  3
5289  1  14.74370000  33.66720000  17.54440000  3
5290  1  3.22582000  41.77830000  36.86960000  3
5291  1  20.89600000  32.64410000  6.58018000  3
5292  1  13.98240000  26.02400000  24.44920000  3
5293  1  12.73200000  43.55970000  12.84080000  3
5294  1  26.87930000  3.99719000  22.53560000  3
5295  1  47.84340000  42.85570000  29.10600000  3
5296  1  36.05750000  27.19890000  7.95911000  3
5297  1  14.62780000  1.20099000  40.78800000  3
5298  1  4.48065000  18.48750000  36.30710000  3
5299  1  32.63210000  7.72082000  14.26060000  3
5300  1  1.73388000  34.80840000  45.63310000  3
5301  1  45.56950000  10.32140000  27.33750000  3
5302  1  18.29280000  47.33250000  22.67500000  3
5303  1  11.38680000  50.10990000  37.49600000  3
5304  1  49.01850000  28.82630000  13.42220000  3
5305  1  11.53810000  23.48650000  20.41240000  3
5306  1  6.39121000  49.39910000  41.63600000  3
5307  1  19.63550000  23.15420000  6.91186000  3
5308  1  30.30860000  18.61380000  46.83720000  3
5309  1  12.85390000  21.23080000  31.18400000  3
5310  1  15.96680000  15.56460000  31.93390000  3
5311  1  39.57070000  49.16100000  15.48500000  3
5312  1  6.80256000  42.94400000  44.65330000  3
5313  1  0.14671000  17.67220000  23.44980000  3
5314  1  44.07990000  14.82960000  2.04270000  3
5315  1  15.52450000  33.95260000  40.24970000  3
5316  1  10.90450000  50.82660000  20.40390000  3
5317  1  41.79900000  12.99110000  35.19330000  3
5318  1  11.63140000  3.95397000  24.60630000  3
5319  1  17.19680000  34.64920000  3.95750000  3
5320  1  10.50590000  43.27530000  40.10040000  3
5321  1  1.37320000  8.37472000  14.29580000  3
5322  1  20.45800000  31.59110000  8.78803000  3
5323  1  23.71650000  6.76879000  17.62420000  3
5324  1  30.71060000  22.50240000  1.90266000  3
5325  1  4.09852000  20.64520000  7.18225000  3
5326  1  12.20800000  44.13980000  26.85380000  3
5327  1  23.33620000  14.97050000  2.51955000  3
5328  1  21.47420000  20.67160000  50.42440000  3
5329  1  43.06470000  43.27170000  9.57146000  3
5330  1  37.06590000  43.82190000  26.68230000  3
5331  1  28.12630000  35.92960000  23.70800000  3
5332  1  31.10410000  23.43200000  38.02080000  3
5333  1  43.51360000  29.20980000  37.62580000  3
5334  1  6.59705000  30.31150000  49.56440000  3
5335  1  27.62960000  50.52160000  10.03170000  3
5336  1  39.04050000  19.15730000  27.03800000  3
5337  1  8.94114000  6.48320000  18.85380000  3
5338  1  11.67210000  45.14300000  42.64450000  3
5339  1  33.62590000  35.35010000  46.06030000  3
5340  1  19.50650000  40.95750000  28.89050000  3
5341  1  34.75010000  28.23890000  43.19500000  3
5342  1  12.45480000  41.88900000  43.42660000  3
5343  1  22.73930000  30.78090000  41.07380000  3
5344  1  5.60427000  17.85100000  30.42660000  3
5345  1  18.06030000  8.06108000  47.37110000  3
5346  1  22.06360000  0.56825400  38.59460000  3
5347  1  0.50089300  44.30080000  18.24840000  3
5348  1  25.30810000  32.10710000  48.36910000  3
5349  1  44.36110000  1.32631000  36.64900000  3
5350  1  33.52990000  21.37470000  15.90730000  3
5351  1  0.47216600  40.63370000  27.60870000  3
5352  1  47.84730000  40.39700000  15.00170000  3
5353  1  47.41910000  33.35450000  2.81770000  3
5354  1  31.74230000  32.64670000  37.22850000  3
5355  1  13.81520000  1.01667000  31.98210000  3
5356  1  36.11470000  5.57959000  43.92960000  3
5357  1  32.38920000  47.81610000  31.41470000  3
5358  1  22.50240000  30.21970000  26.48360000  3
5359  1  49.75720000  6.16930000  46.46710000  3
5360  1  6.62737000  39.54160000  19.80250000  3
5361  1  13.65750000  10.56210000  35.81230000  3
5362  1  6.91756000  48.16440000  16.50610000  3
5363  1  8.49376000  1.47408000  33.01550000  3
5364  1  10.73500000  14.15300000  24.67460000  3
5365  1  9.01112000  47.43940000  17.47720000  3
5366  1  27.54730000  5.34487000  46.99090000  3
5367  1  7.78553000  31.97800000  2.76076000  3
5368  1  36.90680000  50.15320000  34.73290000  3
5369  1  29.06960000  5.17329000  43.39370000  3
5370  1  21.85090000  31.31480000  47.35780000  3
5371  1  5.41903000  35.65840000  2.36035000  3
5372  1  6.32702000  1.75188000  31.83830000  3
5373  1  26.90420000  25.77940000  12.87760000  3
5374  1  5.59245000  11.48700000  1.86267000  3
5375  1  4.35125000  10.65840000  12.36000000  3
5376  1  17.11280000  18.39400000  42.33260000  3
5377  1  2.29247000  48.56490000  49.06110000  3
5378  1  41.84970000  15.94320000  19.42200000  4
5379  1  36.51610000  42.09120000  37.57990000  3
5380  1  24.44340000  12.20020000  49.65830000  3
5381  1  3.31018000  48.99080000  28.73560000  3
5382  1  4.28247000  50.10780000  22.68500000  3
5383  1  2.82439000  39.17350000  49.81950000  3
5384  1  50.31430000  37.54740000  46.48430000  3
5385  1  32.65340000  4.38086000  20.50310000  3
5386  1  3.26503000  25.80130000  29.37660000  3
5387  1  29.05930000  40.69320000  50.81970000  3
5388  1  35.76310000  40.16330000  44.35070000  3
5389  1  5.72805000  9.59090000  44.88380000  3
5390  1  7.70329000  21.38860000  24.17240000  3
5391  1  18.43040000  41.08890000  44.03450000  3
5392  1  22.02980000  7.14442000  31.31870000  3
5393  1  0.27671700  19.60680000  5.06377000  3
5394  1  15.72140000  42.56570000  39.59300000  2
5395  1  30.99100000  47.35070000  24.27030000  3
5396  1  22.42100000  2.90574000  45.29550000  3
5397  1  25.95650000  50.29670000  41.31190000  3
5398  1  6.37251000  12.43600000  50.75990000  3
5399  1  15.50610000  11.65210000  40.20340000  3
5400  1  8.09702000  38.00370000  18.50690000  3
5401  1  9.68989000  3.07797000  12.70080000  3
5402  1  40.95600000  50.66550000  12.09420000  3
5403  1  32.20110000  50.70140000  31.31910000  3
5404  1  22.40920000  46.25740000  41.62780000  3
5405  1  33.55390000  40.87910000  5.13756000  3
5406  1  2.97628000  22.63850000  27.47860000  3
5407  1  0.98163800  43.87080000  33.23840000  3
5408  1  40.93410000  49.13630000  32.61450000  3
5409  1  10.12970000  22.29590000  28.16500000  3
5410  1  48.99340000  44.48610000  12.69820000  3
5411  1  30.32390000  36.32840000  8.41226000  3
5412  1  8.69423000  16.74020000  6.40237000  3
5413  1  2.91810000  32.67950000  45.60030000  3
5414  1  16.90310000  36.61840000  11.40570000  3
5415  1  3.63515000  44.13720000  3.34512000  3
5416  1  22.81270000  20.35350000  50.61350000  3
5417  1  32.85970000  43.96740000  38.14600000  3
5418  1  27.06680000  11.86790000  2.19522000  3
5419  1  17.69020000  17.79080000  49.89760000  2
5420  1  34.00140000  19.50620000  25.01690000  3
5421  1  0.21831600  38.75410000  4.27044000  3
5422  1  14.80290000  9.40649000  1.83076000  3
5423  1  11.80940000  6.32887000  43.76780000  3
5424  1  10.76010000  37.90190000  34.49830000  3
5425  1  40.71820000  16.85300000  19.77470000  3
5426  1  6.51633000  36.39230000  8.57291000  3
5427  1  17.35830000  15.17820000  45.96030000  3
5428  1  47.66650000  24.78190000  13.87240000  3
5429  1  45.21080000  3.33094000  17.81790000  3
5430  1  29.91470000  28.54990000  45.52470000  3
5431  1  10.31970000  41.51670000  5.52567000  3
5432  1  3.19764000  22.93580000  10.04080000  3
5433  1  12.04930000  46.21510000  24.70230000  3
5434  1  19.75970000  43.90750000  32.75840000  3
5435  1  24.44220000  20.61680000  17.66180000  3
5436  1  11.01830000  35.58960000  29.83090000  3
5437  1  29.48110000  38.21120000  24.20740000  3
5438  1  19.10090000  42.25160000  29.46230000  3
5439  1  42.44400000  25.58980000  33.36730000  3
5440  1  31.33080000  30.39090000  0.51879000  3
5441  1  16.17580000  26.04550000  33.74050000  3
5442  1  27.35470000  38.49280000  27.43960000  3
5443  1  43.04290000  38.69260000  28.07960000  3
5444  1  39.27920000  9.74028000  36.62000000  3
5445  1  16.47420000  37.44320000  41.35960000  3
5446  1  29.88790000  18.47080000  34.91530000  3
5447  1  24.78980000  2.72888000  5.29714000  3
5448  1  13.80770000  26.85610000  31.09620000  3
5449  1  22.74350000  14.24870000  9.06740000  3
5450  1  3.07696000  18.90090000  27.15250000  3
5451  1  31.84450000  40.51020000  16.11590000  3
5452  1  26.26070000  24.87170000  23.51500000  2
5453  1  13.76820000  3.30249000  35.88190000  3
5454  1  2.02613000  43.94570000  22.04500000  3
5455  1  36.92090000  6.55787000  38.95300000  3
5456  1  34.01790000  26.92600000  23.89620000  3
5457  1  44.98010000  10.95580000  35.32150000  3
5458  1  18.99050000  15.27770000  37.46660000  3
5459  1  41.18790000  36.24140000  2.04213000  3
5460  1  23.28330000  27.00170000  41.49120000  3
5461  1  20.60530000  1.59686000  34.63970000  3
5462  1  25.41970000  34.51830000  5.41137000  3
5463  1  0.28447700  39.24650000  50.23350000  3
5464  1  44.92400000  40.02860000  27.66180000  3
5465  1  27.47490000  36.76050000  43.50640000  3
5466  1  34.44030000  11.49380000  50.70070000  3
5467  1  25.10550000  21.03630000  38.07860000  3
5468  1  12.39440000  45.76770000  43.77320000  3
5469  1  14.84360000  10.96890000  48.18110000  3
5470  1  40.91200000  20.90690000  24.32500000  2
5471  1  28.33250000  10.78470000  41.07980000  3
5472  1  43.42300000  25.74980000  39.01160000  3
5473  1  34.40800000  0.57225300  50.18370000  3
5474  1  4.88043000  47.74160000  14.58700000  3
5475  1  6.93025000  2.19060000  43.51130000  3
5476  1  10.34850000  50.33690000  7.51602000  3
5477  1  29.46220000  46.92910000  22.34130000  3
5478  1  12.13830000  49.93110000  13.35460000  3
5479  1  21.18420000  48.92680000  3.86255000  3
5480  1  17.19220000  11.25320000  41.84790000  3
5481  1  35.77650000  2.84818000  16.86610000  3
5482  1  13.13480000  6.01138000  11.82730000  3
5483  1  31.61100000  7.87110000  11.23060000  3
5484  1  17.53970000  13.52280000  9.79762000  3
5485  1  25.01910000  10.36360000  5.89695000  2
5486  1  3.15138000  22.88120000  42.32360000  2
5487  1  21.44820000  42.84370000  12.35250000  3
5488  1  10.41160000  26.22430000  9.06764000  3
5489  1  26.05780000  33.10720000  34.19940000  3
5490  1  19.24990000  18.42650000  36.64670000  3
5491  1  29.37010000  40.30690000  34.10040000  3
5492  1  6.42962000  19.37690000  22.57200000  3
5493  1  12.99900000  16.52040000  50.04690000  3
5494  1  41.42340000  17.68270000  12.22780000  3
5495  1  36.85740000  10.09750000  21.32620000  3
5496  1  5.45896000  15.83780000  42.54840000  3
5497  1  38.91670000  15.33660000  29.19790000  3
5498  1  33.99010000  41.83850000  26.97940000  3
5499  1  30.28960000  38.87000000  49.87890000  3
5500  1  48.56850000  12.47750000  44.32230000  3
5501  1  42.84920000  8.74409000  20.93320000  3
5502  1  13.42620000  48.33810000  3.61207000  2
5503  1  10.44130000  47.22110000  49.34640000  3
5504  1  32.48410000  43.04480000  5.45684000  3
5505  1  49.00850000  9.40156000  44.67150000  3
5506  1  0.76473700  50.56280000  15.95820000  3
5507  1  0.56256400  30.21800000  49.42570000  3
5508  1  4.88363000  16.35870000  16.99520000  3
5509  1  34.98670000  48.85450000  12.90270000  3
5510  1  38.88900000  29.83770000  13.09100000  3
5511  1  34.57460000  38.42990000  40.35230000  3
5512  1  40.46470000  31.46890000  37.86650000  3
5513  1  10.51010000  36.88380000  29.64150000  3
5514  1  39.32330000  43.11090000  4.82907000  3
5515  1  9.90472000  26.88970000  47.61620000  3
5516  1  0.80900700  25.09150000  46.10840000  3
5517  1  19.40660000  47.99970000  22.10720000  3
5518  1  23.71650000  21.01230000  0.49475100  3
5519  1  20.39820000  18.65990000  15.74110000  3
5520  1  37.45020000  29.18850000  15.08690000  3
5521  1  30.83570000  28.38240000  17.36770000  3
5522  1  31.44050000  20.39240000  0.26787800  3
5523  1  15.09150000  41.21900000  4.67891000  3
5524  1  26.93770000  49.52350000  50.85080000  3
5525  1  3.74044000  28.57040000  33.94230000  3
5526  1  20.34330000  34.33780000  1.94621000  3
5527  1  44.85320000  43.28340000  49.81630000  3
5528  1  2.30608000  28.59090000  46.21650000  3
5529  1  26.73130000  12.28150000  13.87320000  3
5530  1  23.39210000  38.40390000  13.63710000  3
5531  1  24.44490000  18.47990000  50.15580000  3
5532  1  4.91524000  16.20320000  15.57960000  3
5533  1  48.83710000  4.06256000  7.38843000  3
5534  1  8.76933000  23.64920000  25.03180000  3
5535  1  34.69000000  42.07360000  30.65780000  3
5536  1  27.34140000  45.51610000  9.52141000  3
5537  1  32.19110000  24.61710000  28.09190000  3
5538  1  20.34770000  47.54110000  47.05460000  3
5539  1  25.91280000  50.25290000  50.13890000  3
5540  1  36.42410000  25.29410000  30.45750000  2
5541  1  36.96540000  13.58520000  18.41890000  3
5542  1  19.55430000  9.33901000  6.69421000  3
5543  1  25.18480000  50.40430000  46.23340000  3
5544  1  32.35670000  41.40010000  30.35440000  3
5545  1  39.33020000  0.65557500  4.48481000  3
5546  1  11.42010000  39.02210000  12.84920000  3
5547  1  1.67478000  27.88280000  21.72750000  3
5548  1  36.76840000  46.70300000  38.44000000  3
5549  1  20.49920000  38.74120000  33.51680000  3
5550  1  17.67350000  13.77070000  21.22540000  3
5551  1  25.31170000  20.48860000  20.78510000  3
5552  1  5.86873000  13.04530000  37.32330000  3
5553  1  15.54060000  36.47530000  11.72710000  3
5554  1  23.87080000  48.54560000  12.76990000  3
5555  1  49.32410000  3.94064000  5.96873000  3
5556  1  8.54074000  19.20090000  6.85297000  3
5557  1  48.74900000  1.19672000  46.90050000  3
5558  1  25.15320000  22.00200000  5.01898000  2
5559  1  38.11980000  47.95590000  34.90860000  3
5560  1  2.29630000  4.34826000  42.83970000  3
5561  1  25.62370000  36.43270000  31.84150000  3
5562  1  35.80110000  7.27677000  12.45460000  3
5563  1  6.74419000  17.48580000  7.58867000  3
5564  1  43.76040000  30.39850000  29.17870000  3
5565  1  41.14420000  42.53270000  34.76200000  3
5566  1  31.99340000  40.53010000  26.72450000  3
5567  1  48.71570000  2.73234000  7.87987000  3
5568  1  13.41090000  13.35130000  15.61970000  3
5569  1  3.26124000  48.66580000  50.00700000  3
5570  1  22.37290000  43.89860000  4.22572000  3
5571  1  33.42570000  12.25200000  41.90330000  3
5572  1  18.21950000  11.22220000  20.71250000  3
5573  1  48.47720000  0.18167700  44.53120000  3
5574  1  35.32320000  4.75422000  39.66110000  3
5575  1  30.68710000  14.91660000  1.42045000  3
5576  1  43.65780000  8.63135000  13.93060000  3
5577  1  35.26560000  26.37260000  44.75350000  3
5578  1  31.30950000  17.65990000  16.08020000  3
5579  1  13.66010000  49.70720000  15.66250000  3
5580  1  7.92222000  12.15690000  4.62311000  3
5581  1  42.76970000  35.63310000  34.62370000  3
5582  1  7.93384000  37.45170000  40.68850000  3
5583  1  45.93470000  10.57890000  11.93460000  3
5584  1  7.07638000  32.45430000  37.08500000  2
5585  1  29.63670000  24.95980000  18.54120000  3
5586  1  25.30960000  36.71180000  30.46150000  3
5587  1  14.35680000  30.65370000  51.00120000  3
5588  1  24.01720000  31.34390000  15.79100000  3
5589  1  24.30740000  25.97850000  22.73000000  2
5590  1  14.54000000  49.90950000  16.84240000  3
5591  1  34.76110000  50.32060000  49.61030000  3
5592  1  48.37140000  16.66370000  28.63470000  3
5593  1  20.34550000  1.52270000  21.04980000  3
5594  1  22.95050000  34.40010000  23.96280000  3
5595  1  3.77996000  50.69120000  21.57160000  3
5596  1  26.05650000  14.10220000  5.21746000  3
5597  1  41.09160000  49.79270000  4.08315000  3
5598  1  12.94110000  49.75880000  32.67460000  3
5599  1  45.05660000  44.70370000  5.60910000  3
5600  1  15.20260000  17.61800000  49.90260000  2
5601  1  36.45300000  46.41760000  2.83704000  3
5602  1  16.00120000  22.56370000  32.76910000  3
5603  1  40.32560000  45.17740000  11.35090000  4
5604  1  1.82871000  50.79910000  16.97980000  3
5605  1  23.74500000  14.37360000  26.38490000  3
5606  1  14.20630000  16.30380000  38.18600000  2
5607  1  14.86550000  17.33790000  38.08160000  2
5608  1  0.70456100  38.73830000  9.63338000  3
5609  1  30.81080000  40.78210000  2.00130000  3
5610  1  26.38370000  19.37820000  34.99380000  3
5611  1  27.03050000  17.89780000  45.00530000  3
5612  1  12.61010000  32.85150000  27.93420000  3
5613  1  24.12280000  46.96210000  10.81010000  3
5614  1  14.36270000  13.52200000  14.53520000  3
5615  1  10.19770000  9.00494000  18.56770000  3
5616  1  35.13930000  6.65765000  16.95480000  3
5617  1  22.71020000  47.06320000  10.39920000  3
5618  1  23.62100000  20.44410000  16.51700000  3
5619  1  37.06200000  6.44757000  25.50700000  3
5620  1  27.00100000  30.59540000  24.93960000  3
5621  1  8.73400000  41.09850000  12.77940000  3
5622  1  42.77630000  13.51160000  48.61610000  4
5623  1  42.62850000  33.48360000  35.43550000  3
5624  1  14.20940000  19.00950000  7.60458000  3
5625  1  44.95940000  26.53700000  22.84710000  3
5626  1  33.24370000  41.85730000  21.93360000  3
5627  1  30.55730000  1.59875000  41.68720000  3
5628  1  18.24860000  42.77300000  3.30999000  3
5629  1  31.96140000  34.79220000  36.08960000  3
5630  1  48.18160000  35.78330000  31.07750000  3
5631  1  42.62590000  10.17830000  35.12060000  3
5632  1  2.65390000  45.15060000  3.02387000  3
5633  1  2.43674000  12.01780000  15.90680000  3
5634  1  15.69960000  14.02870000  22.73230000  3
5635  1  41.87870000  29.16670000  9.47421000  3
5636  1  25.26160000  18.66420000  34.46620000  3
5637  1  40.09790000  10.16760000  15.05790000  2
5638  1  11.74690000  12.85450000  17.88460000  3
5639  1  27.10730000  31.86390000  25.64010000  3
5640  1  32.07660000  37.98990000  8.69991000  3
5641  1  50.84000000  41.92480000  47.80620000  3
5642  1  11.23680000  14.97690000  32.71660000  3
5643  1  5.23832000  39.49640000  49.43580000  3
5644  1  28.40600000  47.29710000  47.45910000  3
5645  1  31.64230000  31.12270000  14.94090000  3
5646  1  42.78260000  29.42740000  1.21596000  3
5647  1  24.57930000  26.91900000  42.18570000  3
5648  1  48.86510000  1.41654000  45.42970000  4
5649  1  2.50226000  31.27740000  5.74323000  3
5650  1  10.38570000  2.36581000  34.99290000  3
5651  1  17.78430000  42.40280000  46.42500000  3
5652  1  35.12100000  49.57830000  22.23000000  3
5653  1  36.56510000  32.50810000  24.76370000  3
5654  1  1.59968000  32.15510000  38.00420000  2
5655  1  8.91041000  12.84550000  1.66078000  3
5656  1  5.43250000  48.59550000  27.51710000  3
5657  1  37.33400000  4.74347000  11.86130000  3
5658  1  34.38850000  0.81352900  38.47860000  3
5659  1  46.93560000  30.71690000  22.87950000  3
5660  1  24.40200000  39.86160000  29.19670000  3
5661  1  45.72070000  50.22030000  36.48080000  3
5662  1  47.11230000  31.02260000  2.28691000  3
5663  1  34.47300000  27.95330000  24.75630000  3
5664  1  20.17510000  18.25020000  37.67130000  3
5665  1  32.94650000  31.90280000  17.19240000  3
5666  1  34.59540000  26.80540000  15.01590000  3
5667  1  33.31830000  10.89620000  42.23190000  3
5668  1  32.43370000  14.51410000  41.90090000  3
5669  1  41.25770000  16.28660000  44.54820000  3
5670  1  32.69500000  18.71730000  46.98230000  3
5671  1  16.89700000  5.22501000  6.71141000  3
5672  1  21.75970000  35.39020000  15.21470000  3
5673  1  31.80660000  19.06480000  51.02270000  3
5674  1  9.45472000  47.34110000  27.26740000  3
5675  1  40.01580000  27.51150000  33.84090000  3
5676  1  15.27870000  40.48510000  24.74760000  2
5677  1  14.56000000  23.79900000  39.57800000  3
5678  1  27.76960000  35.48790000  6.14256000  3
5679  1  21.00630000  33.55480000  17.29650000  3
5680  1  36.37710000  20.40210000  18.33830000  3
5681  1  12.95290000  35.05000000  40.81630000  3
5682  1  0.45284400  5.15723000  41.12820000  3
5683  1  6.48782000  36.22170000  34.06320000  2
5684  1  32.92560000  30.80870000  49.13940000  3
5685  1  19.90830000  28.33620000  35.93990000  3
5686  1  46.02110000  47.67320000  3.48670000  3
5687  1  2.51398000  25.72620000  44.41650000  3
5688  1  39.87090000  17.75910000  36.01250000  3
5689  1  22.99260000  24.58200000  7.41601000  3
5690  1  50.26710000  16.41030000  44.13380000  3
5691  1  17.16050000  24.60790000  14.15650000  3
5692  1  27.44020000  31.92100000  42.73610000  3
5693  1  12.68510000  21.88580000  24.90570000  3
5694  1  18.91000000  22.59070000  8.05096000  3
5695  1  44.79740000  37.10820000  33.40200000  3
5696  1  11.65310000  46.32460000  17.29450000  3
5697  1  28.80390000  6.27953000  35.73670000  3
5698  1  26.28380000  4.72545000  47.24670000  3
5699  1  30.36740000  40.36600000  35.05500000  3
5700  1  22.74720000  25.08640000  29.16930000  3
5701  1  16.80390000  22.58350000  39.74150000  3
5702  1  1.80984000  13.94520000  28.20680000  3
5703  1  46.53370000  25.61960000  6.32228000  3
5704  1  7.71597000  45.69700000  13.16590000  3
5705  1  32.38400000  46.33450000  35.37940000  3
5706  1  26.76850000  20.76300000  22.86140000  3
5707  1  32.38090000  32.34310000  1.49432000  3
5708  1  0.97152900  49.15210000  29.61910000  3
5709  1  12.13560000  26.38920000  35.61820000  2
5710  1  12.92290000  42.28420000  44.74450000  3
5711  1  18.57330000  23.74010000  23.22410000  3
5712  1  48.47160000  9.62644000  19.35010000  3
5713  1  3.72425000  42.24780000  22.21530000  3
5714  1  1.18804000  41.59220000  47.54520000  3
5715  1  34.81660000  0.06334820  40.79100000  3
5716  1  42.56910000  49.08850000  11.24430000  3
5717  1  41.89040000  39.59800000  40.02480000  3
5718  1  34.80890000  1.23401000  15.41510000  3
5719  1  19.14520000  5.18194000  46.82060000  3
5720  1  17.93750000  30.39480000  35.74930000  3
5721  1  46.07520000  27.71200000  0.85421200  3
5722  1  35.37360000  8.33826000  33.20370000  3
5723  1  16.65540000  5.10880000  11.60220000  3
5724  1  16.41580000  5.90015000  21.27820000  3
5725  1  28.54140000  10.53120000  3.35962000  3
5726  1  36.09460000  7.44558000  48.94690000  3
5727  1  29.08370000  5.87588000  13.29730000  3
5728  1  16.87070000  27.02640000  34.47310000  3
5729  1  35.86240000  4.22645000  17.43570000  3
5730  1  14.90900000  1.61512000  48.57110000  3
5731  1  8.47398000  30.31330000  40.63910000  3
5732  1  27.69690000  39.74990000  47.34880000  3
5733  1  42.02930000  26.61010000  24.29920000  3
5734  1  6.84934000  20.80680000  47.00390000  3
5735  1  14.48230000  31.07210000  23.65050000  3
5736  1  3.82131000  25.95480000  38.08370000  3
5737  1  25.51490000  11.56610000  28.03070000  3
5738  1  38.92470000  11.62390000  21.07010000  3
5739  1  37.31000000  23.03480000  41.63820000  3
5740  1  31.23710000  48.14900000  25.35380000  3
5741  1  35.78650000  50.94520000  35.14310000  3
5742  1  39.86870000  14.28320000  5.99654000  3
5743  1  20.11210000  43.08170000  12.07140000  3
5744  1  20.49190000  12.41340000  21.14610000  3
5745  1  7.71128000  42.61030000  38.19470000  3
5746  1  48.55740000  25.14080000  38.77350000  3
5747  1  24.51380000  0.97392500  20.73810000  3
5748  1  10.09630000  27.67360000  26.39910000  2
5749  1  14.63970000  31.95720000  50.70440000  3
5750  1  42.74710000  2.80836000  30.80570000  3
5751  1  27.00480000  31.80620000  27.09910000  3
5752  1  8.52509000  44.70910000  37.27400000  3
5753  1  2.56057000  7.90967000  24.27260000  3
5754  1  40.51390000  34.60190000  35.64100000  3
5755  1  17.61220000  42.49130000  37.99490000  3
5756  1  9.97918000  26.09540000  14.53210000  3
5757  1  48.21340000  42.12940000  34.42670000  3
5758  1  22.58110000  30.79760000  14.04260000  3
5759  1  27.89370000  50.54920000  3.91677000  3
5760  1  18.46430000  1.32326000  2.09349000  3
5761  1  49.80640000  24.62320000  4.93438000  3
5762  1  5.62993000  34.67970000  41.83210000  3
5763  1  43.93960000  12.60810000  46.48870000  3
5764  1  18.13420000  47.56710000  45.51410000  3
5765  1  21.95920000  45.48340000  17.72310000  3
5766  1  41.95780000  49.93050000  1.62016000  3
5767  1  37.18590000  45.38170000  38.82080000  3
5768  1  42.41050000  23.28510000  39.94660000  3
5769  1  50.17440000  34.06110000  11.69250000  3
5770  1  49.93290000  8.36463000  17.28760000  3
5771  1  47.73140000  3.57825000  9.90503000  3
5772  1  25.80350000  41.64390000  19.82990000  3
5773  1  19.35900000  1.31112000  15.25030000  3
5774  1  20.18120000  11.01330000  0.67155000  3
5775  1  43.91300000  15.12810000  47.03000000  4
5776  1  16.68680000  1.40837000  36.49450000  3
5777  1  38.73540000  35.99930000  18.23440000  3
5778  1  11.10360000  19.19470000  29.84680000  3
5779  1  5.55915000  25.18330000  39.64390000  3
5780  1  43.47550000  6.24959000  19.58620000  3
5781  1  41.27000000  30.26660000  37.91190000  3
5782  1  43.55060000  34.16540000  12.16890000  3
5783  1  28.15580000  33.46520000  33.19890000  3
5784  1  47.39800000  5.29245000  17.69720000  3
5785  1  0.54551900  12.79070000  48.60740000  2
5786  1  35.24910000  42.27170000  35.54880000  3
5787  1  40.12290000  48.70440000  27.66760000  3
5788  1  10.44290000  47.55940000  50.69910000  3
5789  1  47.38190000  15.49870000  0.25553400  3
5790  1  39.00860000  14.50950000  46.90530000  3
5791  1  14.27360000  29.01780000  25.03260000  3
5792  1  0.25283000  34.45800000  10.74860000  3
5793  1  12.21740000  31.05770000  1.22285000  3
5794  1  23.34910000  34.44030000  41.86740000  3
5795  1  40.35840000  17.28410000  28.16790000  3
5796  1  45.06210000  21.96630000  34.28470000  3
5797  1  42.26330000  39.00690000  15.94120000  3
5798  1  40.96540000  32.19750000  15.02050000  3
5799  1  4.20679000  19.20060000  41.46270000  3
5800  1  38.76770000  32.62200000  39.60800000  3
5801  1  22.21330000  43.87250000  37.35770000  3
5802  1  27.09410000  20.56950000  24.23640000  3
5803  1  10.88400000  41.29430000  41.59050000  3
5804  1  5.33213000  38.03360000  22.98640000  3
5805  1  5.44394000  14.45120000  37.27400000  3
5806  1  34.39300000  2.15464000  38.95550000  3
5807  1  8.41283000  3.81736000  18.65340000  3
5808  1  38.97990000  36.31360000  16.87050000  3
5809  1  46.79340000  20.82150000  10.89460000  3
5810  1  28.89770000  39.99980000  30.41640000  3
5811  1  3.84219000  35.47910000  4.09810000  3
5812  1  42.20410000  14.63530000  28.33970000  3
5813  1  34.71820000  7.52134000  21.45180000  3
5814  1  25.97110000  5.53079000  49.54920000  3
5815  1  2.44003000  20.72810000  5.23247000  3
5816  1  7.51949000  26.68860000  39.92280000  3
5817  1  39.24110000  41.66150000  43.85310000  3
5818  1  35.74700000  15.91770000  31.10650000  3
5819  1  37.04550000  32.84670000  4.69277000  2
5820  1  45.46760000  34.54040000  3.81573000  3
5821  1  22.47420000  50.58940000  14.00870000  3
5822  1  36.02550000  17.97050000  45.19400000  3
5823  1  11.25010000  23.10350000  17.94100000  3
5824  1  26.55090000  43.09110000  43.78650000  2
5825  1  9.12765000  20.86190000  11.87710000  3
5826  1  37.73220000  35.31470000  10.86020000  3
5827  1  32.02580000  50.50060000  28.85360000  3
5828  1  5.78982000  11.68910000  3.27122000  3
5829  1  18.79190000  3.03476000  9.29738000  3
5830  1  23.88040000  44.29540000  40.75900000  3
5831  1  47.43720000  4.83801000  43.93320000  3
5832  1  37.84170000  18.70510000  27.69170000  3
5833  1  46.58260000  43.26010000  17.12180000  3
5834  1  45.36470000  15.13980000  41.94080000  2
5835  1  40.80340000  25.12180000  20.74090000  3
5836  1  5.96563000  26.03160000  34.88600000  3
5837  1  9.48386000  0.07077820  18.25670000  3
5838  1  33.48960000  50.00630000  20.40380000  3
5839  1  39.21510000  21.62950000  3.56720000  3
5840  1  19.19660000  29.82940000  21.22550000  3
5841  1  31.13920000  8.71644000  7.01083000  3
5842  1  40.35410000  41.47430000  40.27070000  3
5843  1  1.26168000  34.28070000  48.38140000  3
5844  1  4.21520000  25.58940000  30.32890000  3
5845  1  40.34370000  45.39250000  49.57520000  3
5846  1  35.88160000  0.33276600  15.51440000  3
5847  1  37.46230000  15.13930000  15.83040000  3
5848  1  19.47970000  14.67830000  46.97500000  3
5849  1  16.40870000  20.08720000  26.09760000  3
5850  1  24.95440000  1.35297000  49.79610000  3
5851  1  23.82390000  7.70692000  0.87077100  3
5852  1  6.07466000  15.51790000  13.11000000  3
5853  1  46.77630000  12.87590000  27.67480000  3
5854  1  44.81840000  6.54017000  13.06360000  3
5855  1  24.71830000  31.92090000  42.03780000  3
5856  1  44.72870000  4.06557000  39.84460000  3
5857  1  2.05213000  37.15960000  4.38896000  3
5858  1  4.54221000  31.75250000  9.62167000  3
5859  1  36.98040000  6.77921000  44.18430000  3
5860  1  44.91290000  37.37740000  39.62890000  3
5861  1  8.04884000  9.69851000  44.20950000  3
5862  1  8.51287000  25.01700000  8.98554000  3
5863  1  31.42880000  47.50570000  0.41145800  3
5864  1  9.60216000  3.24037000  25.88120000  4
5865  1  18.08700000  40.87780000  10.10770000  3
5866  1  30.33670000  3.40020000  26.39220000  3
5867  1  10.59900000  49.09660000  36.84100000  3
5868  1  37.39040000  45.31050000  40.25300000  3
5869  1  49.21710000  0.85417200  3.89622000  3
5870  1  2.65057000  14.51420000  48.98000000  3
5871  1  29.28510000  44.42620000  7.92731000  3
5872  1  39.29470000  5.95040000  14.64830000  3
5873  1  49.30100000  13.51390000  10.08470000  3
5874  1  43.45500000  47.56260000  14.69880000  3
5875  1  42.68470000  13.15030000  50.11100000  3
5876  1  9.89661000  45.54630000  38.92560000  3
5877  1  21.78370000  41.00600000  45.86190000  3
5878  1  18.51810000  2.69120000  2.04525000  3
5879  1  39.03070000  16.92300000  14.93090000  3
5880  1  49.94020000  45.00640000  44.13480000  3
5881  1  11.04120000  22.33900000  40.03540000  3
5882  1  22.72500000  36.74710000  26.69570000  3
5883  1  24.53010000  30.46330000  46.63560000  3
5884  1  21.10430000  2.33943000  25.71020000  3
5885  1  18.96650000  25.28010000  21.42120000  3
5886  1  23.52820000  4.60709000  4.71029000  3
5887  1  35.20880000  46.56770000  0.52071300  3
5888  1  12.20780000  20.37890000  6.78842000  3
5889  1  9.28024000  11.15220000  20.11700000  3
5890  1  38.48750000  16.82230000  17.22690000  3
5891  1  27.59680000  18.60810000  41.35170000  3
5892  1  11.53210000  17.81080000  42.15200000  3
5893  1  41.93460000  48.91210000  29.46440000  3
5894  1  44.42190000  41.62720000  29.83160000  3
5895  1  47.10490000  41.49300000  15.47220000  3
5896  1  20.81450000  40.70710000  44.86620000  3
5897  1  26.97280000  42.29950000  25.30830000  3
5898  1  0.66151600  20.55610000  43.82690000  3
5899  1  27.62090000  42.30110000  0.96140400  3
5900  1  41.35230000  30.92650000  21.47200000  3
5901  1  15.36360000  46.04430000  20.87650000  3
5902  1  18.19040000  0.59981900  0.95560800  3
5903  1  20.58480000  48.00750000  11.05040000  3
5904  1  26.13880000  38.12400000  28.08120000  3
5905  1  32.94630000  33.18580000  49.85820000  3
5906  1  4.33317000  23.29030000  29.43440000  3
5907  1  40.06270000  1.81952000  0.49830600  3
5908  1  44.68020000  24.25880000  33.35770000  3
5909  1  7.92771000  48.14990000  20.06670000  3
5910  1  38.51180000  35.64120000  12.02090000  3
5911  1  43.59850000  40.00210000  24.14580000  3
5912  1  48.18130000  33.64540000  32.25960000  3
5913  1  3.19246000  47.68350000  40.14670000  3
5914  1  27.58750000  27.32810000  26.56990000  3
5915  1  19.34280000  32.21410000  40.03110000  3
5916  1  37.72780000  18.17820000  37.19890000  3
5917  1  10.35480000  37.21650000  32.06610000  3
5918  1  4.53689000  46.98150000  0.33243300  3
5919  1  11.86260000  3.48939000  43.56410000  3
5920  1  28.81420000  14.77080000  20.42930000  3
5921  1  19.37660000  46.52840000  20.11930000  3
5922  1  39.15830000  17.54250000  16.15340000  3
5923  1  42.06570000  16.70990000  35.06140000  3
5924  1  17.91180000  22.23580000  25.04000000  3
5925  1  26.66470000  31.68840000  22.84870000  3
5926  1  8.56952000  41.45990000  47.65120000  3
5927  1  31.74760000  37.41260000  45.39870000  3
5928  1  4.48066000  47.69230000  40.82150000  3
5929  1  38.43560000  25.19760000  19.76100000  3
5930  1  8.24143000  19.97990000  11.24550000  3
5931  1  14.84160000  13.50930000  42.73370000  2
5932  1  9.22097000  13.23320000  38.69000000  4
5933  1  42.39780000  10.62870000  14.98080000  4
5934  1  10.88530000  15.27220000  22.15680000  3
5935  1  46.66740000  38.19620000  46.09420000  3
5936  1  31.47210000  23.36530000  13.36640000  3
5937  1  2.83343000  19.13500000  41.83530000  3
5938  1  44.27570000  26.52150000  32.20490000  3
5939  1  20.11490000  28.66070000  14.44490000  3
5940  1  18.24720000  5.45284000  1.76502000  3
5941  1  7.08964000  15.86470000  25.89050000  3
5942  1  18.55160000  22.05540000  10.47310000  3
5943  1  40.76190000  29.04790000  38.47920000  3
5944  1  28.80410000  20.47120000  34.02160000  3
5945  1  46.63510000  9.15371000  43.99630000  3
5946  1  43.82250000  33.85290000  9.58588000  3
5947  1  50.25590000  3.88202000  1.05766000  3
5948  1  45.61230000  13.98480000  41.46570000  2
5949  1  7.88196000  11.96980000  21.97570000  3
5950  1  49.35660000  2.48745000  5.65547000  3
5951  1  11.99990000  8.73153000  36.07350000  3
5952  1  4.20678000  39.08510000  39.45330000  3
5953  1  32.08480000  41.60970000  18.22990000  3
5954  1  35.17430000  22.89190000  46.02200000  3
5955  1  44.51880000  42.77340000  18.42470000  3
5956  1  12.13210000  33.85040000  12.00800000  3
5957  1  36.84070000  45.04610000  9.96194000  3
5958  1  45.68510000  7.85296000  27.15090000  3
5959  1  2.30396000  40.76950000  25.88090000  3
5960  1  48.47110000  23.19510000  18.94360000  3
5961  1  19.16570000  19.63900000  41.69150000  3
5962  1  28.76790000  17.05780000  36.64280000  3
5963  1  6.65524000  42.83670000  37.31750000  3
5964  1  25.07650000  11.86450000  15.70230000  3
5965  1  2.77792000  14.91600000  28.67970000  3
5966  1  47.54060000  30.27590000  21.66300000  3
5967  1  34.55060000  14.00210000  40.61560000  3
5968  1  38.96960000  15.22070000  3.85493000  3
5969  1  36.96110000  6.94831000  18.74400000  2
5970  1  48.26820000  21.50660000  34.61660000  3
5971  1  27.43190000  35.68100000  4.79740000  3
5972  1  12.21510000  24.85710000  39.49360000  3
5973  1  10.46480000  28.40680000  3.38251000  3
5974  1  40.00700000  27.03940000  23.16490000  3
5975  1  29.52910000  7.52837000  46.26710000  3
5976  1  32.26980000  13.78450000  5.79253000  3
5977  1  29.96740000  4.75026000  26.35340000  3
5978  1  43.26910000  8.44473000  7.73131000  3
5979  1  39.46720000  1.07955000  3.16915000  3
5980  1  7.70764000  17.42460000  11.73880000  3
5981  1  45.52510000  3.09612000  28.34310000  3
5982  1  31.49640000  13.98840000  35.69350000  3
5983  1  39.95920000  6.94738000  36.02350000  4
5984  1  25.50650000  45.48130000  19.50790000  3
5985  1  48.70370000  18.85670000  20.26100000  3
5986  1  43.76350000  14.63520000  48.50030000  3
5987  1  43.74800000  32.86520000  17.40150000  3
5988  1  22.51020000  48.47980000  4.35765000  3
5989  1  48.14870000  27.31100000  37.71650000  3
5990  1  15.13790000  31.45900000  34.18190000  3
5991  1  0.23340000  47.40760000  31.07220000  3
5992  1  20.94330000  30.00390000  12.32840000  3
5993  1  9.75468000  13.22640000  2.77831000  3
5994  1  36.62680000  19.59340000  19.51110000  3
5995  1  6.12460000  9.42931000  10.56230000  3
5996  1  34.29180000  3.93990000  35.60590000  3
5997  1  5.02409000  7.26482000  10.90690000  3
5998  1  17.50920000  21.77790000  16.16540000  3
5999  1  17.57850000  20.70050000  20.31720000  3
6000  1  46.14340000  25.99270000  22.17870000  3
6001  1  12.01280000  27.24380000  15.38090000  3
6002  1  25.63750000  4.58382000  48.49920000  3
6003  1  9.49097000  39.96020000  31.64620000  3
6004  1  8.96483000  30.00580000  12.96120000  3
6005  1  33.41500000  41.35670000  11.67990000  4
6006  1  42.07790000  39.96060000  18.19980000  3
6007  1  16.96290000  24.11770000  1.96478000  3
6008  1  37.48490000  45.90690000  42.90880000  3
6009  1  32.69960000  11.89270000  14.56240000  3
6010  1  24.97660000  44.60090000  42.96480000  3
6011  1  10.01510000  6.63179000  17.96200000  3
6012  1  5.64372000  22.35290000  10.97490000  3
6013  1  38.86700000  14.08240000  4.88679000  4
6014  1  48.34640000  22.67550000  4.70794000  2
6015  1  47.92140000  47.33140000  37.10130000  3
6016  1  45.45920000  2.81501000  39.79560000  3
6017  1  10.56490000  43.94650000  32.83760000  3
6018  1  7.88836000  34.40260000  8.12193000  3
6019  1  30.78200000  12.23780000  50.23250000  3
6020  1  12.06380000  16.97900000  15.83180000  3
6021  1  48.27670000  42.61960000  27.82260000  3
6022  1  5.19519000  11.30790000  25.24370000  3
6023  1  31.86970000  0.84240800  28.78320000  3
6024  1  47.32150000  17.01970000  4.43485000  3
6025  1  42.74950000  47.72830000  29.40010000  3
6026  1  20.57200000  45.78670000  37.65230000  3
6027  1  43.63650000  16.47740000  42.85460000  3
6028  1  31.42900000  3.83792000  14.75720000  3
6029  1  34.19610000  41.82410000  37.98340000  3
6030  1  0.00897794  19.51030000  14.18560000  3
6031  1  39.46540000  25.57770000  20.69830000  3
6032  1  30.81620000  16.23040000  26.71990000  2
6033  1  33.46350000  30.24550000  19.35050000  3
6034  1  11.95100000  48.42200000  1.61162000  2
6035  1  5.68610000  18.53790000  21.78150000  3
6036  1  9.86020000  22.81720000  9.96618000  2
6037  1  37.52160000  26.20940000  19.54760000  3
6038  1  23.89130000  5.96792000  32.57270000  3
6039  1  48.80450000  47.82070000  37.99550000  3
6040  1  12.69450000  3.25820000  29.09440000  3
6041  1  11.81870000  29.60740000  8.88342000  3
6042  1  33.03260000  43.66370000  31.50510000  3
6043  1  46.49870000  44.07440000  12.75780000  3
6044  1  7.90326000  29.07800000  13.11000000  3
6045  1  38.67060000  14.91650000  9.92362000  3
6046  1  7.90202000  9.97851000  28.22090000  3
6047  1  49.53770000  30.13030000  13.12630000  3
6048  1  17.55780000  22.23990000  7.81112000  3
6049  1  6.88713000  35.70190000  35.21290000  2
6050  1  23.05840000  46.40340000  42.88730000  3
6051  1  39.17160000  16.69010000  28.64380000  3
6052  1  10.11570000  45.17430000  13.98630000  3
6053  1  21.72810000  15.60880000  20.47930000  3
6054  1  45.86880000  38.40710000  39.18650000  3
6055  1  30.29820000  13.63680000  43.48420000  3
6056  1  16.59430000  9.53630000  21.54610000  3
6057  1  25.18180000  9.83868000  42.54920000  3
6058  1  23.34510000  23.63730000  3.19878000  3
6059  1  33.13330000  23.20710000  2.25276000  3
6060  1  48.41690000  24.53950000  21.42770000  3
6061  1  24.52540000  12.46320000  41.25920000  3
6062  1  37.46750000  7.50031000  14.18760000  3
6063  1  4.55202000  28.00110000  36.82950000  3
6064  1  16.40770000  18.23250000  23.01460000  3
6065  1  13.18400000  1.58112000  37.52470000  3
6066  1  4.49272000  37.93240000  0.21799800  3
6067  1  11.34910000  29.20710000  2.60394000  3
6068  1  8.10091000  48.07960000  22.45840000  3
6069  1  35.14020000  4.12122000  42.16010000  3
6070  1  42.42510000  4.21376000  36.83820000  3
6071  1  22.17710000  46.25470000  9.25502000  3
6072  1  3.16259000  21.86850000  0.74775500  3
6073  1  30.07650000  26.53560000  37.03140000  3
6074  1  15.00410000  50.30020000  19.20770000  3
6075  1  15.33300000  26.38720000  10.22090000  3
6076  1  5.98413000  49.14730000  18.97640000  3
6077  1  3.02752000  8.57541000  12.62420000  3
6078  1  29.15030000  17.85070000  46.47720000  3
6079  1  0.09205010  43.16550000  16.12280000  3
6080  1  36.86760000  32.98130000  21.90280000  3
6081  1  11.90110000  33.98870000  31.41520000  3
6082  1  42.56910000  19.23470000  34.99700000  3
6083  1  13.27420000  12.35170000  26.89690000  4
6084  1  1.52315000  41.82030000  14.98710000  3
6085  1  13.57510000  7.41129000  6.22645000  3
6086  1  11.73300000  16.54420000  49.39260000  2
6087  1  11.73690000  10.33290000  3.69580000  3
6088  1  21.43530000  7.47812000  3.91791000  3
6089  1  41.31680000  22.98930000  5.02114000  3
6090  1  27.25800000  28.12290000  29.09180000  3
6091  1  38.83910000  39.36410000  35.26950000  3
6092  1  44.76720000  33.22790000  16.44200000  3
6093  1  47.78370000  30.18840000  17.92690000  3
6094  1  37.32920000  40.19830000  16.18180000  2
6095  1  36.13240000  31.73170000  22.41210000  3
6096  1  34.21780000  29.23550000  28.05370000  3
6097  1  16.09380000  41.17610000  43.38170000  3
6098  1  39.92060000  16.23990000  3.60814000  2
6099  1  37.03710000  41.30640000  30.03830000  3
6100  1  16.92680000  48.29350000  48.13070000  3
6101  1  38.59280000  20.97500000  41.14320000  3
6102  1  12.94990000  8.41494000  5.44993000  3
6103  1  24.49320000  46.02760000  44.70600000  3
6104  1  17.74170000  41.10450000  37.69510000  3
6105  1  26.72070000  1.05968000  16.73960000  3
6106  1  29.18150000  35.61450000  21.55560000  4
6107  1  6.87206000  15.98030000  42.40830000  3
6108  1  39.19520000  29.42280000  20.23940000  3
6109  1  32.75970000  47.19760000  0.84816900  3
6110  1  35.26270000  11.94440000  18.38800000  3
6111  1  39.50230000  29.04040000  39.08930000  3
6112  1  1.59187000  0.98853900  31.35070000  2
6113  1  3.58858000  50.18120000  23.96470000  3
6114  1  10.81440000  16.47920000  30.82770000  3
6115  1  32.77400000  33.68840000  1.26495000  3
6116  1  40.78570000  7.50222000  21.78350000  3
6117  1  16.73260000  26.38910000  48.04110000  3
6118  1  2.28296000  3.01766000  42.23660000  3
6119  1  3.85240000  15.54290000  19.22750000  3
6120  1  33.30710000  22.80690000  37.93540000  3
6121  1  2.66353000  4.54630000  11.56400000  3
6122  1  42.10680000  42.01160000  43.92270000  3
6123  1  19.91600000  27.48370000  21.80310000  3
6124  1  46.80790000  17.67920000  40.98620000  3
6125  1  9.00551000  45.21180000  42.60810000  3
6126  1  14.25020000  15.41370000  28.67140000  3
6127  1  20.45020000  31.41370000  47.79330000  3
6128  1  17.97960000  7.38433000  49.65240000  3
6129  1  11.48170000  19.45500000  21.37960000  3
6130  1  16.07240000  6.12143000  9.11815000  3
6131  1  20.73590000  46.94910000  39.96330000  3
6132  1  31.51950000  26.55190000  19.25960000  3
6133  1  12.50460000  45.09510000  14.92780000  3
6134  1  24.68180000  36.83560000  43.08790000  3
6135  1  36.40060000  37.06320000  35.78890000  3
6136  1  1.44240000  44.64250000  43.41120000  3
6137  1  44.48920000  14.61630000  50.72710000  3
6138  1  43.22170000  48.22340000  3.88719000  3
6139  1  33.02520000  27.00330000  28.00700000  3
6140  1  30.13310000  7.65350000  28.80610000  3
6141  1  2.41982000  16.46870000  36.64610000  3
6142  1  16.02640000  5.10672000  13.99560000  3
6143  1  16.52020000  36.09070000  40.93650000  3
6144  1  2.73544000  48.84800000  39.46990000  3
6145  1  3.61768000  38.97600000  14.46480000  3
6146  1  37.85750000  8.96411000  23.10870000  3
6147  1  32.15600000  30.81230000  17.31100000  3
6148  1  15.07650000  14.69700000  23.77080000  3
6149  1  3.82698000  21.83500000  9.42353000  3
6150  1  10.69090000  46.13480000  5.13824000  3
6151  1  37.10550000  2.79661000  26.14320000  3
6152  1  45.95010000  34.46520000  6.11760000  3
6153  1  19.92690000  34.00530000  0.61293700  3
6154  1  40.76800000  32.47690000  49.06090000  3
6155  1  22.89950000  9.49109000  43.25170000  3
6156  1  9.62009000  37.41350000  6.57011000  3
6157  1  39.96810000  11.66480000  28.70420000  3
6158  1  40.38680000  30.17700000  22.28620000  3
6159  1  18.70000000  32.28950000  49.30230000  3
6160  1  26.39670000  36.08080000  26.93580000  3
6161  1  39.65070000  38.31760000  6.68958000  3
6162  1  23.90860000  23.49860000  31.31600000  3
6163  1  16.45160000  19.41770000  28.77960000  3
6164  1  49.65020000  13.06380000  23.05450000  3
6165  1  6.58007000  39.17770000  49.92040000  3
6166  1  21.04330000  7.80469000  20.79350000  3
6167  1  47.20180000  0.90238600  10.64720000  3
6168  1  30.29760000  38.04590000  20.03720000  3
6169  1  2.47914000  40.83320000  5.65387000  3
6170  1  44.06490000  50.34280000  45.96350000  3
6171  1  40.36950000  12.04190000  12.20270000  2
6172  1  28.07560000  35.10190000  22.52190000  3
6173  1  31.99890000  43.48070000  43.59510000  3
6174  1  24.69840000  2.78803000  10.06790000  3
6175  1  32.85830000  8.20985000  32.81860000  3
6176  1  48.02890000  39.18600000  37.78880000  3
6177  1  1.05602000  39.73760000  38.90190000  3
6178  1  19.26990000  44.13710000  6.16087000  3
6179  1  14.70940000  23.72830000  46.13880000  2
6180  1  7.87319000  38.84030000  40.29200000  3
6181  1  21.15280000  13.89420000  11.02830000  3
6182  1  38.70190000  39.38970000  6.66392000  3
6183  1  46.73010000  40.86010000  5.92918000  3
6184  1  21.08760000  33.49750000  50.86700000  3
6185  1  31.63160000  24.09390000  21.66540000  3
6186  1  1.86979000  45.86270000  32.18310000  3
6187  1  39.35950000  29.73000000  33.84530000  3
6188  1  44.95730000  35.72930000  33.44350000  3
6189  1  36.44060000  47.06070000  11.94060000  3
6190  1  17.06690000  50.03790000  49.82580000  3
6191  1  40.73590000  6.35746000  49.19650000  3
6192  1  7.79694000  30.85070000  33.29490000  2
6193  1  3.71344000  25.07390000  20.39850000  3
6194  1  40.99060000  28.27290000  33.04560000  3
6195  1  31.07660000  10.28190000  35.95760000  3
6196  1  36.64790000  33.68160000  26.89850000  3
6197  1  16.92340000  44.09160000  13.83910000  3
6198  1  25.81330000  47.92440000  20.31460000  3
6199  1  21.64270000  9.98350000  43.42020000  3
6200  1  7.53906000  2.44718000  8.27290000  3
6201  1  22.50720000  47.03470000  44.12060000  3
6202  1  16.01760000  33.39300000  17.01530000  3
6203  1  48.69600000  16.00980000  0.38228200  3
6204  1  35.36220000  14.80530000  47.08170000  3
6205  1  19.27660000  30.57390000  36.13780000  3
6206  1  36.95010000  38.69750000  40.27440000  3
6207  1  38.75710000  16.40450000  44.84980000  3
6208  1  13.21990000  48.62080000  9.45697000  3
6209  1  5.09356000  18.13510000  41.78700000  3
6210  1  32.64440000  35.68870000  46.95230000  3
6211  1  9.62316000  12.84830000  49.08060000  3
6212  1  23.04390000  33.26720000  31.73130000  3
6213  1  3.99431000  18.90430000  48.79020000  3
6214  1  41.69360000  8.08664000  23.96840000  3
6215  1  24.47570000  42.43540000  50.15560000  3
6216  1  18.70210000  2.93517000  6.82433000  3
6217  1  11.76800000  17.97200000  14.87790000  3
6218  1  4.83426000  1.98294000  7.34337000  3
6219  1  34.48110000  1.44172000  47.78950000  3
6220  1  32.22360000  48.68140000  35.04660000  3
6221  1  10.95580000  27.27100000  27.38730000  3
6222  1  29.52230000  29.58600000  4.11556000  3
6223  1  10.00650000  42.47010000  30.86670000  3
6224  1  32.75210000  31.83870000  50.13240000  3
6225  1  41.50480000  8.22234000  15.06200000  3
6226  1  6.16428000  16.25550000  7.32127000  3
6227  1  42.89610000  5.55653000  39.24430000  3
6228  1  30.33440000  45.20580000  42.10640000  3
6229  1  5.00134000  39.61850000  10.26600000  3
6230  1  43.08070000  12.31390000  47.52730000  3
6231  1  44.07020000  34.98850000  34.29590000  3
6232  1  40.64990000  11.25420000  1.55379000  3
6233  1  28.16820000  50.46670000  5.35115000  3
6234  1  17.51740000  19.64600000  31.05550000  3
6235  1  48.69760000  29.04270000  28.56640000  3
6236  1  50.48720000  5.97317000  37.93460000  3
6237  1  45.45550000  24.97670000  18.69140000  3
6238  1  10.70060000  24.99870000  22.15770000  3
6239  1  42.99370000  5.29092000  27.98620000  3
6240  1  28.36880000  40.21230000  38.30440000  3
6241  1  8.42359000  2.78048000  33.68740000  3
6242  1  4.34113000  27.02850000  21.78970000  3
6243  1  6.29604000  22.50850000  21.02580000  3
6244  1  43.37610000  20.00960000  48.06450000  3
6245  1  16.55030000  25.61460000  39.32280000  3
6246  1  34.77100000  1.74208000  42.63710000  3
6247  1  38.31370000  43.08330000  6.01483000  3
6248  1  13.75650000  6.72766000  15.78230000  3
6249  1  13.88880000  9.69578000  16.21860000  3
6250  1  27.01280000  5.07752000  34.57800000  3
6251  1  30.97350000  35.59350000  42.54320000  3
6252  1  28.81940000  13.49920000  24.63470000  2
6253  1  10.95550000  16.72070000  42.83270000  3
6254  1  43.89850000  42.30950000  21.09930000  3
6255  1  0.60263100  11.80890000  19.13070000  3
6256  1  25.51310000  1.55003000  7.55261000  3
6257  1  34.08660000  2.96359000  36.68490000  3
6258  1  29.28430000  33.92730000  35.84690000  3
6259  1  11.15220000  30.38070000  1.92177000  3
6260  1  40.76950000  21.29200000  17.27580000  3
6261  1  11.58010000  4.23884000  27.04790000  3
6262  1  2.07452000  6.23921000  45.19880000  2
6263  1  6.08967000  24.86920000  32.38180000  3
6264  1  46.24470000  39.33430000  7.60301000  2
6265  1  16.62860000  33.20390000  50.33410000  3
6266  1  41.92740000  31.84430000  19.25850000  3
6267  1  36.25750000  35.37160000  45.42370000  3
6268  1  19.05250000  45.57670000  17.82150000  3
6269  1  48.04680000  23.92260000  39.28720000  3
6270  1  44.61460000  48.32350000  15.13620000  3
6271  1  14.96860000  6.81035000  5.81244000  3
6272  1  8.78818000  0.81387800  20.35790000  3
6273  1  32.09870000  47.54300000  36.06420000  3
6274  1  30.29060000  45.00410000  13.39520000  3
6275  1  41.22150000  21.29530000  35.01500000  3
6276  1  46.13110000  5.40026000  27.01350000  3
6277  1  31.09280000  44.39130000  44.23230000  3
6278  1  10.94810000  36.90260000  6.23559000  3
6279  1  38.47970000  33.34800000  36.25770000  3
6280  1  19.09120000  50.39900000  28.04070000  3
6281  1  27.65190000  9.87716000  32.23690000  3
6282  1  1.58138000  13.65390000  7.37416000  3
6283  1  34.09910000  0.80067500  0.51793800  2
6284  1  29.45700000  10.31060000  40.42330000  3
6285  1  25.00590000  33.72680000  7.72420000  3
6286  1  24.78890000  13.17960000  29.68120000  3
6287  1  49.42770000  10.99160000  25.86380000  3
6288  1  49.35060000  22.13430000  46.29490000  3
6289  1  25.09600000  22.89460000  14.17640000  3
6290  1  18.67680000  48.12660000  38.87750000  3
6291  1  0.88313600  11.63480000  6.26119000  3
6292  1  12.71530000  15.69890000  15.38230000  3
6293  1  5.68940000  6.38075000  22.99590000  3
6294  1  17.17500000  42.52930000  4.33140000  3
6295  1  1.86458000  27.24900000  46.38940000  3
6296  1  10.70800000  18.04060000  6.58452000  3
6297  1  49.61430000  21.12460000  35.03400000  3
6298  1  43.09030000  13.97910000  1.43725000  3
6299  1  9.62740000  2.12076000  13.70560000  3
6300  1  10.36530000  0.13945700  42.31280000  3
6301  1  43.63630000  36.81190000  1.33599000  3
6302  1  33.50060000  8.10922000  6.60098000  3
6303  1  47.06910000  45.23730000  36.07100000  3
6304  1  35.99880000  42.90820000  28.62650000  3
6305  1  11.32150000  5.94626000  16.18840000  3
6306  1  22.48990000  47.57030000  0.76307500  3
6307  1  7.48399000  9.85207000  20.99010000  3
6308  1  28.99800000  28.92570000  2.97992000  3
6309  1  26.62440000  32.37320000  29.55920000  4
6310  1  25.11720000  12.59720000  32.04780000  3
6311  1  46.42090000  15.69550000  45.79040000  3
6312  1  5.63597000  50.13090000  3.03878000  3
6313  1  26.47960000  13.69980000  8.93824000  3
6314  1  16.60950000  10.06830000  46.67790000  3
6315  1  37.55550000  9.43643000  4.62971000  2
6316  1  30.97770000  10.67540000  15.98170000  3
6317  1  48.31300000  39.09350000  5.87199000  3
6318  1  21.14560000  23.10960000  2.10010000  3
6319  1  9.05281000  14.08130000  45.55760000  2
6320  1  25.09110000  1.14813000  36.60330000  3
6321  1  16.02260000  13.36450000  35.10170000  3
6322  1  15.32730000  37.12640000  36.84160000  3
6323  1  13.44000000  46.04550000  7.45532000  3
6324  1  50.66210000  21.98820000  34.75930000  3
6325  1  4.20011000  49.65120000  25.10140000  3
6326  1  32.55290000  42.87740000  6.83855000  3
6327  1  31.29900000  37.79570000  13.67590000  3
6328  1  27.25810000  14.11020000  1.01735000  3
6329  1  10.81290000  44.84790000  30.65500000  3
6330  1  17.27950000  10.11150000  45.47030000  3
6331  1  46.02130000  22.46600000  39.89600000  3
6332  1  40.33500000  35.94110000  3.04097000  2
6333  1  43.79480000  26.58270000  22.21340000  2
6334  1  35.05460000  17.56860000  0.77828400  3
6335  1  0.93302100  41.54570000  37.29400000  3
6336  1  13.38060000  43.88200000  26.15750000  3
6337  1  13.67900000  41.27470000  38.78840000  3
6338  1  7.29759000  37.44620000  20.73910000  3
6339  1  15.09880000  8.79102000  16.26030000  3
6340  1  26.77940000  42.15150000  50.82250000  3
6341  1  33.22750000  10.61850000  1.54314000  3
6342  1  1.36883000  27.36830000  28.59100000  3
6343  1  48.24820000  28.72510000  0.98326100  3
6344  1  43.66510000  4.42913000  38.93100000  3
6345  1  3.33422000  34.52440000  24.47070000  3
6346  1  48.07240000  33.64580000  13.59850000  3
6347  1  46.40980000  45.49810000  20.08490000  2
6348  1  36.22070000  20.01230000  23.89240000  3
6349  1  34.58120000  47.28090000  4.01207000  3
6350  1  24.12260000  38.77050000  16.24740000  3
6351  1  46.53550000  50.74530000  29.59950000  3
6352  1  6.59328000  41.62270000  5.11696000  3
6353  1  41.44460000  13.33600000  3.27959000  3
6354  1  50.12350000  37.48220000  43.78570000  3
6355  1  10.26590000  6.74692000  35.96580000  3
6356  1  38.34910000  27.59150000  8.70362000  3
6357  1  36.92520000  37.76040000  6.89296000  3
6358  1  8.84927000  22.06730000  12.55050000  3
6359  1  13.38910000  45.77950000  24.54550000  3
6360  1  23.55530000  18.90030000  43.90410000  3
6361  1  48.27860000  26.29190000  25.35050000  3
6362  1  44.99390000  4.66990000  18.31690000  3
6363  1  2.18813000  16.62130000  27.04760000  3
6364  1  22.48650000  42.06190000  11.57800000  4
6365  1  43.66400000  23.25560000  5.63195000  3
6366  1  38.60050000  47.69310000  13.70350000  3
6367  1  44.08070000  47.73840000  29.94760000  3
6368  1  40.14850000  15.16440000  46.39310000  3
6369  1  24.22710000  24.70700000  9.54215000  3
6370  1  13.83450000  13.71080000  27.10310000  3
6371  1  36.57230000  16.39120000  38.43480000  3
6372  1  35.70230000  34.14620000  46.06760000  3
6373  1  45.36950000  21.80990000  4.94047000  3
6374  1  25.75310000  5.03114000  33.91330000  3
6375  1  3.63549000  2.37720000  32.60230000  3
6376  1  10.60270000  50.99540000  35.50070000  3
6377  1  43.25560000  20.71280000  14.48660000  3
6378  1  18.57820000  40.40580000  28.04790000  3
6379  1  50.93380000  29.33150000  28.20530000  3
6380  1  28.56000000  24.77110000  17.55990000  3
6381  1  34.53690000  19.24660000  22.58350000  3
6382  1  13.36940000  26.44960000  29.79920000  3
6383  1  17.08120000  41.59680000  44.32370000  3
6384  1  44.47890000  18.66590000  41.25870000  3
6385  1  5.17372000  47.94270000  29.91330000  3
6386  1  21.24400000  32.85500000  49.61870000  3
6387  1  3.87549000  21.35910000  40.35490000  3
6388  1  25.31400000  28.16550000  42.23580000  3
6389  1  19.93180000  46.05650000  18.88340000  3
6390  1  35.58740000  26.02450000  5.81880000  3
6391  1  14.25920000  3.50910000  44.12200000  3
6392  1  18.43420000  2.94877000  21.07600000  3
6393  1  37.06810000  34.83410000  16.09560000  3
6394  1  50.05150000  23.35530000  46.55720000  3
6395  1  11.38150000  20.43250000  22.41370000  3
6396  1  26.98660000  9.94773000  16.88740000  3
6397  1  23.72770000  33.12130000  50.02880000  3
6398  1  22.32520000  1.54442000  15.35070000  3
6399  1  10.31000000  32.42400000  1.48261000  3
6400  1  5.44370000  16.77680000  47.67590000  3
6401  1  6.05304000  43.60880000  3.72954000  3
6402  1  20.04490000  8.84925000  20.57330000  3
6403  1  31.17460000  40.90990000  30.86270000  3
6404  1  15.94460000  28.64480000  9.56899000  3
6405  1  40.13280000  34.98710000  39.62340000  3
6406  1  17.65720000  45.50140000  18.04970000  3
6407  1  30.53860000  9.46696000  34.92450000  3
6408  1  18.29280000  32.57350000  17.38060000  3
6409  1  38.73100000  39.44950000  29.40230000  3
6410  1  31.74590000  14.86630000  2.25650000  3
6411  1  37.68380000  45.74610000  2.83005000  3
6412  1  22.89830000  30.20300000  17.55190000  3
6413  1  28.38450000  46.65470000  43.35920000  3
6414  1  24.24310000  13.55360000  27.39170000  3
6415  1  38.93150000  30.82160000  34.47390000  2
6416  1  27.94250000  36.39090000  2.58447000  3
6417  1  25.30300000  22.03690000  2.50384000  3
6418  1  11.68530000  35.83280000  16.69320000  3
6419  1  17.99780000  47.65750000  24.05610000  3
6420  1  38.77740000  3.66099000  13.35940000  3
6421  1  23.05860000  24.54250000  41.73430000  3
6422  1  45.43250000  9.62829000  35.38400000  3
6423  1  37.94130000  30.93610000  35.42230000  3
6424  1  29.23370000  15.87070000  43.30850000  3
6425  1  50.75350000  6.91584000  3.14604000  3
6426  1  49.39900000  17.45970000  35.81930000  3
6427  1  28.94830000  29.45680000  10.33370000  3
6428  1  15.79250000  25.90130000  50.81580000  3
6429  1  45.96920000  47.79690000  14.82600000  3
6430  1  43.83160000  15.02300000  35.04880000  3
6431  1  13.53330000  10.78290000  50.83380000  3
6432  1  10.30120000  42.25730000  29.51040000  3
6433  1  0.69335600  24.09670000  18.22190000  3
6434  1  43.62240000  35.95360000  6.71379000  3
6435  1  43.69740000  39.07910000  34.16430000  3
6436  1  49.64270000  18.11650000  40.81180000  3
6437  1  9.37475000  7.63458000  44.23510000  3
6438  1  0.24410200  10.68660000  36.83790000  3
6439  1  49.35850000  5.91962000  25.22560000  3
6440  1  23.90810000  30.58150000  18.43990000  3
6441  1  7.17433000  8.79290000  9.85672000  3
6442  1  12.28550000  41.01600000  50.52870000  3
6443  1  43.68290000  40.79220000  16.55780000  3
6444  1  19.47600000  40.46820000  9.73343000  3
6445  1  50.35670000  24.38130000  17.94420000  3
6446  1  8.90095000  16.05780000  37.00280000  3
6447  1  49.61820000  40.34900000  30.47680000  3
6448  1  45.87430000  26.81340000  26.51320000  3
6449  1  12.01240000  20.75770000  24.88140000  2
6450  1  12.41850000  5.61282000  14.04940000  3
6451  1  49.96460000  3.18921000  3.40627000  3
6452  1  7.47233000  48.33770000  23.73770000  3
6453  1  22.16270000  18.47200000  43.61600000  3
6454  1  19.62890000  45.08740000  16.61020000  3
6455  1  49.68790000  41.71210000  32.40680000  3
6456  1  24.53160000  39.80200000  11.60150000  3
6457  1  0.68569200  1.54929000  9.42929000  2
6458  1  15.46600000  48.96890000  11.80820000  3
6459  1  7.73386000  45.17050000  3.02285000  3
6460  1  16.26710000  15.02630000  33.27300000  3
6461  1  31.83280000  32.30070000  5.21005000  3
6462  1  47.51430000  18.32190000  45.85690000  3
6463  1  7.89747000  24.31650000  39.72370000  3
6464  1  27.99600000  44.59470000  7.35831000  3
6465  1  26.63630000  5.53107000  12.42110000  3
6466  1  10.31130000  2.07232000  23.63220000  3
6467  1  48.05520000  21.33470000  10.39740000  3
6468  1  50.65360000  20.66140000  40.39040000  3
6469  1  32.08330000  28.88750000  29.20170000  3
6470  1  26.49770000  30.49660000  23.60760000  3
6471  1  32.51790000  32.84740000  8.84923000  3
6472  1  9.00247000  24.41400000  23.85620000  3
6473  1  28.33550000  8.52942000  34.15690000  3
6474  1  43.14680000  29.09970000  8.76366000  3
6475  1  5.32525000  44.33980000  43.32020000  3
6476  1  19.14940000  28.56340000  12.05460000  3
6477  1  29.09730000  17.04920000  42.48720000  3
6478  1  4.91531000  35.56690000  12.86770000  3
6479  1  17.18660000  23.73770000  50.47280000  3
6480  1  36.88260000  4.38375000  18.43050000  3
6481  1  36.22440000  38.54900000  49.08870000  3
6482  1  37.87170000  3.49333000  12.26080000  3
6483  1  12.11500000  25.41180000  28.27110000  3
6484  1  2.12364000  9.20232000  24.41790000  3
6485  1  48.14100000  1.10277000  9.57804000  3
6486  1  5.83775000  38.57900000  14.50410000  3
6487  1  31.69480000  40.38480000  17.48540000  3
6488  1  8.84595000  20.28550000  32.87520000  3
6489  1  15.88010000  20.45910000  8.78803000  3
6490  1  12.30450000  11.79320000  17.16830000  3
6491  1  37.60110000  6.88060000  41.72200000  3
6492  1  31.48150000  46.02490000  24.23110000  3
6493  1  46.68990000  9.35075000  35.83920000  3
6494  1  2.47897000  22.53470000  18.04000000  3
6495  1  44.79990000  19.23590000  10.63590000  3
6496  1  15.24790000  14.40870000  47.10690000  3
6497  1  38.84050000  46.69990000  12.72890000  3
6498  1  32.32580000  32.92800000  6.38075000  3
6499  1  41.14860000  5.00128000  35.06060000  3
6500  1  18.21040000  24.74950000  19.11940000  3
6501  1  45.19350000  36.81720000  50.49740000  3
6502  1  28.98280000  40.25910000  40.66550000  3
6503  1  38.77140000  15.04310000  19.20920000  3
6504  1  13.68770000  11.77670000  48.53330000  3
6505  1  0.62490300  8.79295000  15.49030000  3
6506  1  43.63380000  39.82770000  10.35300000  3
6507  1  17.70350000  23.76570000  18.27730000  3
6508  1  16.96630000  2.62976000  48.77160000  3
6509  1  41.17930000  11.24890000  49.86980000  3
6510  1  19.56970000  10.47910000  1.85493000  3
6511  1  47.44970000  22.76610000  47.86340000  3
6512  1  50.92380000  29.22250000  22.71840000  3
6513  1  33.41070000  47.56560000  9.78162000  3
6514  1  9.62191000  31.21620000  40.57940000  3
6515  1  38.35470000  34.93860000  22.37230000  3
6516  1  24.28390000  37.46750000  22.27320000  3
6517  1  31.89900000  41.07890000  33.15500000  3
6518  1  4.47554000  36.68420000  40.69980000  3
6519  1  2.03984000  1.99747000  9.10622000  3
6520  1  21.87360000  37.27310000  12.00480000  3
6521  1  28.86680000  44.59330000  22.08690000  3
6522  1  24.46720000  4.70698000  2.03719000  3
6523  1  48.81880000  26.51910000  12.85390000  3
6524  1  44.02270000  43.98310000  12.36680000  3
6525  1  38.97660000  26.87480000  21.13680000  3
6526  1  2.11677000  42.06620000  10.82580000  3
6527  1  8.51520000  46.79600000  15.19190000  3
6528  1  22.12440000  15.52360000  2.38693000  2
6529  1  9.33759000  11.67100000  4.46566000  3
6530  1  36.30370000  26.18510000  47.64180000  3
6531  1  22.72400000  32.55620000  8.15139000  3
6532  1  49.52480000  12.36690000  36.39080000  3
6533  1  13.66910000  35.78380000  35.61400000  3
6534  1  6.54573000  29.38560000  12.85550000  3
6535  1  21.14910000  43.06720000  0.37943500  3
6536  1  2.56480000  43.60470000  19.46210000  3
6537  1  8.75780000  40.24560000  50.03840000  3
6538  1  38.57520000  10.31450000  30.16110000  3
6539  1  18.38480000  2.13236000  42.66860000  3
6540  1  11.69800000  18.84710000  18.98360000  3
6541  1  0.90156500  49.29170000  15.22970000  3
6542  1  38.53890000  34.54220000  46.03220000  3
6543  1  25.63300000  4.33971000  21.88010000  3
6544  1  49.18840000  32.13520000  1.89610000  3
6545  1  5.79352000  24.00570000  31.30430000  3
6546  1  27.57850000  1.39095000  12.79180000  3
6547  1  31.66880000  13.37960000  8.54799000  3
6548  1  43.64530000  50.51280000  48.80170000  3
6549  1  48.77910000  29.51340000  21.71990000  3
6550  1  31.49630000  8.15964000  9.80603000  3
6551  1  37.97240000  17.55650000  28.60290000  3
6552  1  10.26350000  11.35630000  19.15340000  3
6553  1  43.07660000  7.64634000  27.80030000  3
6554  1  19.18100000  38.02270000  29.49770000  2
6555  1  35.16690000  31.60520000  28.10490000  3
6556  1  36.91100000  44.53590000  25.39350000  3
6557  1  49.23860000  38.94200000  42.23730000  3
6558  1  19.94950000  8.69647000  17.01370000  3
6559  1  3.45497000  10.81450000  3.57017000  3
6560  1  35.96670000  24.28660000  43.69030000  3
6561  1  34.90160000  3.82715000  47.38150000  3
6562  1  24.67320000  38.07610000  19.93630000  3
6563  1  42.42540000  15.35620000  34.87920000  3
6564  1  37.84650000  34.68290000  40.30970000  3
6565  1  25.58390000  20.28700000  22.21170000  3
6566  1  9.42838000  2.07364000  43.38060000  3
6567  1  37.33000000  26.20810000  48.74310000  3
6568  1  8.55538000  37.95810000  17.13730000  3
6569  1  9.83182000  12.11290000  42.07140000  2
6570  1  23.31580000  36.83310000  42.71790000  3
6571  1  33.43000000  18.50180000  22.31630000  3
6572  1  39.69310000  5.96786000  20.40150000  3
6573  1  31.05860000  39.13730000  19.47990000  3
6574  1  16.11050000  47.67280000  47.02940000  3
6575  1  30.57520000  21.86640000  24.38140000  3
6576  1  28.67310000  19.11840000  12.37670000  2
6577  1  35.69740000  39.85980000  31.36130000  3
6578  1  4.54774000  42.33600000  11.24550000  3
6579  1  2.12392000  9.88345000  1.69553000  3
6580  1  49.36860000  6.10728000  40.43200000  2
6581  1  19.69100000  23.49740000  4.44516000  3
6582  1  40.31510000  11.53850000  21.29130000  3
6583  1  38.70860000  43.18120000  40.43020000  3
6584  1  37.35060000  18.91670000  1.84179000  3
6585  1  48.86070000  47.28910000  44.40960000  3
6586  1  29.73680000  23.93610000  48.32120000  3
6587  1  10.06720000  1.20295000  22.43140000  3
6588  1  41.71650000  6.80341000  14.95510000  3
6589  1  1.67556000  0.64777100  18.02020000  2
6590  1  16.88590000  7.20993000  21.31050000  3
6591  1  42.31580000  50.28740000  12.00050000  3
6592  1  32.27450000  44.18180000  18.04640000  3
6593  1  20.56780000  34.64250000  15.13830000  3
6594  1  19.46630000  12.18230000  41.52480000  3
6595  1  9.77817000  39.12320000  30.56180000  3
6596  1  1.98673000  26.54640000  4.55784000  3
6597  1  8.64585000  27.53880000  47.98630000  3
6598  1  2.45067000  50.96620000  24.00450000  3
6599  1  6.92789000  50.30940000  3.62554000  3
6600  1  37.83350000  45.22600000  10.99530000  3
6601  1  23.16270000  28.45110000  45.69790000  3
6602  1  37.64670000  8.92167000  15.94600000  3
6603  1  0.09440200  21.55570000  44.70180000  3
6604  1  47.82200000  4.91446000  9.45298000  3
6605  1  3.38976000  12.84510000  15.19130000  3
6606  1  27.44920000  33.31210000  34.39430000  3
6607  1  3.51615000  41.56330000  10.71230000  3
6608  1  22.88800000  0.83628900  37.50840000  3
6609  1  38.98310000  28.35340000  34.24520000  3
6610  1  15.01490000  28.20060000  50.80340000  3
6611  1  4.56625000  31.53720000  4.65324000  3
6612  1  5.03577000  49.02260000  41.09030000  3
6613  1  25.38270000  15.80850000  39.19800000  3
6614  1  50.49540000  47.22340000  39.62340000  3
6615  1  39.02610000  44.48300000  10.98990000  3
6616  1  28.66730000  11.20070000  49.75720000  3
6617  1  25.89130000  34.34280000  0.35335500  3
6618  1  21.97380000  4.01863000  31.87810000  3
6619  1  50.77280000  28.78160000  5.86937000  3
6620  1  49.06020000  7.99923000  44.94870000  3
6621  1  12.96110000  50.87130000  31.71630000  3
6622  1  7.56597000  6.73533000  26.14420000  3
6623  1  50.33250000  15.43280000  23.32810000  3
6624  1  10.05910000  26.31870000  22.09290000  3
6625  1  45.33400000  40.48670000  12.04000000  3
6626  1  32.49180000  32.27430000  14.89220000  3
6627  1  12.68040000  36.80410000  35.61670000  3
6628  1  49.93610000  37.60740000  42.31600000  4
6629  1  35.44360000  14.46800000  39.66420000  3
6630  1  0.87412600  3.02091000  39.94060000  3
6631  1  50.85100000  11.51720000  44.35420000  3
6632  1  38.79320000  43.16650000  10.47690000  3
6633  1  4.81384000  26.36730000  4.26058000  3
6634  1  29.79470000  6.66453000  45.13070000  3
6635  1  40.27720000  45.05370000  28.08800000  3
6636  1  30.50470000  11.29190000  38.14960000  3
6637  1  38.18550000  40.54720000  15.29730000  2
6638  1  18.67720000  3.31469000  11.91780000  2
6639  1  5.89624000  37.47400000  0.47712100  3
6640  1  42.54280000  35.58290000  46.86260000  3
6641  1  18.07100000  23.03050000  20.89940000  3
6642  1  16.69670000  33.53420000  6.12515000  3
6643  1  41.05660000  30.91790000  24.51500000  2
6644  1  33.47940000  7.86074000  13.07060000  3
6645  1  50.52290000  27.33190000  5.67373000  3
6646  1  45.45250000  43.68330000  22.05300000  3
6647  1  7.19657000  20.79440000  10.78500000  3
6648  1  7.91143000  48.67970000  2.04824000  3
6649  1  43.41900000  26.65000000  24.82930000  3
6650  1  12.39420000  31.91290000  8.27906000  3
6651  1  32.36100000  48.56120000  10.10000000  3
6652  1  34.26890000  6.24567000  33.64160000  3
6653  1  43.45640000  40.56450000  22.81850000  3
6654  1  20.58010000  43.24480000  2.73187000  3
6655  1  34.47650000  7.62886000  15.94030000  4
6656  1  33.01210000  13.39880000  8.10008000  3
6657  1  5.92812000  36.68910000  33.07150000  2
6658  1  19.05290000  36.23460000  41.12960000  3
6659  1  15.99870000  35.13340000  13.71000000  3
6660  1  7.02671000  24.46150000  22.34040000  3
6661  1  33.69650000  45.79280000  19.32660000  3
6662  1  26.93510000  45.03240000  8.19574000  3
6663  1  32.67170000  24.81470000  22.26500000  3
6664  1  13.96220000  46.18890000  20.89200000  3
6665  1  11.36630000  0.21309700  36.61890000  3
6666  1  29.28840000  48.61900000  0.78973500  3
6667  1  34.20530000  27.93930000  26.07730000  3
6668  1  32.71690000  20.12260000  47.13520000  3
6669  1  30.09830000  0.82143500  18.52200000  3
6670  1  39.54740000  18.82230000  3.04247000  3
6671  1  4.14462000  23.65430000  50.22210000  3
6672  1  5.84900000  34.47850000  12.70010000  3
6673  1  37.69220000  35.51100000  45.36390000  3
6674  1  35.43300000  36.80820000  30.56600000  3
6675  1  35.53280000  28.73780000  47.72760000  3
6676  1  4.64939000  21.14380000  19.23250000  3
6677  1  48.97020000  3.91391000  46.08060000  3
6678  1  30.49630000  23.16610000  12.26930000  3
6679  1  17.39130000  14.20580000  48.20850000  3
6680  1  13.02050000  19.43470000  11.83410000  3
6681  1  28.89640000  48.07480000  50.52430000  3
6682  1  37.76800000  20.17940000  41.97830000  3
6683  1  5.92349000  40.18240000  11.27250000  3
6684  1  14.30660000  26.65470000  1.62894000  3
6685  1  6.39182000  46.27150000  13.34790000  3
6686  1  39.55510000  23.05590000  49.14140000  3
6687  1  23.72890000  11.98370000  23.34130000  3
6688  1  4.52162000  19.59880000  28.97920000  3
6689  1  41.72210000  5.37455000  28.59920000  3
6690  1  13.56480000  15.18160000  1.29640000  3
6691  1  35.81790000  18.28040000  29.52420000  3
6692  1  43.34520000  23.87540000  18.19970000  3
6693  1  11.70260000  15.96780000  43.78380000  3
6694  1  50.07590000  25.38410000  47.91230000  3
6695  1  26.16130000  41.72910000  21.16370000  3
6696  1  25.04410000  25.81590000  7.31243000  3
6697  1  27.28410000  12.67330000  46.15440000  2
6698  1  1.59319000  2.49072000  41.07150000  3
6699  1  40.67270000  20.42410000  25.61600000  3
6700  1  35.22790000  26.45870000  16.24060000  3
6701  1  28.36000000  11.81370000  46.07210000  3
6702  1  21.70900000  2.68872000  15.92430000  3
6703  1  13.06740000  26.15870000  25.48800000  3
6704  1  16.45990000  46.83110000  9.01176000  3
6705  1  24.03260000  15.80510000  30.30970000  3
6706  1  35.29650000  8.06989000  14.70010000  3
6707  1  25.36960000  32.62950000  35.35540000  3
6708  1  12.88860000  18.03710000  42.33020000  3
6709  1  46.93160000  47.75870000  47.50640000  3
6710  1  21.58400000  20.39350000  14.48830000  3
6711  1  19.46220000  26.87370000  19.44750000  3
6712  1  31.98260000  38.89030000  14.07470000  3
6713  1  34.85910000  21.67610000  1.41126000  3
6714  1  19.64870000  42.31860000  10.96790000  3
6715  1  9.55685000  42.43830000  45.56820000  3
6716  1  11.88560000  12.25600000  39.37460000  3
6717  1  47.21700000  31.16880000  7.12011000  3
6718  1  9.31826000  47.01620000  36.83970000  3
6719  1  39.21030000  7.87779000  30.35280000  3
6720  1  14.96830000  34.88270000  5.15088000  3
6721  1  13.21430000  44.33490000  13.89190000  3
6722  1  3.80859000  22.30980000  50.50710000  3
6723  1  20.91180000  7.19755000  6.64404000  3
6724  1  27.15580000  17.44840000  50.68320000  3
6725  1  30.96790000  20.41770000  39.49240000  3
6726  1  30.94070000  22.21160000  31.13270000  3
6727  1  41.67790000  44.19340000  11.46310000  3
6728  1  19.04730000  33.52100000  5.23177000  3
6729  1  0.45307100  3.94191000  37.55540000  3
6730  1  43.28640000  22.35420000  49.00330000  3
6731  1  47.40380000  24.74550000  20.46990000  3
6732  1  50.93790000  26.55650000  11.22390000  3
6733  1  45.89900000  31.33360000  20.18010000  3
6734  1  12.82590000  16.74440000  6.70110000  3
6735  1  1.39322000  6.75918000  36.71260000  3
6736  1  22.80450000  26.94930000  27.88330000  3
6737  1  48.74060000  14.22190000  27.79060000  3
6738  1  32.87860000  19.04120000  31.81040000  3
6739  1  38.20700000  14.80570000  11.29160000  3
6740  1  36.19940000  34.54160000  14.86410000  3
6741  1  0.77915500  35.47580000  47.81880000  3
6742  1  30.70640000  15.08350000  36.05600000  3
6743  1  46.74440000  50.63800000  10.92170000  3
6744  1  44.73340000  16.08770000  35.14770000  3
6745  1  34.62340000  44.08600000  21.05660000  3
6746  1  9.04185000  20.83930000  40.47540000  3
6747  1  11.91210000  43.96640000  40.44940000  3
6748  1  7.27693000  0.38068900  29.05420000  2
6749  1  41.06110000  24.06320000  34.32300000  3
6750  1  34.18300000  19.68610000  0.18235900  3
6751  1  27.74070000  21.75960000  38.30070000  3
6752  1  44.80350000  7.02205000  42.27660000  3
6753  1  31.94750000  41.75490000  15.38870000  3
6754  1  27.71320000  6.32443000  34.78840000  3
6755  1  6.32377000  28.81510000  4.22436000  3
6756  1  3.45158000  41.58520000  46.94370000  3
6757  1  30.85770000  13.04550000  48.99180000  3
6758  1  2.09059000  35.47980000  8.53084000  3
6759  1  20.90890000  2.66270000  28.44660000  3
6760  1  40.06200000  36.60170000  22.93410000  3
6761  1  8.80947000  45.95340000  14.07810000  3
6762  1  22.72580000  49.86250000  20.42370000  3
6763  1  18.90930000  22.98460000  0.94937700  3
6764  1  25.41780000  19.29780000  50.81430000  3
6765  1  28.73730000  15.80770000  37.34600000  3
6766  1  9.63598000  33.61690000  12.05560000  3
6767  1  11.22990000  48.94860000  39.53460000  3
6768  1  46.85100000  3.30883000  11.01830000  3
6769  1  33.45680000  29.03780000  46.58440000  3
6770  1  9.17692000  11.75920000  30.04950000  3
6771  1  13.07890000  25.56510000  9.64776000  3
6772  1  20.69580000  46.35750000  9.14043000  3
6773  1  49.45320000  27.77750000  37.28980000  3
6774  1  17.20270000  45.69390000  27.16970000  3
6775  1  31.78800000  36.73290000  46.62760000  3
6776  1  9.86069000  31.44020000  34.65990000  2
6777  1  19.01110000  31.44620000  8.39074000  3
6778  1  9.66992000  9.71781000  36.87470000  3
6779  1  8.73774000  23.22380000  39.91110000  3
6780  1  1.55684000  18.46440000  12.53120000  3
6781  1  41.86970000  12.17950000  50.65860000  3
6782  1  45.24260000  23.79380000  16.52070000  3
6783  1  30.70850000  29.22990000  16.25140000  3
6784  1  3.49473000  13.39710000  30.45420000  2
6785  1  5.74520000  21.61690000  30.48270000  3
6786  1  24.45800000  48.17480000  19.97880000  3
6787  1  25.01640000  40.20650000  18.00720000  3
6788  1  45.64910000  41.19820000  27.79180000  3
6789  1  42.31060000  18.52780000  19.36660000  3
6790  1  14.52610000  5.90031000  30.93370000  3
6791  1  27.34510000  1.52961000  35.74430000  3
6792  1  11.37540000  37.22320000  14.72290000  3
6793  1  20.44050000  8.28361000  4.57277000  3
6794  1  48.39180000  14.87860000  44.61960000  3
6795  1  29.57940000  49.19540000  23.22340000  3
6796  1  25.07050000  46.23340000  9.88345000  3
6797  1  23.82490000  47.26230000  0.39631200  3
6798  1  10.49420000  0.05336210  14.69240000  3
6799  1  9.57190000  16.40550000  42.63780000  3
6800  1  20.42480000  1.30697000  26.42380000  3
6801  1  44.97520000  40.09310000  7.43078000  4
6802  1  26.95490000  42.72590000  21.58520000  3
6803  1  29.88580000  15.09330000  22.54820000  3
6804  1  0.17200000  50.81020000  36.70070000  2
6805  1  30.22940000  6.60215000  13.01000000  2
6806  1  1.42747000  15.46680000  36.63350000  3
6807  1  15.03340000  44.34890000  6.73981000  3
6808  1  6.14120000  8.07882000  36.43520000  3
6809  1  37.50050000  32.41600000  40.25320000  3
6810  1  35.54690000  34.79340000  9.81952000  3
6811  1  19.35580000  1.17962000  32.77800000  3
6812  1  50.73980000  21.77840000  22.40610000  3
6813  1  48.01690000  50.81320000  15.94010000  3
6814  1  43.08770000  0.18009500  16.98540000  3
6815  1  22.43440000  27.91010000  27.00440000  3
6816  1  47.97790000  26.84560000  50.65460000  3
6817  1  11.53440000  46.23220000  32.59900000  3
6818  1  35.65490000  37.46800000  6.34833000  3
6819  1  36.14020000  21.05890000  1.64553000  3
6820  1  1.19324000  36.31900000  9.29172000  3
6821  1  9.38402000  18.66100000  28.19260000  3
6822  1  19.62620000  25.91800000  23.75010000  3
6823  1  50.00060000  42.53440000  15.46390000  3
6824  1  10.35750000  5.39954000  35.56210000  3
6825  1  22.71590000  46.87650000  46.50350000  3
6826  1  33.96020000  34.37590000  7.44653000  3
6827  1  45.38330000  41.05900000  6.31649000  3
6828  1  47.80560000  29.78210000  27.76500000  3
6829  1  46.50500000  14.41910000  35.55710000  3
6830  1  3.52576000  32.25880000  5.41041000  3
6831  1  20.25530000  1.55540000  27.87240000  3
6832  1  41.22190000  43.07360000  43.98160000  3
6833  1  15.33980000  12.62150000  33.02860000  3
6834  1  11.17340000  19.60210000  16.58110000  3
6835  1  33.20730000  7.08487000  15.38790000  3
6836  1  41.14000000  39.96490000  49.03950000  3
6837  1  46.79040000  33.95960000  3.94925000  3
6838  1  42.61150000  37.56800000  4.61879000  3
6839  1  21.33240000  46.17390000  18.74350000  3
6840  1  41.13120000  37.22420000  40.04640000  3
6841  1  21.58600000  35.26500000  33.84870000  3
6842  1  31.55440000  5.15421000  15.26260000  3
6843  1  7.19056000  34.67750000  12.40210000  2
6844  1  42.45980000  27.29790000  0.22830100  3
6845  1  35.85760000  6.23542000  8.81535000  3
6846  1  45.93360000  38.03000000  32.91350000  3
6847  1  30.62820000  5.30455000  19.42710000  3
6848  1  34.07470000  7.41614000  10.72440000  3
6849  1  48.85190000  39.94150000  50.30290000  3
6850  1  18.97310000  23.61250000  3.21632000  3
6851  1  41.73340000  38.35580000  44.46390000  3
6852  1  12.05020000  22.86120000  29.62650000  3
6853  1  8.28429000  22.27040000  25.11620000  3
6854  1  13.35170000  7.86728000  27.99360000  3
6855  1  28.22260000  39.27120000  28.19660000  3
6856  1  36.68510000  17.75470000  38.04670000  3
6857  1  41.12300000  18.16980000  20.15480000  3
6858  1  39.39280000  17.36880000  3.00585000  3
6859  1  14.55480000  24.44000000  31.87650000  3
6860  1  14.69500000  14.24470000  1.75379000  3
6861  1  39.11210000  50.61560000  8.48977000  3
6862  1  13.89300000  28.64580000  16.40110000  3
6863  1  47.71790000  49.94870000  47.36420000  3
6864  1  6.46453000  45.07340000  42.79250000  3
6865  1  12.68670000  14.46980000  16.18570000  3
6866  1  28.06500000  12.17520000  13.37960000  3
6867  1  48.25440000  50.69760000  1.62644000  3
6868  1  34.63950000  7.40266000  7.01759000  3
6869  1  27.30910000  29.41160000  43.03780000  3
6870  1  2.89401000  36.68320000  13.74950000  3
6871  1  45.62410000  35.02070000  13.16800000  3
6872  1  15.45820000  14.26310000  49.75220000  3
6873  1  49.70900000  44.21310000  37.88470000  2
6874  1  23.89430000  22.29560000  32.07730000  3
6875  1  40.92060000  7.14163000  40.37610000  3
6876  1  15.05050000  41.42940000  39.26400000  3
6877  1  13.47250000  46.88190000  37.51930000  3
6878  1  17.70340000  36.50560000  36.43510000  3
6879  1  17.68480000  11.99650000  1.53311000  3
6880  1  34.13680000  6.16179000  21.42630000  3
6881  1  8.16583000  7.21976000  2.25872000  2
6882  1  10.64020000  15.16490000  31.36960000  3
6883  1  39.05800000  13.46650000  36.65610000  3
6884  1  20.82160000  37.37660000  33.39160000  3
6885  1  3.79437000  41.43020000  15.99160000  3
6886  1  27.54650000  24.58120000  31.11590000  3
6887  1  20.85250000  42.81140000  50.07750000  3
6888  1  42.10660000  12.30660000  16.63080000  3
6889  1  26.74210000  0.08063210  1.79413000  3
6890  1  33.69440000  24.87320000  3.89806000  3
6891  1  15.74210000  31.25340000  39.64950000  3
6892  1  45.85930000  31.51600000  7.55528000  3
6893  1  40.61250000  48.99440000  6.67235000  3
6894  1  14.88630000  40.52870000  2.07529000  3
6895  1  7.93830000  20.44490000  6.54030000  3
6896  1  28.01050000  9.76289000  30.87370000  3
6897  1  44.40820000  33.59790000  1.86388000  3
6898  1  23.86630000  29.37830000  36.96480000  3
6899  1  35.04750000  50.05190000  41.77060000  3
6900  1  43.99140000  41.55570000  40.01590000  3
6901  1  14.25900000  6.51943000  43.26820000  3
6902  1  20.72860000  26.23360000  26.06570000  3
6903  1  21.21170000  16.61690000  16.94360000  3
6904  1  38.99150000  36.55420000  26.93400000  3
6905  1  18.53770000  2.87126000  4.44271000  3
6906  1  5.40942000  29.05950000  37.04620000  2
6907  1  11.76050000  3.22680000  28.00970000  3
6908  1  43.28690000  22.30100000  16.31350000  3
6909  1  11.54190000  18.48660000  24.13090000  3
6910  1  19.97930000  38.18950000  42.22560000  3
6911  1  39.34890000  36.34890000  20.56630000  3
6912  1  50.07760000  18.58160000  13.60090000  3
6913  1  32.27030000  23.02000000  48.38770000  3
6914  1  28.67450000  9.37597000  33.04690000  3
6915  1  30.32740000  9.48474000  45.00750000  3
6916  1  36.19860000  27.03060000  41.28520000  3
6917  1  16.41600000  32.13060000  19.03500000  3
6918  1  6.67545000  39.36120000  39.69890000  3
6919  1  19.21440000  16.35950000  4.60939000  2
6920  1  25.25550000  24.98640000  37.11050000  3
6921  1  14.44340000  1.09881000  33.36490000  3
6922  1  13.03300000  40.19450000  0.40331800  3
6923  1  39.87130000  36.08720000  11.89940000  3
6924  1  39.65920000  9.19477000  28.31040000  3
6925  1  7.10620000  11.71350000  9.97664000  3
6926  1  5.65871000  15.19050000  31.28480000  3
6927  1  7.48562000  9.01510000  27.23560000  3
6928  1  24.96590000  7.18595000  0.12840800  3
6929  1  35.63680000  14.70140000  31.86080000  3
6930  1  42.36430000  39.62510000  44.11440000  3
6931  1  5.56631000  47.05770000  45.74770000  3
6932  1  37.80580000  42.38130000  39.64100000  3
6933  1  17.98020000  48.24030000  41.71340000  3
6934  1  41.26370000  19.80420000  35.17520000  3
6935  1  35.59400000  40.30270000  39.15690000  3
6936  1  11.70300000  48.04200000  0.28431000  3
6937  1  36.98350000  34.48290000  17.55140000  3
6938  1  37.16500000  42.42460000  29.17070000  3
6939  1  14.78800000  41.63810000  43.50490000  3
6940  1  18.10040000  35.00410000  2.82514000  4
6941  1  15.20770000  35.56810000  1.78721000  3
6942  1  18.53210000  49.94870000  34.51470000  3
6943  1  8.04134000  49.52040000  3.19654000  3
6944  1  18.31830000  30.28010000  47.83890000  3
6945  1  6.18534000  23.87600000  4.56005000  3
6946  1  32.56330000  35.03060000  48.25800000  3
6947  1  23.85130000  17.65570000  32.04280000  3
6948  1  19.42000000  16.88190000  9.53690000  2
6949  1  25.29100000  37.84450000  43.84020000  3
6950  1  34.28550000  24.64360000  36.79000000  3
6951  1  14.63790000  11.88940000  23.43160000  3
6952  1  5.17296000  31.09150000  43.15070000  3
6953  1  24.90560000  39.90910000  31.66630000  3
6954  1  13.28690000  15.03970000  5.10244000  3
6955  1  40.22450000  9.52615000  22.51540000  3
6956  1  28.28460000  0.29400400  12.25790000  3
6957  1  26.71890000  37.80940000  44.14240000  3
6958  1  37.10100000  44.71300000  36.58370000  3
6959  1  33.49780000  14.91120000  41.01770000  3
6960  1  4.17223000  31.32560000  44.14580000  3
6961  1  1.35585000  40.04060000  9.61622000  3
6962  1  2.29280000  50.73000000  5.48291000  3
6963  1  31.02340000  21.34820000  25.60010000  3
6964  1  33.02530000  41.99560000  4.61899000  3
6965  1  27.04290000  33.03280000  24.84770000  3
6966  1  30.35300000  20.20640000  26.12550000  3
6967  1  29.51030000  4.76364000  18.76140000  3
6968  1  42.17760000  45.39470000  8.08102000  3
6969  1  34.64450000  33.96230000  12.42150000  3
6970  1  42.74140000  2.59994000  32.22690000  3
6971  1  5.97675000  48.02800000  28.69760000  3
6972  1  37.69140000  38.61760000  49.00920000  3
6973  1  35.57170000  45.44790000  7.57761000  3
6974  1  2.29375000  31.33330000  10.76280000  3
6975  1  23.44150000  41.10140000  33.29680000  3
6976  1  14.03510000  30.40650000  24.84380000  3
6977  1  1.50893000  40.56890000  48.49760000  3
6978  1  29.72730000  22.71220000  21.73640000  3
6979  1  24.64440000  18.07250000  44.41740000  3
6980  1  20.07550000  15.75560000  38.27560000  3
6981  1  29.16980000  8.64265000  29.09910000  3
6982  1  4.98813000  13.29860000  13.30680000  3
6983  1  20.24940000  8.22249000  5.94575000  3
6984  1  0.18833100  49.77590000  6.30889000  3
6985  1  35.15550000  8.55541000  1.87306000  3
6986  1  8.64638000  20.39470000  26.71790000  3
6987  1  47.05760000  8.39742000  10.65720000  3
6988  1  41.73840000  30.24670000  10.47890000  3
6989  1  12.80220000  48.66970000  2.55452000  2
6990  1  49.10940000  41.03380000  49.45510000  3
6991  1  22.43700000  22.62180000  37.23550000  3
6992  1  25.86050000  22.21560000  3.83954000  3
6993  1  25.32890000  44.73140000  6.39645000  3
6994  1  37.15320000  0.75708800  32.83580000  3
6995  1  19.99670000  47.46140000  20.92110000  3
6996  1  8.61897000  9.90913000  20.20380000  3
6997  1  44.04380000  14.05340000  14.12420000  3
6998  1  11.31380000  49.94210000  8.54848000  3
6999  1  25.52870000  10.78560000  25.30340000  3
7000  1  43.63530000  46.37390000  13.91660000  3
7001  1  7.83677000  6.52748000  35.63070000  3
7002  1  43.57120000  2.59256000  13.59340000  3
7003  1  35.96240000  45.72810000  22.40490000  3
7004  1  25.75820000  42.81910000  19.03900000  3
7005  1  14.45570000  33.28360000  0.24989000  3
7006  1  28.90190000  11.73020000  48.48310000  3
7007  1  50.09590000  19.05260000  5.57369000  3
7008  1  49.85340000  15.62610000  11.19540000  3
7009  1  31.24300000  37.17310000  7.73523000  3
7010  1  3.31003000  22.47470000  34.93400000  3
7011  1  4.34854000  34.19890000  4.47452000  3
7012  1  2.64321000  25.38080000  3.90249000  3
7013  1  3.68955000  35.43680000  13.49610000  3
7014  1  3.79004000  16.13140000  36.79390000  3
7015  1  23.19690000  15.01460000  24.28780000  3
7016  1  16.36330000  26.32580000  24.04280000  2
7017  1  0.09610310  4.35836000  24.38590000  3
7018  1  24.22090000  4.47300000  45.64220000  3
7019  1  34.95190000  43.53740000  22.30150000  3
7020  1  36.19380000  39.24950000  18.26850000  2
7021  1  34.34390000  34.13950000  9.90159000  3
7022  1  22.44520000  13.99190000  22.12350000  3
7023  1  11.14840000  11.69360000  38.28610000  3
7024  1  37.81050000  7.72287000  32.72780000  3
7025  1  33.31310000  13.64820000  6.71798000  3
7026  1  44.34630000  24.64930000  39.26290000  3
7027  1  10.52290000  19.99260000  14.28510000  3
7028  1  39.86290000  9.00751000  1.24453000  3
7029  1  32.59560000  44.45000000  46.17810000  3
7030  1  22.75790000  2.80291000  34.34980000  3
7031  1  15.85710000  13.65810000  33.75170000  3
7032  1  1.23370000  7.00761000  13.96350000  3
7033  1  23.52030000  3.40979000  46.15920000  3
7034  1  5.57757000  27.42470000  40.99210000  3
7035  1  16.37050000  22.21100000  11.40370000  4
7036  1  35.99070000  5.99872000  10.19040000  3
7037  1  48.99340000  0.12439300  28.51280000  3
7038  1  10.42440000  23.78270000  5.21711000  3
7039  1  36.91690000  46.56730000  40.64820000  3
7040  1  34.36290000  34.56310000  30.23400000  3
7041  1  50.01450000  43.16160000  37.21160000  3
7042  1  1.95602000  9.02443000  36.88230000  3
7043  1  41.72770000  15.02510000  18.22570000  3
7044  1  30.95020000  23.39740000  30.25720000  3
7045  1  35.31810000  30.26030000  26.04120000  3
7046  1  9.28574000  45.81780000  37.63620000  3
7047  1  10.70040000  18.75160000  41.53630000  3
7048  1  33.83000000  3.33652000  34.38680000  3
7049  1  9.78613000  41.53080000  48.34470000  3
7050  1  16.87460000  5.56793000  33.50030000  2
7051  1  10.68530000  47.38680000  30.71020000  3
7052  1  2.40906000  47.65380000  14.16760000  3
7053  1  14.59770000  11.21170000  31.39190000  3
7054  1  1.66171000  37.54560000  7.44263000  3
7055  1  9.30796000  22.74270000  27.13930000  3
7056  1  37.99960000  7.09456000  3.87367000  3
7057  1  6.61770000  50.64580000  42.28490000  3
7058  1  16.41100000  27.03410000  39.16390000  3
7059  1  39.44730000  6.55541000  28.31800000  3
7060  1  13.58090000  25.05890000  3.39655000  3
7061  1  42.13840000  46.46140000  28.95600000  3
7062  1  14.53170000  3.50663000  34.61940000  3
7063  1  46.30580000  46.32000000  30.63350000  3
7064  1  25.62870000  10.05410000  17.35950000  3
7065  1  38.37520000  19.03240000  42.36870000  3
7066  1  19.01220000  21.82350000  34.97530000  3
7067  1  30.85410000  30.79870000  43.52650000  3
7068  1  30.56830000  16.59220000  16.52560000  2
7069  1  26.83840000  26.62940000  11.67220000  3
7070  1  22.37550000  11.44520000  16.51370000  3
7071  1  5.53373000  41.98320000  37.44930000  3
7072  1  0.38775400  19.44140000  35.76250000  3
7073  1  34.41130000  39.56680000  39.60080000  3
7074  1  44.56710000  27.05990000  26.91100000  2
7075  1  24.33290000  12.87970000  13.59100000  3
7076  1  32.59330000  1.79874000  32.40060000  3
7077  1  30.27690000  37.94200000  21.45500000  3
7078  1  22.29630000  34.47890000  31.46130000  3
7079  1  8.51226000  16.40570000  27.86750000  3
7080  1  33.40660000  25.69930000  24.51240000  3
7081  1  28.09490000  38.98170000  46.13840000  3
7082  1  15.85710000  16.48520000  43.95800000  3
7083  1  16.83340000  10.91730000  44.40100000  3
7084  1  9.08730000  26.11590000  4.32749000  3
7085  1  6.81342000  6.25947000  20.72190000  3
7086  1  20.39310000  50.81980000  5.52746000  3
7087  1  20.23690000  9.49065000  2.57281000  3
7088  1  16.18210000  12.86680000  38.04090000  3
7089  1  41.47610000  19.18510000  27.45400000  3
7090  1  34.96330000  35.36670000  7.41107000  3
7091  1  25.70690000  7.27220000  10.90730000  3
7092  1  49.67680000  46.81100000  38.46840000  3
7093  1  50.60310000  12.65410000  8.22249000  3
7094  1  26.98310000  0.35431400  3.22239000  3
7095  1  44.69370000  0.33438300  12.11330000  3
7096  1  32.10620000  21.09000000  39.00280000  3
7097  1  43.72380000  42.30910000  10.42220000  3
7098  1  13.40380000  11.55560000  25.45600000  4
7099  1  46.97720000  38.19650000  38.28910000  3
7100  1  46.84840000  7.70839000  43.78160000  3
7101  1  46.53500000  3.21361000  41.99580000  3
7102  1  1.82639000  0.01349640  25.26950000  3
7103  1  49.98350000  21.13610000  45.45560000  3
7104  1  7.73911000  48.07320000  17.60570000  3
7105  1  50.25100000  25.32220000  11.29600000  3
7106  1  26.03360000  11.14940000  30.40030000  3
7107  1  10.00380000  31.19600000  2.08652000  3
7108  1  38.76370000  3.83833000  28.25670000  3
7109  1  20.77460000  40.35660000  29.20970000  3
7110  1  33.81130000  16.84370000  32.38740000  3
7111  1  27.32000000  39.53610000  32.28390000  3
7112  1  40.82760000  10.05850000  50.40260000  3
7113  1  49.58650000  29.66150000  22.85030000  3
7114  1  37.94790000  15.24360000  13.52570000  3
7115  1  18.70610000  37.49040000  10.04050000  3
7116  1  27.96610000  0.52576100  17.18330000  3
7117  1  23.04530000  30.49260000  16.23470000  3
7118  1  4.08416000  33.68780000  43.48060000  3
7119  1  1.23251000  11.82050000  44.35980000  3
7120  1  49.78560000  8.24767000  6.38223000  3
7121  1  50.28350000  36.52780000  14.78900000  3
7122  1  30.47920000  39.06200000  23.67740000  3
7123  1  40.13240000  26.41910000  7.47292000  3
7124  1  43.90530000  43.43510000  45.03050000  3
7125  1  36.41670000  28.28790000  15.35280000  3
7126  1  2.44286000  20.89200000  3.86522000  3
7127  1  24.34300000  10.69250000  23.15100000  3
7128  1  5.97721000  25.18740000  21.73620000  3
7129  1  26.33980000  22.70300000  32.33670000  3
7130  1  40.97100000  30.73400000  50.73860000  3
7131  1  23.65100000  37.43630000  15.77910000  3
7132  1  8.06917000  27.68440000  22.23810000  3
7133  1  6.74839000  31.16020000  37.10910000  2
7134  1  35.66320000  33.97810000  41.05470000  3
7135  1  1.30534000  38.02020000  2.13324000  3
7136  1  12.24860000  28.69270000  39.54530000  3
7137  1  3.21507000  4.18202000  34.62570000  3
7138  1  41.73150000  46.57670000  7.51447000  3
7139  1  15.94520000  24.18450000  46.37430000  3
7140  1  32.38480000  8.29910000  7.51948000  3
7141  1  2.15588000  23.41000000  39.43350000  3
7142  1  24.78490000  0.65182200  48.55650000  3
7143  1  14.24560000  13.13410000  29.44290000  3
7144  1  29.64410000  12.94610000  48.27970000  3
7145  1  31.91820000  32.37280000  7.64217000  3
7146  1  22.71550000  9.56179000  21.43670000  3
7147  1  20.49770000  10.17430000  20.75800000  3
7148  1  28.28630000  23.22810000  4.82571000  3
7149  1  12.70920000  20.14720000  41.01590000  3
7150  1  38.83820000  42.06510000  35.14870000  3
7151  1  47.18140000  0.12808500  38.88770000  3
7152  1  19.17650000  27.41810000  16.49150000  3
7153  1  4.01476000  25.17520000  42.05120000  2
7154  1  6.19161000  26.90410000  12.62910000  3
7155  1  20.92080000  37.07600000  30.83120000  3
7156  1  26.36780000  33.17060000  14.98490000  3
7157  1  20.06980000  14.16810000  10.14480000  3
7158  1  7.55073000  16.07830000  11.27630000  2
7159  1  6.88224000  35.27670000  41.30760000  3
7160  1  34.98190000  18.65380000  45.91760000  3
7161  1  24.82520000  11.16890000  16.94930000  3
7162  1  13.03380000  27.42380000  28.83390000  3
7163  1  2.19949000  20.83910000  16.37060000  3
7164  1  14.01550000  17.23310000  12.12430000  3
7165  1  16.18350000  41.69010000  3.82674000  3
7166  1  0.08833420  4.82575000  38.62080000  3
7167  1  1.11119000  22.82960000  17.94350000  3
7168  1  48.25470000  19.11800000  7.29910000  3
7169  1  2.70263000  20.51040000  0.81439900  3
7170  1  29.45260000  27.94090000  36.89530000  3
7171  1  1.59472000  38.54940000  6.40371000  3
7172  1  21.79440000  36.75030000  28.72610000  3
7173  1  18.13600000  3.25419000  49.33890000  3
7174  1  16.68710000  5.37275000  15.29670000  3
7175  1  18.03270000  3.75332000  13.08200000  3
7176  1  19.51200000  11.97690000  50.95220000  3
7177  1  44.29150000  14.15900000  19.88870000  3
7178  1  49.65530000  17.96130000  3.47317000  3
7179  1  45.97860000  4.52060000  42.03900000  3
7180  1  38.63070000  36.84600000  40.23760000  3
7181  1  42.78110000  20.85490000  40.73330000  3
7182  1  31.92880000  39.51170000  39.60500000  3
7183  1  36.16080000  5.87797000  39.98730000  3
7184  1  43.56260000  35.03100000  8.95062000  3
7185  1  12.99650000  29.31070000  14.33030000  3
7186  1  42.55350000  37.35160000  45.16370000  3
7187  1  12.86580000  26.14880000  39.31550000  3
7188  1  15.79720000  47.18260000  44.62180000  3
7189  1  43.01560000  17.48870000  18.55140000  3
7190  1  10.10280000  49.96540000  29.43090000  3
7191  1  3.13259000  34.77110000  43.40670000  3
7192  1  6.19779000  49.00190000  23.79780000  3
7193  1  41.98290000  7.56675000  20.99860000  3
7194  1  40.10530000  24.15800000  40.08320000  3
7195  1  13.63640000  4.73102000  23.41500000  3
7196  1  18.07210000  18.43430000  19.74710000  3
7197  1  38.87740000  35.55380000  24.70180000  3
7198  1  17.22970000  22.02360000  10.14160000  3
7199  1  19.83230000  48.86680000  11.87830000  3
7200  1  42.13690000  44.68930000  34.54050000  3
7201  1  31.84390000  43.12130000  13.27630000  3
7202  1  3.33951000  21.29030000  27.68110000  3
7203  1  23.92810000  33.22040000  32.99110000  3
7204  1  9.44960000  28.84010000  8.67283000  3
7205  1  34.85280000  19.69150000  23.87720000  3
7206  1  49.88040000  46.52830000  13.67560000  3
7207  1  20.96180000  15.49930000  5.89308000  3
7208  1  7.46582000  48.15500000  26.21430000  3
7209  1  9.17440000  33.62630000  20.49690000  3
7210  1  16.01460000  29.81630000  49.33910000  3
7211  1  38.85970000  41.01560000  49.26550000  3
7212  1  17.71540000  19.42520000  41.60630000  3
7213  1  25.42410000  43.12050000  1.51277000  3
7214  1  44.96890000  29.96740000  2.14952000  3
7215  1  44.04390000  21.27510000  48.43600000  3
7216  1  18.97610000  23.33880000  5.65416000  3
7217  1  42.36290000  43.95620000  50.99730000  3
7218  1  15.43230000  9.43854000  0.58977800  3
7219  1  17.63510000  33.87210000  5.12849000  3
7220  1  35.64570000  6.99951000  6.06580000  3
7221  1  31.93910000  43.36520000  11.83640000  3
7222  1  9.96302000  13.29380000  21.11100000  3
7223  1  29.96040000  34.37840000  34.68000000  3
7224  1  47.54660000  3.88836000  17.30440000  3
7225  1  0.62283000  19.27390000  3.70127000  3
7226  1  19.83840000  45.53850000  8.16358000  3
7227  1  3.68751000  5.30653000  10.98290000  3
7228  1  11.62990000  18.75750000  17.52410000  3
7229  1  20.66560000  1.30817000  41.38820000  3
7230  1  41.40240000  48.44580000  10.61050000  3
7231  1  0.63302800  46.70890000  40.37350000  3
7232  1  24.95090000  3.79875000  34.01280000  3
7233  1  14.48590000  17.69950000  8.18936000  3
7234  1  18.25720000  21.03760000  29.14610000  3
7235  1  18.38600000  50.26840000  0.96043400  3
7236  1  39.28510000  8.84876000  2.51493000  3
7237  1  43.96300000  41.02130000  9.71497000  3
7238  1  1.11512000  23.70180000  34.14510000  3
7239  1  7.11579000  19.97070000  31.57630000  3
7240  1  48.70860000  16.11820000  21.15750000  3
7241  1  31.89560000  37.94200000  11.30140000  3
7242  1  25.73640000  42.89210000  41.50040000  3
7243  1  45.48840000  16.83530000  6.07923000  3
7244  1  49.85520000  20.93620000  8.79752000  3
7245  1  24.40600000  0.58955600  46.17030000  3
7246  1  37.99730000  8.80330000  38.55410000  3
7247  1  46.38200000  29.96110000  28.14720000  3
7248  1  11.15400000  41.73150000  12.59730000  3
7249  1  49.66080000  27.32200000  27.13500000  3
7250  1  50.38970000  16.69680000  22.79060000  3
7251  1  17.26240000  28.39530000  10.12840000  3
7252  1  46.86460000  35.60800000  12.67690000  3
7253  1  2.94727000  21.30760000  17.47370000  3
7254  1  22.26320000  14.60670000  46.70060000  3
7255  1  45.16630000  30.35230000  36.22540000  3
7256  1  50.39690000  37.91860000  14.50100000  3
7257  1  20.50590000  21.88600000  30.63170000  3
7258  1  0.28233200  46.26810000  41.67490000  3
7259  1  31.45140000  48.29450000  5.55239000  3
7260  1  26.79260000  22.64430000  37.79820000  3
7261  1  6.28136000  29.96750000  37.00190000  2
7262  1  15.70030000  47.86450000  40.93000000  3
7263  1  21.14800000  38.78250000  10.19410000  3
7264  1  17.12840000  44.45190000  39.30250000  1
7265  1  10.63940000  33.42530000  40.84860000  3
7266  1  48.02650000  34.81770000  12.75030000  3
7267  1  18.65490000  13.55680000  39.16640000  3
7268  1  28.91860000  21.91710000  22.56430000  3
7269  1  12.62240000  33.36160000  26.63160000  3
7270  1  21.84620000  23.99530000  7.99566000  3
7271  1  42.95400000  3.66406000  14.21850000  3
7272  1  14.29430000  47.39440000  48.69680000  4
7273  1  29.32870000  50.22210000  39.16820000  3
7274  1  28.02160000  22.84920000  46.38310000  3
7275  1  38.22610000  35.69450000  15.81930000  3
7276  1  11.22750000  21.81170000  22.10750000  3
7277  1  13.42010000  37.60900000  11.54410000  3
7278  1  21.35500000  36.10970000  41.78820000  3
7279  1  18.37490000  19.22480000  34.66910000  3
7280  1  6.23376000  46.32220000  42.12420000  3
7281  1  19.35820000  17.78410000  43.17640000  3
7282  1  43.99380000  30.24880000  8.58493000  3
7283  1  5.51128000  0.42729000  42.53970000  3
7284  1  35.37740000  46.78270000  1.88905000  3
7285  1  5.64582000  15.51280000  23.95450000  3
7286  1  30.31520000  48.99500000  4.95564000  3
7287  1  38.37730000  38.23510000  40.22020000  3
7288  1  4.35012000  10.99080000  1.38500000  3
7289  1  22.63420000  16.51680000  20.96380000  3
7290  1  34.63120000  2.53121000  40.32530000  3
7291  1  48.32740000  26.82970000  26.67730000  3
7292  1  28.83460000  34.42930000  42.97300000  3
7293  1  15.47610000  43.25740000  5.91858000  3
7294  1  25.28020000  22.43620000  43.84690000  3
7295  1  11.20520000  34.92060000  0.84699600  3
7296  1  3.52316000  42.26490000  17.11010000  3
7297  1  20.89950000  8.01122000  44.78200000  3
7298  1  30.39500000  30.79530000  6.51337000  3
7299  1  1.49288000  47.58180000  3.63787000  3
7300  1  13.97610000  11.75370000  29.14870000  3
7301  1  35.10400000  5.09957000  35.85050000  3
7302  1  41.95170000  37.57110000  5.88825000  3
7303  1  37.85170000  7.22258000  43.12070000  3
7304  1  49.20330000  40.07880000  5.29987000  3
7305  1  29.76770000  1.88896000  39.20970000  3
7306  1  3.05085000  10.36630000  24.35630000  3
7307  1  35.16630000  5.53628000  50.79560000  3
7308  1  25.87960000  18.70110000  44.67770000  3
7309  1  38.31690000  45.78440000  45.13540000  3
7310  1  51.02000000  31.15270000  32.45060000  3
7311  1  0.17708500  9.61872000  5.02586000  3
7312  1  35.78850000  46.68670000  49.25820000  4
7313  1  30.34600000  50.52740000  18.28360000  3
7314  1  26.51950000  48.62210000  45.76320000  3
7315  1  34.80560000  37.66540000  34.14930000  3
7316  1  25.21160000  13.59620000  35.67460000  3
7317  1  30.44250000  7.57685000  12.02340000  3
7318  1  5.45792000  17.19780000  22.26800000  3
7319  1  46.61110000  1.55722000  16.90250000  3
7320  1  23.35720000  9.03485000  0.53277200  3
7321  1  28.81450000  19.36240000  34.95590000  3
7322  1  49.43130000  16.34230000  29.37670000  3
7323  1  35.76980000  7.83740000  4.92248000  3
7324  1  42.60770000  38.93650000  24.39620000  3
7325  1  11.68740000  36.25330000  0.90747600  3
7326  1  42.60750000  19.67030000  13.76440000  3
7327  1  8.50980000  47.07440000  35.61740000  3
7328  1  22.33760000  32.52430000  29.35050000  4
7329  1  5.55620000  47.09890000  32.32790000  3
7330  1  15.59200000  46.06720000  8.21876000  3
7331  1  10.95400000  12.00170000  0.33358500  3
7332  1  5.99598000  21.68430000  5.51531000  3
7333  1  33.86510000  38.65710000  44.35620000  2
7334  1  37.78150000  24.79270000  48.87720000  3
7335  1  19.81520000  29.51620000  46.24210000  3
7336  1  50.13560000  45.30580000  12.92770000  3
7337  1  34.37710000  34.16410000  46.43480000  3
7338  1  48.19770000  17.33420000  45.18390000  3
7339  1  0.80196300  20.01730000  23.72450000  3
7340  1  14.89870000  6.21970000  32.22940000  3
7341  1  29.99980000  49.04090000  3.60810000  3
7342  1  45.46550000  41.93630000  12.07150000  3
7343  1  8.63218000  8.69641000  36.52260000  3
7344  1  33.01610000  45.76590000  27.80150000  3
7345  1  19.53370000  20.89790000  35.90230000  3
7346  1  41.01520000  4.64121000  31.28830000  3
7347  1  4.57723000  47.08800000  46.82270000  3
7348  1  50.96540000  32.72250000  0.35018400  3
7349  1  36.83530000  1.91947000  17.09670000  3
7350  1  20.71000000  3.93530000  20.80460000  3
7351  1  21.13900000  9.48243000  17.15470000  3
7352  1  8.94772000  47.74440000  1.81857000  3
7353  1  10.27500000  15.11800000  4.38042000  2
7354  1  37.53290000  40.02350000  35.24320000  3
7355  1  7.31124000  7.37656000  9.96792000  3
7356  1  14.02630000  16.52500000  7.37294000  3
7357  1  28.06750000  18.57700000  45.77660000  3
7358  1  3.92474000  15.14540000  7.64139000  3
7359  1  10.33710000  29.61000000  13.18810000  3
7360  1  2.78742000  45.35670000  12.51160000  3
7361  1  24.94730000  3.66938000  2.93006000  3
7362  1  4.76669000  23.84250000  4.12666000  3
7363  1  16.30910000  49.41780000  12.96130000  3
7364  1  20.35370000  14.83560000  8.85775000  3
7365  1  23.13900000  4.66138000  32.58550000  3
7366  1  33.29870000  42.22010000  31.28230000  4
7367  1  26.26440000  31.91500000  36.34100000  3
7368  1  23.84770000  18.09120000  29.61550000  3
7369  1  35.57690000  48.17700000  49.09650000  3
7370  1  41.95670000  48.79090000  4.52438000  3
7371  1  15.37350000  47.32890000  42.20160000  3
7372  1  31.37060000  15.41180000  42.19830000  3
7373  1  8.13700000  47.97180000  24.91870000  3
7374  1  25.70520000  14.14470000  6.65135000  3
7375  1  5.37366000  44.25150000  35.53280000  3
7376  1  32.90920000  25.85070000  21.26610000  3
7377  1  0.88738200  34.04420000  49.69110000  3
7378  1  30.90760000  48.43690000  2.63486000  3
7379  1  29.73920000  10.01490000  3.89377000  3
7380  1  23.00370000  31.61750000  28.36390000  3
7381  1  32.40150000  16.40450000  9.52901000  2
7382  1  12.48510000  28.45990000  2.39729000  3
7383  1  3.11431000  21.07100000  8.35468000  3
7384  1  21.05760000  44.95360000  16.69120000  3
7385  1  39.23820000  25.35280000  39.98670000  3
7386  1  50.83120000  20.29110000  15.40320000  3
7387  1  4.62200000  48.68200000  15.59970000  3
7388  1  41.98130000  13.24880000  1.98991000  3
7389  1  7.41818000  40.96280000  48.27100000  3
7390  1  45.04590000  42.67010000  23.02100000  3
7391  1  47.71290000  15.93650000  45.18530000  3
7392  1  32.41170000  23.38230000  25.78440000  3
7393  1  8.08123000  12.59340000  7.03252000  2
7394  1  12.80180000  43.69640000  39.38970000  3
7395  1  47.09040000  27.11050000  27.14840000  2
7396  1  25.15100000  12.49820000  34.69250000  3
7397  1  22.26730000  11.48370000  50.52010000  3
7398  1  13.22580000  1.76977000  42.59310000  3
7399  1  0.99803400  11.53260000  17.80680000  3
7400  1  40.53680000  21.77900000  40.42860000  3
7401  1  21.16780000  21.70240000  11.30150000  4
7402  1  42.29360000  23.39370000  34.21380000  3
7403  1  17.75050000  11.22350000  15.37880000  3
7404  1  17.23280000  39.13480000  26.57800000  3
7405  1  45.74850000  24.79520000  39.07850000  3
7406  1  32.10170000  32.35110000  10.07880000  3
7407  1  39.91240000  15.55640000  9.44649000  3
7408  1  7.39283000  48.43830000  21.31550000  3
7409  1  27.50590000  28.20620000  27.67270000  3
7410  1  26.19580000  35.02220000  4.40676000  3
7411  1  40.37810000  47.38300000  27.31420000  3
7412  1  17.77940000  19.73760000  19.28750000  3
7413  1  13.13570000  50.71270000  20.80080000  3
7414  1  15.89290000  40.19980000  39.05290000  3
7415  1  25.86790000  14.54720000  45.52560000  3
7416  1  41.27930000  10.52430000  35.47590000  3
7417  1  49.45200000  21.19670000  20.34820000  3
7418  1  29.28850000  26.77190000  16.30340000  3
7419  1  13.46560000  49.43820000  13.15820000  3
7420  1  42.83480000  25.81150000  7.13837000  3
7421  1  10.24320000  43.17550000  43.28920000  3
7422  1  25.99430000  26.71230000  7.90956000  3
7423  1  37.10980000  9.75026000  39.14730000  3
7424  1  8.97761000  23.80210000  5.12837000  3
7425  1  15.47120000  5.09000000  22.01760000  3
7426  1  23.54980000  15.89750000  45.27380000  3
7427  1  0.76895100  43.82430000  4.02179000  3
7428  1  16.39970000  45.39400000  17.33310000  3
7429  1  15.74000000  27.11550000  50.20990000  3
7430  1  49.16900000  48.87910000  7.11797000  3
7431  1  35.42210000  28.05130000  35.90400000  3
7432  1  12.33220000  15.88460000  5.65846000  3
7433  1  32.20140000  32.86700000  3.87625000  3
7434  1  12.53670000  9.76854000  42.49350000  3
7435  1  33.22050000  25.65980000  25.95330000  3
7436  1  48.68200000  22.47860000  10.91690000  3
7437  1  37.60270000  50.73380000  33.65910000  3
7438  1  24.10490000  24.83890000  3.73383000  3
7439  1  30.79770000  39.01860000  22.27760000  3
7440  1  46.27040000  47.54660000  9.07946000  2
7441  1  2.50369000  17.02560000  10.48480000  3
7442  1  49.90600000  42.64720000  30.31120000  3
7443  1  42.48470000  13.26500000  15.72650000  3
7444  1  6.29724000  14.39250000  48.29040000  3
7445  1  26.08920000  33.65530000  30.27650000  3
7446  1  27.66740000  15.52770000  38.29250000  3
7447  1  23.37180000  6.81831000  10.32680000  3
7448  1  27.69160000  34.69150000  9.85997000  3
7449  1  10.06910000  0.79734000  13.60140000  3
7450  1  28.60320000  10.99470000  47.31740000  3
7451  1  42.66020000  31.34270000  21.94440000  3
7452  1  4.69738000  16.30400000  21.45600000  3
7453  1  43.22990000  6.30636000  40.39660000  3
7454  1  42.42090000  34.26400000  48.87680000  3
7455  1  49.81490000  48.07310000  41.85690000  3
7456  1  1.56809000  29.01260000  11.31890000  3
7457  1  20.76560000  7.27386000  8.02167000  3
7458  1  36.08540000  19.91950000  26.28880000  3
7459  1  31.05080000  18.64640000  15.03280000  3
7460  1  23.86450000  43.62920000  39.42760000  3
7461  1  36.54460000  5.95211000  6.38244000  3
7462  1  18.88310000  10.11520000  4.51656000  3
7463  1  47.39390000  24.67130000  33.00650000  3
7464  1  23.87920000  18.70420000  25.02460000  3
7465  1  27.06220000  32.92820000  23.42700000  3
7466  1  50.54630000  5.82936000  50.08430000  3
7467  1  32.81690000  32.81130000  11.23670000  3
7468  1  2.01817000  29.40060000  32.50110000  3
7469  1  44.63210000  36.79870000  46.40730000  3
7470  1  24.03130000  12.41430000  14.94380000  3
7471  1  36.56710000  48.51890000  36.64530000  3
7472  1  18.03790000  21.43670000  34.01790000  3
7473  1  29.14370000  5.32151000  25.31670000  3
7474  1  43.02380000  13.70330000  20.03030000  3
7475  1  25.61340000  21.87170000  6.28213000  2
7476  1  8.07758000  46.94750000  49.47260000  3
7477  1  5.85356000  29.11700000  33.25920000  2
7478  1  3.28400000  35.51580000  42.24630000  3
7479  1  17.72100000  42.68820000  47.80730000  3
7480  1  43.62150000  31.44660000  9.22769000  3
7481  1  9.70457000  51.00950000  19.68020000  3
7482  1  16.46980000  33.88520000  15.68340000  3
7483  1  49.80730000  43.77410000  24.05330000  3
7484  1  0.32643300  14.89700000  9.26515000  3
7485  1  39.00190000  49.49730000  26.97900000  3
7486  1  4.39803000  42.37450000  36.62920000  3
7487  1  1.25953000  1.50333000  32.61110000  3
7488  1  23.86210000  16.34740000  27.91540000  3
7489  1  14.40060000  33.57230000  34.82440000  3
7490  1  37.11490000  7.49287000  45.42940000  3
7491  1  31.82150000  46.59680000  17.83270000  3
7492  1  30.11750000  39.76280000  50.94230000  3
7493  1  4.99339000  14.18730000  48.70820000  3
7494  1  39.28800000  14.81510000  36.40550000  3
7495  1  49.47010000  25.64030000  24.90590000  3
7496  1  0.41346400  42.32480000  25.85520000  3
7497  1  50.66440000  13.51680000  9.47632000  4
7498  1  11.05370000  22.80580000  23.21920000  3
7499  1  35.51840000  33.47000000  36.60060000  3
7500  1  24.29720000  26.32540000  46.66260000  2
7501  1  36.55610000  25.91640000  35.76020000  3
7502  1  26.29500000  50.35810000  20.98070000  3
7503  1  23.23080000  23.76390000  37.14200000  3
7504  1  34.34290000  33.31220000  29.63310000  3
7505  1  16.79370000  0.47237900  21.69330000  2
7506  1  24.85700000  17.11960000  49.78220000  3
7507  1  2.92673000  22.58630000  2.01076000  3
7508  1  0.55763000  1.99964000  24.50490000  3
7509  1  33.13100000  41.63060000  32.68540000  3
7510  1  38.65020000  45.25830000  1.83538000  3
7511  1  12.87380000  2.12314000  29.96140000  3
7512  1  30.95830000  25.14550000  10.66580000  3
7513  1  20.07470000  42.22040000  47.10050000  3
7514  1  25.18060000  25.14470000  10.56330000  3
7515  1  18.54540000  47.29000000  10.03720000  3
7516  1  26.27780000  6.94222000  17.56330000  3
7517  1  10.80020000  10.25540000  18.36210000  3
7518  1  48.21310000  28.30050000  29.73290000  3
7519  1  20.13650000  5.91513000  45.93270000  3
7520  1  33.97820000  46.92000000  6.24150000  3
7521  1  26.01790000  41.21930000  48.63870000  3
7522  1  42.53410000  37.04900000  34.53200000  3
7523  1  47.49640000  7.29193000  9.87527000  3
7524  1  1.84716000  25.27370000  27.45440000  3
7525  1  6.24310000  10.90660000  10.74160000  3
7526  1  17.39560000  31.40730000  19.78470000  3
7527  1  5.63107000  42.49310000  4.49104000  3
7528  1  24.96510000  50.64060000  20.59200000  3
7529  1  45.21270000  25.15530000  6.42079000  3
7530  1  43.20550000  46.30960000  5.60602000  3
7531  1  26.25030000  46.57230000  20.25550000  3
7532  1  11.59670000  19.90660000  23.85000000  3
7533  1  14.60500000  50.81860000  34.15580000  3
7534  1  33.59010000  33.78660000  8.70424000  3
7535  1  16.17290000  16.77750000  22.96070000  3
7536  1  22.36880000  42.03560000  48.08910000  3
7537  1  31.96770000  32.00680000  2.77619000  3
7538  1  22.22610000  35.89010000  27.68630000  3
7539  1  42.18150000  48.07820000  14.93760000  3
7540  1  6.64276000  43.86300000  11.94820000  3
7541  1  14.00770000  18.52830000  11.46960000  3
7542  1  21.63040000  19.20290000  11.26400000  2
7543  1  43.87470000  8.02629000  42.66620000  3
7544  1  2.46645000  1.45650000  20.53370000  3
7545  1  6.60505000  9.49315000  26.18310000  3
7546  1  16.09760000  14.18380000  11.76630000  3
7547  1  50.48910000  5.59013000  2.81811000  3
7548  1  1.33664000  48.11430000  30.52900000  3
7549  1  43.61210000  11.29510000  35.14230000  3
7550  1  3.07114000  40.77020000  37.86790000  3
7551  1  3.24888000  43.01730000  4.11603000  3
7552  1  3.13776000  14.56880000  19.91990000  3
7553  1  30.03470000  42.93260000  23.49850000  2
7554  1  2.54593000  30.06580000  11.19450000  3
7555  1  29.05060000  23.38290000  3.50624000  3
7556  1  48.22380000  44.60400000  30.72520000  3
7557  1  46.49350000  15.24200000  28.19990000  3
7558  1  49.09390000  16.76880000  40.78530000  3
7559  1  34.55690000  16.77970000  39.70770000  3
7560  1  2.57108000  19.61330000  14.23180000  3
7561  1  3.36495000  37.63490000  1.03195000  3
7562  1  40.48190000  13.08320000  48.15350000  3
7563  1  22.52350000  33.13490000  23.52770000  3
7564  1  50.29800000  19.42040000  21.92750000  3
7565  1  28.55090000  32.55340000  31.07590000  3
7566  1  36.40010000  47.23620000  44.68170000  3
7567  1  12.99670000  7.25659000  7.49588000  3
7568  1  34.09910000  32.13140000  18.02580000  3
7569  1  8.36333000  38.15230000  0.33118000  3
7570  1  12.53550000  44.46920000  5.99625000  3
7571  1  46.41270000  50.08780000  50.28890000  3
7572  1  15.63320000  11.74300000  44.54760000  3
7573  1  1.26095000  38.12420000  5.03125000  3
7574  1  28.53970000  5.46482000  18.16970000  3
7575  1  41.12410000  12.52120000  20.77060000  3
7576  1  8.14913000  13.74480000  37.81740000  3
7577  1  44.25270000  15.22290000  3.40273000  3
7578  1  3.60022000  31.66690000  13.27080000  2
7579  1  19.73520000  17.72810000  10.39890000  2
7580  1  26.39560000  49.86840000  15.34300000  3
7581  1  6.26957000  29.68280000  41.56500000  3
7582  1  21.85140000  12.93680000  40.99120000  3
7583  1  26.99290000  43.88750000  20.78000000  3
7584  1  36.70060000  28.66240000  35.48010000  3
7585  1  8.96957000  35.32300000  7.63365000  3
7586  1  24.77640000  14.06650000  46.18380000  3
7587  1  35.19940000  44.31260000  47.02090000  2
7588  1  24.42080000  32.80020000  9.84593000  3
7589  1  20.29420000  20.74530000  13.76000000  3
7590  1  32.93480000  8.14328000  19.86950000  3
7591  1  0.29580700  37.61900000  41.71090000  3
7592  1  38.14730000  44.41020000  41.03710000  3
7593  1  41.53590000  15.65450000  7.61125000  3
7594  1  47.42920000  9.73294000  10.32770000  3
7595  1  27.58490000  42.67020000  22.87630000  3
7596  1  49.66070000  15.09940000  44.10750000  3
7597  1  5.88208000  34.38370000  2.65605000  3
7598  1  47.53720000  11.78630000  27.20460000  3
7599  1  26.92580000  7.79186000  49.66370000  3
7600  1  25.50820000  35.98940000  29.25990000  3
7601  1  25.86140000  11.98620000  41.32570000  3
7602  1  0.61068200  16.72950000  43.71160000  3
7603  1  20.83510000  23.69240000  28.90300000  3
7604  1  37.97360000  5.63457000  4.23655000  3
7605  1  35.38030000  31.04310000  21.31890000  3
7606  1  1.26001000  33.42830000  10.61250000  3
7607  1  25.01500000  29.43190000  21.77380000  3
7608  1  38.17610000  15.77100000  14.79550000  3
7609  1  49.90760000  11.04890000  36.60110000  3
7610  1  5.33169000  17.27280000  14.68040000  3
7611  1  21.39980000  19.28410000  42.75850000  3
7612  1  36.83940000  17.24570000  29.40470000  3
7613  1  16.34960000  16.99290000  31.72730000  3
7614  1  38.22820000  20.95690000  2.86811000  3
7615  1  3.66647000  20.00660000  49.60390000  3
7616  1  29.94000000  24.58840000  5.80275000  3
7617  1  39.66030000  22.85520000  40.38980000  3
7618  1  13.71290000  8.96936000  24.73670000  3
7619  1  0.26284300  8.43426000  50.66680000  3
7620  1  4.43929000  30.66110000  22.95040000  3
7621  1  34.18600000  26.26850000  5.95415000  3
7622  1  34.66150000  0.16055400  47.27670000  3
7623  1  23.32000000  39.49420000  44.68860000  3
7624  1  10.71820000  42.75450000  34.98950000  3
7625  1  49.34490000  23.62540000  33.78720000  3
7626  1  27.08930000  16.47210000  44.63030000  3
7627  1  36.88720000  30.03820000  35.80360000  3
7628  1  18.74770000  6.52041000  16.88600000  3
7629  1  23.95920000  14.77100000  3.84740000  3
7630  1  26.11370000  19.85170000  25.01680000  3
7631  1  5.14006000  12.73980000  24.87920000  3
7632  1  9.62598000  17.44100000  48.11640000  3
7633  1  41.86190000  33.19370000  49.67400000  3
7634  1  26.64530000  7.84130000  42.45030000  3
7635  1  8.19821000  4.04798000  44.27110000  3
7636  1  17.42950000  21.28280000  40.12700000  3
7637  1  18.71060000  8.72837000  20.70710000  3
7638  1  8.92180000  7.44280000  30.81190000  4
7639  1  6.47433000  18.25580000  41.62670000  3
7640  1  43.00200000  6.32140000  14.51080000  3
7641  1  4.30094000  0.11100100  41.87750000  3
7642  1  28.34510000  27.27090000  0.58471100  3
7643  1  4.28848000  43.46580000  35.73800000  3
7644  1  35.55310000  30.28190000  24.58090000  3
7645  1  27.13970000  0.35310000  21.56870000  3
7646  1  49.56080000  14.37770000  22.68050000  3
7647  1  27.60510000  33.02500000  31.98260000  3
7648  1  43.47930000  15.69510000  44.00180000  2
7649  1  40.57260000  44.05420000  29.01760000  3
7650  1  43.27570000  15.64060000  5.75334000  3
7651  1  36.17700000  27.59350000  16.56030000  3
7652  1  21.83100000  35.46100000  32.38970000  3
7653  1  28.69480000  22.71770000  32.14290000  3
7654  1  24.71870000  8.97046000  17.71350000  3
7655  1  9.85076000  32.20240000  12.21910000  3
7656  1  26.79880000  50.39050000  40.10420000  3
7657  1  17.52800000  19.21330000  32.42430000  3
7658  1  41.30600000  37.81110000  26.19920000  3
7659  1  36.75580000  5.05805000  25.41500000  3
7660  1  46.60540000  17.27520000  14.65870000  3
7661  1  50.59680000  17.19430000  0.83155000  3
7662  1  22.73630000  21.44450000  31.98430000  3
7663  1  41.07760000  44.35370000  0.63674600  3
7664  1  27.42250000  34.06350000  14.66500000  3
7665  1  25.35250000  22.48050000  37.80670000  3
7666  1  23.75900000  31.57060000  14.39950000  3
7667  1  48.66500000  5.14903000  8.26136000  3
7668  1  9.22071000  14.58320000  29.44470000  3
7669  1  42.36310000  11.00790000  16.43620000  3
7670  1  35.12720000  49.64090000  45.50170000  3
7671  1  40.66860000  11.80760000  13.39950000  2
7672  1  41.88290000  8.22273000  7.84153000  2
7673  1  26.17290000  1.07672000  6.29483000  3
7674  1  27.09700000  0.35419500  37.82600000  3
7675  1  27.76280000  34.26330000  17.03000000  3
7676  1  21.14290000  10.79890000  16.61970000  3
7677  1  23.36270000  35.67000000  19.14370000  3
7678  1  4.49242000  18.03220000  19.58410000  4
7679  1  40.87490000  2.50557000  14.29650000  3
7680  1  11.15220000  10.09840000  4.97492000  3
7681  1  27.53030000  34.21760000  13.20460000  3
7682  1  13.40440000  28.95870000  1.42389000  3
7683  1  30.00400000  18.59100000  14.17690000  2
7684  1  50.66410000  49.61930000  29.50570000  3
7685  1  15.08910000  39.37950000  42.06970000  3
7686  1  14.79500000  32.31270000  7.74830000  3
7687  1  1.12565000  34.45160000  27.54730000  3
7688  1  45.22960000  36.08310000  39.88380000  3
7689  1  48.55530000  46.92360000  14.10040000  3
7690  1  7.54449000  19.98320000  24.64300000  3
7691  1  6.64780000  11.65480000  43.98890000  3
7692  1  44.15550000  19.77380000  27.08580000  3
7693  1  2.31273000  17.91400000  26.46050000  3
7694  1  6.56811000  17.53520000  31.46230000  3
7695  1  1.31684000  45.14970000  3.59020000  3
7696  1  30.33040000  23.89500000  11.01730000  3
7697  1  39.60210000  24.70500000  5.62448000  3
7698  1  28.05970000  13.25640000  22.29580000  3
7699  1  32.28010000  17.22670000  20.68890000  3
7700  1  21.45310000  28.29070000  40.39450000  3
7701  1  44.21870000  31.21730000  27.94360000  4
7702  1  18.22430000  7.41892000  20.91600000  3
7703  1  43.40990000  38.70100000  26.71210000  3
7704  1  16.07280000  42.37330000  11.58050000  3
7705  1  20.06400000  47.55480000  43.72890000  3
7706  1  40.23470000  37.92570000  18.88090000  3
7707  1  44.49520000  39.55480000  26.34630000  3
7708  1  41.62320000  9.04565000  44.03210000  3
7709  1  10.53050000  34.80840000  41.01850000  3
7710  1  19.52480000  21.00810000  31.11250000  2
7711  1  28.69160000  1.49640000  36.47670000  4
7712  1  45.74530000  6.89183000  12.01900000  3
7713  1  24.83740000  42.60710000  39.10400000  3
7714  1  13.78550000  12.21460000  37.64350000  3
7715  1  37.92480000  27.30920000  49.33510000  3
7716  1  13.92100000  42.48880000  26.13290000  3
7717  1  21.34070000  22.66490000  40.98080000  3
7718  1  36.01380000  25.15150000  4.77407000  3
7719  1  25.24750000  16.21560000  35.24250000  2
7720  1  42.76270000  0.27120400  47.69190000  3
7721  1  49.63970000  4.37369000  16.15940000  3
7722  1  38.26710000  29.90600000  16.02210000  3
7723  1  32.38170000  22.06380000  28.77610000  3
7724  1  9.53762000  2.48751000  11.38800000  3
7725  1  44.49900000  16.18780000  15.17380000  3
7726  1  42.48650000  40.45180000  20.52760000  3
7727  1  12.21980000  25.74970000  17.67100000  3
7728  1  41.49360000  13.99900000  48.03240000  3
7729  1  44.01920000  47.88760000  34.20250000  3
7730  1  43.18620000  49.97360000  16.22040000  3
7731  1  34.53310000  22.82000000  2.12351000  3
7732  1  25.80090000  18.60850000  38.40320000  3
7733  1  3.45264000  34.98410000  36.22960000  2
7734  1  23.61490000  14.80320000  46.17300000  3
7735  1  21.87490000  33.20750000  5.63879000  3
7736  1  6.22258000  40.45460000  5.83926000  3
7737  1  31.28530000  16.64200000  41.47940000  3
7738  1  40.60340000  16.80400000  11.55120000  3
7739  1  47.26140000  2.62881000  43.02570000  3
7740  1  19.13890000  42.04570000  46.04100000  3
7741  1  12.71590000  24.58310000  4.52015000  3
7742  1  24.25550000  45.78610000  43.26100000  3
7743  1  0.71177000  16.06000000  25.24960000  3
7744  1  22.16540000  16.32490000  45.06060000  3
7745  1  13.87550000  46.66740000  40.00670000  3
7746  1  6.70350000  48.68220000  1.35404000  3
7747  1  28.97220000  25.60620000  37.18660000  3
7748  1  0.25453900  25.75190000  47.23630000  3
7749  1  45.64750000  50.34870000  16.18850000  3
7750  1  11.86930000  30.12560000  35.46520000  2
7751  1  25.59780000  2.24928000  1.23139000  3
7752  1  48.00260000  8.31795000  18.71780000  3
7753  1  16.42900000  44.68030000  26.53670000  3
7754  1  32.13610000  5.13373000  30.80520000  3
7755  1  4.34193000  47.73970000  45.66390000  3
7756  1  7.83843000  41.44090000  39.08100000  3
7757  1  6.66995000  6.69071000  23.87370000  2
7758  1  39.29560000  45.72280000  48.71590000  3
7759  1  34.69940000  4.47039000  0.57014100  2
7760  1  49.82820000  38.64770000  50.09880000  4
7761  1  34.84570000  50.98460000  45.89190000  3
7762  1  24.25480000  24.47530000  42.63220000  3
7763  1  44.60480000  22.30300000  39.98420000  3
7764  1  18.07480000  14.58620000  46.97910000  3
7765  1  22.99920000  5.59337000  3.92615000  3
7766  1  8.79082000  2.12870000  17.17670000  3
7767  1  0.59557000  39.27250000  28.06030000  3
7768  1  49.06150000  36.13770000  15.29040000  2
7769  1  49.67020000  46.36430000  43.66030000  3
7770  1  40.03350000  42.80390000  40.54910000  3
7771  1  8.70689000  1.16725000  27.16230000  3
7772  1  6.19920000  36.31240000  1.34893000  3
7773  1  33.27920000  40.18490000  9.42860000  3
7774  1  19.23490000  49.71890000  1.96390000  3
7775  1  27.41500000  22.75920000  18.61470000  3
7776  1  8.04041000  47.40280000  50.76750000  3
7777  1  34.27210000  50.52310000  21.45850000  3
7778  1  8.54276000  36.63710000  7.20750000  3
7779  1  36.29040000  16.61940000  45.69800000  3
7780  1  28.41980000  30.69690000  36.84680000  3
7781  1  8.83350000  22.09400000  46.53910000  3
7782  1  48.46220000  25.89490000  49.68630000  3
7783  1  46.88630000  10.84280000  10.99790000  3
7784  1  15.60640000  23.95800000  32.65230000  3
7785  1  15.75000000  1.67831000  38.65120000  3
7786  1  27.52710000  3.83133000  35.20290000  3
7787  1  33.56840000  11.82420000  15.69670000  3
7788  1  7.70916000  14.96860000  42.87460000  3
7789  1  27.33100000  10.00220000  41.64980000  3
7790  1  40.08280000  45.17170000  51.00160000  3
7791  1  38.64390000  15.59800000  12.36740000  3
7792  1  29.48110000  39.92100000  41.98660000  3
7793  1  27.36180000  49.95610000  1.09664000  3
7794  1  9.59839000  27.43510000  13.96530000  3
7795  1  50.17900000  11.42000000  24.76680000  3
7796  1  33.36670000  5.36738000  32.96370000  3
7797  1  38.65250000  5.29105000  19.68080000  3
7798  1  9.40184000  21.03940000  45.71540000  3
7799  1  30.35270000  1.11702000  13.26960000  3
7800  1  11.25220000  39.90730000  41.45520000  3
7801  1  25.48940000  21.63140000  17.64500000  3
7802  1  8.24426000  48.08660000  29.83000000  4
7803  1  15.43900000  30.38910000  22.84500000  3
7804  1  48.86970000  37.05080000  4.73968000  2
7805  1  50.26500000  47.84210000  5.19482000  3
7806  1  28.87420000  13.31890000  9.38692000  3
7807  1  25.71060000  39.44150000  45.42550000  3
7808  1  4.48540000  2.42177000  43.38840000  3
7809  1  50.48340000  27.88390000  20.79760000  3
7810  1  45.12040000  32.40030000  2.33156000  3
7811  1  19.50220000  22.46840000  9.47678000  3
7812  1  31.12760000  37.32380000  12.40140000  3
7813  1  29.63490000  29.05220000  1.74153000  3
7814  1  5.54300000  32.19900000  3.92698000  3
7815  1  43.46000000  31.19370000  25.64540000  3
7816  1  30.19290000  16.09710000  17.68990000  3
7817  1  33.47300000  16.24540000  40.49680000  3
7818  1  25.27390000  40.32960000  24.46700000  3
7819  1  12.64920000  35.41550000  25.15450000  3
7820  1  32.40120000  13.17200000  42.34690000  3
7821  1  33.28250000  19.06680000  16.57890000  3
7822  1  8.77892000  31.34490000  12.55380000  3
7823  1  3.62944000  27.79060000  31.47850000  3
7824  1  6.58177000  34.85440000  8.47590000  3
7825  1  21.01260000  33.74750000  35.62160000  3
7826  1  28.43210000  20.82990000  24.69620000  3
7827  1  0.26973300  48.79040000  5.30402000  3
7828  1  40.13160000  40.00920000  35.11860000  3
7829  1  32.34460000  41.95540000  14.00590000  3
7830  1  8.67848000  19.85100000  45.72160000  3
7831  1  0.17345900  2.50959000  15.79400000  3
7832  1  13.34480000  35.81130000  14.73010000  3
7833  1  46.54560000  19.26370000  8.93910000  3
7834  1  49.21110000  20.49670000  40.35570000  3
7835  1  2.75323000  27.63840000  4.92821000  3
7836  1  36.70810000  8.60949000  14.83230000  4
7837  1  25.88380000  27.90050000  23.35410000  3
7838  1  9.28090000  42.91040000  44.25310000  3
7839  1  0.80016100  20.55740000  7.21132000  3
7840  1  20.41180000  34.18890000  40.75400000  3
7841  1  42.48210000  18.32140000  27.97630000  3
7842  1  49.55430000  23.27370000  4.44752000  3
7843  1  31.18170000  47.90890000  17.65640000  3
7844  1  9.37598000  47.06590000  3.05600000  3
7845  1  28.57750000  3.92781000  36.15930000  3
7846  1  7.13213000  12.18720000  3.42747000  3
7847  1  46.22280000  25.49670000  20.85570000  3
7848  1  47.27400000  20.53590000  34.84340000  3
7849  1  21.35320000  20.60740000  37.66460000  3
7850  1  8.05403000  15.58400000  6.09193000  2
7851  1  18.93530000  10.73450000  43.37030000  3
7852  1  33.82110000  10.12520000  19.05660000  3
7853  1  22.71060000  21.72950000  11.65670000  4
7854  1  20.73510000  1.69975000  42.72860000  3
7855  1  24.51960000  0.38838200  15.37360000  3
7856  1  10.14590000  1.19283000  11.19780000  3
7857  1  39.45900000  36.75750000  19.21630000  3
7858  1  7.53650000  44.93640000  36.32650000  3
7859  1  40.23560000  41.66440000  29.72800000  3
7860  1  23.43000000  16.24250000  25.15010000  3
7861  1  6.73145000  7.29304000  25.08950000  3
7862  1  23.24350000  4.30885000  6.07386000  3
7863  1  41.03470000  47.50170000  14.29610000  3
7864  1  33.40710000  19.00160000  39.56810000  3
7865  1  30.74090000  10.10160000  37.38730000  3
7866  1  29.33710000  29.78240000  6.56513000  3
7867  1  37.16010000  46.74800000  47.00990000  3
7868  1  45.73580000  41.04280000  15.46740000  3
7869  1  41.65130000  40.99780000  40.19160000  3
7870  1  38.84300000  50.27200000  33.03440000  3
7871  1  6.72405000  21.75350000  40.19420000  3
7872  1  28.95310000  50.11460000  9.56991000  3
7873  1  17.49420000  46.81000000  26.31340000  3
7874  1  38.22140000  35.04080000  4.26947000  2
7875  1  4.64528000  15.57580000  30.34880000  3
7876  1  29.18320000  9.16973000  30.37070000  3
7877  1  28.55460000  26.12930000  47.95520000  3
7878  1  2.19977000  27.48280000  37.09960000  3
7879  1  25.12170000  5.66913000  22.02120000  3
7880  1  33.46340000  31.07250000  36.95250000  3
7881  1  4.91708000  12.06780000  37.16460000  3
7882  1  31.82010000  28.72460000  18.35250000  3
7883  1  36.06590000  7.86414000  50.29950000  3
7884  1  41.93980000  1.20139000  48.30380000  2
7885  1  40.62580000  3.52240000  49.80700000  3
7886  1  27.48570000  13.41630000  9.87349000  3
7887  1  37.64930000  8.87732000  31.90910000  3
7888  1  14.88300000  13.57250000  30.63760000  3
7889  1  4.53828000  18.45600000  14.70250000  3
7890  1  0.77027200  44.31610000  22.73180000  3
7891  1  20.98320000  48.34110000  2.57997000  3
7892  1  27.67530000  25.31860000  15.25950000  3
7893  1  23.17950000  26.28130000  36.68170000  3
7894  1  32.33350000  3.77112000  30.97690000  3
7895  1  9.71056000  2.14410000  26.94630000  3
7896  1  5.22297000  49.37830000  17.82230000  3
7897  1  13.04790000  11.24530000  36.90410000  3
7898  1  24.08160000  0.09983040  40.00650000  3
7899  1  3.28379000  25.09010000  11.16080000  3
7900  1  30.33720000  25.36880000  6.96985000  3
7901  1  43.18480000  1.76553000  34.36700000  3
7902  1  34.25790000  22.21770000  46.95970000  3
7903  1  3.57511000  14.48370000  43.37430000  3
7904  1  4.32545000  41.08640000  22.87630000  3
7905  1  45.43890000  50.32440000  11.50550000  3
7906  1  28.98920000  37.13730000  23.44040000  3
7907  1  6.13925000  16.75050000  36.88780000  3
7908  1  0.86669600  36.95140000  27.85720000  3
7909  1  43.69880000  16.95080000  7.78213000  3
7910  1  25.42620000  33.56530000  9.09328000  3
7911  1  48.73880000  3.43357000  16.67240000  3
7912  1  43.32800000  1.48636000  32.97590000  3
7913  1  31.49360000  14.31160000  3.52778000  3
7914  1  29.94260000  11.32210000  39.49380000  3
7915  1  28.27050000  12.63350000  12.07070000  3
7916  1  28.96200000  22.04190000  47.04680000  3
7917  1  47.28320000  19.02120000  40.72930000  3
7918  1  6.84886000  18.98330000  23.85490000  3
7919  1  24.65250000  15.44740000  32.66630000  3
7920  1  26.86120000  41.44710000  39.88090000  3
7921  1  45.52700000  19.09390000  47.09880000  3
7922  1  19.11240000  48.58720000  50.38470000  3
7923  1  45.78220000  0.92241600  29.44540000  3
7924  1  33.47800000  8.53537000  5.29165000  3
7925  1  5.95648000  8.24912000  45.21870000  3
7926  1  20.14590000  2.11417000  32.03750000  3
7927  1  31.35790000  34.87890000  34.79410000  3
7928  1  18.84220000  21.49870000  40.24290000  3
7929  1  31.06630000  37.27480000  47.73840000  3
7930  1  32.59640000  50.74640000  33.78940000  3
7931  1  41.37890000  42.23840000  3.77842000  3
7932  1  3.28428000  49.83400000  3.52815000  3
7933  1  35.24810000  10.31120000  40.71520000  3
7934  1  30.31380000  23.29890000  3.02248000  3
7935  1  9.20073000  24.97130000  14.08100000  3
7936  1  1.73637000  3.29699000  22.79920000  3
7937  1  5.36286000  5.97362000  35.37640000  3
7938  1  43.48960000  41.85210000  18.75900000  3
7939  1  11.75960000  39.06270000  26.15630000  3
7940  1  33.08780000  24.84730000  14.67020000  3
7941  1  8.77074000  30.96460000  2.67987000  3
7942  1  13.12640000  38.05050000  5.38787000  3
7943  1  0.22541500  7.98137000  45.71970000  3
7944  1  10.41270000  39.58760000  13.52010000  3
7945  1  26.46050000  48.02250000  13.66740000  3
7946  1  23.82200000  5.33162000  17.39790000  3
7947  1  7.56774000  14.13910000  27.53880000  3
7948  1  33.62780000  30.69720000  42.89000000  3
7949  1  27.11050000  22.28040000  45.41700000  3
7950  1  50.23240000  20.78710000  21.55040000  3
7951  1  2.49879000  45.85690000  41.45930000  3
7952  1  31.41770000  29.15430000  47.92280000  3
7953  1  13.49170000  45.43470000  15.97410000  3
7954  1  6.76063000  30.04200000  33.06660000  2
7955  1  30.81190000  30.90740000  29.87010000  3
7956  1  11.67120000  11.97510000  50.03070000  3
7957  1  18.80890000  47.39150000  33.26410000  3
7958  1  22.42880000  1.37832000  36.27960000  3
7959  1  27.61810000  10.15600000  49.81060000  3
7960  1  45.89830000  30.89830000  25.93130000  3
7961  1  48.59840000  40.36600000  37.83060000  2
7962  1  33.52140000  22.91270000  47.92610000  2
7963  1  26.83360000  42.08100000  23.93450000  3
7964  1  3.73990000  21.16700000  35.57790000  3
7965  1  25.97670000  7.56048000  33.39500000  3
7966  1  46.63750000  23.73050000  39.36840000  3
7967  1  35.06460000  2.78580000  22.95940000  3
7968  1  13.75030000  35.63720000  5.44029000  3
7969  1  37.98270000  34.54110000  25.13010000  3
7970  1  10.62270000  16.85690000  48.88880000  2
7971  1  20.74010000  31.94340000  40.43470000  3
7972  1  6.21605000  26.32410000  4.38901000  3
7973  1  4.55015000  16.96180000  42.35660000  3
7974  1  23.89590000  38.44200000  24.95660000  3
7975  1  37.22830000  21.60860000  18.14960000  3
7976  1  38.21560000  8.51970000  45.56840000  3
7977  1  13.09210000  27.13570000  26.43590000  3
7978  1  22.62330000  25.70660000  41.24660000  3
7979  1  39.50920000  7.84821000  28.94530000  3
7980  1  43.34780000  50.53240000  50.21500000  3
7981  1  16.56080000  23.98120000  47.74390000  3
7982  1  23.01660000  29.11800000  27.31710000  3
7983  1  33.07500000  34.27930000  42.06160000  3
7984  1  45.97280000  17.32540000  18.21400000  3
7985  1  39.03320000  27.80000000  39.45480000  3
7986  1  28.00720000  27.27100000  44.48940000  3
7987  1  6.14741000  20.51450000  40.72050000  3
7988  1  18.02330000  28.00230000  46.79160000  3
7989  1  9.41755000  10.56850000  6.79877000  3
7990  1  28.56250000  27.85840000  29.70600000  3
7991  1  33.95020000  1.62960000  36.18230000  3
7992  1  10.60350000  28.41840000  13.83040000  3
7993  1  15.70600000  6.10212000  6.74347000  3
7994  1  32.63460000  38.42750000  2.49858000  3
7995  1  15.62980000  49.59070000  14.23410000  3
7996  1  47.36040000  12.16240000  10.86050000  3
7997  1  38.84460000  24.21900000  35.08270000  3
7998  1  49.56280000  30.79390000  39.73180000  2
7999  1  36.93480000  20.09950000  25.12560000  3
8000  2  30.07110000  37.49250000  3.71838000  1
8001  2  28.80110000  40.85510000  43.96090000  1
8002  2  0.91518200  13.44330000  32.59660000  1
8003  2  34.52420000  41.32520000  50.75350000  1
8004  2  1.78778000  12.94850000  28.65790000  1
8005  2  13.68570000  17.77740000  48.33800000  1
8006  2  7.74827000  47.27150000  45.18650000  1
8007  2  14.95450000  20.65150000  32.76400000  1
8008  2  0.92128200  12.76500000  40.17160000  1
8009  2  28.18850000  34.13680000  38.43550000  1
8010  2  32.68560000  24.67060000  49.76420000  1
8011  2  6.25629000  4.80563000  49.36640000  1
8012  2  26.89300000  21.15200000  9.42930000  1
8013  2  44.27730000  50.07650000  44.96870000  1
8014  2  18.08310000  36.06850000  2.83320000  1
8015  2  22.06000000  7.55966000  25.84600000  1
8016  2  47.53080000  6.35802000  39.43100000  1
8017  2  48.57080000  32.09090000  18.16830000  1
8018  2  33.76230000  3.19206000  5.86192000  1
8019  2  17.03280000  21.92630000  47.57070000  1
8020  2  31.61110000  7.83657000  14.09650000  1
8021  2  1.42421000  25.49660000  24.61260000  1
8022  2  20.91000000  10.25820000  10.90370000  1
8023  2  13.36690000  23.09680000  44.52970000  1
8024  2  17.04310000  50.52450000  19.72760000  1
8025  2  10.67330000  11.92680000  34.20980000  1
8026  2  31.66130000  18.04000000  8.14757000  1
8027  2  42.57040000  32.24680000  3.13837000  1
8028  2  9.36765000  11.81630000  13.73320000  1
8029  2  13.30990000  38.31850000  22.04420000  1
8030  2  45.37150000  6.93289000  36.95710000  1
8031  2  35.54380000  38.91880000  19.04810000  1
8032  2  9.37228000  11.14920000  14.02880000  1
8033  2  28.66890000  25.58610000  27.31210000  1
8034  2  0.21949500  12.96570000  10.23390000  1
8035  2  47.11440000  36.47360000  16.07440000  1
8036  2  18.81810000  17.55180000  7.21357000  1
8037  2  37.66030000  40.76560000  9.54860000  1
8038  2  40.72460000  43.54030000  40.80630000  1
8039  2  1.39890000  49.02870000  48.68250000  1
8040  2  37.47040000  2.69636000  30.80780000  1
8041  2  25.74660000  14.32590000  18.80560000  1
8042  2  22.35540000  9.31445000  11.57210000  1
8043  2  35.69290000  49.20070000  0.18814800  1
8044  2  25.34640000  40.09650000  10.99130000  1
8045  2  18.39240000  10.25000000  31.69640000  1
8046  2  20.16740000  18.84360000  24.97660000  1
8047  2  7.59576000  7.88795000  32.91760000  1
8048  2  50.01350000  1.45433000  45.26260000  1
8049  2  29.39240000  15.36180000  17.59220000  1
8050  2  41.09750000  34.61140000  39.23350000  1
8051  2  27.76020000  42.96780000  25.61980000  1
8052  2  5.82146000  8.58287000  21.50720000  1
8053  2  26.19530000  30.75210000  31.01320000  1
8054  2  46.56810000  18.63780000  28.41230000  1
8055  2  45.55580000  48.23610000  25.81280000  1
8056  2  26.97720000  14.14560000  17.56580000  1
8057  2  43.01850000  39.02280000  9.94474000  1
8058  2  37.54070000  9.97506000  7.55211000  1
8059  2  40.62240000  46.75120000  25.30670000  1
8060  2  6.72885000  34.76060000  46.47880000  1
8061  2  1.24682000  3.08145000  13.26950000  1
8062  2  28.49370000  36.93240000  1.85137000  1
8063  2  3.87613000  35.88070000  35.71070000  1
8064  2  32.37320000  44.42060000  25.28900000  1
8065  2  39.57070000  17.50130000  48.09380000  1
8066  2  40.72700000  36.61620000  1.11380000  1
8067  2  10.47820000  35.59220000  45.06900000  1
8068  2  46.52290000  10.73050000  40.24980000  1
8069  2  49.90290000  42.57130000  43.47950000  1
8070  2  47.30870000  15.56900000  40.66340000  1
8071  2  46.24410000  35.73410000  39.69850000  1
8072  2  9.34425000  18.02890000  36.60740000  1
8073  2  21.29360000  32.13990000  29.71070000  1
8074  2  44.83980000  6.34184000  34.19440000  1
8075  2  6.36660000  27.35320000  8.37688000  1
8076  2  12.33340000  25.38990000  25.41590000  1
8077  2  45.13890000  20.15890000  27.02510000  1
8078  2  41.98250000  39.45100000  49.54730000  1
8079  2  43.43640000  48.90840000  23.71050000  1
8080  2  15.82590000  7.72900000  10.41700000  1
8081  2  37.71450000  28.50350000  3.71899000  1
8082  2  37.01630000  23.47160000  29.31020000  1
8083  2  14.51470000  14.63170000  49.98950000  1
8084  2  15.41390000  18.21610000  37.90160000  1
8085  2  16.81650000  38.37170000  25.91420000  1
8086  2  15.29480000  6.13064000  43.32230000  1
8087  2  42.19350000  10.19510000  17.10330000  1
8088  2  23.33160000  47.00470000  31.24500000  1
8089  2  5.25817000  19.11080000  11.26700000  1
8090  2  38.12700000  19.59100000  47.91200000  1
8091  2  1.22732000  20.55960000  12.81030000  1
8092  2  6.59623000  17.61260000  17.09770000  1
8093  2  44.24010000  30.78770000  42.12430000  1
8094  2  6.52456000  1.46128000  27.45010000  1
8095  2  10.37440000  21.11570000  45.23580000  1
8096  2  0.80538000  12.68780000  32.44890000  1
8097  2  41.19490000  5.65606000  47.14240000  1
8098  2  17.82640000  36.96650000  28.18200000  1
8099  2  9.36205000  18.55190000  48.46540000  1
8100  2  25.23540000  47.49730000  3.52917000  1
8101  2  42.04460000  7.55938000  28.00580000  1
8102  2  42.26470000  34.82250000  40.95950000  1
8103  2  41.76900000  8.21950000  48.24950000  1
8104  2  5.45650000  37.12440000  32.22360000  1
8105  2  30.01900000  34.84200000  21.69360000  1
8106  2  49.36030000  13.53860000  48.03310000  1
8107  2  25.22520000  36.19970000  32.81160000  1
8108  2  17.89300000  20.33280000  48.58740000  1
8109  2  40.95740000  1.62647000  25.11380000  1
8110  2  18.48830000  0.87665400  18.06120000  1
8111  2  43.49250000  21.29880000  25.77900000  1
8112  2  7.06382000  18.81140000  13.32270000  1
8113  2  14.37260000  49.33640000  0.51720200  1
8114  2  29.82510000  34.32670000  39.19770000  1
8115  2  26.63470000  19.09260000  41.34020000  1
8116  2  9.99919000  13.92600000  38.88250000  1
8117  2  9.16922000  18.29190000  10.39950000  1
8118  2  10.09200000  6.10531000  2.45028000  1
8119  2  7.25578000  7.79497000  2.18669000  1
8120  2  27.38980000  12.71390000  21.62290000  1
8121  2  1.73192000  9.83464000  33.00680000  1
8122  2  41.53170000  40.42500000  47.97180000  1
8123  2  17.91020000  16.16440000  7.17207000  1
8124  2  6.11439000  30.23500000  50.57550000  1
8125  2  48.57500000  37.00280000  37.07460000  1
8126  2  15.00190000  24.55720000  23.17120000  1
8127  2  14.00140000  32.09040000  9.70187000  1
8128  2  23.92760000  48.64720000  5.98110000  1
8129  2  18.17800000  6.58510000  34.82250000  1
8130  2  7.25856000  15.83110000  32.55400000  1
8131  2  46.33470000  40.55750000  39.16250000  1
8132  2  3.46818000  18.36610000  19.65930000  1
8133  2  15.19200000  3.29214000  32.14240000  1
8134  2  25.30060000  49.86710000  25.89260000  1
8135  2  2.10942000  48.66120000  38.61130000  1
8136  2  11.85490000  15.99210000  2.48349000  1
8137  2  9.41122000  29.58850000  48.37540000  1
8138  2  5.39839000  0.83347600  30.15580000  1
8139  2  7.92177000  5.38718000  50.02870000  1
8140  2  20.76330000  39.46440000  32.79650000  1
8141  2  41.94910000  31.33930000  27.34790000  1
8142  2  44.20990000  7.95749000  7.47241000  1
8143  2  48.90480000  0.25085100  4.73955000  1
8144  2  21.65890000  19.44670000  27.39260000  1
8145  2  35.71360000  37.75160000  48.58580000  1
8146  2  1.27607000  2.25110000  15.69660000  1
8147  2  38.20240000  37.64920000  48.86900000  1
8148  2  18.69510000  38.29990000  7.88052000  1
8149  2  42.12200000  31.55550000  29.63060000  1
8150  2  30.17470000  16.36190000  28.79660000  1
8151  2  19.63140000  11.49100000  33.41080000  1
8152  2  9.16941000  6.34334000  30.76920000  1
8153  2  14.87340000  39.69730000  22.87470000  1
8154  2  7.79757000  13.78320000  9.59031000  1
8155  2  19.92720000  1.46225000  10.26080000  1
8156  2  10.83700000  27.49210000  47.75880000  1
8157  2  40.22020000  4.01926000  16.06820000  1
8158  2  46.49960000  44.08410000  48.84420000  1
8159  2  8.86819000  12.95340000  39.73300000  1
8160  2  11.64490000  18.02080000  25.11650000  1
8161  2  37.66030000  9.71012000  16.69760000  1
8162  2  24.78120000  13.10450000  46.71930000  1
8163  2  46.99300000  3.60122000  35.24160000  1
8164  2  24.08240000  14.60910000  1.67313000  1
8165  2  5.94268000  10.89040000  21.86210000  1
8166  2  30.56180000  24.83040000  31.74150000  1
8167  2  12.95200000  36.47070000  21.01570000  1
8168  2  24.56740000  24.90190000  0.86276300  1
8169  2  38.33490000  44.41810000  18.66000000  1
8170  2  42.57110000  9.82587000  9.36279000  1
8171  2  10.65670000  34.07300000  45.97430000  1
8172  2  4.61744000  2.24173000  19.18460000  1
8173  2  7.36121000  25.68990000  24.01550000  1
8174  2  6.45417000  31.41440000  47.48530000  1
8175  2  23.82400000  19.16750000  29.77160000  1
8176  2  34.49690000  41.48460000  11.89740000  1
8177  2  29.32910000  13.72790000  47.60010000  1
8178  2  41.51930000  4.36825000  0.40126000  1
8179  2  42.49750000  42.95910000  39.93170000  1
8180  2  25.19890000  13.40040000  36.71400000  1
8181  2  44.39190000  33.54120000  26.36800000  1
8182  2  12.93630000  34.55660000  11.74690000  1
8183  2  43.77730000  47.53040000  10.43510000  1
8184  2  30.88210000  0.54196800  41.78310000  1
8185  2  31.31680000  2.14160000  43.71340000  1
8186  2  1.50100000  25.72940000  33.38070000  1
8187  2  49.41200000  36.80150000  41.85040000  1
8188  2  28.21390000  22.06750000  11.16500000  1
8189  2  15.08720000  9.13524000  34.59500000  1
8190  2  13.15820000  2.90285000  46.40770000  1
8191  2  44.20730000  39.38170000  7.09424000  1
8192  2  14.66500000  46.45350000  49.16940000  1
8193  2  40.53440000  40.28030000  11.58850000  1
8194  2  3.54501000  48.29010000  45.08580000  1
8195  2  23.28730000  10.94270000  4.77290000  1
8196  2  34.44470000  8.59431000  16.52190000  1
8197  2  36.34050000  26.17690000  31.08010000  1
8198  2  24.67400000  48.67420000  34.13760000  1
8199  2  32.63370000  17.92570000  11.26290000  1
8200  2  32.21980000  6.15925000  43.01680000  1
8201  2  21.54700000  15.78360000  16.36010000  1
8202  2  13.47850000  22.15870000  25.56770000  1
8203  2  38.46970000  42.00810000  49.41480000  1
8204  2  22.03930000  5.17888000  24.79340000  1
8205  2  37.05980000  21.72440000  47.41440000  1
8206  2  36.77040000  9.52798000  14.26820000  1
8207  2  38.20700000  27.38360000  24.38400000  1
8208  2  45.85780000  20.92650000  4.56006000  1
8209  2  6.21920000  3.60007000  2.48408000  1
8210  2  29.39930000  44.12440000  31.72530000  1
8211  2  19.64430000  17.16250000  49.72070000  1
8212  2  45.45320000  46.88330000  48.53320000  1
8213  2  13.60710000  39.37370000  7.60789000  1
8214  2  0.92924600  43.81500000  31.13950000  1
8215  2  49.99950000  16.46620000  30.25180000  1
8216  2  9.98050000  22.90480000  32.57670000  1
8217  2  30.72030000  5.82885000  15.31430000  1
8218  2  26.50970000  12.52240000  49.09570000  1
8219  2  19.01270000  5.38512000  33.81880000  1
8220  2  41.64730000  12.58250000  17.57680000  1
8221  2  35.25460000  30.23370000  29.69880000  1
8222  2  46.59290000  43.76170000  26.94220000  1
8223  2  27.92960000  18.57500000  11.74300000  1
8224  2  9.02778000  18.94970000  45.19490000  1
8225  2  7.58783000  24.67340000  8.65298000  1
8226  2  16.62630000  24.59630000  44.31980000  1
8227  2  23.10090000  42.67060000  10.88080000  1
8228  2  14.00980000  1.02931000  48.88100000  1
8229  2  41.69760000  27.17190000  27.69280000  1
8230  2  40.20410000  32.68640000  32.36740000  1
8231  2  42.63580000  7.60346000  23.83060000  1
8232  2  50.51130000  25.85760000  32.17370000  1
8233  2  13.55610000  17.93180000  34.41430000  1
8234  2  5.60090000  14.11400000  31.64490000  1
8235  2  45.29890000  7.49349000  17.55460000  1
8236  2  50.54620000  6.90717000  41.93840000  1
8237  2  11.05090000  35.65140000  46.67340000  1
8238  2  29.56610000  1.19869000  35.87540000  1
8239  2  45.18110000  34.64770000  27.58420000  1
