# particle_index particle_type x y z coordination
# type mapping: 1=C
# active pair cutoffs: C-C=1.900000
# skipped pair cutoffs: C-H=1.600000, H-H=0.900000
0  1  2.25585000  10.66690000  11.20810000  4
1  1  9.61485000  10.16980000  18.49270000  3
2  1  18.53970000  34.95510000  17.71500000  4
3  1  14.96170000  31.28910000  31.20660000  4
4  1  15.05510000  35.21920000  26.08550000  4
5  1  12.92890000  29.24770000  12.73730000  4
6  1  33.34830000  34.03310000  23.18290000  3
7  1  9.67342000  22.51510000  30.85480000  4
8  1  26.50110000  1.74384000  2.43668000  3
9  1  35.31070000  11.09270000  8.62916000  3
10  1  23.73860000  11.64540000  22.39690000  3
11  1  8.28245000  25.24240000  4.63493000  4
12  1  8.75352000  8.73370000  20.30200000  4
13  1  28.03910000  28.69830000  6.52170000  3
14  1  4.36217000  30.23650000  16.08840000  4
15  1  11.74500000  35.90750000  15.23600000  3
16  1  17.55710000  30.28080000  26.10240000  4
17  1  6.49815000  34.40200000  5.67911000  4
18  1  13.17520000  32.42430000  28.09950000  4
19  1  31.89660000  12.81110000  5.03012000  3
20  1  0.11795800  21.96730000  22.04450000  4
21  1  25.06890000  21.44980000  16.85480000  4
22  1  13.40840000  2.26748000  28.83550000  4
23  1  19.97020000  20.69270000  8.73307000  4
24  1  31.17960000  23.54600000  6.98672000  4
25  1  33.56960000  31.89930000  25.06090000  4
26  1  24.61900000  2.94777000  26.41830000  4
27  1  24.56670000  2.96660000  9.79905000  4
28  1  5.09231000  19.89610000  16.01970000  4
29  1  25.30930000  20.32070000  11.91460000  4
30  1  25.68700000  18.18250000  13.94010000  4
31  1  16.37130000  15.77560000  33.60790000  4
32  1  30.35690000  7.85241000  34.81160000  3
33  1  22.72350000  21.69460000  5.25525000  4
34  1  11.16060000  11.59480000  29.31850000  4
35  1  27.37840000  14.99560000  2.90349000  4
36  1  20.31490000  9.71412000  36.80540000  3
37  1  5.85420000  31.52160000  21.68160000  4
38  1  31.50260000  17.61570000  4.60744000  4
39  1  22.65730000  20.93010000  16.61650000  4
40  1  15.19390000  36.21760000  15.95840000  4
41  1  13.42400000  8.88544000  29.60350000  4
42  1  11.24250000  33.33970000  18.68980000  3
43  1  35.59510000  22.18620000  7.69744000  4
44  1  37.05540000  18.52400000  17.80570000  4
45  1  11.15460000  3.17164000  28.11430000  4
46  1  13.67890000  16.06840000  34.49830000  4
47  1  35.29730000  12.47260000  8.02680000  4
48  1  23.73510000  34.84730000  34.50350000  3
49  1  24.86390000  19.33970000  35.99790000  4
50  1  18.18590000  4.39172000  22.64150000  4
51  1  8.98465000  11.33410000  20.47240000  4
52  1  3.02224000  13.96600000  16.05450000  3
53  1  33.65650000  9.11501000  9.82350000  4
54  1  24.06920000  19.44480000  21.53290000  3
55  1  34.96510000  9.09702000  10.64030000  4
56  1  9.68641000  11.54770000  32.68330000  3
57  1  8.22859000  3.96464000  35.11940000  4
58  1  14.01330000  1.54673000  18.35030000  4
59  1  1.76740000  25.20600000  26.92610000  4
60  1  35.72500000  12.50010000  35.25500000  4
61  1  1.09580000  17.26150000  12.91510000  4
62  1  29.20030000  4.34710000  25.51250000  3
63  1  27.93370000  1.34528000  16.11330000  4
64  1  13.84530000  36.39160000  37.03070000  4
65  1  21.84100000  19.11790000  27.09620000  4
66  1  1.23401000  36.30570000  27.70570000  4
67  1  3.64619000  28.21620000  5.57021000  4
68  1  25.47420000  32.16600000  34.02030000  4
69  1  17.68550000  31.60220000  35.82440000  3
70  1  34.94130000  21.31730000  26.72830000  3
71  1  13.77010000  14.88960000  19.17440000  4
72  1  36.94950000  27.86700000  29.94070000  4
73  1  11.11290000  25.21650000  36.17420000  3
74  1  18.01320000  3.62968000  9.17762000  4
75  1  27.87960000  26.42740000  28.51600000  3
76  1  32.71810000  30.41650000  32.75210000  4
77  1  9.94431000  12.74520000  12.25260000  4
78  1  36.83600000  14.38620000  33.26600000  3
79  1  35.03170000  15.78380000  25.85790000  4
80  1  31.49810000  29.56950000  26.11570000  3
81  1  11.59730000  24.08910000  5.84862000  3
82  1  36.53610000  28.81350000  4.78080000  4
83  1  26.68630000  17.50470000  23.23680000  3
84  1  1.62777000  1.18583000  21.01810000  3
85  1  24.45060000  19.42220000  18.34370000  4
86  1  30.03060000  34.28100000  32.41250000  3
87  1  27.87890000  4.47687000  17.33810000  3
88  1  0.80440100  34.25800000  18.72940000  3
89  1  9.15944000  22.87630000  8.30286000  4
90  1  3.33051000  5.38875000  3.79703000  3
91  1  2.03634000  17.46710000  31.10740000  4
92  1  24.09770000  36.25650000  20.92210000  4
93  1  35.05200000  8.15017000  26.60620000  3
94  1  29.26120000  7.52635000  9.90380000  4
95  1  25.21110000  33.17600000  31.51500000  4
96  1  17.42670000  23.29590000  2.41030000  4
97  1  22.57640000  20.69830000  34.83570000  4
98  1  13.60260000  15.79920000  12.03250000  4
99  1  16.57770000  33.34650000  24.95090000  4
100  1  27.19960000  10.23200000  8.07932000  4
101  1  27.21230000  7.01008000  5.58643000  3
102  1  26.80550000  3.25543000  29.31140000  4
103  1  29.05650000  24.51140000  23.77330000  4
104  1  36.02190000  14.76640000  29.26070000  4
105  1  29.73840000  4.04208000  32.79430000  3
106  1  35.86290000  7.55869000  27.68680000  4
107  1  28.51950000  3.28882000  32.95210000  4
108  1  24.03790000  32.63480000  29.29020000  3
109  1  4.60133000  11.06420000  7.18585000  4
110  1  16.86070000  4.12099000  27.89100000  4
111  1  29.81600000  0.60240600  3.16204000  4
112  1  1.61696000  20.83760000  32.75720000  4
113  1  36.05880000  22.41510000  30.31270000  4
114  1  24.17480000  20.19710000  14.49770000  4
115  1  26.58800000  35.41610000  30.82940000  4
116  1  22.47890000  19.83720000  3.36380000  4
117  1  13.22450000  34.91820000  9.71875000  3
118  1  5.07176000  8.53973000  17.79120000  4
119  1  16.92040000  20.12630000  24.41070000  4
120  1  23.94630000  3.69850000  27.63710000  4
121  1  25.05730000  24.53500000  13.82600000  3
122  1  17.33080000  21.18570000  26.68820000  4
123  1  1.52495000  12.95390000  6.60491000  4
124  1  36.92560000  4.25146000  25.98070000  4
125  1  22.02200000  5.05911000  20.54680000  4
126  1  30.65630000  36.66510000  2.29078000  4
127  1  33.67280000  3.91850000  12.07860000  4
128  1  7.54633000  11.70560000  30.42090000  4
129  1  10.27450000  36.27380000  17.28910000  4
130  1  33.13990000  13.85150000  7.72906000  3
131  1  14.67170000  29.99380000  3.23366000  4
132  1  3.47929000  35.40540000  35.04850000  4
133  1  18.73240000  31.22870000  1.23410000  4
134  1  4.24673000  13.73290000  23.00100000  3
135  1  25.94780000  17.58380000  18.99120000  4
136  1  24.99920000  15.16550000  31.21680000  4
137  1  6.53639000  33.24740000  7.95719000  4
138  1  5.61762000  25.82910000  13.80890000  4
139  1  19.65700000  7.83192000  14.40440000  4
140  1  13.32310000  5.59177000  8.09423000  4
141  1  7.52090000  29.59680000  34.22990000  4
142  1  15.98430000  5.90601000  6.29181000  4
143  1  19.28300000  1.74553000  10.35530000  3
144  1  0.37894600  8.82207000  24.66980000  3
145  1  35.17070000  15.19750000  15.86880000  4
146  1  6.81782000  14.74170000  12.27800000  4
147  1  26.77360000  34.56460000  13.85310000  4
148  1  18.78120000  16.19620000  25.09130000  4
149  1  24.44790000  31.08050000  18.48070000  4
150  1  16.16890000  1.14772000  4.83852000  4
151  1  34.48240000  3.15593000  28.13180000  4
152  1  7.59075000  25.88980000  36.04560000  4
153  1  36.85760000  25.61210000  22.56120000  4
154  1  21.12820000  17.83450000  6.84541000  4
155  1  35.57910000  7.20414000  14.12170000  4
156  1  20.35830000  22.24560000  1.38054000  3
157  1  16.49660000  34.70690000  3.37410000  3
158  1  16.22180000  27.63930000  31.75940000  4
159  1  16.97370000  36.87520000  5.39339000  4
160  1  36.24480000  12.47150000  28.44390000  4
161  1  34.05780000  36.78930000  8.41855000  4
162  1  32.78290000  25.62270000  16.19990000  4
163  1  21.47540000  6.15166000  4.47673000  4
164  1  11.79580000  7.26222000  17.28910000  4
165  1  30.90400000  20.58960000  30.21270000  3
166  1  10.96360000  20.74920000  10.64790000  4
167  1  13.25310000  15.79950000  0.97090700  4
168  1  2.52087000  3.38540000  2.54945000  4
169  1  14.09310000  13.49120000  12.80020000  3
170  1  18.18530000  23.65210000  31.40130000  4
171  1  5.21253000  35.16950000  19.54670000  4
172  1  25.11410000  18.53480000  4.65290000  4
173  1  26.25770000  32.30850000  21.81180000  4
174  1  14.56150000  7.01097000  0.05360120  4
175  1  4.09064000  14.13000000  1.66088000  3
176  1  25.79830000  8.86943000  12.58900000  3
177  1  8.48868000  32.29530000  30.28120000  4
178  1  5.79378000  22.73620000  25.11450000  4
179  1  30.13080000  0.41205700  4.57723000  3
180  1  26.05200000  5.91007000  8.81382000  4
181  1  25.76650000  22.72460000  3.88592000  4
182  1  22.76840000  4.23916000  7.65805000  4
183  1  0.78750100  24.87000000  3.53139000  4
184  1  7.09653000  1.51615000  30.83300000  4
185  1  12.62720000  29.79930000  35.39430000  4
186  1  9.34895000  21.78750000  6.09307000  4
187  1  17.90340000  10.30510000  15.48370000  3
188  1  36.59140000  3.84671000  32.72450000  3
189  1  36.26780000  20.29160000  19.35790000  3
190  1  14.36530000  15.14930000  22.06370000  4
191  1  32.89450000  10.76380000  36.90680000  3
192  1  0.61888600  6.28716000  31.16420000  3
193  1  17.35940000  29.18890000  30.05290000  4
194  1  28.43000000  35.48440000  26.07210000  4
195  1  14.85340000  29.13490000  16.22270000  4
196  1  21.29370000  18.73640000  32.42590000  4
197  1  8.58597000  22.65700000  6.94159000  3
198  1  33.25710000  36.02090000  37.10050000  4
199  1  16.22090000  16.63660000  34.85560000  4
200  1  34.71110000  23.59630000  10.67770000  3
201  1  7.30389000  10.51820000  13.42130000  3
202  1  27.82230000  1.21831000  12.21580000  4
203  1  31.67540000  22.09330000  14.55900000  3
204  1  0.72691600  4.49880000  23.61870000  3
205  1  29.95930000  30.97180000  20.57770000  4
206  1  32.28900000  32.88520000  33.73090000  4
207  1  19.25700000  4.94857000  34.97750000  4
208  1  3.33238000  14.89590000  8.45092000  3
209  1  13.17640000  23.16260000  15.54740000  4
210  1  21.55560000  15.07840000  36.02000000  3
211  1  22.52240000  33.94080000  21.75610000  4
212  1  21.86320000  30.99270000  12.42340000  4
213  1  24.79930000  6.43650000  35.86880000  4
214  1  4.80305000  23.67450000  24.47250000  3
215  1  8.21438000  24.28000000  19.81350000  4
216  1  22.37460000  0.71483100  22.70360000  4
217  1  18.10080000  35.42550000  11.32150000  4
218  1  0.75777000  4.88641000  25.00160000  3
219  1  18.61600000  14.43160000  15.05110000  4
220  1  22.50170000  1.34800000  24.14410000  4
221  1  6.76613000  2.50126000  29.65840000  4
222  1  17.41580000  16.50190000  6.88970000  3
223  1  28.01120000  20.93470000  5.01768000  4
224  1  0.49918500  33.55600000  17.51990000  3
225  1  33.61000000  11.43460000  19.95670000  4
226  1  17.43730000  13.03940000  8.31877000  3
227  1  34.60110000  22.62680000  26.97090000  4
228  1  14.76320000  19.43580000  1.79498000  4
229  1  8.81848000  16.83350000  6.58247000  4
230  1  30.96370000  21.82780000  34.56520000  4
231  1  8.50902000  17.50790000  9.76381000  3
232  1  29.83980000  25.97490000  29.55650000  4
233  1  24.20060000  34.55290000  6.21129000  4
234  1  19.49110000  4.46587000  11.00090000  4
235  1  24.39030000  24.22090000  2.08121000  4
236  1  13.82660000  8.59204000  9.34682000  4
237  1  28.12690000  35.16960000  14.48710000  4
238  1  1.05259000  26.63980000  15.41280000  4
239  1  17.24500000  36.79370000  13.02180000  4
240  1  13.81600000  27.48490000  21.73200000  3
241  1  6.57712000  34.81280000  37.04900000  4
242  1  36.53970000  33.58870000  26.74330000  4
243  1  14.08530000  7.39043000  5.73070000  4
244  1  33.46430000  34.04860000  6.59220000  4
245  1  29.66570000  22.52400000  3.28630000  4
246  1  10.36010000  34.66320000  3.62941000  4
247  1  24.50090000  35.26880000  0.81336000  4
248  1  17.89350000  19.24110000  3.80587000  4
249  1  7.18329000  22.55110000  27.41290000  4
250  1  21.87340000  31.97030000  36.22480000  4
251  1  20.67370000  35.31630000  32.30460000  4
252  1  23.09110000  25.21860000  14.61260000  4
253  1  16.19310000  4.59045000  33.59560000  4
254  1  4.51131000  16.38210000  2.60730000  4
255  1  19.24240000  34.98640000  20.30140000  4
256  1  24.46860000  32.35470000  23.58300000  4
257  1  10.58810000  31.68360000  22.45160000  4
258  1  0.10859300  1.79467000  19.27570000  4
259  1  19.58600000  14.30440000  33.40340000  4
260  1  5.45000000  4.05853000  27.63750000  3
261  1  20.81290000  26.25840000  28.40120000  3
262  1  11.11740000  8.19350000  0.68744200  3
263  1  18.47920000  28.85080000  3.48996000  3
264  1  14.28340000  19.46510000  24.15500000  3
265  1  11.54710000  16.31020000  35.96510000  4
266  1  33.41340000  28.66890000  35.04360000  4
267  1  15.43640000  16.33490000  5.51822000  4
268  1  3.20193000  30.42210000  29.16780000  3
269  1  17.65170000  4.52454000  0.28907000  4
270  1  21.92270000  31.99230000  28.33540000  4
271  1  35.07690000  27.81850000  33.66690000  4
272  1  28.15640000  5.24374000  0.11255500  4
273  1  10.71880000  36.97320000  0.27247200  4
274  1  22.04910000  14.01870000  6.66358000  4
275  1  19.24420000  9.99367000  11.43210000  4
276  1  1.27164000  5.20043000  33.35860000  3
277  1  5.90848000  15.13880000  20.66530000  4
278  1  29.57720000  20.54970000  20.14690000  3
279  1  18.39990000  11.12570000  17.91550000  4
280  1  16.60030000  12.57780000  22.22540000  4
281  1  27.29800000  14.88160000  11.37610000  4
282  1  4.20334000  10.49300000  36.38890000  3
283  1  31.77620000  22.51050000  28.45350000  4
284  1  28.25500000  24.74080000  1.78910000  4
285  1  32.04220000  19.17260000  2.50114000  4
286  1  23.46620000  13.93490000  21.77280000  3
287  1  13.03560000  7.18349000  31.84310000  4
288  1  16.50750000  24.44630000  5.74727000  3
289  1  12.10830000  9.84612000  6.30776000  4
290  1  29.07390000  2.43824000  16.03640000  4
291  1  13.12610000  36.28110000  28.14560000  4
292  1  19.60440000  11.61560000  18.96190000  4
293  1  15.92760000  14.35680000  20.28070000  4
294  1  2.03217000  14.26710000  11.10850000  4
295  1  20.86740000  6.99019000  5.64189000  4
296  1  37.02350000  5.26856000  14.77520000  4
297  1  27.07510000  31.85780000  3.40264000  3
298  1  31.21480000  8.01399000  19.00400000  3
299  1  0.34982200  12.91580000  4.09858000  4
300  1  10.29970000  27.73900000  10.70140000  3
301  1  24.36820000  10.95460000  6.49459000  4
302  1  7.90850000  35.95310000  7.87908000  4
303  1  4.09680000  5.50728000  24.75100000  3
304  1  23.38670000  5.07224000  10.49870000  4
305  1  19.26580000  19.50740000  6.64987000  3
306  1  28.88390000  35.74360000  27.55330000  4
307  1  18.97080000  12.49890000  5.34442000  4
308  1  23.12060000  26.13040000  5.51038000  4
309  1  6.92130000  21.85100000  19.58250000  4
310  1  11.80070000  32.04360000  5.39642000  4
311  1  8.35340000  2.40370000  20.31760000  4
312  1  1.50329000  10.90560000  35.57840000  4
313  1  36.55410000  20.73850000  22.47160000  4
314  1  24.85630000  15.66650000  3.81853000  4
315  1  0.37037400  0.46409000  4.18085000  4
316  1  29.83500000  8.24061000  14.80630000  3
317  1  25.79610000  19.83810000  4.60921000  3
318  1  13.72560000  35.68510000  25.36270000  4
319  1  24.35150000  35.38110000  14.51990000  4
320  1  24.86040000  32.02060000  30.34100000  4
321  1  8.85009000  31.51580000  33.70750000  4
322  1  3.50483000  31.96280000  20.25040000  4
323  1  8.99152000  33.34320000  6.91396000  4
324  1  20.91270000  20.67040000  11.86640000  4
325  1  26.74280000  11.67300000  13.17700000  3
326  1  0.33778200  31.14070000  25.40790000  3
327  1  12.16090000  28.35570000  15.05330000  3
328  1  33.52240000  11.61000000  33.41330000  3
329  1  9.56036000  14.97350000  32.72960000  4
330  1  7.29569000  7.19220000  2.54376000  4
331  1  14.70840000  9.96550000  34.11950000  4
332  1  23.02440000  21.45410000  18.05790000  4
333  1  20.21250000  31.54730000  16.41060000  4
334  1  3.02175000  34.30050000  9.20542000  4
335  1  24.15890000  24.52890000  19.94600000  4
336  1  7.43215000  16.38670000  22.94410000  4
337  1  34.41000000  14.60670000  31.39660000  3
338  1  10.27900000  12.92070000  25.63320000  3
339  1  29.84550000  0.36190200  35.67470000  3
340  1  19.79180000  4.13250000  2.92464000  4
341  1  25.08420000  24.23760000  34.33650000  3
342  1  19.82480000  16.24530000  18.84490000  3
343  1  8.34292000  2.64218000  12.69650000  4
344  1  33.92160000  35.53160000  19.98100000  4
345  1  29.49700000  11.19970000  9.09977000  4
346  1  8.73503000  12.31050000  36.88220000  4
347  1  1.22771000  0.27469600  8.27641000  4
348  1  19.83470000  25.25160000  30.60580000  3
349  1  20.77760000  29.78240000  1.84749000  4
350  1  18.20790000  26.94800000  26.69460000  4
351  1  9.95251000  7.46894000  8.72064000  4
352  1  32.58080000  9.23656000  20.58710000  4
353  1  4.74381000  32.74520000  5.31083000  3
354  1  21.61900000  9.81780000  36.05970000  4
355  1  18.68570000  21.44460000  15.78680000  4
356  1  28.24430000  22.64630000  17.55620000  4
357  1  29.16990000  6.85855000  7.17077000  4
358  1  5.42643000  30.19350000  30.14640000  4
359  1  25.32310000  35.66550000  32.83300000  4
360  1  0.31317800  22.81640000  1.48067000  3
361  1  12.10850000  34.11730000  30.53600000  4
362  1  25.27220000  28.29230000  36.98590000  4
363  1  29.43440000  9.16885000  17.29990000  3
364  1  2.16023000  32.54790000  3.57275000  4
365  1  1.15456000  16.40810000  31.79660000  4
366  1  4.23936000  16.41620000  28.06950000  4
367  1  9.09470000  8.74841000  21.92320000  4
368  1  17.03680000  28.16330000  23.22140000  3
369  1  5.22442000  3.39128000  25.11470000  3
370  1  16.94610000  35.96020000  27.36480000  3
371  1  11.32150000  32.80440000  33.23570000  4
372  1  15.33230000  6.13810000  3.70647000  4
373  1  22.12390000  27.14690000  23.69080000  4
374  1  27.50210000  19.37440000  19.13510000  4
375  1  0.50234100  36.53050000  32.78240000  4
376  1  21.54490000  32.55510000  3.48306000  3
377  1  18.31750000  2.00151000  5.32830000  4
378  1  33.16480000  12.86080000  24.46020000  3
379  1  22.17070000  26.18410000  2.58761000  4
380  1  4.79989000  20.12690000  3.61320000  3
381  1  15.10310000  33.83840000  17.02140000  4
382  1  9.94662000  19.77000000  31.17110000  3
383  1  11.65990000  33.57520000  11.94670000  3
384  1  9.13651000  5.28106000  35.07050000  4
385  1  33.20170000  17.86170000  20.39500000  4
386  1  0.48292500  0.77747300  5.79726000  4
387  1  6.33565000  17.93570000  32.82820000  4
388  1  0.43173400  20.02650000  15.05010000  3
389  1  32.97230000  26.71400000  20.66750000  4
390  1  25.58890000  15.09840000  23.10460000  4
391  1  7.65089000  23.79060000  4.94242000  4
392  1  17.01670000  30.22880000  16.97470000  4
393  1  35.37050000  20.19890000  21.73410000  3
394  1  4.34546000  8.44281000  0.80334200  4
395  1  26.39870000  28.74960000  34.81830000  4
396  1  36.11660000  35.06530000  26.66850000  3
397  1  7.84065000  28.08050000  20.11030000  4
398  1  20.27640000  28.94080000  0.51705300  4
399  1  16.52530000  20.34270000  31.52270000  4
400  1  31.65290000  15.11110000  0.82008200  4
401  1  6.19615000  1.80360000  19.39690000  4
402  1  1.46939000  24.10210000  29.59260000  3
403  1  23.64520000  32.95320000  21.27110000  3
404  1  30.09680000  22.94670000  1.82144000  4
405  1  17.38300000  26.68600000  25.40490000  4
406  1  13.13000000  1.18058000  9.86374000  4
407  1  8.13485000  11.39510000  21.85180000  4
408  1  8.78864000  30.58310000  36.42400000  4
409  1  9.05104000  34.77100000  19.06300000  4
410  1  28.98930000  22.62590000  32.42660000  4
411  1  27.50460000  17.10360000  9.18112000  3
412  1  17.62720000  29.16210000  35.27770000  4
413  1  35.30780000  16.71750000  20.71410000  3
414  1  1.25625000  27.35100000  10.85220000  4
415  1  6.70620000  7.57579000  21.54300000  4
416  1  31.73270000  16.36080000  34.06510000  3
417  1  34.34550000  5.78486000  28.23330000  4
418  1  20.44480000  31.77980000  12.56290000  4
419  1  19.98970000  27.84200000  33.10100000  4
420  1  33.33730000  25.39010000  31.94600000  4
421  1  11.24300000  2.24235000  22.28190000  4
422  1  30.68190000  5.40458000  34.55200000  4
423  1  11.75070000  16.08790000  31.10080000  3
424  1  15.06900000  3.99083000  19.66200000  4
425  1  25.24360000  20.51180000  32.31220000  4
426  1  25.93490000  20.56740000  9.67426000  4
427  1  15.35040000  24.04820000  3.24364000  3
428  1  9.50415000  12.59500000  26.68770000  3
429  1  16.44130000  24.98910000  12.24070000  4
430  1  13.11450000  0.12734900  32.15870000  4
431  1  7.44570000  31.25700000  12.09200000  4
432  1  20.64210000  8.12084000  9.21041000  4
433  1  36.76230000  19.02010000  14.60030000  3
434  1  3.64820000  11.19180000  22.45100000  4
435  1  18.58740000  0.73740400  0.05494290  4
436  1  13.71140000  6.56147000  14.55530000  4
437  1  21.11140000  35.71270000  14.92890000  4
438  1  19.69070000  2.88872000  5.15208000  4
439  1  0.85373600  1.27160000  29.50280000  4
440  1  23.85370000  18.88880000  5.32850000  3
441  1  20.85160000  26.96790000  24.81840000  4
442  1  20.72320000  8.53327000  25.92580000  4
443  1  17.84280000  15.20340000  17.10230000  4
444  1  23.46970000  0.38179300  20.32170000  4
445  1  12.15530000  14.04410000  35.29810000  4
446  1  36.57030000  3.95968000  13.99830000  4
447  1  10.06970000  30.17840000  35.61800000  4
448  1  6.87185000  14.94200000  7.66834000  4
449  1  8.10280000  33.33550000  3.43643000  4
450  1  16.50820000  14.59960000  1.91943000  4
451  1  20.59870000  26.42790000  0.69066100  3
452  1  19.21450000  35.52580000  12.46910000  4
453  1  31.33350000  28.25210000  31.11800000  4
454  1  12.76940000  14.79790000  17.99990000  3
455  1  8.41698000  12.42230000  19.21980000  4
456  1  10.52900000  31.57630000  27.84180000  4
457  1  7.48382000  23.59900000  2.05777000  4
458  1  21.76730000  34.43250000  32.92670000  4
459  1  21.69450000  15.05700000  5.56367000  3
460  1  1.45535000  22.44250000  10.79660000  4
461  1  6.68799000  8.49599000  37.12260000  3
462  1  20.10960000  2.72705000  3.61277000  4
463  1  0.50838100  32.25120000  6.72117000  4
464  1  36.90480000  15.45320000  17.59200000  4
465  1  8.05873000  35.13200000  12.43100000  4
466  1  18.67700000  15.51890000  19.47490000  4
467  1  0.54825800  10.06170000  22.00820000  4
468  1  8.35921000  36.80500000  28.54960000  4
469  1  28.70110000  9.99577000  2.08145000  3
470  1  19.49690000  19.61140000  24.09970000  4
471  1  33.34500000  22.80070000  20.98370000  4
472  1  2.84593000  15.75470000  37.06780000  3
473  1  17.97170000  31.55390000  11.44650000  4
474  1  28.03360000  0.14384400  22.60040000  4
475  1  1.53373000  26.56240000  8.24685000  4
476  1  30.58270000  7.84428000  30.38350000  3
477  1  1.38554000  27.86960000  33.28760000  4
478  1  31.42500000  3.87518000  26.60520000  4
479  1  27.89270000  19.33630000  25.22180000  3
480  1  34.82780000  26.57770000  1.84175000  3
481  1  6.53086000  10.80640000  28.13080000  4
482  1  30.60230000  23.32610000  25.47300000  4
483  1  5.27280000  34.53850000  10.16610000  4
484  1  3.88747000  26.42170000  34.76460000  4
485  1  4.75323000  15.23930000  8.85538000  4
486  1  2.36695000  1.87300000  1.95091000  4
487  1  11.90950000  25.13750000  28.58140000  3
488  1  15.84910000  31.16480000  9.80571000  3
489  1  12.17220000  28.36310000  34.94850000  4
490  1  28.70750000  17.00180000  19.25780000  3
491  1  31.43080000  31.36410000  35.64660000  4
492  1  11.55370000  35.82360000  0.81977300  4
493  1  3.06347000  23.16700000  2.58106000  3
494  1  6.12330000  31.97570000  16.83130000  4
495  1  7.79808000  31.81110000  27.79880000  4
496  1  15.97560000  4.63383000  17.78570000  3
497  1  26.44410000  27.51140000  20.73740000  4
498  1  23.63350000  22.85860000  15.11540000  4
499  1  30.41910000  2.26691000  16.64670000  4
500  1  19.48890000  21.69910000  6.40074000  3
501  1  0.67642500  3.29751000  6.67751000  4
502  1  13.94410000  27.01810000  14.16470000  4
503  1  30.90220000  0.91066500  17.10290000  4
504  1  16.90120000  20.85650000  20.40490000  4
505  1  32.51230000  32.87870000  10.24700000  3
506  1  25.67290000  20.36370000  29.38150000  4
507  1  16.43660000  12.90860000  19.75440000  4
508  1  30.23790000  14.93630000  1.64259000  4
509  1  29.08680000  0.95418100  29.99470000  4
510  1  18.61940000  8.65267000  27.26350000  4
511  1  22.16330000  11.38670000  35.93180000  4
512  1  29.75490000  14.43740000  5.99254000  4
513  1  30.66670000  18.14960000  17.35770000  4
514  1  31.37580000  19.20860000  34.15390000  4
515  1  26.00370000  13.87580000  11.49020000  4
516  1  4.44531000  13.05170000  28.56390000  3
517  1  1.80030000  11.94530000  11.90800000  4
518  1  26.73160000  23.15690000  31.62620000  2
519  1  18.75830000  30.18060000  14.78240000  4
520  1  8.23739000  10.78180000  2.83088000  4
521  1  22.69490000  10.00520000  25.81500000  4
522  1  23.38580000  21.34640000  36.07180000  4
523  1  26.22420000  19.21440000  28.33790000  4
524  1  36.96250000  14.84660000  26.98320000  3
525  1  0.68337400  3.86883000  33.59670000  4
526  1  25.00640000  27.86870000  10.19040000  3
527  1  30.66060000  3.26512000  12.91160000  4
528  1  8.41092000  22.82080000  35.93060000  4
529  1  28.94230000  35.80220000  8.12689000  4
530  1  10.20460000  24.47570000  37.10110000  4
531  1  14.31000000  25.24520000  22.83480000  4
532  1  27.56540000  34.90300000  6.05564000  4
533  1  28.97950000  6.06462000  21.15460000  4
534  1  10.49260000  11.85550000  2.73720000  4
535  1  11.59320000  1.67474000  25.64620000  3
536  1  31.82400000  17.90420000  0.47733400  4
537  1  35.44490000  29.61620000  9.58448000  3
538  1  31.74710000  7.31497000  16.03930000  4
539  1  7.03592000  33.80990000  32.51360000  4
540  1  2.83634000  24.09600000  28.97370000  4
541  1  29.99290000  4.89681000  10.40800000  4
542  1  33.42560000  27.18980000  19.19650000  4
543  1  11.46210000  22.57720000  3.00442000  4
544  1  23.66080000  2.64526000  17.57790000  4
545  1  11.59090000  33.16730000  16.38540000  3
546  1  16.30010000  17.09860000  17.20720000  4
547  1  7.15629000  6.15891000  11.38170000  4
548  1  1.83176000  29.80990000  29.21840000  4
549  1  31.98880000  3.31341000  3.88840000  4
550  1  5.49898000  15.60830000  15.89750000  4
551  1  7.25375000  36.01110000  29.42140000  4
552  1  14.51220000  29.49990000  32.67140000  3
553  1  27.73230000  31.04800000  34.09800000  4
554  1  2.46288000  31.98830000  21.29370000  4
555  1  15.69090000  14.06300000  7.00337000  4
556  1  21.82460000  4.13787000  19.32850000  4
557  1  3.77722000  24.82970000  16.82310000  4
558  1  31.00970000  11.74990000  4.78375000  3
559  1  32.53920000  27.86230000  33.03510000  4
560  1  9.80839000  3.54506000  10.83240000  3
561  1  17.87670000  15.72870000  14.34930000  4
562  1  22.51240000  2.81093000  19.70200000  3
563  1  29.50980000  13.95120000  30.31560000  3
564  1  25.59960000  4.04069000  36.79560000  4
565  1  3.39375000  11.71440000  19.99850000  4
566  1  23.51950000  27.93250000  10.01070000  4
567  1  27.67970000  32.90450000  17.60070000  4
568  1  7.72310000  30.48600000  24.15720000  4
569  1  12.67130000  0.92417200  17.86530000  4
570  1  13.98220000  33.09830000  22.20700000  4
571  1  34.24950000  1.00782000  29.13160000  4
572  1  14.81730000  3.28969000  23.61660000  4
573  1  2.40696000  4.78809000  31.04520000  4
574  1  26.07100000  5.82794000  31.46280000  4
575  1  17.73420000  6.36309000  13.63020000  3
576  1  8.16597000  9.91021000  34.48330000  3
577  1  13.33540000  31.38880000  7.21109000  4
578  1  33.71080000  13.97410000  35.16690000  3
579  1  30.56330000  23.39520000  29.17880000  4
580  1  9.40589000  10.43460000  34.88820000  3
581  1  19.60490000  17.52470000  14.64270000  4
582  1  0.40823700  34.10460000  29.22530000  4
583  1  28.26310000  2.04921000  20.95460000  3
584  1  21.81580000  33.83330000  2.56328000  4
585  1  16.54980000  30.86510000  11.10890000  4
586  1  26.58490000  17.23070000  20.30380000  4
587  1  32.82870000  8.84937000  22.99040000  4
588  1  12.21320000  8.72303000  35.89350000  4
589  1  25.69840000  18.15240000  25.86730000  4
590  1  1.43546000  18.84130000  31.25750000  4
591  1  1.96861000  36.18410000  30.92760000  3
592  1  21.60690000  28.11190000  20.76440000  4
593  1  25.93880000  10.64210000  2.21566000  4
594  1  13.05680000  25.94530000  4.10745000  3
595  1  10.39340000  5.49731000  20.58540000  4
596  1  24.03600000  13.14090000  5.23500000  3
597  1  4.26304000  35.08160000  9.29620000  3
598  1  34.97060000  19.12420000  12.79700000  4
599  1  11.23120000  21.93660000  15.62850000  4
600  1  15.14200000  3.11461000  0.99372700  3
601  1  34.35090000  4.83403000  17.90490000  4
602  1  33.38500000  6.37574000  20.16280000  3
603  1  35.23960000  1.81308000  9.89307000  4
604  1  33.56290000  29.79140000  23.91840000  4
605  1  35.30610000  27.38790000  21.37650000  4
606  1  13.89460000  7.43526000  27.09050000  4
607  1  21.75290000  4.15200000  21.94450000  4
608  1  15.80970000  23.43750000  24.17900000  4
609  1  13.23540000  17.66030000  8.11238000  4
610  1  16.33680000  15.43490000  14.13970000  4
611  1  20.76330000  27.46230000  30.69830000  4
612  1  25.13180000  1.82107000  11.72800000  4
613  1  28.68000000  1.89400000  32.44910000  4
614  1  36.88110000  4.16471000  20.78560000  3
615  1  1.85055000  32.35400000  9.91996000  4
616  1  24.88170000  8.00431000  33.72100000  3
617  1  34.36240000  22.89390000  0.73007500  4
618  1  21.82210000  10.48070000  10.09670000  4
619  1  19.70270000  33.11510000  35.89930000  4
620  1  15.52480000  21.07480000  20.92230000  3
621  1  21.10280000  0.26460600  12.79890000  4
622  1  21.45370000  25.35170000  37.07450000  4
623  1  8.98757000  1.04529000  3.06448000  4
624  1  18.73200000  13.79050000  24.29140000  4
625  1  6.28115000  11.02020000  33.10160000  4
626  1  25.17660000  3.22907000  14.09660000  4
627  1  29.95200000  34.53520000  15.95440000  3
628  1  23.61920000  12.87330000  29.57920000  4
629  1  10.91510000  11.69280000  22.32850000  4
630  1  25.68250000  8.15457000  7.40814000  4
631  1  4.29215000  20.30280000  18.38090000  4
632  1  22.69050000  3.72191000  22.98140000  3
633  1  28.47060000  20.73970000  10.64370000  3
634  1  11.54940000  7.56177000  11.66520000  4
635  1  13.87190000  8.69485000  3.32628000  3
636  1  26.08460000  11.75350000  4.58002000  4
637  1  21.31390000  2.37139000  16.95710000  3
638  1  12.55490000  34.07910000  23.93850000  4
639  1  32.50230000  21.40100000  25.80640000  4
640  1  14.94980000  20.91360000  14.77070000  4
641  1  25.57280000  27.27790000  7.93008000  4
642  1  21.38770000  6.30379000  10.91470000  4
643  1  32.47710000  28.41380000  13.24040000  4
644  1  7.82936000  26.83810000  20.92290000  4
645  1  5.98375000  16.62010000  5.01234000  3
646  1  29.55800000  19.61380000  28.58170000  4
647  1  1.64662000  4.64384000  16.19520000  3
648  1  21.98200000  21.81860000  31.71790000  4
649  1  20.82270000  7.08073000  13.36290000  4
650  1  24.74400000  11.86750000  10.34060000  4
651  1  15.21540000  10.11970000  0.55500500  3
652  1  1.81182000  29.71400000  10.62910000  4
653  1  35.55690000  13.30470000  0.60701500  4
654  1  10.49400000  28.11130000  5.64457000  4
655  1  25.33570000  7.44707000  23.15850000  4
656  1  8.50199000  5.57005000  11.82410000  4
657  1  35.07150000  6.70574000  6.33942000  4
658  1  24.14940000  31.46860000  26.91140000  4
659  1  0.07425700  13.38880000  8.69501000  4
660  1  4.92827000  10.32820000  11.56490000  3
661  1  19.11660000  6.83714000  19.66040000  4
662  1  6.63696000  12.13790000  7.01374000  3
663  1  18.49320000  19.09820000  30.41120000  4
664  1  8.71783000  11.23600000  28.34720000  4
665  1  8.67302000  15.29330000  5.91830000  4
666  1  36.61070000  34.78760000  10.95690000  4
667  1  13.89850000  6.15931000  29.13070000  4
668  1  9.35800000  26.57870000  21.26250000  4
669  1  21.04380000  20.41930000  26.79460000  3
670  1  15.59400000  21.39600000  22.37150000  4
671  1  35.47200000  8.95202000  3.93114000  4
672  1  2.43480000  36.94520000  28.43900000  4
673  1  3.81838000  27.96260000  10.84550000  4
674  1  16.12980000  12.32390000  11.66690000  4
675  1  23.11660000  36.41310000  9.48407000  3
676  1  6.79069000  29.07790000  23.96730000  4
677  1  9.98973000  1.09549000  12.03780000  3
678  1  15.55780000  34.07580000  7.66334000  4
679  1  7.37349000  35.97650000  26.02100000  4
680  1  1.57092000  5.33477000  27.40410000  4
681  1  11.11980000  25.19950000  9.81930000  4
682  1  6.24132000  37.01970000  13.17730000  4
683  1  20.09900000  8.59053000  18.21640000  3
684  1  15.31230000  8.18563000  32.22740000  4
685  1  26.74480000  18.17900000  29.35190000  4
686  1  14.96370000  36.81210000  20.60490000  4
687  1  6.61059000  16.45530000  3.62295000  4
688  1  5.66430000  28.59580000  18.50100000  4
689  1  7.52185000  5.32423000  20.44140000  4
690  1  27.95550000  0.48987000  17.32750000  4
691  1  22.87460000  29.60330000  25.92650000  4
692  1  8.68440000  0.13284000  13.80020000  3
693  1  0.81326900  3.03248000  23.63260000  3
694  1  8.81860000  34.54840000  13.75190000  4
695  1  21.26440000  19.83780000  0.90317900  3
696  1  2.34146000  28.70760000  16.79830000  4
697  1  18.54740000  21.26280000  29.51700000  4
698  1  18.78520000  8.87187000  1.69730000  4
699  1  12.88350000  7.28658000  29.44170000  4
700  1  25.97760000  10.19770000  8.98075000  4
701  1  1.99131000  24.19270000  34.30440000  4
702  1  34.22720000  35.15510000  0.70583200  4
703  1  20.44930000  37.01490000  23.77310000  4
704  1  3.95741000  5.73880000  23.38770000  3
705  1  5.37134000  18.92300000  13.15160000  3
706  1  30.06350000  3.44705000  8.23105000  4
707  1  33.55550000  30.71970000  13.35410000  4
708  1  31.10300000  32.20170000  27.92780000  4
709  1  11.96850000  20.57170000  27.39260000  4
710  1  4.69734000  26.68110000  25.17040000  4
711  1  17.04200000  9.31567000  25.28100000  4
712  1  24.05290000  10.09560000  13.56200000  3
713  1  34.57660000  13.19110000  21.79040000  3
714  1  27.91860000  31.36970000  2.41224000  3
715  1  14.80300000  14.05630000  21.24130000  4
716  1  36.24500000  13.36740000  15.21450000  3
717  1  15.50780000  3.36941000  18.38440000  4
718  1  12.59400000  35.40190000  34.67950000  4
719  1  2.84132000  32.86830000  29.39430000  4
720  1  1.92130000  6.89158000  31.63970000  4
721  1  1.79013000  16.89310000  37.13840000  4
722  1  11.63290000  19.88060000  17.39520000  4
723  1  9.04699000  12.33130000  9.68743000  4
724  1  23.41210000  14.75560000  31.43860000  4
725  1  23.02630000  22.20670000  2.40843000  3
726  1  28.08310000  22.86730000  3.28502000  4
727  1  17.73050000  5.50874000  31.88810000  3
728  1  26.80940000  24.19820000  6.00595000  3
729  1  4.84194000  6.15072000  14.75080000  4
730  1  12.24790000  31.21790000  25.37400000  4
731  1  36.87560000  17.67410000  13.19880000  3
732  1  24.77860000  18.53400000  19.41310000  3
733  1  24.02520000  30.49910000  15.66870000  4
734  1  11.09590000  25.80580000  30.81840000  4
735  1  34.24560000  11.64690000  31.24850000  3
736  1  33.77320000  29.00650000  31.10910000  3
737  1  17.68060000  0.37197400  18.21620000  3
738  1  18.29880000  4.29109000  25.18970000  4
739  1  28.23620000  19.26590000  26.68700000  4
740  1  1.19028000  7.14048000  15.77390000  4
741  1  10.98020000  34.82220000  29.68880000  4
742  1  12.03490000  9.40242000  4.84546000  4
743  1  2.90030000  35.69260000  20.73000000  4
744  1  31.77330000  24.88060000  12.97620000  4
745  1  25.11860000  28.55750000  18.59180000  4
746  1  11.81210000  5.26347000  8.08549000  3
747  1  28.99350000  34.80330000  5.61434000  4
748  1  36.15630000  21.34560000  36.57140000  4
749  1  30.98100000  24.11030000  1.75993000  3
750  1  31.52050000  21.03770000  27.96310000  4
751  1  16.43800000  15.58530000  24.79610000  3
752  1  16.27690000  26.72930000  35.49860000  3
753  1  7.75389000  20.70740000  30.65410000  4
754  1  20.62070000  11.54200000  28.36380000  3
755  1  27.89970000  14.80500000  10.06250000  3
756  1  1.89805000  23.81310000  26.68420000  4
757  1  33.30260000  19.07850000  17.78590000  3
758  1  33.60000000  10.83780000  34.65980000  4
759  1  13.04400000  9.95535000  1.13101000  4
760  1  21.83210000  34.48160000  6.88283000  4
761  1  9.94638000  14.56910000  9.23644000  4
762  1  15.17330000  20.86320000  29.06760000  4
763  1  6.30904000  14.95650000  24.48460000  4
764  1  11.73750000  13.66130000  1.60744000  4
765  1  25.86870000  24.90920000  21.94190000  4
766  1  24.64570000  25.71330000  22.51230000  4
767  1  24.25430000  27.42380000  29.62120000  4
768  1  35.96020000  10.00680000  35.43210000  4
769  1  26.53360000  24.72720000  36.84040000  4
770  1  21.00740000  19.19120000  18.19250000  3
771  1  23.79800000  20.86000000  27.11670000  4
772  1  5.11783000  3.70958000  7.46604000  3
773  1  21.66190000  18.37580000  11.41030000  4
774  1  15.65320000  24.47040000  27.67290000  4
775  1  11.30100000  27.61110000  1.69851000  4
776  1  33.04670000  24.35360000  28.18890000  3
777  1  31.83620000  34.13870000  19.87490000  4
778  1  6.11920000  30.08060000  13.99890000  4
779  1  27.37200000  33.90830000  33.85750000  4
780  1  3.86864000  36.59420000  22.83880000  4
781  1  9.91912000  0.56899100  7.65910000  4
782  1  20.27410000  13.59300000  34.64550000  4
783  1  34.93980000  0.42951800  35.82210000  4
784  1  32.91040000  17.81880000  22.00890000  4
785  1  14.92070000  29.00290000  4.52602000  4
786  1  3.99532000  16.28260000  19.40480000  4
787  1  13.62590000  20.19680000  7.94350000  3
788  1  6.65319000  33.28670000  3.65763000  4
789  1  12.17630000  10.79810000  25.62340000  4
790  1  8.87305000  33.96750000  23.73220000  4
791  1  20.76440000  11.28110000  13.35820000  3
792  1  25.12790000  32.60090000  26.72390000  4
793  1  4.52183000  11.55420000  35.59620000  3
794  1  13.44260000  32.11680000  10.88100000  3
795  1  16.81800000  18.05310000  22.95800000  4
796  1  7.43857000  23.68140000  17.20300000  3
797  1  28.28280000  3.21222000  1.63207000  4
798  1  20.23130000  15.50060000  5.78090000  4
799  1  10.99430000  14.72850000  7.05454000  3
800  1  1.39167000  29.99350000  22.31870000  4
801  1  1.40584000  2.71579000  33.00350000  3
802  1  1.79658000  16.80730000  20.72570000  4
803  1  20.48400000  6.20213000  6.80786000  4
804  1  29.53430000  18.07400000  35.39600000  4
805  1  36.51020000  1.46016000  3.77377000  4
806  1  17.95310000  3.95238000  10.68930000  4
807  1  35.66060000  35.42830000  9.78492000  3
808  1  10.46420000  7.88326000  28.75700000  4
809  1  11.14120000  20.66130000  12.26180000  4
810  1  30.03160000  20.11210000  15.44340000  3
811  1  36.15310000  22.74260000  16.54470000  4
812  1  2.90850000  23.51030000  18.87500000  4
813  1  2.93387000  26.57190000  3.96712000  4
814  1  35.98810000  29.98060000  31.06560000  4
815  1  14.15720000  21.83870000  32.44090000  4
816  1  10.36370000  36.83770000  35.88480000  4
817  1  4.26107000  18.32590000  29.47290000  4
818  1  25.14550000  8.40987000  25.47220000  3
819  1  28.83070000  33.15650000  34.14820000  4
820  1  2.86235000  24.46990000  27.61890000  4
821  1  7.69512000  16.51500000  9.31335000  3
822  1  25.15210000  6.65900000  18.93520000  3
823  1  2.78632000  17.99060000  3.73478000  4
824  1  24.31050000  15.88610000  19.35510000  4
825  1  35.24770000  6.83447000  8.70321000  3
826  1  19.60130000  17.60940000  26.90920000  4
827  1  10.33800000  27.95870000  13.10650000  3
828  1  8.84670000  4.29354000  18.89590000  3
829  1  12.81550000  5.35454000  0.37981500  4
830  1  25.80940000  2.85499000  12.60000000  4
831  1  13.81570000  21.52330000  7.35780000  3
832  1  17.36850000  6.35129000  2.43813000  3
833  1  6.34700000  25.60700000  16.50540000  4
834  1  19.87090000  21.02280000  3.46795000  3
835  1  34.73600000  33.57840000  15.28140000  4
836  1  25.71840000  34.52890000  22.92270000  3
837  1  5.98980000  31.57000000  34.11610000  4
838  1  28.29460000  4.92223000  28.46350000  4
839  1  32.19970000  4.16954000  36.08810000  3
840  1  6.45111000  18.79600000  24.15010000  3
841  1  0.30811900  29.65620000  10.63570000  4
842  1  17.43730000  32.22570000  14.32240000  4
843  1  19.33480000  33.09220000  26.16820000  3
844  1  27.89000000  31.07140000  26.84240000  4
845  1  19.37930000  16.69250000  31.02080000  4
846  1  4.98247000  8.11945000  19.25580000  4
847  1  8.29102000  20.79640000  15.86720000  3
848  1  21.05870000  22.83250000  29.33330000  3
849  1  3.24080000  4.25265000  28.78690000  4
850  1  2.35603000  30.86920000  26.44080000  3
851  1  20.83510000  34.73860000  19.92220000  4
852  1  0.58269900  7.95445000  5.92947000  4
853  1  11.78480000  24.02670000  10.35640000  3
854  1  28.39700000  12.00220000  29.50450000  3
855  1  31.42030000  11.55510000  26.54070000  4
856  1  0.37752600  23.45130000  10.85960000  3
857  1  17.00790000  27.75910000  16.59790000  4
858  1  29.84790000  37.06650000  25.00930000  4
859  1  10.21960000  22.89810000  18.01260000  3
860  1  30.37990000  20.61410000  16.79560000  4
861  1  35.08440000  9.96404000  6.29067000  4
862  1  32.14370000  15.03840000  22.61550000  4
863  1  20.99950000  10.96900000  32.14100000  4
864  1  27.02640000  11.14850000  16.71280000  4
865  1  15.71030000  14.76260000  9.77606000  3
866  1  27.57800000  35.00440000  7.77940000  4
867  1  34.67840000  23.79170000  13.38710000  3
868  1  32.18980000  23.80670000  10.94210000  3
869  1  3.03270000  12.67550000  12.40600000  4
870  1  5.72065000  20.71880000  37.02550000  4
871  1  24.36360000  10.64590000  11.13220000  4
872  1  21.11420000  34.51520000  18.49180000  3
873  1  28.61930000  26.41190000  4.24984000  3
874  1  37.02360000  30.31620000  20.43150000  4
875  1  35.79650000  22.66170000  20.68060000  3
876  1  28.19990000  27.79050000  28.99280000  4
877  1  7.34493000  25.47790000  20.48660000  4
878  1  6.72262000  28.84880000  25.71800000  4
879  1  25.75090000  32.26100000  14.13840000  4
880  1  30.40650000  15.63500000  16.28980000  4
881  1  10.53250000  30.66730000  6.74772000  4
882  1  23.86640000  2.88677000  33.84780000  4
883  1  12.22050000  9.48022000  29.11270000  3
884  1  16.18380000  36.71980000  10.58060000  3
885  1  33.36810000  13.68640000  29.51530000  4
886  1  31.94940000  28.47180000  35.40720000  3
887  1  34.18200000  9.54212000  23.01490000  3
888  1  26.69240000  0.18718000  19.46360000  4
889  1  0.77092100  31.09500000  29.14780000  4
890  1  10.54200000  11.85170000  9.72398000  3
891  1  3.01057000  6.43274000  17.49200000  3
892  1  13.39940000  32.03700000  21.09940000  4
893  1  4.73193000  12.14580000  5.03265000  4
894  1  14.92180000  10.69270000  30.76580000  4
895  1  9.29081000  21.35320000  21.29250000  4
896  1  31.99570000  6.89662000  13.20500000  4
897  1  33.69400000  21.48010000  30.34370000  3
898  1  27.28740000  2.96429000  26.76020000  4
899  1  30.03030000  27.53040000  19.16600000  3
900  1  2.84024000  7.49137000  30.49530000  4
901  1  9.64411000  25.21090000  10.34990000  4
902  1  14.48880000  0.27476900  22.99470000  4
903  1  31.22850000  28.35000000  34.07500000  4
904  1  15.04540000  16.17290000  36.62330000  4
905  1  27.02880000  10.54300000  34.07560000  4
906  1  20.37820000  15.47700000  29.13090000  4
907  1  32.52010000  32.74650000  17.55920000  4
908  1  11.13720000  24.80250000  4.57792000  4
909  1  18.59640000  31.88640000  6.58461000  4
910  1  2.19802000  8.44216000  4.30719000  4
911  1  26.87200000  34.00020000  10.05140000  4
912  1  11.88100000  32.86000000  2.17147000  4
913  1  19.49290000  27.07140000  24.06500000  4
914  1  4.11886000  0.92942700  35.77260000  4
915  1  5.05130000  21.65870000  34.48000000  4
916  1  12.87170000  16.59630000  5.74309000  4
917  1  17.01350000  2.93689000  11.30120000  3
918  1  33.90480000  13.67690000  10.72140000  4
919  1  3.55987000  2.39903000  30.83070000  3
920  1  3.39514000  12.41610000  35.19680000  4
921  1  31.41490000  15.61780000  3.48251000  4
922  1  6.23351000  12.45190000  31.09760000  4
923  1  15.19100000  13.69690000  26.75080000  4
924  1  27.98570000  23.99020000  22.73780000  4
925  1  5.08387000  7.19179000  2.63654000  4
926  1  5.55840000  35.62940000  11.29820000  4
927  1  4.62751000  19.43160000  33.05130000  4
928  1  6.33154000  25.76440000  6.64339000  4
929  1  35.27200000  21.57760000  0.59408800  4
930  1  3.67802000  36.65460000  4.82805000  4
931  1  31.89920000  36.73720000  33.11620000  3
932  1  5.49114000  17.64200000  13.81770000  4
933  1  23.83730000  9.99986000  37.10410000  4
934  1  31.81170000  34.17590000  12.98640000  3
935  1  28.63920000  18.62930000  30.95370000  4
936  1  29.22730000  11.84540000  17.79680000  4
937  1  15.27320000  28.25760000  8.11357000  4
938  1  22.27030000  16.95910000  6.72079000  3
939  1  5.27144000  33.70960000  24.63510000  4
940  1  10.79280000  19.28780000  10.17390000  4
941  1  16.86820000  19.77860000  32.87440000  4
942  1  10.62080000  9.16367000  26.66510000  3
943  1  30.84470000  0.25800100  26.13940000  4
944  1  36.26650000  26.51520000  30.31340000  4
945  1  6.76902000  14.93440000  3.04176000  4
946  1  8.35257000  20.13380000  7.24297000  4
947  1  31.15020000  20.20950000  22.24560000  4
948  1  16.43610000  19.94150000  28.92850000  4
949  1  20.81880000  14.26830000  32.42310000  4
950  1  13.60760000  14.23010000  4.21469000  4
951  1  17.90380000  29.80800000  32.83660000  3
952  1  2.57582000  8.14500000  27.53170000  4
953  1  7.56623000  4.51739000  0.63740500  4
954  1  25.66570000  15.15400000  24.66520000  4
955  1  9.34599000  2.24737000  5.97868000  4
956  1  6.64171000  31.54520000  24.11320000  3
957  1  36.04610000  11.20240000  4.55205000  4
958  1  4.49051000  12.09680000  26.19070000  4
959  1  4.80262000  10.65100000  28.34720000  4
960  1  36.14430000  19.28240000  31.71690000  4
961  1  31.06220000  34.94890000  6.90922000  4
962  1  27.41970000  21.07280000  16.02540000  4
963  1  31.63050000  9.90219000  32.81760000  3
964  1  8.63207000  22.85800000  4.06149000  4
965  1  25.89430000  2.32571000  27.10030000  4
966  1  2.35605000  22.03910000  18.29460000  5
967  1  33.42430000  36.98210000  28.62940000  4
968  1  9.51101000  9.75804000  13.00240000  4
969  1  18.38830000  17.83790000  4.03207000  3
970  1  29.66020000  19.72120000  26.95920000  4
971  1  2.98441000  8.71741000  26.06250000  4
972  1  13.18590000  19.64140000  29.73120000  3
973  1  21.02240000  35.71800000  17.62190000  4
974  1  17.59940000  6.72416000  22.66960000  4
975  1  21.58830000  9.38342000  26.86260000  4
976  1  34.31370000  29.54030000  25.32740000  4
977  1  15.99050000  30.22320000  36.90110000  4
978  1  7.75531000  3.02537000  14.02430000  4
979  1  8.53066000  20.29560000  20.39490000  4
980  1  7.25699000  27.91670000  13.57920000  3
981  1  1.68739000  29.52550000  15.58360000  4
982  1  30.24710000  21.58400000  36.75650000  4
983  1  21.35070000  35.88670000  23.47980000  3
984  1  17.32850000  8.43750000  1.05923000  4
985  1  13.84960000  0.83074300  0.39086900  4
986  1  35.08980000  1.30457000  20.51080000  4
987  1  14.55000000  2.76988000  2.40885000  4
988  1  5.59032000  32.66350000  30.76160000  4
989  1  5.84799000  10.61270000  19.93910000  4
990  1  15.92580000  12.32410000  2.92383000  4
991  1  36.91390000  21.21120000  12.95270000  3
992  1  9.63523000  20.48650000  8.07393000  4
993  1  15.00490000  33.70190000  36.02800000  3
994  1  19.71470000  12.18660000  6.67567000  4
995  1  14.76070000  9.23241000  28.80410000  4
996  1  8.43358000  11.05220000  9.21049000  4
997  1  22.68270000  33.65310000  31.88410000  4
998  1  12.82720000  2.62558000  4.75150000  3
999  1  34.60420000  13.11910000  5.74400000  3
1000  1  4.69322000  20.57640000  21.08310000  4
1001  1  3.66080000  18.55950000  0.28770100  4
1002  1  25.49150000  25.42840000  4.83645000  4
1003  1  6.42002000  27.52160000  34.99660000  4
1004  1  35.27640000  10.21570000  0.82515200  4
1005  1  25.90600000  12.88860000  28.28390000  4
1006  1  16.32270000  0.06571740  15.44170000  4
1007  1  18.03840000  9.70391000  21.96590000  4
1008  1  11.42180000  25.45930000  26.28150000  4
1009  1  14.77160000  20.52450000  2.89472000  4
1010  1  23.91080000  25.39670000  4.46493000  4
1011  1  20.78330000  26.74240000  18.08940000  4
1012  1  8.94080000  4.67849000  25.74790000  4
1013  1  4.69231000  25.55240000  22.78490000  4
1014  1  23.26390000  29.11030000  11.21970000  4
1015  1  27.21480000  9.55244000  35.36130000  4
1016  1  9.54654000  2.07044000  36.38400000  4
1017  1  2.71270000  25.96080000  18.72730000  4
1018  1  4.30348000  36.03980000  2.19909000  4
1019  1  4.27452000  18.66370000  23.42940000  3
1020  1  33.99430000  5.14146000  7.75361000  4
1021  1  21.58500000  2.18287000  36.28710000  4
1022  1  26.49770000  27.43520000  1.87713000  4
1023  1  0.51913700  28.67920000  24.38340000  4
1024  1  6.68808000  17.25020000  35.66040000  4
1025  1  15.15430000  29.61360000  34.92880000  4
1026  1  24.44280000  36.88620000  32.81170000  4
1027  1  22.60770000  7.24820000  18.27750000  3
1028  1  24.06460000  28.68520000  12.35020000  4
1029  1  35.68570000  13.28700000  9.25821000  4
1030  1  1.20683000  22.49850000  0.33314500  4
1031  1  1.78776000  21.98690000  14.46210000  4
1032  1  6.37818000  27.14440000  5.80487000  4
1033  1  36.02100000  33.61570000  0.26819500  4
1034  1  26.32930000  5.94615000  2.60630000  4
1035  1  20.70720000  17.17270000  3.88212000  3
1036  1  35.40430000  28.86080000  19.29550000  4
1037  1  8.21606000  36.72860000  31.56630000  4
1038  1  12.52190000  29.26880000  8.25332000  3
1039  1  12.64230000  36.68060000  19.84750000  4
1040  1  15.13860000  12.14150000  19.16570000  4
1041  1  9.21287000  20.98140000  30.89830000  3
1042  1  18.12780000  16.24360000  28.13550000  4
1043  1  5.77920000  12.10100000  36.16130000  3
1044  1  23.89650000  1.59597000  26.17660000  4
1045  1  2.20695000  19.51020000  17.33590000  4
1046  1  3.25117000  14.86010000  22.88290000  4
1047  1  4.62771000  30.69820000  18.50860000  4
1048  1  9.88466000  7.55943000  13.82870000  3
1049  1  37.08680000  35.72850000  12.17350000  4
1050  1  15.05450000  18.45470000  24.98410000  4
1051  1  34.71250000  14.93760000  23.53270000  4
1052  1  10.75390000  17.09750000  31.37940000  4
1053  1  23.62780000  36.44590000  15.08830000  3
1054  1  15.77310000  27.80290000  36.42400000  4
1055  1  23.23950000  31.18340000  34.05610000  4
1056  1  33.79370000  33.16250000  20.74510000  3
1057  1  23.51110000  6.92075000  8.99410000  3
1058  1  6.83826000  30.48950000  29.62000000  4
1059  1  28.51690000  34.93110000  22.73460000  3
1060  1  31.95040000  0.90351800  36.90580000  4
1061  1  19.99020000  17.60330000  1.09332000  3
1062  1  14.72290000  31.45330000  29.76100000  4
1063  1  25.56960000  29.07800000  6.24982000  4
1064  1  22.50890000  5.34223000  5.15264000  3
1065  1  12.76740000  27.77410000  31.66790000  4
1066  1  22.82640000  15.52530000  0.69019400  4
1067  1  8.57606000  26.96760000  26.11660000  4
1068  1  35.23680000  19.15660000  37.00380000  4
1069  1  11.70760000  7.04463000  5.33054000  3
1070  1  6.77313000  10.46140000  34.66470000  4
1071  1  32.82660000  3.20903000  19.22180000  4
1072  1  35.58140000  35.82850000  1.11567000  3
1073  1  3.09961000  33.83550000  3.54478000  4
1074  1  21.33200000  29.94850000  14.78190000  4
1075  1  11.03810000  10.42930000  18.71960000  4
1076  1  0.10765100  8.09946000  27.94640000  3
1077  1  20.05100000  31.78230000  0.72004500  4
1078  1  36.76520000  30.29060000  28.74850000  4
1079  1  20.49510000  33.28880000  11.91020000  4
1080  1  9.15289000  26.32570000  14.46690000  4
1081  1  17.26110000  33.32930000  0.28023900  4
1082  1  29.50710000  2.30807000  26.73030000  4
1083  1  29.27640000  8.85120000  4.40360000  3
1084  1  20.29260000  13.83120000  20.71800000  3
1085  1  35.36900000  8.94881000  29.67500000  4
1086  1  19.04820000  0.53035500  11.28790000  4
1087  1  19.18770000  8.03617000  34.75540000  3
1088  1  28.73090000  23.76550000  36.84640000  4
1089  1  36.60320000  2.70904000  25.59650000  4
1090  1  4.60874000  17.79730000  19.74470000  4
1091  1  14.54290000  26.76950000  8.23829000  4
1092  1  30.96720000  34.82000000  28.91220000  4
1093  1  21.68920000  13.17090000  26.71250000  3
1094  1  6.35606000  2.64920000  18.07250000  4
1095  1  12.98570000  16.56650000  24.81910000  4
1096  1  7.42187000  24.24320000  14.74290000  4
1097  1  1.09393000  14.05360000  27.07210000  4
1098  1  7.28772000  36.06770000  15.31320000  4
1099  1  14.88560000  2.53722000  27.02980000  4
1100  1  37.01830000  15.32750000  24.36030000  4
1101  1  30.97800000  35.60940000  16.35870000  4
1102  1  2.65244000  5.30010000  20.95780000  4
1103  1  12.98500000  16.57700000  27.17010000  4
1104  1  24.95660000  14.84380000  1.44997000  4
1105  1  30.13360000  29.53820000  34.01310000  4
1106  1  23.73970000  12.08560000  27.11490000  4
1107  1  12.46510000  3.41506000  30.58060000  4
1108  1  36.94070000  33.12350000  36.23590000  4
1109  1  0.07989430  10.55100000  34.83840000  4
1110  1  33.31490000  7.24912000  31.33590000  3
1111  1  28.12370000  14.95840000  25.07410000  4
1112  1  1.68166000  28.99900000  4.28756000  4
1113  1  6.83176000  8.36142000  33.39060000  4
1114  1  31.36590000  25.05330000  22.39610000  4
1115  1  19.24910000  30.69280000  30.82970000  4
1116  1  6.89407000  17.88830000  30.51480000  3
1117  1  29.86090000  35.46160000  22.86590000  4
1118  1  33.43160000  28.89020000  11.20740000  3
1119  1  17.84260000  14.82680000  0.99382800  5
1120  1  28.96510000  5.19844000  2.72584000  4
1121  1  35.32480000  31.51440000  23.03630000  4
1122  1  16.00070000  24.56540000  26.22000000  4
1123  1  36.37580000  23.49530000  25.46120000  4
1124  1  11.70760000  32.49470000  27.55150000  4
1125  1  0.52235200  12.46850000  27.52280000  4
1126  1  35.50460000  21.19480000  32.91010000  4
1127  1  25.36760000  28.13050000  11.64660000  4
1128  1  23.75040000  1.00484000  24.85530000  4
1129  1  31.84510000  30.56410000  2.14747000  3
1130  1  23.79020000  19.14650000  8.96897000  4
1131  1  32.45530000  7.13740000  14.65210000  4
1132  1  23.50520000  25.16380000  26.73980000  4
1133  1  29.28530000  11.04560000  13.96650000  3
1134  1  0.88677100  21.83160000  20.69670000  4
1135  1  10.57340000  22.30920000  35.60270000  4
1136  1  24.84130000  29.84730000  32.51080000  3
1137  1  36.49950000  30.80360000  13.85140000  4
1138  1  18.26900000  33.25290000  13.51920000  4
1139  1  21.55370000  6.10757000  27.32820000  4
1140  1  17.60110000  2.37297000  15.94620000  4
1141  1  14.84840000  29.07870000  2.06848000  3
1142  1  25.85650000  2.00564000  7.46740000  3
1143  1  10.81240000  6.04613000  11.56010000  4
1144  1  32.78790000  13.65440000  34.23010000  3
1145  1  27.51290000  23.09430000  5.70708000  3
1146  1  8.43979000  14.94370000  2.97544000  4
1147  1  24.95530000  6.19357000  5.68453000  4
1148  1  31.07610000  3.95743000  20.70370000  4
1149  1  31.99010000  22.23920000  8.84985000  3
1150  1  34.81680000  23.79360000  32.23130000  4
1151  1  27.91620000  29.62490000  11.55740000  4
1152  1  21.02640000  32.34480000  6.38352000  4
1153  1  9.14403000  16.89910000  18.71520000  4
1154  1  4.17030000  32.14450000  8.87865000  4
1155  1  18.59890000  16.16180000  23.59380000  4
1156  1  12.58980000  34.65290000  31.91830000  4
1157  1  27.25480000  11.94640000  28.70160000  4
1158  1  6.51193000  0.04168610  2.92038000  4
1159  1  27.34950000  18.97220000  30.38070000  4
1160  1  11.31780000  16.65080000  11.75000000  4
1161  1  29.36020000  24.27670000  15.97200000  4
1162  1  18.26300000  8.90947000  9.58478000  3
1163  1  9.14053000  8.36858000  6.24350000  3
1164  1  27.80610000  23.53120000  20.00380000  4
1165  1  11.60680000  30.11360000  12.83800000  4
1166  1  0.34504500  11.94820000  6.44272000  4
1167  1  11.54430000  7.82659000  23.12330000  3
1168  1  23.61860000  8.66492000  25.25770000  4
1169  1  14.26170000  21.56340000  23.18560000  4
1170  1  17.77310000  4.48639000  19.81400000  4
1171  1  20.05690000  20.87720000  16.26050000  4
1172  1  31.05110000  13.49980000  10.23850000  4
1173  1  3.69589000  19.55490000  21.02620000  3
1174  1  29.61080000  33.37260000  30.25220000  3
1175  1  35.87980000  27.74180000  35.11130000  4
1176  1  26.12770000  13.18100000  31.30110000  4
1177  1  15.66100000  30.06480000  24.31810000  4
1178  1  17.21390000  35.13750000  22.78260000  3
1179  1  31.88080000  10.19930000  16.88270000  4
1180  1  7.86477000  7.27664000  3.95380000  4
1181  1  4.72650000  16.05330000  5.29668000  4
1182  1  30.10820000  23.06570000  19.08290000  3
1183  1  13.29850000  27.15420000  26.66360000  4
1184  1  7.14700000  0.68057100  19.05940000  3
1185  1  14.99480000  14.06000000  4.53282000  3
1186  1  26.18930000  10.77930000  14.26800000  4
1187  1  12.41060000  30.03000000  20.37420000  4
1188  1  1.20501000  8.65159000  9.78426000  4
1189  1  32.56370000  32.47970000  16.12890000  3
1190  1  7.15054000  10.77800000  9.91944000  4
1191  1  22.72690000  17.47060000  17.76130000  4
1192  1  13.55030000  35.36780000  23.84560000  4
1193  1  19.08270000  12.39760000  23.95600000  4
1194  1  20.18300000  8.94359000  0.88483600  4
1195  1  17.10230000  24.85310000  4.43978000  4
1196  1  14.97170000  28.75500000  33.71440000  4
1197  1  34.82330000  33.71710000  17.68520000  3
1198  1  1.61352000  33.44070000  15.00380000  4
1199  1  33.99870000  1.17061000  9.00694000  4
1200  1  11.53870000  4.10135000  35.08870000  4
1201  1  20.73970000  37.12030000  20.26710000  3
1202  1  7.48530000  30.02630000  26.16160000  3
1203  1  17.24350000  7.99693000  15.45290000  4
1204  1  11.80100000  0.37514800  18.97630000  4
1205  1  27.38140000  33.80240000  32.42620000  3
1206  1  10.35350000  24.85450000  12.77220000  3
1207  1  34.84210000  30.30490000  33.99250000  4
1208  1  30.19350000  10.33930000  19.84150000  4
1209  1  8.65786000  17.01240000  32.99280000  4
1210  1  3.79038000  36.87560000  27.79810000  4
1211  1  19.50560000  23.45020000  16.64460000  4
1212  1  18.39460000  30.50290000  35.26910000  3
1213  1  36.52100000  1.22255000  9.48231000  3
1214  1  36.96910000  5.48265000  22.93090000  4
1215  1  18.91780000  3.84942000  26.49570000  4
1216  1  12.30150000  2.88032000  33.02310000  4
1217  1  16.65240000  15.59050000  10.59890000  4
1218  1  5.25272000  2.96031000  0.10195900  4
1219  1  30.57040000  17.52880000  10.42120000  4
1220  1  29.05730000  26.74850000  13.47490000  4
1221  1  4.90696000  21.66310000  24.77660000  3
1222  1  24.74580000  26.95740000  13.60450000  4
1223  1  12.41720000  8.72564000  17.32530000  4
1224  1  10.43200000  21.86540000  20.42370000  4
1225  1  26.07430000  22.07910000  10.42720000  4
1226  1  12.77970000  12.28390000  5.66668000  3
1227  1  2.68759000  17.35150000  34.11180000  4
1228  1  11.97000000  32.53050000  20.76470000  4
1229  1  30.51110000  17.72210000  29.96860000  4
1230  1  23.05160000  1.42312000  21.53410000  4
1231  1  31.29250000  4.86626000  21.87930000  3
1232  1  28.12210000  3.35802000  34.49220000  4
1233  1  9.83129000  20.87420000  22.57080000  3
1234  1  33.04510000  34.56840000  26.72340000  3
1235  1  23.32780000  14.80100000  24.04190000  4
1236  1  0.30409900  31.65130000  36.28270000  4
1237  1  22.06720000  0.45035600  0.69042000  3
1238  1  33.38660000  3.51730000  1.89369000  4
1239  1  17.46300000  29.99100000  7.66421000  3
1240  1  7.45836000  17.27270000  25.86300000  4
1241  1  26.34400000  16.16240000  27.70450000  3
1242  1  0.02540250  20.07660000  12.13850000  4
1243  1  14.33200000  11.27620000  26.14680000  3
1244  1  8.43287000  7.69195000  1.55577000  4
1245  1  33.92100000  1.95267000  31.54870000  3
1246  1  5.33622000  22.04680000  17.01790000  4
1247  1  11.16080000  8.20761000  20.25000000  3
1248  1  14.34440000  28.19840000  17.43500000  4
1249  1  2.17563000  34.47520000  11.68700000  3
1250  1  29.42220000  1.69518000  0.39374100  4
1251  1  2.35193000  23.59490000  25.33680000  4
1252  1  19.81490000  3.46900000  20.52680000  4
1253  1  36.96260000  26.74260000  27.57810000  4
1254  1  34.17980000  20.86510000  3.06392000  4
1255  1  27.10660000  31.48430000  7.32444000  3
1256  1  10.13740000  19.22970000  8.71628000  4
1257  1  1.84130000  14.70000000  12.49540000  3
1258  1  20.09240000  29.30770000  29.07580000  3
1259  1  31.23840000  1.27131000  31.32640000  3
1260  1  36.59410000  8.34406000  30.83360000  4
1261  1  22.39770000  6.15412000  32.09930000  4
1262  1  4.01872000  18.14160000  21.15560000  4
1263  1  22.98140000  34.05180000  27.23910000  4
1264  1  18.56110000  1.20777000  21.12160000  4
1265  1  28.68200000  20.54820000  35.11040000  4
1266  1  27.12990000  34.79450000  25.93610000  3
1267  1  12.60980000  32.55950000  11.90530000  3
1268  1  27.68710000  27.81190000  17.79700000  4
1269  1  27.73050000  14.61600000  0.63182100  4
1270  1  1.57670000  5.71602000  28.88510000  3
1271  1  13.36040000  34.38240000  20.01750000  3
1272  1  13.92310000  16.99800000  16.51330000  3
1273  1  4.18495000  9.36969000  28.88010000  4
1274  1  1.55595000  22.90010000  6.16613000  4
1275  1  10.30790000  33.62470000  33.90490000  3
1276  1  28.73300000  11.22970000  4.34766000  4
1277  1  37.06120000  16.51910000  16.35280000  4
1278  1  3.45190000  15.46910000  27.18220000  4
1279  1  6.87688000  8.90249000  26.90310000  3
1280  1  23.42290000  27.47160000  12.97800000  4
1281  1  26.54520000  20.53740000  0.47485700  4
1282  1  5.99786000  2.36049000  25.95200000  4
1283  1  7.17266000  16.63880000  33.01720000  4
1284  1  30.75180000  17.73130000  7.68620000  4
1285  1  9.37134000  0.25459200  25.60550000  4
1286  1  32.01400000  11.39610000  23.09450000  4
1287  1  14.81320000  28.06690000  22.48400000  3
1288  1  22.69830000  24.17880000  9.86013000  3
1289  1  8.15101000  14.35450000  32.13250000  4
1290  1  14.87840000  33.66580000  5.39037000  4
1291  1  5.61226000  13.81410000  12.35260000  4
1292  1  6.07766000  9.36380000  11.69300000  4
1293  1  30.37800000  28.51720000  7.10197000  4
1294  1  1.45426000  12.04340000  36.50270000  3
1295  1  0.35268200  26.21030000  36.57050000  4
1296  1  13.80530000  25.39230000  1.74495000  4
1297  1  25.89240000  10.76780000  31.88680000  4
1298  1  34.37360000  28.44530000  15.28790000  4
1299  1  32.88700000  24.66250000  22.75060000  4
1300  1  9.85502000  7.91199000  20.97230000  4
1301  1  29.08910000  2.72267000  28.17430000  4
1302  1  31.64240000  13.32500000  11.51640000  4
1303  1  1.26756000  17.57580000  8.33565000  3
1304  1  23.48700000  23.84830000  4.42803000  4
1305  1  18.05920000  2.02682000  28.04330000  3
1306  1  18.73760000  20.08990000  18.43760000  4
1307  1  21.75670000  34.56610000  29.47960000  4
1308  1  34.65130000  23.43250000  2.21059000  4
1309  1  11.20000000  23.23200000  11.25720000  3
1310  1  6.21911000  20.60380000  6.09469000  4
1311  1  14.62540000  22.56320000  26.50590000  4
1312  1  30.01510000  24.48570000  4.90960000  4
1313  1  28.72670000  33.16490000  25.29870000  4
1314  1  4.98322000  17.95560000  33.59390000  4
1315  1  36.94490000  36.80080000  27.76290000  4
1316  1  17.54550000  24.76640000  6.80874000  4
1317  1  20.35360000  34.28350000  35.06340000  4
1318  1  25.79380000  7.34542000  5.15708000  4
1319  1  17.19880000  26.26510000  16.98760000  4
1320  1  0.24911000  26.43670000  1.75369000  4
1321  1  13.33780000  37.13580000  25.44540000  4
1322  1  5.81309000  37.02930000  10.77180000  3
1323  1  10.80880000  19.21540000  30.18280000  3
1324  1  27.00460000  11.88170000  34.81170000  4
1325  1  16.07050000  12.68920000  24.50220000  3
1326  1  12.92990000  22.60260000  35.19060000  4
1327  1  26.99360000  29.27230000  5.87089000  3
1328  1  17.54560000  10.85560000  30.27620000  4
1329  1  33.55400000  19.15720000  31.01100000  4
1330  1  34.99860000  12.69240000  26.12170000  4
1331  1  14.38040000  18.66070000  6.23624000  4
1332  1  3.90090000  33.13590000  17.30980000  4
1333  1  21.84630000  23.98830000  19.05860000  4
1334  1  1.44430000  13.01220000  14.18930000  4
1335  1  15.07060000  10.97900000  2.70433000  4
1336  1  17.06480000  11.34860000  27.58350000  3
1337  1  27.20270000  13.50100000  36.87670000  4
1338  1  15.74170000  6.13818000  0.46776100  4
1339  1  32.70600000  14.91090000  14.67750000  4
1340  1  9.76013000  30.84430000  5.52281000  4
1341  1  25.09820000  25.04500000  26.61950000  4
1342  1  14.88390000  7.64747000  16.60290000  4
1343  1  0.79307800  10.45780000  6.75525000  4
1344  1  10.67190000  14.25240000  23.04960000  4
1345  1  15.71510000  1.62432000  12.97570000  4
1346  1  14.34070000  28.15670000  10.78820000  4
1347  1  20.78620000  1.81701000  5.66472000  4
1348  1  36.51310000  10.23540000  12.34430000  4
1349  1  4.08934000  16.17320000  15.51950000  4
1350  1  19.15620000  26.08380000  0.47555900  4
1351  1  25.22510000  21.54770000  3.20766000  3
1352  1  12.39560000  31.52280000  23.88110000  3
1353  1  20.38180000  11.84400000  2.76762000  4
1354  1  22.91050000  23.67920000  20.36760000  4
1355  1  36.75410000  28.49160000  12.69360000  4
1356  1  23.40640000  25.18520000  29.48400000  3
1357  1  15.57000000  4.04109000  27.14680000  4
1358  1  22.80020000  1.69528000  27.27950000  4
1359  1  6.37062000  4.79993000  32.97030000  4
1360  1  27.25920000  3.46917000  15.21250000  4
1361  1  27.98200000  14.68350000  21.88980000  4
1362  1  7.76666000  27.24770000  17.78270000  3
1363  1  4.25324000  7.48348000  34.36400000  4
1364  1  22.29970000  23.82250000  21.65610000  3
1365  1  18.91100000  8.53549000  21.31520000  4
1366  1  35.69060000  25.95600000  27.99540000  3
1367  1  16.04160000  21.52500000  4.66321000  4
1368  1  9.75933000  6.38080000  31.55320000  3
1369  1  17.01230000  30.56630000  4.39500000  3
1370  1  29.89650000  7.11996000  32.66590000  4
1371  1  10.59800000  18.94260000  19.17880000  3
1372  1  32.93310000  17.20970000  4.24893000  4
1373  1  18.45670000  36.62770000  10.34260000  4
1374  1  36.15670000  35.54980000  13.59060000  4
1375  1  20.00250000  9.79718000  30.32190000  3
1376  1  5.07927000  13.93100000  13.79600000  4
1377  1  9.77704000  19.07040000  15.74280000  4
1378  1  25.00920000  3.41929000  17.59830000  4
1379  1  14.58930000  1.25190000  2.66276000  4
1380  1  8.28532000  12.56970000  10.95980000  4
1381  1  2.49236000  20.03330000  31.74350000  4
1382  1  34.86050000  7.70971000  4.22158000  3
1383  1  27.20010000  16.34020000  15.93200000  3
1384  1  13.64820000  13.14390000  15.73350000  4
1385  1  30.50040000  25.35920000  18.13110000  4
1386  1  34.47910000  10.83500000  23.67590000  4
1387  1  29.42590000  11.43280000  10.64620000  4
1388  1  6.09057000  21.71830000  35.67600000  4
1389  1  10.92270000  24.84590000  27.55990000  4
1390  1  31.58340000  31.66540000  4.72346000  4
1391  1  9.60278000  6.28183000  14.35630000  4
1392  1  30.74290000  23.37300000  30.81910000  4
1393  1  19.11530000  35.62800000  5.87197000  4
1394  1  3.71403000  25.38530000  30.93240000  4
1395  1  23.71650000  1.87190000  31.50000000  3
1396  1  32.16580000  25.40210000  28.65170000  4
1397  1  1.93187000  17.31270000  18.33090000  4
1398  1  26.96630000  3.63708000  10.47150000  4
1399  1  28.41620000  31.25000000  23.89350000  4
1400  1  21.26000000  16.98220000  11.14290000  4
1401  1  9.30523000  15.64320000  26.59550000  3
1402  1  21.45430000  32.13610000  23.20370000  4
1403  1  2.66213000  2.30144000  33.47960000  3
1404  1  25.01240000  32.64340000  9.55608000  3
1405  1  28.91350000  27.90240000  35.69090000  3
1406  1  9.03782000  5.16121000  1.07769000  4
1407  1  5.29483000  9.58777000  15.31220000  3
1408  1  9.97581000  19.14330000  0.93579100  4
1409  1  29.93820000  17.62730000  14.98520000  4
1410  1  14.71420000  13.40620000  29.36050000  4
1411  1  6.64956000  17.75250000  5.75626000  4
1412  1  15.55310000  11.96860000  35.37050000  4
1413  1  9.08440000  2.49411000  26.74060000  4
1414  1  20.04740000  29.28120000  32.76570000  3
1415  1  30.31220000  7.42975000  11.01830000  4
1416  1  9.99741000  2.65833000  30.28040000  3
1417  1  9.06769000  26.71110000  15.98210000  4
1418  1  21.77520000  28.20430000  5.05304000  4
1419  1  2.03079000  15.57510000  10.33240000  4
1420  1  18.08880000  23.89450000  3.64052000  4
1421  1  20.22140000  19.66290000  32.24620000  3
1422  1  13.74480000  19.19410000  36.56140000  4
1423  1  31.78040000  2.31802000  18.65890000  4
1424  1  0.41584300  7.91541000  36.14350000  3
1425  1  3.38853000  10.64250000  14.10530000  4
1426  1  20.39860000  33.56850000  9.46000000  3
1427  1  27.94790000  27.45650000  7.25688000  4
1428  1  1.42728000  23.90630000  23.01610000  3
1429  1  29.34220000  6.08760000  15.23970000  4
1430  1  29.89410000  1.56407000  5.38866000  4
1431  1  13.52730000  28.67820000  24.52120000  3
1432  1  21.41280000  2.31069000  6.87598000  3
1433  1  26.86050000  11.40190000  19.19610000  3
1434  1  34.78070000  15.78120000  27.27850000  3
1435  1  7.06576000  30.66240000  21.26640000  3
1436  1  16.32330000  26.00480000  13.50430000  4
1437  1  20.10050000  24.41640000  22.75970000  4
1438  1  33.15370000  2.42447000  12.37600000  4
1439  1  15.93350000  35.56570000  18.48060000  3
1440  1  26.23530000  4.01317000  21.85080000  4
1441  1  35.24350000  31.53160000  19.36970000  4
1442  1  4.13846000  10.73270000  0.63698100  4
1443  1  27.22210000  21.26380000  7.69026000  3
1444  1  35.93250000  35.56810000  4.75070000  3
1445  1  12.87180000  7.65500000  15.21580000  4
1446  1  28.52600000  12.23940000  35.19930000  4
1447  1  2.90203000  26.01620000  7.66031000  4
1448  1  29.00930000  18.91010000  24.46250000  4
1449  1  31.69140000  3.09582000  23.71930000  4
1450  1  32.18240000  5.81912000  5.98029000  3
1451  1  6.97242000  27.45250000  1.87816000  3
1452  1  30.66400000  32.14370000  22.49430000  4
1453  1  5.73018000  15.28510000  34.37100000  3
1454  1  6.94351000  18.47020000  29.18760000  4
1455  1  5.61297000  19.08290000  5.94115000  4
1456  1  8.97178000  11.68970000  11.83800000  3
1457  1  36.98320000  31.22540000  34.77850000  4
1458  1  33.23700000  17.89460000  6.96962000  4
1459  1  9.98570000  12.05320000  24.48080000  4
1460  1  28.94220000  30.91060000  29.52820000  4
1461  1  11.50960000  13.40530000  34.00230000  3
1462  1  12.74030000  22.40450000  7.04051000  3
1463  1  9.62168000  11.73040000  7.25711000  4
1464  1  23.50770000  22.18930000  20.93050000  4
1465  1  29.16860000  35.61130000  34.33840000  4
1466  1  24.06870000  32.20320000  33.52530000  3
1467  1  23.29430000  26.37500000  24.50210000  4
1468  1  31.18410000  4.26552000  15.51940000  4
1469  1  32.06850000  26.54590000  10.83500000  3
1470  1  12.86730000  19.21350000  21.83350000  4
1471  1  30.62810000  6.86481000  31.40540000  3
1472  1  37.13200000  37.11230000  11.67690000  3
1473  1  24.25340000  14.43800000  6.02613000  4
1474  1  1.35694000  35.04300000  12.76060000  4
1475  1  2.06940000  2.04762000  13.10910000  3
1476  1  34.77590000  31.81610000  33.74870000  4
1477  1  32.31270000  13.19280000  31.89730000  4
1478  1  16.09800000  1.95139000  0.78870500  4
1479  1  13.35200000  16.35080000  20.11350000  4
1480  1  3.73911000  3.23112000  4.79791000  3
1481  1  36.38710000  30.50390000  23.28130000  4
1482  1  19.99460000  30.46400000  35.20740000  4
1483  1  25.81430000  10.31980000  19.39160000  4
1484  1  9.26903000  18.72180000  34.84890000  3
1485  1  2.07510000  15.50820000  25.16260000  4
1486  1  24.89490000  33.80540000  0.79315900  4
1487  1  13.85700000  31.36650000  0.54416400  4
1488  1  19.40150000  15.00270000  20.89280000  4
1489  1  13.01620000  15.62420000  25.95770000  4
1490  1  11.69580000  28.31490000  0.27791000  4
1491  1  5.20862000  20.95310000  23.56600000  4
1492  1  36.97190000  32.96210000  12.62300000  4
1493  1  30.76140000  16.50030000  6.86075000  3
1494  1  33.49960000  25.40830000  9.39817000  4
1495  1  31.81980000  12.80820000  20.58030000  4
1496  1  25.84750000  0.71376500  30.76480000  4
1497  1  2.79762000  19.76250000  5.38644000  3
1498  1  27.21220000  17.89270000  13.91820000  4
1499  1  27.39190000  5.84517000  27.55640000  3
1500  1  17.67660000  6.37455000  17.58320000  4
1501  1  20.54590000  31.03500000  8.61020000  3
1502  1  2.32561000  4.27534000  18.54340000  4
1503  1  25.59240000  23.04960000  9.46653000  3
1504  1  20.11980000  8.83006000  11.42660000  4
1505  1  8.84224000  13.53350000  8.70250000  4
1506  1  10.62260000  6.45887000  6.15858000  4
1507  1  11.18660000  23.07760000  30.87840000  4
1508  1  25.68230000  29.85170000  29.18450000  4
1509  1  28.95380000  6.06117000  23.67380000  4
1510  1  10.67940000  3.73441000  24.49770000  4
1511  1  32.49460000  27.82470000  7.79986000  4
1512  1  4.36751000  15.97080000  17.96730000  3
1513  1  13.82730000  26.84320000  32.42910000  4
1514  1  10.49630000  17.74520000  29.90350000  4
1515  1  27.49990000  20.60090000  12.77650000  4
1516  1  34.50760000  32.99840000  13.04540000  4
1517  1  36.06930000  35.66030000  25.32450000  4
1518  1  6.13211000  19.98120000  13.83570000  4
1519  1  35.15860000  7.61585000  29.08480000  4
1520  1  24.52050000  6.93450000  6.96487000  4
1521  1  35.80550000  12.43720000  10.48290000  4
1522  1  20.91750000  23.36800000  4.43947000  4
1523  1  23.79670000  20.30060000  24.72230000  4
1524  1  3.88273000  2.17975000  36.83610000  4
1525  1  30.39530000  0.82621400  7.59907000  4
1526  1  24.91300000  1.88101000  33.64840000  4
1527  1  32.85760000  0.15409200  0.77141500  4
1528  1  29.54350000  23.64530000  33.51480000  4
1529  1  34.14230000  7.25523000  2.87716000  4
1530  1  32.00070000  17.83760000  3.26577000  4
1531  1  20.96910000  6.04825000  25.92420000  4
1532  1  24.26970000  35.46180000  17.16690000  4
1533  1  33.31020000  34.75600000  1.98289000  4
1534  1  36.70510000  9.81449000  15.09930000  4
1535  1  24.90370000  35.96460000  18.44980000  4
1536  1  34.95740000  26.90130000  30.96330000  4
1537  1  32.78860000  7.65476000  0.24138100  3
1538  1  13.14820000  23.04170000  28.88710000  4
1539  1  25.71530000  19.77730000  14.35020000  4
1540  1  7.24936000  34.33660000  29.99650000  4
1541  1  20.73310000  25.51400000  10.81120000  4
1542  1  12.72540000  23.03160000  17.05650000  4
1543  1  23.39000000  14.99740000  33.88410000  4
1544  1  36.00270000  29.16530000  17.85590000  4
1545  1  22.35840000  33.84330000  8.11290000  3
1546  1  28.78160000  33.09820000  27.98530000  4
1547  1  4.00014000  0.16002700  33.06360000  3
1548  1  16.54090000  10.18470000  32.62490000  3
1549  1  35.81260000  30.28910000  35.09320000  4
1550  1  2.41404000  32.18990000  0.92702000  4
1551  1  30.78970000  15.89900000  11.15310000  4
1552  1  7.04271000  20.55080000  20.35220000  3
1553  1  23.76460000  9.42771000  8.76499000  4
1554  1  10.66520000  4.84553000  12.68480000  4
1555  1  31.39650000  30.46470000  5.62384000  4
1556  1  23.15460000  36.22600000  16.44980000  4
1557  1  20.35440000  14.53930000  35.70310000  3
1558  1  34.48010000  26.20170000  11.58530000  3
1559  1  23.36390000  5.39656000  17.58010000  3
1560  1  29.48490000  18.44880000  2.93202000  3
1561  1  6.49655000  9.73074000  16.14590000  4
1562  1  16.00200000  2.36401000  9.15711000  4
1563  1  30.51410000  10.20660000  33.88180000  4
1564  1  24.01510000  3.41647000  35.18930000  3
1565  1  29.72220000  33.30620000  7.82122000  4
1566  1  29.45610000  7.79479000  13.54590000  3
1567  1  9.13350000  5.27699000  13.29400000  4
1568  1  7.44828000  9.84823000  11.06150000  4
1569  1  18.45460000  23.56840000  7.51493000  4
1570  1  36.04250000  27.39780000  10.27490000  3
1571  1  27.36320000  20.10220000  27.67050000  4
1572  1  5.46664000  30.68490000  17.09020000  4
1573  1  26.07350000  2.62160000  9.76622000  4
1574  1  25.98000000  12.94970000  15.17170000  4
1575  1  22.64780000  11.85790000  8.11059000  4
1576  1  9.00311000  26.62320000  36.41640000  4
1577  1  35.17390000  0.52174000  3.35376000  4
1578  1  15.80750000  34.47860000  35.02750000  4
1579  1  0.17793300  35.27140000  15.75220000  4
1580  1  9.19653000  9.82026000  8.64999000  4
1581  1  19.18120000  24.43470000  8.45227000  3
1582  1  0.91959700  27.88600000  30.95910000  4
1583  1  19.71970000  35.72610000  33.25230000  3
1584  1  14.17530000  20.81550000  17.30480000  4
1585  1  26.18970000  5.36891000  11.60570000  4
1586  1  33.17500000  36.31520000  32.55610000  3
1587  1  23.19720000  13.40780000  24.81770000  4
1588  1  23.05810000  28.66630000  27.17480000  4
1589  1  24.79490000  18.33700000  3.13861000  4
1590  1  11.80500000  22.72340000  36.04620000  3
1591  1  4.66496000  18.69580000  7.20746000  4
1592  1  34.89800000  4.52592000  19.28650000  4
1593  1  1.83408000  24.66160000  12.35170000  3
1594  1  27.93040000  30.33090000  28.34660000  4
1595  1  35.73120000  29.75430000  25.59950000  3
1596  1  26.22480000  17.75560000  9.12932000  4
1597  1  18.62190000  17.97780000  1.24091000  3
1598  1  5.34972000  17.29070000  27.25660000  4
1599  1  35.01730000  25.39560000  8.74148000  4
1600  1  22.94310000  35.93180000  11.93520000  4
1601  1  31.04820000  13.95970000  35.79200000  3
1602  1  18.13080000  11.28520000  1.88210000  4
1603  1  3.18541000  18.04300000  24.07210000  4
1604  1  5.45115000  32.93190000  34.51290000  4
1605  1  22.82530000  9.06191000  36.52300000  3
1606  1  35.79480000  5.54594000  23.87190000  4
1607  1  28.22890000  21.92860000  34.68740000  4
1608  1  27.29690000  2.14980000  1.26949000  4
1609  1  9.58978000  26.70170000  23.64650000  4
1610  1  15.50330000  6.67604000  32.33530000  4
1611  1  30.59270000  29.21140000  3.67221000  4
1612  1  12.82600000  4.66204000  23.57310000  4
1613  1  13.60230000  33.27860000  14.01860000  3
1614  1  35.74620000  25.99260000  10.93950000  4
1615  1  31.46780000  26.67120000  8.28882000  4
1616  1  29.59350000  37.13350000  22.26000000  4
1617  1  15.82750000  36.43620000  1.36408000  4
1618  1  16.57440000  30.58020000  23.19740000  4
1619  1  9.04037000  29.41220000  27.80420000  4
1620  1  15.04630000  36.46860000  3.93276000  4
1621  1  7.17457000  35.63690000  21.04650000  4
1622  1  33.97000000  14.11050000  19.38730000  4
1623  1  5.65981000  1.18274000  7.54160000  4
1624  1  29.21530000  3.05021000  18.91740000  4
1625  1  32.70910000  23.38910000  23.82860000  4
1626  1  19.82870000  4.62650000  31.37790000  3
1627  1  2.25316000  18.29660000  27.69030000  4
1628  1  26.66320000  36.31000000  33.75440000  4
1629  1  19.06240000  31.68680000  10.49250000  4
1630  1  35.98490000  23.63710000  7.42750000  4
1631  1  19.93900000  18.22820000  24.44670000  4
1632  1  2.45025000  28.12730000  27.43800000  4
1633  1  34.05100000  1.55659000  3.23021000  4
1634  1  0.88615400  37.11300000  20.53550000  4
1635  1  10.06560000  35.58920000  6.78594000  3
1636  1  33.12140000  4.13782000  32.69640000  3
1637  1  16.02080000  13.20400000  1.75780000  3
1638  1  12.85940000  3.69961000  13.39600000  4
1639  1  26.46940000  9.21322000  1.83385000  4
1640  1  22.48700000  30.66960000  19.95930000  4
1641  1  36.31300000  15.95070000  15.10130000  4
1642  1  6.48717000  25.33620000  18.97850000  4
1643  1  3.98672000  22.65820000  35.05620000  4
1644  1  5.16931000  36.61730000  5.20704000  4
1645  1  29.02060000  27.23610000  1.39172000  3
1646  1  1.88104000  32.05800000  36.63270000  4
1647  1  7.42187000  4.51469000  4.02336000  3
1648  1  34.61180000  25.34950000  32.81110000  4
1649  1  9.43794000  21.54020000  8.93172000  3
1650  1  12.31050000  33.11880000  8.52964000  3
1651  1  30.28530000  9.68443000  26.95590000  4
1652  1  29.59840000  13.63080000  3.64859000  4
1653  1  25.30730000  34.07570000  5.14882000  4
1654  1  2.08197000  15.19450000  8.97093000  3
1655  1  5.99532000  0.42951300  21.77970000  3
1656  1  20.20340000  22.66080000  14.28590000  3
1657  1  32.35660000  10.81360000  27.39730000  4
1658  1  18.52500000  24.02200000  20.64830000  4
1659  1  20.10610000  15.29730000  13.32170000  4
1660  1  9.49408000  16.38790000  31.76120000  4
1661  1  35.62400000  7.53583000  21.12090000  3
1662  1  32.45080000  35.19620000  7.34901000  4
1663  1  24.50700000  30.41300000  30.08680000  4
1664  1  27.64480000  35.86250000  22.01120000  4
1665  1  0.08753370  12.34780000  24.96130000  4
1666  1  15.84170000  10.91630000  13.61550000  3
1667  1  4.68430000  2.39044000  5.34705000  3
1668  1  33.81060000  16.42480000  32.55590000  4
1669  1  28.08180000  3.71704000  0.10826400  4
1670  1  26.51590000  33.30630000  22.99240000  4
1671  1  28.99750000  25.00970000  18.40140000  4
1672  1  35.97410000  5.48888000  28.65990000  4
1673  1  0.89956900  25.76400000  27.95000000  4
1674  1  30.16080000  3.57817000  28.82180000  4
1675  1  35.75970000  16.73260000  19.35680000  3
1676  1  13.35030000  24.07680000  37.06290000  4
1677  1  2.26908000  3.27647000  6.79609000  4
1678  1  24.40390000  22.28650000  35.25690000  4
1679  1  9.51865000  33.23260000  5.53271000  3
1680  1  26.67110000  2.59658000  22.67050000  4
1681  1  3.05822000  8.15659000  14.69500000  4
1682  1  26.68420000  13.76750000  27.48090000  3
1683  1  11.39270000  27.09560000  15.22870000  4
1684  1  36.12490000  32.80940000  22.85000000  4
1685  1  0.27441800  24.58710000  28.77810000  4
1686  1  20.60010000  9.56123000  31.66320000  4
1687  1  27.30060000  8.26697000  27.64640000  3
1688  1  2.60118000  35.02610000  31.66900000  4
1689  1  22.92710000  11.96630000  28.43010000  4
1690  1  19.67520000  17.83360000  4.81336000  4
1691  1  3.56817000  7.64072000  19.72450000  4
1692  1  6.14550000  17.97740000  19.65680000  3
1693  1  4.59868000  14.17300000  29.50120000  4
1694  1  7.52550000  10.62960000  5.12696000  3
1695  1  32.13940000  30.83490000  19.22570000  4
1696  1  34.58790000  14.61120000  29.92810000  4
1697  1  28.70960000  15.08790000  28.11250000  3
1698  1  6.62745000  22.58090000  16.35510000  4
1699  1  9.10806000  14.87300000  29.74340000  4
1700  1  15.62970000  10.35730000  16.36680000  4
1701  1  16.05760000  9.72266000  2.72835000  4
1702  1  10.11290000  30.95390000  31.64560000  4
1703  1  9.77402000  11.41610000  16.46610000  4
1704  1  8.90944000  14.47800000  18.19370000  3
1705  1  8.01928000  20.54250000  0.01359330  3
1706  1  2.98353000  0.90272300  33.60910000  3
1707  1  14.03920000  34.38340000  21.24310000  3
1708  1  32.48950000  30.63580000  8.01874000  4
1709  1  25.50110000  28.78000000  7.71969000  3
1710  1  0.82711500  14.42390000  17.63900000  3
1711  1  6.82268000  30.33060000  19.85670000  4
1712  1  30.52980000  28.95830000  19.52730000  4
1713  1  10.21110000  0.84832200  33.66790000  4
1714  1  7.26037000  7.51680000  14.87500000  4
1715  1  33.78360000  35.15900000  34.91700000  4
1716  1  21.39130000  26.26850000  34.74470000  4
1717  1  6.56397000  2.76221000  22.05850000  4
1718  1  33.66550000  27.64680000  34.02240000  4
1719  1  33.29100000  32.08120000  12.60030000  4
1720  1  26.96440000  26.60260000  26.02440000  4
1721  1  21.18660000  36.67560000  31.78250000  4
1722  1  18.26940000  36.47330000  4.68608000  4
1723  1  3.35392000  24.98660000  8.72059000  4
1724  1  33.10540000  22.07780000  14.30860000  4
1725  1  5.80539000  13.90220000  30.52290000  4
1726  1  20.11640000  4.84862000  0.27491800  4
1727  1  28.88550000  10.44840000  12.83020000  3
1728  1  10.67120000  34.66060000  0.66811700  3
1729  1  6.31789000  6.30394000  22.36930000  4
1730  1  30.60400000  32.09690000  7.93568000  3
1731  1  30.72490000  26.80560000  15.32950000  4
1732  1  13.18390000  24.82290000  3.19558000  4
1733  1  27.05850000  22.25360000  24.20620000  3
1734  1  21.09010000  22.79040000  18.36380000  4
1735  1  32.05210000  9.86364000  25.07560000  3
1736  1  36.51080000  6.21120000  2.34058000  4
1737  1  30.34540000  15.56480000  24.51690000  4
1738  1  18.47560000  5.67835000  18.83120000  4
1739  1  36.87450000  15.95330000  29.81500000  4
1740  1  26.75880000  34.21720000  17.41470000  4
1741  1  5.14558000  3.84871000  32.80340000  4
1742  1  30.62530000  6.02506000  11.39350000  4
1743  1  2.97606000  29.82040000  3.83088000  4
1744  1  0.15789100  7.34861000  3.31196000  4
1745  1  19.92630000  3.89114000  32.72470000  4
1746  1  6.61822000  34.85720000  31.36510000  4
1747  1  8.48563000  33.30920000  19.72190000  4
1748  1  28.98790000  31.77070000  15.69360000  4
1749  1  2.65354000  20.81460000  9.42565000  4
1750  1  5.67277000  17.22060000  2.61836000  3
1751  1  36.57680000  5.32349000  21.55430000  3
1752  1  4.72792000  31.46770000  30.58460000  4
1753  1  33.55050000  1.21632000  11.55100000  4
1754  1  24.11070000  14.58850000  22.86910000  3
1755  1  3.12104000  7.57885000  25.22710000  3
1756  1  37.04010000  14.27840000  31.82640000  4
1757  1  6.24160000  12.54990000  32.71210000  4
1758  1  10.86180000  29.82750000  17.51360000  4
1759  1  13.97660000  1.80113000  36.33310000  4
1760  1  33.59860000  17.44150000  15.71710000  3
1761  1  25.20820000  20.38480000  26.65680000  4
1762  1  24.63540000  18.02160000  24.84040000  3
1763  1  8.01316000  25.09780000  24.32750000  4
1764  1  16.70420000  7.57271000  18.34460000  4
1765  1  28.15810000  8.12561000  0.58178500  4
1766  1  6.86219000  32.42200000  26.86940000  3
1767  1  14.29720000  17.45120000  22.97880000  4
1768  1  18.46480000  17.77550000  27.86010000  4
1769  1  2.76485000  29.56060000  1.35012000  4
1770  1  3.36668000  6.34751000  18.97700000  4
1771  1  7.28232000  13.24850000  28.60690000  4
1772  1  0.35205000  35.98610000  7.81726000  4
1773  1  24.88050000  35.29810000  29.08400000  4
1774  1  6.83282000  12.29890000  10.66630000  4
1775  1  27.11690000  36.96050000  28.93740000  4
1776  1  23.81930000  2.48353000  6.33192000  3
1777  1  23.88590000  21.38120000  15.69680000  4
1778  1  5.28460000  24.17320000  27.58330000  3
1779  1  11.67650000  26.03410000  20.47850000  3
1780  1  24.48980000  31.88670000  36.20540000  4
1781  1  31.72550000  14.80230000  24.22500000  4
1782  1  3.34968000  36.17000000  25.36800000  4
1783  1  6.90356000  33.39210000  19.91440000  4
1784  1  7.08968000  21.60490000  11.48260000  3
1785  1  17.64380000  13.26080000  29.16750000  3
1786  1  8.48571000  31.86900000  3.56799000  4
1787  1  28.47670000  15.90310000  22.66010000  3
1788  1  5.87597000  8.98098000  1.06657000  4
1789  1  7.05426000  6.85586000  20.16940000  4
1790  1  21.82090000  31.12540000  33.39610000  4
1791  1  17.84540000  10.12430000  36.60660000  4
1792  1  21.02220000  18.00350000  27.83620000  4
1793  1  17.50860000  15.13300000  11.88530000  4
1794  1  0.76019200  19.23740000  29.93290000  4
1795  1  28.65510000  30.78760000  22.48430000  4
1796  1  6.37724000  18.73430000  21.86850000  4
1797  1  16.02720000  22.64890000  34.23130000  4
1798  1  33.33850000  21.70160000  33.77920000  3
1799  1  9.65363000  25.67050000  28.27020000  4
1800  1  4.65812000  14.62850000  26.47130000  4
1801  1  12.45020000  34.80730000  27.62300000  4
1802  1  27.27730000  11.27850000  27.16240000  4
1803  1  14.22660000  14.54690000  15.46150000  3
1804  1  27.12030000  9.41312000  5.70063000  4
1805  1  3.02970000  1.46614000  26.28750000  3
1806  1  11.17640000  36.44490000  29.94470000  4
1807  1  5.69311000  8.71764000  21.49000000  4
1808  1  18.48130000  16.02370000  12.93770000  4
1809  1  33.66180000  3.44739000  29.47490000  4
1810  1  31.65630000  29.77120000  8.97910000  4
1811  1  5.23959000  1.31846000  34.86110000  3
1812  1  16.05820000  2.46324000  22.98400000  3
1813  1  1.10501000  32.02340000  15.04960000  4
1814  1  36.60120000  12.79170000  7.29454000  4
1815  1  24.85000000  0.65072000  4.60012000  4
1816  1  3.77562000  1.41338000  29.77690000  4
1817  1  25.32360000  34.10070000  9.68043000  4
1818  1  31.90400000  8.01545000  29.66300000  4
1819  1  32.13040000  18.79280000  31.73960000  4
1820  1  30.13620000  19.08310000  36.40850000  4
1821  1  32.16660000  19.53770000  18.67040000  4
1822  1  14.77720000  18.62090000  26.51160000  4
1823  1  10.29550000  3.36416000  2.13752000  3
1824  1  6.20202000  9.22909000  3.52694000  4
1825  1  27.45000000  2.87786000  30.72740000  4
1826  1  1.70266000  16.31990000  34.35180000  3
1827  1  11.73470000  23.31500000  14.92120000  4
1828  1  7.07057000  24.33290000  33.70960000  4
1829  1  33.32000000  13.03890000  33.02180000  4
1830  1  20.28930000  6.86492000  10.05140000  4
1831  1  27.94680000  9.49148000  10.61250000  3
1832  1  25.24140000  18.83360000  27.14310000  4
1833  1  33.21440000  35.83490000  29.55990000  4
1834  1  16.47940000  29.22790000  25.39960000  4
1835  1  6.81700000  19.90520000  17.70490000  4
1836  1  32.21170000  27.32770000  18.21810000  4
1837  1  34.45000000  20.24550000  0.68354200  4
1838  1  23.79160000  2.47180000  0.45005000  4
1839  1  15.17260000  28.76330000  9.55046000  4
1840  1  7.79155000  13.56420000  20.29460000  4
1841  1  33.87220000  27.42260000  7.43323000  3
1842  1  28.58370000  35.53650000  18.25110000  4
1843  1  8.31332000  10.53230000  12.32240000  4
1844  1  10.80770000  34.59510000  9.80472000  4
1845  1  1.34196000  16.87850000  15.98400000  3
1846  1  33.78370000  19.92240000  15.44390000  4
1847  1  8.74349000  35.45790000  21.55090000  4
1848  1  27.05470000  3.96094000  20.59320000  4
1849  1  8.22217000  15.12490000  27.40440000  4
1850  1  19.57410000  30.05590000  5.26098000  3
1851  1  20.27120000  15.62680000  25.39470000  4
1852  1  34.02240000  29.11010000  4.83917000  4
1853  1  29.41200000  26.11790000  10.15640000  4
1854  1  16.56800000  21.65370000  7.21122000  4
1855  1  10.99530000  28.23800000  19.37330000  4
1856  1  23.76650000  15.89920000  26.17170000  3
1857  1  11.78240000  11.42960000  6.32311000  4
1858  1  25.10190000  30.21410000  26.61930000  4
1859  1  17.55900000  18.53870000  35.48640000  3
1860  1  32.99620000  24.29400000  34.45400000  4
1861  1  10.58160000  30.84280000  29.25700000  4
1862  1  24.07500000  21.44540000  8.01006000  4
1863  1  23.06710000  17.12350000  26.82250000  4
1864  1  13.26040000  4.79980000  2.87887000  4
1865  1  15.95390000  7.32839000  19.67790000  3
1866  1  3.37182000  2.90977000  21.36470000  4
1867  1  12.92680000  9.37330000  25.55900000  4
1868  1  36.23540000  15.63140000  1.54769000  4
1869  1  14.82190000  35.89020000  23.02030000  4
1870  1  7.66213000  21.16520000  18.20580000  4
1871  1  6.04790000  7.76686000  24.52260000  3
1872  1  1.50992000  35.00360000  28.44610000  4
1873  1  16.34330000  32.04160000  31.48150000  4
1874  1  9.83293000  1.28506000  16.48380000  3
1875  1  13.37420000  11.57030000  25.06140000  4
1876  1  18.72880000  23.75860000  28.95370000  4
1877  1  34.77110000  14.27320000  20.65300000  4
1878  1  30.15710000  2.04823000  2.93560000  4
1879  1  15.68830000  25.40830000  33.63080000  3
1880  1  25.78220000  5.65920000  14.21170000  4
1881  1  17.45240000  28.02520000  27.68630000  4
1882  1  31.20810000  28.67810000  23.72040000  4
1883  1  34.33080000  1.67431000  34.97370000  4
1884  1  11.35750000  6.06457000  19.47870000  4
1885  1  34.17350000  22.26690000  34.84650000  4
1886  1  14.99500000  22.30080000  5.40200000  3
1887  1  10.48870000  22.61950000  34.04940000  4
1888  1  8.32492000  0.36226800  8.18244000  4
1889  1  15.30560000  16.05150000  25.46680000  4
1890  1  11.25300000  35.83820000  25.78440000  4
1891  1  18.85770000  28.33470000  24.73720000  4
1892  1  27.04630000  34.89440000  35.99180000  4
1893  1  2.54144000  18.69640000  1.30512000  4
1894  1  17.07220000  25.56430000  8.01505000  4
1895  1  20.56570000  16.78330000  19.84890000  3
1896  1  31.61700000  21.55600000  35.95060000  4
1897  1  37.13550000  15.35360000  36.25760000  3
1898  1  1.37550000  2.56568000  10.91790000  4
1899  1  22.63580000  29.42260000  31.73450000  4
1900  1  26.75440000  13.21090000  34.10630000  4
1901  1  13.83570000  10.09010000  14.50190000  4
1902  1  23.28800000  13.95290000  32.76830000  4
1903  1  19.27110000  29.76860000  24.32980000  4
1904  1  8.33367000  0.41818400  9.62731000  3
1905  1  10.13600000  30.90460000  34.32630000  3
1906  1  4.61830000  22.19860000  32.15680000  4
1907  1  20.92820000  3.48671000  14.48750000  3
1908  1  27.69910000  28.70490000  12.76870000  4
1909  1  21.22190000  0.31462200  34.28910000  4
1910  1  36.07820000  3.18026000  28.77000000  4
1911  1  13.11240000  32.68940000  0.21655100  3
1912  1  17.50240000  16.66930000  4.25569000  4
1913  1  6.13035000  0.49687600  4.42834000  4
1914  1  12.95800000  20.20220000  16.54700000  3
1915  1  10.83570000  15.62290000  15.23030000  4
1916  1  1.72002000  30.11480000  31.68870000  4
1917  1  13.06750000  22.01510000  13.25040000  4
1918  1  11.97230000  18.95460000  18.53790000  4
1919  1  8.22799000  31.00210000  4.99804000  4
1920  1  5.27238000  36.90190000  6.99780000  4
1921  1  1.96112000  31.87920000  33.81030000  4
1922  1  26.52900000  12.35240000  0.18293900  3
1923  1  13.62920000  24.73200000  9.22811000  3
1924  1  23.71090000  10.95350000  26.14410000  3
1925  1  0.05602130  28.47450000  8.43769000  3
1926  1  11.12970000  34.08220000  28.22100000  4
1927  1  9.91129000  8.97193000  27.81000000  3
1928  1  33.97430000  19.28100000  33.35650000  4
1929  1  16.53690000  16.31920000  8.15396000  4
1930  1  3.85406000  36.47550000  9.16843000  4
1931  1  24.78020000  2.89407000  36.30340000  4
1932  1  19.41820000  7.65290000  11.07390000  3
1933  1  0.80419700  27.24830000  0.63249800  4
1934  1  23.85770000  30.59490000  14.14840000  4
1935  1  2.29428000  27.86500000  22.90290000  3
1936  1  29.63110000  36.76050000  20.68480000  4
1937  1  36.16510000  3.83291000  19.53460000  4
1938  1  23.17740000  7.70771000  6.81229000  4
1939  1  4.02138000  25.71890000  21.37420000  4
1940  1  7.09451000  29.02460000  14.65250000  4
1941  1  22.88630000  23.08230000  33.24340000  4
1942  1  1.27633000  35.16650000  4.37089000  3
1943  1  20.91140000  28.71520000  12.57010000  4
1944  1  22.33540000  30.83470000  13.90700000  4
1945  1  36.75870000  10.89850000  17.79630000  4
1946  1  18.70730000  13.65690000  8.67493000  4
1947  1  13.38060000  10.89190000  9.55684000  4
1948  1  19.40860000  8.78823000  8.65550000  4
1949  1  7.51657000  31.33110000  10.56920000  4
1950  1  29.75010000  27.34270000  4.17804000  4
1951  1  4.63891000  31.40110000  27.15370000  3
1952  1  25.93860000  0.79229300  29.10900000  4
1953  1  19.53110000  23.50190000  36.58840000  3
1954  1  32.00990000  31.35580000  15.27910000  4
1955  1  24.45850000  9.58021000  5.69870000  4
1956  1  19.48400000  12.37290000  35.00560000  4
1957  1  11.87730000  33.86230000  19.98170000  4
1958  1  34.05500000  15.90100000  2.65827000  4
1959  1  21.74530000  36.18350000  34.86320000  3
1960  1  13.17430000  10.98880000  17.15810000  4
1961  1  1.07512000  28.55230000  6.47777000  4
1962  1  8.82569000  29.04910000  20.85070000  4
1963  1  11.37230000  23.95970000  12.50080000  3
1964  1  8.75647000  30.94750000  32.35780000  4
1965  1  32.26650000  4.37796000  11.84180000  4
1966  1  23.39670000  4.52901000  11.90820000  3
1967  1  31.72250000  4.28537000  34.71820000  3
1968  1  15.90050000  9.86147000  17.76060000  4
1969  1  33.95880000  23.65790000  29.06290000  4
1970  1  24.75520000  31.46320000  6.53837000  3
1971  1  35.24630000  13.69680000  22.98320000  3
1972  1  0.50471800  9.30616000  34.05670000  4
1973  1  36.01480000  34.07900000  7.71849000  4
1974  1  12.17450000  13.85290000  22.43250000  4
1975  1  23.70770000  18.55700000  17.27830000  4
1976  1  31.40930000  13.54590000  34.56180000  3
1977  1  13.86980000  32.55150000  32.86780000  4
1978  1  3.94217000  22.48840000  10.99510000  4
1979  1  26.38270000  32.92990000  12.03060000  4
1980  1  6.35301000  16.97900000  12.68470000  4
1981  1  4.76432000  33.84290000  20.06860000  4
1982  1  33.20160000  33.84390000  28.02950000  4
1983  1  21.61830000  17.24520000  13.56480000  4
1984  1  33.29840000  5.28490000  5.42063000  3
1985  1  36.58130000  31.16790000  1.48245000  4
1986  1  20.94190000  19.25290000  30.10570000  4
1987  1  13.01180000  6.52098000  17.90930000  4
1988  1  17.82430000  19.44440000  8.48476000  4
1989  1  25.64360000  35.71150000  13.66440000  4
1990  1  11.33950000  22.25060000  7.57591000  3
1991  1  5.01604000  18.03990000  22.26170000  4
1992  1  11.42090000  32.11110000  35.79430000  4
1993  1  24.65710000  33.28750000  4.16345000  3
1994  1  5.28311000  29.62620000  4.56469000  3
1995  1  27.44530000  17.69160000  32.82550000  4
1996  1  7.79338000  7.95628000  19.50930000  3
1997  1  30.63060000  19.08230000  25.94690000  4
1998  1  33.01600000  25.46710000  6.06007000  4
1999  1  14.07130000  23.07720000  36.13520000  4
2000  1  27.31600000  1.34902000  21.78680000  4
2001  1  24.67680000  27.05490000  36.47480000  3
2002  1  8.10491000  18.73870000  26.06400000  4
2003  1  13.40950000  2.96858000  26.60620000  4
2004  1  22.73860000  23.06650000  0.66458600  3
2005  1  32.90350000  7.62876000  27.52520000  4
2006  1  5.23632000  31.15560000  2.87527000  3
2007  1  18.49200000  21.61580000  5.31642000  4
2008  1  15.55850000  13.07710000  32.47350000  4
2009  1  22.62420000  16.32930000  5.36996000  4
2010  1  28.04530000  8.91829000  8.12968000  4
2011  1  7.51179000  6.15120000  26.94250000  4
2012  1  2.66612000  24.55800000  11.14130000  4
2013  1  33.30930000  10.62210000  18.69980000  4
2014  1  33.84220000  24.65410000  18.40480000  4
2015  1  5.47957000  34.63370000  36.14890000  3
2016  1  4.15244000  3.11780000  22.78630000  4
2017  1  13.40570000  17.43700000  32.33470000  4
2018  1  34.51590000  27.86490000  36.14820000  4
2019  1  7.39889000  6.84140000  31.92320000  4
2020  1  15.77480000  26.41950000  1.20665000  3
2021  1  10.98050000  18.29540000  7.84780000  4
2022  1  18.82650000  11.14490000  4.65682000  3
2023  1  5.23080000  33.28370000  35.94830000  3
2024  1  2.54278000  0.35432000  25.49390000  4
2025  1  6.27905000  19.35960000  15.27330000  4
2026  1  34.59810000  18.71910000  35.80730000  4
2027  1  10.32830000  35.55750000  11.98080000  4
2028  1  5.55231000  6.39536000  8.65615000  4
2029  1  34.75800000  11.05920000  26.14930000  3
2030  1  16.96950000  3.53609000  6.88803000  4
2031  1  33.89420000  28.63770000  19.08820000  4
2032  1  23.81570000  32.05310000  9.13605000  4
2033  1  3.49350000  28.92970000  2.52475000  4
2034  1  30.19570000  7.50862000  27.96310000  4
2035  1  26.58320000  24.13680000  19.45730000  4
2036  1  13.34140000  6.10585000  23.66910000  4
2037  1  27.88930000  2.91173000  13.98460000  4
2038  1  16.08640000  6.68480000  8.71912000  3
2039  1  0.73418800  17.30310000  23.31410000  4
2040  1  21.42180000  19.32400000  5.76361000  4
2041  1  30.08220000  13.27020000  26.67420000  4
2042  1  21.52220000  14.92990000  12.68860000  4
2043  1  33.87860000  6.66293000  8.21495000  4
2044  1  15.75290000  26.71020000  34.11210000  4
2045  1  15.08000000  16.78650000  4.09526000  4
2046  1  24.96280000  0.69216300  12.76380000  4
2047  1  31.85910000  27.73600000  15.72510000  4
2048  1  4.15433000  14.66470000  4.91122000  4
2049  1  17.95740000  3.04258000  19.07380000  4
2050  1  0.80735300  21.52310000  34.98650000  3
2051  1  17.37900000  20.16920000  30.21520000  4
2052  1  16.62170000  18.50450000  5.77283000  3
2053  1  9.19918000  3.34886000  21.14670000  4
2054  1  31.85910000  26.18010000  1.32252000  4
2055  1  3.03173000  31.43180000  35.97800000  3
2056  1  22.61390000  36.32540000  22.84390000  4
2057  1  29.90640000  0.92202000  19.73010000  4
2058  1  36.47370000  8.59701000  17.17620000  4
2059  1  30.64280000  27.22100000  25.56800000  4
2060  1  22.31800000  24.31520000  13.51330000  4
2061  1  19.79770000  11.94900000  36.52470000  4
2062  1  36.16810000  8.95449000  32.08340000  3
2063  1  24.10970000  16.70160000  9.82832000  4
2064  1  9.51237000  25.55870000  30.83600000  4
2065  1  20.30330000  2.49686000  32.27830000  3
2066  1  0.81268100  33.95730000  13.65960000  4
2067  1  32.52200000  11.50220000  9.12724000  3
2068  1  34.58360000  26.14640000  18.54230000  4
2069  1  13.29070000  12.29450000  31.55710000  4
2070  1  25.82800000  14.29540000  32.16180000  3
2071  1  9.75483000  21.96280000  0.79301700  4
2072  1  11.72500000  27.01250000  26.30760000  4
2073  1  27.82500000  3.50011000  28.25230000  4
2074  1  21.99210000  12.38300000  24.45200000  4
2075  1  25.35360000  14.85930000  35.47450000  4
2076  1  28.37480000  26.42910000  25.48250000  4
2077  1  13.79340000  5.48150000  12.07070000  4
2078  1  35.50910000  11.97940000  21.43340000  4
2079  1  24.30170000  36.67720000  10.04690000  3
2080  1  13.54770000  9.50974000  6.81087000  4
2081  1  21.63570000  36.00690000  6.66951000  4
2082  1  3.93598000  32.57640000  32.43350000  4
2083  1  11.63310000  17.90860000  36.39720000  4
2084  1  5.28286000  16.56280000  22.46840000  4
2085  1  10.60400000  35.93040000  14.43450000  3
2086  1  9.06281000  28.03140000  23.21290000  4
2087  1  24.12190000  31.91830000  3.88189000  4
2088  1  19.30680000  35.05780000  34.36340000  3
2089  1  24.39340000  20.56940000  9.29805000  4
2090  1  26.96280000  26.65220000  16.88130000  4
2091  1  11.99670000  16.81530000  19.78700000  4
2092  1  13.54690000  19.93650000  11.60620000  4
2093  1  7.60518000  25.56210000  34.47690000  4
2094  1  14.16070000  27.95660000  36.30370000  4
2095  1  36.57470000  0.71655800  6.89153000  4
2096  1  17.44050000  33.13800000  21.24200000  3
2097  1  2.38217000  11.30500000  23.47310000  4
2098  1  2.44493000  16.24030000  19.32670000  4
2099  1  17.29970000  28.44500000  11.25100000  4
2100  1  16.19470000  33.36360000  19.28850000  3
2101  1  26.31960000  36.96440000  7.40224000  3
2102  1  18.57280000  17.59040000  12.53340000  4
2103  1  23.34400000  30.38500000  29.16020000  3
2104  1  23.43640000  26.80000000  20.50230000  4
2105  1  11.40850000  15.23330000  3.89572000  4
2106  1  24.71570000  32.02360000  22.01960000  4
2107  1  4.87009000  8.12887000  28.17360000  4
2108  1  25.17920000  14.21810000  8.99777000  4
2109  1  15.99660000  0.59375400  30.02550000  3
2110  1  7.45920000  22.94030000  31.67280000  4
2111  1  28.65440000  7.18055000  1.66590000  4
2112  1  7.65254000  0.17562800  27.13220000  4
2113  1  24.49070000  22.36200000  17.92720000  4
2114  1  12.89150000  0.14744000  5.29661000  4
2115  1  6.76868000  19.53300000  8.64163000  4
2116  1  3.41396000  6.03913000  11.99430000  4
2117  1  24.09430000  13.93430000  36.05540000  4
2118  1  29.22410000  18.76960000  15.53380000  4
2119  1  12.82870000  24.86930000  26.04520000  3
2120  1  16.57350000  28.03840000  9.90102000  4
2121  1  17.77970000  10.71720000  25.31220000  4
2122  1  21.74550000  4.66000000  8.65141000  3
2123  1  35.28370000  9.50948000  12.96810000  4
2124  1  36.05180000  8.95616000  24.62210000  4
2125  1  7.39684000  1.50027000  7.49593000  4
2126  1  34.56060000  33.71760000  37.04800000  4
2127  1  15.86960000  32.11190000  29.15760000  4
2128  1  23.47260000  0.95243000  13.20480000  4
2129  1  7.85158000  31.27780000  15.34830000  4
2130  1  20.74180000  19.46380000  10.75010000  4
2131  1  16.88410000  34.50550000  29.58940000  4
2132  1  22.89250000  10.78890000  30.60770000  4
2133  1  13.60400000  1.93237000  19.73480000  4
2134  1  34.14540000  14.57540000  1.98999000  4
2135  1  7.10888000  10.76870000  7.38774000  4
2136  1  2.40539000  20.02500000  20.99170000  4
2137  1  27.95230000  22.80610000  29.72640000  4
2138  1  23.81310000  14.04740000  8.42200000  3
2139  1  13.66100000  35.24580000  11.00320000  3
2140  1  23.08660000  30.65120000  1.95885000  4
2141  1  6.90483000  5.39274000  31.64720000  4
2142  1  35.22910000  10.38830000  24.98170000  3
2143  1  29.04620000  15.10680000  23.73500000  4
2144  1  26.15860000  9.35416000  25.43540000  3
2145  1  32.30530000  29.88730000  6.67075000  4
2146  1  6.14546000  26.45210000  25.25510000  3
2147  1  0.14891900  25.92800000  34.03800000  4
2148  1  22.28040000  3.90846000  31.24640000  4
2149  1  22.39910000  2.49629000  33.91380000  4
2150  1  25.20550000  2.37063000  2.70489000  4
2151  1  2.78716000  22.88450000  34.04660000  4
2152  1  16.58780000  7.70667000  22.06850000  4
2153  1  27.60080000  3.97391000  31.91850000  4
2154  1  26.41520000  23.04750000  29.20950000  3
2155  1  2.94277000  24.28950000  15.55200000  4
2156  1  15.99700000  28.89630000  30.79610000  4
2157  1  9.79697000  28.69210000  35.56910000  4
2158  1  19.06010000  4.93620000  24.08170000  4
2159  1  26.72340000  33.61890000  5.62920000  4
2160  1  3.04444000  4.79822000  27.29450000  4
2161  1  13.88320000  12.32590000  20.12990000  4
2162  1  22.44190000  16.00880000  31.82260000  4
2163  1  15.62720000  8.36236000  17.64850000  3
2164  1  9.27821000  3.20935000  8.19654000  4
2165  1  11.63940000  27.33800000  24.84940000  3
2166  1  30.75930000  11.42300000  14.20420000  4
2167  1  20.48540000  7.07397000  33.27920000  4
2168  1  16.98490000  14.34310000  28.61010000  3
2169  1  9.62389000  0.47006700  22.73960000  3
2170  1  30.21050000  0.65192400  11.93870000  4
2171  1  0.00697772  21.55310000  30.97920000  4
2172  1  16.15970000  34.73470000  8.92933000  3
2173  1  3.75175000  23.32260000  5.07906000  4
2174  1  17.33600000  28.06230000  24.68450000  4
2175  1  8.18120000  0.72895500  20.09750000  4
2176  1  25.11100000  11.45780000  8.92889000  4
2177  1  8.01508000  16.96980000  3.75302000  4
2178  1  23.87700000  11.08710000  12.60060000  3
2179  1  26.21010000  13.00010000  6.99572000  4
2180  1  6.67946000  36.40430000  33.81740000  4
2181  1  13.58210000  14.25460000  30.00340000  4
2182  1  1.13871000  9.52138000  14.89370000  4
2183  1  16.46710000  29.51280000  11.67790000  3
2184  1  16.04370000  4.13414000  25.75770000  4
2185  1  34.13130000  30.49640000  1.66927000  4
2186  1  17.30190000  8.65369000  26.57430000  3
2187  1  18.55760000  10.78060000  14.29640000  3
2188  1  10.96810000  3.37685000  0.91603900  4
2189  1  5.79303000  7.11079000  15.47720000  3
2190  1  20.14870000  34.38870000  13.01450000  4
2191  1  37.05740000  20.19000000  27.35620000  4
2192  1  14.29750000  6.05605000  31.57400000  4
2193  1  29.61110000  34.61090000  29.53170000  3
2194  1  11.38230000  12.80260000  11.76000000  4
2195  1  13.24740000  30.22870000  32.79540000  4
2196  1  15.15540000  19.69040000  31.40500000  4
2197  1  1.50562000  20.04290000  12.13950000  4
2198  1  15.57330000  28.12990000  13.00380000  3
2199  1  2.21221000  36.23580000  34.93910000  4
2200  1  28.77340000  33.59280000  12.63640000  4
2201  1  36.15900000  9.95683000  16.59160000  4
2202  1  15.81450000  22.43060000  18.95580000  4
2203  1  17.67490000  19.25840000  15.64760000  4
2204  1  22.42660000  9.66553000  20.75040000  3
2205  1  22.41400000  19.81120000  8.60021000  3
2206  1  20.25370000  15.83970000  3.43272000  3
2207  1  7.36733000  16.37810000  36.60460000  4
2208  1  7.46635000  24.44230000  32.03920000  4
2209  1  15.35070000  22.94430000  17.56010000  4
2210  1  32.10500000  27.75980000  21.36860000  3
2211  1  16.29230000  6.09405000  30.07400000  4
2212  1  28.62400000  26.64200000  21.73150000  4
2213  1  16.85900000  7.67742000  20.63570000  3
2214  1  30.86670000  17.08000000  24.39020000  4
2215  1  34.14800000  36.43690000  23.82110000  4
2216  1  27.35100000  10.75370000  15.32410000  3
2217  1  19.80780000  25.21210000  5.78377000  3
2218  1  10.78370000  3.70063000  17.82160000  4
2219  1  10.80660000  32.23650000  31.90600000  3
2220  1  32.51470000  10.61440000  15.61560000  3
2221  1  25.61770000  21.91000000  24.47180000  4
2222  1  21.90680000  19.43870000  35.09160000  3
2223  1  8.97370000  10.06130000  19.74480000  3
2224  1  9.55475000  15.13000000  22.16080000  4
2225  1  15.47010000  13.64770000  12.31560000  4
2226  1  23.83980000  1.14803000  5.82272000  4
2227  1  14.38190000  3.24138000  36.89460000  4
2228  1  17.65460000  35.36950000  26.12260000  4
2229  1  33.94450000  20.76030000  32.84080000  4
2230  1  4.88410000  19.20510000  4.65127000  3
2231  1  31.70630000  1.19406000  9.96676000  4
2232  1  23.28860000  29.45830000  2.89013000  4
2233  1  1.61526000  19.74310000  0.54141200  4
2234  1  12.94930000  21.13280000  34.94440000  3
2235  1  4.60614000  20.47300000  9.05354000  3
2236  1  17.09900000  32.80750000  15.73380000  4
2237  1  34.77210000  24.57590000  7.53086000  4
2238  1  33.83600000  16.00580000  29.97650000  4
2239  1  33.48050000  1.83598000  13.91750000  4
2240  1  22.13300000  29.30740000  3.91756000  4
2241  1  17.96990000  25.99530000  22.28520000  3
2242  1  28.71330000  8.83110000  20.73190000  3
2243  1  30.00540000  16.70320000  35.78950000  3
2244  1  15.37340000  4.32890000  24.49840000  3
2245  1  18.82090000  4.58547000  21.15070000  4
2246  1  6.18295000  17.60750000  1.28435000  4
2247  1  9.42551000  4.43079000  7.09166000  4
2248  1  34.95910000  37.03960000  18.37110000  4
2249  1  34.46870000  32.29660000  32.33920000  4
2250  1  35.70620000  19.52460000  20.53140000  4
2251  1  6.73518000  28.99570000  35.40050000  4
2252  1  12.90250000  2.82784000  9.44638000  4
2253  1  20.07360000  30.93620000  14.94080000  4
2254  1  18.73860000  25.83350000  13.89560000  4
2255  1  25.03910000  23.49290000  14.89500000  4
2256  1  20.44670000  24.72580000  33.07770000  4
2257  1  1.90098000  2.13927000  15.82030000  4
2258  1  26.38470000  32.10190000  29.85170000  4
2259  1  32.74750000  10.91760000  2.33027000  4
2260  1  15.69580000  23.75830000  31.78960000  4
2261  1  8.06130000  5.05420000  15.53080000  4
2262  1  33.44140000  26.31730000  34.80980000  4
2263  1  26.02960000  33.80000000  35.79640000  4
2264  1  21.41800000  17.81940000  24.77850000  4
2265  1  35.54050000  33.20120000  30.18730000  4
2266  1  4.57310000  2.04756000  28.42390000  4
2267  1  13.23280000  28.18740000  30.31120000  4
2268  1  7.74219000  15.24790000  9.99639000  4
2269  1  13.91950000  31.45580000  25.83590000  4
2270  1  27.45200000  28.05060000  30.20470000  3
2271  1  25.58190000  27.14250000  33.13250000  3
2272  1  33.75430000  9.32683000  34.16850000  4
2273  1  22.00880000  27.92390000  7.43872000  4
2274  1  13.14170000  19.71930000  19.32030000  4
2275  1  34.01010000  28.21740000  27.19100000  3
2276  1  16.33950000  30.09880000  14.05840000  3
2277  1  26.92890000  1.91889000  13.18540000  4
2278  1  32.17190000  17.84500000  36.21270000  4
2279  1  19.80100000  2.28792000  17.26760000  4
2280  1  33.83220000  3.94768000  26.86920000  4
2281  1  5.43132000  14.61920000  10.12650000  4
2282  1  24.36250000  22.88440000  8.50981000  4
2283  1  0.82256500  15.42020000  4.79343000  3
2284  1  14.72180000  6.24055000  23.08700000  4
2285  1  10.83360000  33.87600000  17.47650000  3
2286  1  7.23787000  1.90494000  25.12830000  4
2287  1  26.15300000  0.25441300  24.45620000  4
2288  1  20.19540000  9.07395000  29.06860000  4
2289  1  8.45430000  7.98979000  30.09130000  4
2290  1  32.02590000  0.88797600  22.88110000  4
2291  1  2.39110000  12.93840000  5.37251000  4
2292  1  30.08410000  35.78370000  13.03740000  4
2293  1  2.73634000  36.02240000  22.23160000  3
2294  1  19.02350000  12.13230000  12.20330000  4
2295  1  19.01630000  18.72090000  28.95520000  4
2296  1  29.81070000  33.02890000  36.68600000  4
2297  1  4.89986000  27.80650000  30.42490000  4
2298  1  36.79370000  0.69634400  28.80790000  4
2299  1  21.68020000  14.15230000  11.47750000  3
2300  1  21.75310000  23.10890000  35.56690000  4
2301  1  29.18460000  36.53000000  12.09740000  4
2302  1  23.41080000  32.88330000  15.94440000  4
2303  1  22.81680000  14.49610000  2.95686000  3
2304  1  4.84640000  24.76680000  8.45164000  4
2305  1  9.01413000  12.49120000  30.46270000  4
2306  1  26.43640000  23.65090000  34.09730000  4
2307  1  22.42390000  18.40280000  23.74300000  4
2308  1  30.92840000  26.15850000  24.66400000  3
2309  1  12.49460000  20.97940000  15.47390000  3
2310  1  2.38117000  26.07980000  25.87070000  4
2311  1  11.69480000  24.44640000  31.10670000  3
2312  1  37.15100000  2.49269000  2.60836000  4
2313  1  25.22980000  28.57260000  20.10740000  4
2314  1  0.89288900  7.94819000  13.20710000  3
2315  1  27.94500000  37.14430000  30.14360000  3
2316  1  24.91290000  0.72022600  9.50129000  4
2317  1  19.22680000  12.52710000  9.65818000  4
2318  1  15.85800000  5.63292000  10.94940000  3
2319  1  2.09623000  7.46923000  10.36860000  4
2320  1  26.22040000  18.83570000  7.88916000  4
2321  1  7.46316000  34.63360000  26.83180000  4
2322  1  15.88510000  22.96880000  2.45154000  4
2323  1  16.15180000  9.48004000  13.76370000  4
2324  1  9.81426000  25.89080000  11.86000000  4
2325  1  21.39790000  5.61743000  36.88030000  4
2326  1  27.45150000  15.64590000  8.95883000  4
2327  1  24.71300000  29.97060000  24.28950000  4
2328  1  15.65720000  7.05835000  7.38847000  4
2329  1  16.19470000  29.19500000  35.88250000  4
2330  1  6.69707000  5.36507000  24.60430000  4
2331  1  36.08450000  13.06040000  18.79770000  4
2332  1  32.40310000  8.33809000  18.32870000  3
2333  1  14.63990000  12.08350000  28.51640000  4
2334  1  23.11220000  19.97590000  29.30430000  3
2335  1  10.07370000  1.35587000  17.79370000  3
2336  1  23.31120000  33.00080000  14.40530000  4
2337  1  32.58810000  6.02756000  16.64120000  4
2338  1  5.23285000  29.05690000  31.18420000  4
2339  1  33.76260000  31.02350000  14.89440000  4
2340  1  15.35170000  18.19190000  31.21910000  3
2341  1  23.34090000  31.61100000  28.36100000  4
2342  1  22.45240000  18.09680000  35.38320000  4
2343  1  25.06240000  10.86900000  29.79790000  3
2344  1  11.04050000  26.28060000  23.98860000  4
2345  1  28.23330000  16.56810000  16.91960000  3
2346  1  11.94490000  2.99745000  36.07770000  4
2347  1  30.56260000  9.37216000  15.13340000  3
2348  1  22.65090000  19.10570000  32.06440000  4
2349  1  9.60245000  8.62530000  24.44770000  4
2350  1  20.82090000  21.63790000  24.46110000  4
2351  1  10.22060000  25.98370000  20.19690000  4
2352  1  35.45590000  35.84130000  20.21920000  3
2353  1  12.64130000  7.27472000  35.68350000  4
2354  1  8.06812000  36.50210000  33.12470000  4
2355  1  3.20953000  17.49650000  28.60540000  4
2356  1  34.43450000  23.96710000  36.69640000  4
2357  1  32.71690000  1.18429000  24.24240000  4
2358  1  35.15100000  1.01613000  31.77220000  4
2359  1  14.98870000  10.68160000  9.86398000  4
2360  1  15.93760000  21.31400000  34.85010000  3
2361  1  22.81580000  30.03050000  8.56766000  4
2362  1  10.00530000  10.54990000  4.82075000  4
2363  1  21.35190000  21.82460000  16.14030000  4
2364  1  19.15580000  31.30190000  8.99934000  4
2365  1  9.67034000  22.97100000  36.64260000  4
2366  1  21.02420000  23.08320000  16.90290000  4
2367  1  4.13681000  25.05910000  27.24090000  4
2368  1  16.34280000  25.75600000  29.67940000  3
2369  1  30.15540000  19.65180000  21.20030000  4
2370  1  4.89875000  17.54170000  0.32726300  4
2371  1  34.68670000  31.65520000  27.19290000  4
2372  1  19.95860000  31.16660000  2.14749000  4
2373  1  2.29035000  9.56497000  20.76560000  4
2374  1  26.74650000  27.93550000  3.37179000  4
2375  1  14.70690000  24.69580000  34.33200000  3
2376  1  21.85210000  32.11630000  25.76590000  4
2377  1  19.34940000  19.94130000  13.88420000  4
2378  1  24.30460000  10.37760000  33.93120000  3
2379  1  17.68200000  21.81320000  21.31290000  3
2380  1  17.90750000  12.53330000  17.41480000  4
2381  1  20.80170000  15.51650000  2.15999000  3
2382  1  17.98910000  15.23980000  4.17241000  4
2383  1  10.49470000  34.12180000  11.22880000  4
2384  1  25.15930000  4.11108000  19.12470000  4
2385  1  18.36880000  19.92320000  25.00450000  4
2386  1  25.80750000  21.89020000  35.63600000  3
2387  1  16.29960000  27.96070000  33.33030000  4
2388  1  21.86270000  24.56320000  2.34626000  4
2389  1  21.79650000  12.07970000  13.90900000  4
2390  1  14.22330000  22.74090000  12.77490000  3
2391  1  1.11443000  37.15340000  31.56830000  3
2392  1  18.15330000  29.97590000  0.83401700  3
2393  1  7.11830000  4.28254000  36.21510000  4
2394  1  27.92450000  21.82140000  33.18850000  4
2395  1  15.86820000  2.87125000  13.90410000  4
2396  1  21.23940000  33.59880000  33.96590000  3
2397  1  19.81500000  0.96528600  34.10900000  3
2398  1  15.84180000  15.69770000  22.33710000  4
2399  1  0.94473000  30.68510000  33.96810000  4
2400  1  30.88750000  17.94660000  13.82140000  3
2401  1  31.15010000  27.60490000  12.75960000  4
2402  1  28.21890000  0.60331900  6.53494000  3
2403  1  23.62430000  13.01540000  10.47320000  4
2404  1  19.29620000  23.58470000  21.84010000  4
2405  1  2.45035000  30.16170000  9.21120000  4
2406  1  19.19880000  19.30640000  10.76420000  4
2407  1  3.78905000  10.77170000  10.68910000  4
2408  1  24.02890000  6.40917000  27.74150000  3
2409  1  8.95186000  34.06150000  4.51072000  4
2410  1  12.31400000  13.42780000  17.72130000  4
2411  1  7.04486000  15.52400000  31.96050000  4
2412  1  28.99820000  16.27500000  28.77140000  3
2413  1  26.62840000  22.23920000  21.73900000  4
2414  1  26.34220000  36.76100000  14.43350000  4
2415  1  15.70450000  36.02310000  9.34561000  3
2416  1  19.31830000  21.15620000  19.33790000  3
2417  1  15.01010000  24.35690000  8.66463000  4
2418  1  9.23580000  36.87290000  3.84274000  4
2419  1  2.09147000  25.57940000  13.43280000  4
2420  1  10.94520000  10.29780000  23.22140000  4
2421  1  20.26830000  14.18320000  24.76910000  4
2422  1  34.48940000  30.24470000  30.95940000  4
2423  1  34.62080000  8.97243000  7.38973000  4
2424  1  36.66230000  14.18130000  6.35696000  4
2425  1  5.34346000  19.93050000  27.97500000  4
2426  1  20.46530000  33.72730000  6.75577000  4
2427  1  25.30690000  23.57260000  20.03850000  4
2428  1  14.71790000  19.77310000  0.34233800  3
2429  1  5.41741000  1.95297000  12.24690000  3
2430  1  23.39970000  6.26895000  13.97060000  3
2431  1  18.35320000  10.91320000  28.14010000  4
2432  1  2.52992000  23.44840000  37.08210000  4
2433  1  36.14260000  24.03320000  15.64280000  4
2434  1  2.84499000  18.94570000  15.93320000  4
2435  1  6.79804000  2.22646000  2.02056000  4
2436  1  28.02310000  28.79980000  27.90750000  4
2437  1  20.78930000  32.57470000  30.66850000  4
2438  1  15.21540000  4.39438000  36.00380000  4
2439  1  22.11660000  2.87233000  23.96190000  3
2440  1  5.50565000  35.15320000  24.35290000  4
2441  1  7.47996000  3.19121000  24.20130000  4
2442  1  9.80779000  4.54739000  4.71432000  4
2443  1  28.01950000  0.85509400  0.74507100  4
2444  1  19.81590000  0.16980100  21.34440000  4
2445  1  30.62870000  36.63900000  14.15230000  4
2446  1  7.45882000  19.61650000  16.21280000  4
2447  1  37.00780000  16.44080000  22.30230000  4
2448  1  1.72403000  34.65910000  36.90720000  4
2449  1  13.96150000  30.11540000  27.90100000  3
2450  1  20.49460000  4.08536000  1.58435000  3
2451  1  4.91133000  12.54260000  8.99330000  4
2452  1  8.98093000  23.11250000  32.00000000  4
2453  1  7.42604000  34.49830000  17.44260000  3
2454  1  37.14490000  23.38920000  32.83320000  4
2455  1  24.00860000  29.80550000  33.72780000  4
2456  1  18.17410000  13.15890000  21.48480000  4
2457  1  14.77730000  4.11723000  29.89310000  3
2458  1  27.28980000  32.44940000  6.25189000  3
2459  1  22.56160000  34.71180000  12.85340000  4
2460  1  22.23270000  10.20920000  1.67716000  3
2461  1  15.79110000  9.14699000  5.66578000  4
2462  1  1.42171000  11.61060000  28.43650000  3
2463  1  13.28450000  4.45989000  27.11340000  4
2464  1  23.92680000  18.12400000  35.70730000  3
2465  1  19.94010000  26.49430000  16.84910000  5
2466  1  2.34838000  26.85630000  35.09760000  4
2467  1  27.34830000  33.31100000  25.95680000  4
2468  1  7.69447000  10.54350000  32.47850000  4
2469  1  15.25620000  7.25346000  2.44597000  4
2470  1  6.17983000  12.57430000  24.26650000  3
2471  1  29.70170000  19.89010000  7.80044000  3
2472  1  16.29980000  30.81380000  5.72485000  4
2473  1  4.05931000  22.11390000  16.02580000  4
2474  1  20.69440000  24.59790000  19.67350000  4
2475  1  11.02640000  15.33430000  24.21380000  4
2476  1  25.37680000  29.64730000  2.03676000  3
2477  1  30.98000000  34.34080000  18.52100000  4
2478  1  36.00920000  25.41590000  29.31630000  4
2479  1  30.32590000  30.21840000  29.62500000  4
2480  1  25.18010000  8.86811000  8.70696000  4
2481  1  19.50400000  5.29496000  12.17860000  3
2482  1  3.51543000  22.66720000  29.24180000  4
2483  1  31.99620000  13.35720000  2.71119000  4
2484  1  6.26160000  15.05590000  1.43871000  4
2485  1  4.50373000  26.66150000  31.39780000  4
2486  1  9.51495000  23.18720000  26.36970000  4
2487  1  10.37940000  11.00320000  1.46943000  4
2488  1  21.21720000  12.14300000  36.83650000  3
2489  1  35.75600000  7.50530000  22.57520000  4
2490  1  30.64700000  6.83779000  33.95890000  3
2491  1  36.89360000  24.08780000  9.79706000  3
2492  1  2.80285000  25.59630000  10.02190000  4
2493  1  18.96750000  18.54570000  7.74401000  4
2494  1  26.20200000  11.74260000  26.35050000  4
2495  1  27.22230000  6.18064000  14.08650000  3
2496  1  29.32760000  34.67450000  13.64120000  4
2497  1  31.26470000  25.88810000  33.46900000  4
2498  1  19.82770000  19.57030000  21.26670000  4
2499  1  19.70590000  4.38661000  5.39265000  4
2500  1  17.66980000  35.49740000  28.67040000  4
2501  1  17.22630000  0.16470300  9.91976000  3
2502  1  30.41900000  13.30620000  22.34770000  4
2503  1  12.70070000  12.30350000  36.89740000  4
2504  1  26.93220000  10.65430000  22.79690000  3
2505  1  27.71250000  6.43913000  20.37160000  3
2506  1  10.98670000  26.66380000  17.80370000  4
2507  1  13.22540000  6.64966000  24.93190000  3
2508  1  21.38930000  21.96970000  11.28410000  3
2509  1  35.28250000  7.98895000  36.76800000  4
2510  1  14.53260000  36.64090000  8.58082000  4
2511  1  19.82880000  23.66100000  25.73290000  4
2512  1  10.36390000  4.70917000  0.26403400  4
2513  1  13.56380000  30.56640000  10.76360000  4
2514  1  23.78780000  21.08820000  10.65550000  4
2515  1  18.70570000  20.19720000  9.52322000  4
2516  1  11.05490000  25.11610000  17.60490000  4
2517  1  13.16590000  21.73540000  22.28910000  3
2518  1  29.53610000  7.53374000  3.82758000  3
2519  1  30.62970000  13.47730000  29.62540000  3
2520  1  36.26070000  12.89660000  12.85970000  4
2521  1  12.26320000  12.41860000  22.60620000  3
2522  1  13.42130000  6.25652000  36.55830000  4
2523  1  25.21150000  11.66730000  14.97580000  3
2524  1  26.85900000  25.56390000  19.48180000  4
2525  1  5.23156000  14.95350000  17.30200000  4
2526  1  21.31440000  25.92470000  12.14250000  4
2527  1  2.25477000  2.69009000  26.06030000  4
2528  1  27.50440000  29.41820000  15.33830000  4
2529  1  6.03056000  31.22700000  32.66220000  4
2530  1  21.89340000  36.94600000  18.27090000  4
2531  1  15.55840000  28.30920000  18.44310000  4
2532  1  11.59190000  8.60002000  1.94651000  4
2533  1  33.73560000  10.32840000  12.86670000  4
2534  1  22.45440000  31.99900000  9.99301000  4
2535  1  24.97970000  1.09919000  23.92420000  4
2536  1  35.71080000  22.77130000  33.09690000  4
2537  1  35.78510000  32.51910000  31.56130000  4
2538  1  13.47160000  12.57540000  17.20400000  4
2539  1  25.18400000  28.18960000  3.90811000  4
2540  1  24.06890000  36.06210000  6.10326000  4
2541  1  6.48776000  15.37060000  10.87170000  4
2542  1  27.80760000  9.35001000  1.29910000  3
2543  1  3.97948000  26.72600000  11.93020000  4
2544  1  3.57430000  33.45070000  0.87037800  4
2545  1  2.36055000  1.03909000  29.13340000  4
2546  1  34.49700000  0.09457240  5.93044000  4
2547  1  10.53430000  35.05320000  24.79940000  3
2548  1  19.09140000  22.79910000  15.28010000  4
2549  1  11.22810000  13.12200000  18.88650000  4
2550  1  27.46460000  22.68250000  14.13830000  4
2551  1  1.02646000  28.42070000  13.15660000  3
2552  1  3.42569000  14.65640000  34.23270000  3
2553  1  18.42870000  33.85870000  31.53370000  4
2554  1  35.10790000  36.32450000  22.70560000  4
2555  1  6.05439000  34.77440000  3.47562000  4
2556  1  32.99740000  31.26660000  35.32970000  4
2557  1  4.71608000  33.64660000  26.07280000  4
2558  1  28.73930000  1.99666000  6.58820000  4
2559  1  12.15220000  26.88840000  11.46050000  4
2560  1  13.57300000  2.24119000  23.99950000  4
2561  1  23.62300000  5.86530000  34.85820000  4
2562  1  34.90790000  6.15164000  2.29062000  4
2563  1  7.64682000  12.94800000  23.88090000  4
2564  1  12.77160000  1.79573000  7.04002000  4
2565  1  14.35040000  25.99210000  11.96850000  4
2566  1  36.01050000  3.08522000  30.35550000  4
2567  1  18.00570000  13.53660000  0.24152800  4
2568  1  32.04080000  36.30110000  11.38350000  4
2569  1  6.49001000  9.27384000  13.20920000  4
2570  1  26.81980000  12.68650000  16.39750000  4
2571  1  17.06990000  12.62840000  10.65780000  3
2572  1  35.54750000  18.16290000  22.96550000  4
2573  1  33.36120000  34.00960000  19.70790000  4
2574  1  3.72834000  22.46830000  36.61620000  4
2575  1  24.43140000  4.38540000  9.58088000  4
2576  1  13.28330000  15.41580000  14.75480000  4
2577  1  16.65010000  21.80220000  32.00440000  4
2578  1  25.75320000  27.05700000  31.66580000  4
2579  1  2.78267000  32.23400000  17.83480000  3
2580  1  26.22160000  26.66230000  5.43553000  4
2581  1  27.32330000  11.29040000  31.87430000  3
2582  1  28.49810000  13.48810000  9.68716000  4
2583  1  6.55596000  9.20300000  24.52630000  4
2584  1  36.94250000  2.22143000  24.26900000  4
2585  1  24.55850000  24.19690000  12.44110000  4
2586  1  32.84830000  16.39880000  28.88120000  4
2587  1  21.72860000  31.14300000  16.83740000  4
2588  1  24.86360000  33.82460000  28.71750000  4
2589  1  34.30620000  12.39070000  0.75241500  4
2590  1  15.36720000  15.40150000  31.14970000  4
2591  1  7.70903000  13.60340000  16.28010000  4
2592  1  4.85640000  11.71190000  19.43540000  4
2593  1  1.70798000  21.74220000  27.87350000  4
2594  1  26.84010000  20.11360000  5.68544000  4
2595  1  20.69550000  12.35410000  9.60032000  4
2596  1  12.08930000  11.33660000  27.12760000  3
2597  1  31.86790000  20.78410000  8.84572000  4
2598  1  21.26490000  24.03280000  23.69030000  4
2599  1  12.82250000  2.16840000  22.49790000  4
2600  1  36.89070000  27.94690000  15.80780000  4
2601  1  15.90260000  25.59850000  14.85400000  4
2602  1  24.58470000  24.33050000  16.20530000  4
2603  1  10.74060000  15.36730000  26.93490000  4
2604  1  25.99200000  10.84590000  25.17100000  4
2605  1  19.61240000  33.42890000  14.09810000  4
2606  1  16.27600000  33.26660000  32.36020000  4
2607  1  3.81558000  4.71666000  0.68300200  3
2608  1  37.03200000  2.91051000  7.81405000  4
2609  1  26.70050000  26.59080000  6.91277000  4
2610  1  12.14300000  31.29090000  2.38027000  4
2611  1  35.27060000  26.67800000  32.56870000  4
2612  1  30.45870000  13.71700000  18.66240000  4
2613  1  8.81892000  16.39700000  25.54120000  3
2614  1  14.97020000  8.07099000  36.16450000  4
2615  1  25.38720000  24.11990000  5.88336000  4
2616  1  4.67662000  32.75740000  0.14962400  4
2617  1  36.56510000  22.78650000  4.95721000  3
2618  1  16.20710000  14.14430000  31.41120000  4
2619  1  3.99773000  33.74670000  22.52320000  3
2620  1  27.29790000  15.80650000  30.60880000  3
2621  1  3.99030000  7.32170000  1.68539000  3
2622  1  1.37785000  33.41350000  36.03570000  4
2623  1  21.93890000  13.52190000  33.00010000  3
2624  1  21.89920000  27.71300000  2.04596000  4
2625  1  16.52370000  7.13504000  1.51295000  4
2626  1  29.02910000  14.03510000  1.33578000  4
2627  1  28.58830000  22.21210000  10.78550000  4
2628  1  9.79539000  2.39824000  33.90730000  4
2629  1  34.02580000  3.38841000  21.65350000  3
2630  1  1.64645000  8.93965000  22.00020000  4
2631  1  8.48149000  35.24620000  15.13310000  4
2632  1  15.73510000  2.72630000  10.63620000  4
2633  1  26.28070000  18.82760000  23.45420000  3
2634  1  6.00947000  30.96440000  6.54068000  4
2635  1  24.82060000  23.82280000  17.57820000  4
2636  1  13.57610000  17.88250000  26.77780000  3
2637  1  16.14160000  17.17240000  11.06230000  4
2638  1  19.09540000  36.21310000  30.91870000  4
2639  1  24.73520000  33.39820000  36.41410000  4
2640  1  29.25240000  31.37490000  4.96050000  3
2641  1  30.14500000  3.23884000  30.38790000  4
2642  1  7.59135000  24.74820000  16.22190000  4
2643  1  8.61539000  32.96170000  35.60930000  4
2644  1  14.58460000  23.98280000  13.34340000  3
2645  1  6.17419000  34.40980000  7.12421000  3
2646  1  7.25189000  25.19590000  12.04780000  4
2647  1  2.01625000  19.53470000  13.44940000  4
2648  1  13.80600000  28.09240000  4.90885000  4
2649  1  28.00320000  24.77050000  15.29060000  3
2650  1  29.05160000  33.47660000  2.25915000  4
2651  1  22.20240000  17.32910000  4.24036000  4
2652  1  11.76790000  20.85070000  4.95461000  3
2653  1  4.08466000  29.81710000  32.18000000  4
2654  1  17.61350000  26.80960000  13.42700000  4
2655  1  4.72968000  6.62273000  33.11890000  4
2656  1  7.14848000  20.08840000  26.15240000  3
2657  1  34.88420000  36.27120000  7.08613000  4
2658  1  25.45410000  25.18180000  11.51960000  4
2659  1  30.85290000  26.70340000  27.02570000  4
2660  1  8.39453000  1.19025000  26.18210000  4
2661  1  13.59580000  0.55465000  20.56640000  4
2662  1  8.00040000  26.63350000  13.56980000  4
2663  1  10.07420000  36.96030000  6.41082000  3
2664  1  26.79450000  19.71780000  15.46040000  4
2665  1  35.28270000  17.88850000  0.74695200  4
2666  1  20.84590000  28.03060000  26.04300000  4
2667  1  2.91567000  22.22650000  5.82713000  4
2668  1  4.71673000  29.79440000  14.52750000  4
2669  1  34.45610000  18.51840000  15.23300000  4
2670  1  13.14490000  3.55187000  10.75850000  4
2671  1  3.16575000  19.20350000  7.57704000  4
2672  1  33.24130000  19.22510000  22.59830000  4
2673  1  22.90040000  24.48470000  33.81640000  4
2674  1  24.30270000  36.01540000  27.90920000  4
2675  1  33.02420000  28.21360000  1.90525000  4
2676  1  34.52130000  18.78860000  18.47830000  4
2677  1  24.19160000  16.66520000  20.70250000  4
2678  1  31.47030000  20.88720000  6.35788000  4
2679  1  24.40600000  10.03430000  4.18050000  4
2680  1  22.44740000  7.04505000  35.18410000  4
2681  1  31.80610000  10.33900000  30.29940000  4
2682  1  34.65680000  30.03010000  17.28020000  4
2683  1  34.91850000  5.46091000  30.88760000  3
2684  1  35.36970000  29.14350000  33.13780000  3
2685  1  6.59557000  6.20071000  28.28280000  4
2686  1  20.08450000  10.84660000  16.01260000  4
2687  1  35.35780000  12.47490000  31.87330000  4
2688  1  35.80790000  34.10140000  23.49320000  4
2689  1  13.94870000  4.73229000  32.32900000  4
2690  1  18.53850000  17.28130000  21.17680000  4
2691  1  24.63220000  7.05282000  28.91830000  3
2692  1  4.94458000  13.63410000  4.44240000  3
2693  1  7.32619000  22.58260000  0.89797600  4
2694  1  36.24410000  32.75840000  1.57187000  4
2695  1  21.19730000  9.00644000  10.35790000  4
2696  1  34.89950000  11.13920000  35.59230000  4
2697  1  26.90240000  7.52290000  37.09850000  4
2698  1  32.55800000  3.11666000  8.24359000  3
2699  1  22.58790000  14.68520000  13.73890000  3
2700  1  29.30140000  25.24700000  12.82320000  4
2701  1  29.01480000  36.50520000  32.92810000  4
2702  1  23.53080000  11.53900000  36.68590000  4
2703  1  7.14639000  25.97370000  3.81672000  4
2704  1  8.25783000  4.61358000  29.79140000  4
2705  1  27.30130000  32.11530000  30.89420000  3
2706  1  0.62173400  0.61136000  1.00612000  4
2707  1  25.33030000  34.83270000  31.34210000  4
2708  1  35.38190000  21.47880000  35.23700000  4
2709  1  6.01205000  34.32490000  17.28120000  4
2710  1  18.82730000  32.58730000  3.89978000  3
2711  1  36.39750000  37.07830000  35.32150000  4
2712  1  27.09000000  6.90289000  34.53070000  4
2713  1  36.12250000  13.27060000  25.40470000  3
2714  1  28.55650000  20.31240000  1.78358000  3
2715  1  23.91990000  0.32312200  36.54550000  3
2716  1  8.89201000  24.81450000  34.35480000  3
2717  1  17.64520000  36.47880000  15.88160000  4
2718  1  18.14570000  16.98630000  15.14270000  4
2719  1  5.52727000  2.41856000  2.90328000  4
2720  1  37.13290000  5.70991000  18.25920000  3
2721  1  4.75029000  13.12110000  32.96110000  4
2722  1  30.58140000  12.64110000  19.65730000  4
2723  1  11.13330000  21.52280000  33.19900000  4
2724  1  3.37019000  14.97120000  15.17920000  3
2725  1  11.08500000  3.59036000  29.81550000  4
2726  1  0.60294700  29.85670000  4.69239000  4
2727  1  19.11990000  11.09190000  7.75408000  3
2728  1  7.13602000  18.74730000  1.11222000  3
2729  1  9.72413000  30.76890000  8.07629000  4
2730  1  6.41842000  28.68240000  19.85540000  4
2731  1  31.68040000  4.87808000  16.79070000  3
2732  1  9.83742000  27.56930000  1.98564000  3
2733  1  9.83619000  2.25773000  15.41500000  4
2734  1  3.49870000  12.11560000  0.65857000  4
2735  1  30.04460000  27.53290000  10.15710000  4
2736  1  5.43955000  11.49660000  3.84930000  3
2737  1  21.06650000  11.68250000  6.19153000  3
2738  1  4.40950000  21.30890000  19.71040000  4
2739  1  9.88077000  20.07260000  24.72100000  4
2740  1  8.15475000  2.36912000  15.36330000  4
2741  1  31.66840000  35.05770000  24.62720000  3
2742  1  32.63330000  33.67070000  32.59880000  3
2743  1  23.47940000  0.62246500  35.25540000  3
2744  1  31.00700000  12.70890000  32.26380000  3
2745  1  17.35330000  11.12220000  33.25790000  4
2746  1  10.27790000  0.18373700  5.00841000  4
2747  1  35.86300000  24.48720000  2.39272000  4
2748  1  23.28960000  20.54930000  13.11140000  4
2749  1  2.07003000  28.34590000  35.30980000  3
2750  1  3.53725000  18.69630000  4.75545000  3
2751  1  19.79490000  23.08600000  6.74679000  4
2752  1  30.26660000  20.62170000  8.94656000  4
2753  1  2.16445000  30.01750000  19.13200000  4
2754  1  7.52969000  29.92020000  9.84681000  4
2755  1  31.10950000  28.33360000  0.51728000  3
2756  1  30.73460000  24.05800000  10.74400000  4
2757  1  9.72769000  25.93020000  8.05700000  4
2758  1  13.95120000  10.92090000  23.82810000  4
2759  1  8.88153000  23.88030000  10.54060000  4
2760  1  3.91130000  29.58610000  4.98182000  4
2761  1  21.11550000  0.78297200  24.95840000  4
2762  1  11.05110000  8.27055000  4.54099000  4
2763  1  25.07750000  6.67771000  2.70006000  4
2764  1  24.23540000  25.77400000  0.05467370  4
2765  1  17.73860000  34.18100000  15.52220000  4
2766  1  28.10920000  2.77864000  3.98895000  4
2767  1  23.92000000  5.42428000  4.62139000  4
2768  1  6.67282000  12.42080000  3.61800000  4
2769  1  21.56200000  21.18750000  25.75160000  3
2770  1  21.56000000  0.80838200  27.39210000  4
2771  1  32.69260000  2.66352000  5.05561000  3
2772  1  7.52825000  29.67750000  4.70048000  4
2773  1  8.78558000  34.66300000  27.50230000  3
2774  1  19.71440000  34.17000000  23.17550000  4
2775  1  3.13918000  2.93650000  12.43050000  4
2776  1  23.34030000  8.56381000  5.69204000  3
2777  1  0.85331400  22.83640000  27.16020000  4
2778  1  25.96100000  1.33924000  10.45430000  4
2779  1  34.55960000  17.99270000  13.80500000  4
2780  1  29.20710000  28.51880000  9.33306000  4
2781  1  3.33302000  3.18570000  34.38240000  3
2782  1  28.72750000  23.45750000  1.19607000  4
2783  1  7.37234000  26.93640000  33.82070000  4
2784  1  9.81202000  29.52230000  25.42630000  4
2785  1  18.44640000  13.77480000  32.60670000  4
2786  1  27.12790000  32.67550000  20.66220000  3
2787  1  15.52170000  32.96740000  15.73120000  4
2788  1  11.95130000  25.17140000  23.16090000  4
2789  1  2.20341000  21.72080000  23.48560000  4
2790  1  22.69340000  10.61530000  29.03880000  3
2791  1  21.74570000  7.40446000  3.60386000  4
2792  1  25.52730000  20.17880000  17.59010000  4
2793  1  30.28320000  10.88060000  21.37590000  4
2794  1  35.45360000  15.09800000  6.40466000  4
2795  1  12.34930000  11.04840000  36.23020000  4
2796  1  6.02056000  28.50820000  32.37590000  4
2797  1  35.47050000  30.27870000  2.30867000  4
2798  1  25.36820000  7.77932000  3.70056000  4
2799  1  30.49320000  33.24260000  31.43860000  4
2800  1  35.73540000  30.81680000  3.76359000  4
2801  1  6.62628000  11.25860000  15.73410000  4
2802  1  16.57920000  5.48912000  3.26534000  4
2803  1  15.25970000  11.18390000  11.24150000  3
2804  1  33.61650000  32.49400000  34.55580000  4
2805  1  7.93152000  31.92210000  31.52820000  3
2806  1  27.90570000  25.76550000  30.94420000  3
2807  1  23.86780000  5.45334000  12.86200000  3
2808  1  5.13320000  12.54670000  16.95320000  4
2809  1  16.60780000  0.26837700  23.84200000  4
2810  1  7.03726000  22.43240000  22.74330000  4
2811  1  34.45070000  27.01630000  12.79810000  4
2812  1  29.31610000  28.76040000  4.42772000  4
2813  1  4.60277000  24.13060000  0.95545500  3
2814  1  30.59520000  31.03510000  34.22800000  4
2815  1  3.46114000  0.31754000  16.22150000  4
2816  1  1.87769000  18.99470000  11.13810000  3
2817  1  10.17780000  19.53100000  16.98770000  3
2818  1  22.12020000  4.64502000  6.31980000  3
2819  1  11.17400000  27.10860000  33.15900000  3
2820  1  36.44620000  35.31890000  21.23570000  4
2821  1  21.94390000  9.15263000  14.71400000  4
2822  1  23.80890000  17.77100000  12.49720000  3
2823  1  28.75830000  9.58303000  35.64490000  4
2824  1  25.73160000  8.72015000  6.01842000  4
2825  1  37.13060000  3.67071000  31.32770000  4
2826  1  19.70820000  17.23090000  23.25420000  4
2827  1  15.84890000  33.29030000  27.37610000  4
2828  1  6.03264000  5.27840000  30.36970000  4
2829  1  22.11520000  23.94350000  6.53748000  3
2830  1  34.76320000  35.37290000  13.52580000  3
2831  1  8.54659000  12.73520000  22.53550000  4
2832  1  1.76869000  0.05441950  6.08715000  4
2833  1  1.08295000  22.51710000  23.00550000  3
2834  1  14.54020000  17.97270000  8.95621000  4
2835  1  21.12700000  23.43270000  7.48856000  4
2836  1  12.66170000  34.24020000  13.98430000  3
2837  1  6.50678000  13.14750000  27.27120000  4
2838  1  16.83030000  12.40750000  32.78720000  3
2839  1  3.85358000  35.19490000  29.62570000  4
2840  1  29.55620000  2.64405000  4.34331000  4
2841  1  27.11880000  5.29431000  19.76630000  3
2842  1  21.83990000  1.01685000  14.95520000  4
2843  1  30.39250000  35.60130000  3.53263000  3
2844  1  26.57380000  14.25060000  22.38820000  3
2845  1  33.32940000  9.09729000  19.21330000  4
2846  1  27.73400000  35.24200000  17.04590000  4
2847  1  1.49822000  10.22770000  28.07400000  4
2848  1  21.50770000  8.21851000  7.96521000  4
2849  1  12.81650000  11.53370000  32.66520000  4
2850  1  16.36270000  9.69691000  1.25325000  4
2851  1  23.80340000  14.70960000  26.81820000  3
2852  1  0.86180500  2.21226000  20.49250000  3
2853  1  30.65820000  21.68900000  13.52990000  4
2854  1  30.53820000  3.09231000  18.04200000  4
2855  1  29.18950000  29.86080000  19.92260000  4
2856  1  9.46548000  19.27370000  18.26560000  4
2857  1  2.01596000  29.06780000  14.05080000  4
2858  1  28.09010000  10.59370000  32.88920000  4
2859  1  30.62250000  36.48630000  9.50834000  4
2860  1  22.60680000  8.67238000  18.10300000  3
2861  1  16.25740000  25.85800000  18.16490000  4
2862  1  6.15816000  34.06100000  33.76800000  3
2863  1  6.95048000  2.34124000  32.10860000  3
2864  1  21.80200000  8.50006000  31.48720000  4
2865  1  27.22580000  3.91533000  24.54700000  3
2866  1  3.86353000  8.25083000  31.24000000  4
2867  1  2.20735000  30.86810000  6.26635000  3
2868  1  20.12330000  16.61700000  32.57350000  4
2869  1  4.71627000  3.14208000  10.44750000  4
2870  1  11.27140000  18.25430000  23.71100000  4
2871  1  37.08630000  25.35680000  19.71500000  3
2872  1  22.92060000  35.13750000  0.65859400  4
2873  1  29.08650000  23.82540000  25.24910000  4
2874  1  21.28000000  13.64970000  18.33110000  4
2875  1  18.05100000  7.83343000  10.56910000  4
2876  1  11.83570000  5.17453000  13.62220000  4
2877  1  16.00040000  27.18500000  22.69430000  4
2878  1  22.74400000  32.13150000  11.66850000  4
2879  1  7.39082000  14.27790000  14.99740000  4
2880  1  5.81713000  25.10910000  4.06080000  4
2881  1  2.20995000  5.60905000  6.11571000  3
2882  1  14.88280000  36.23030000  13.46740000  4
2883  1  13.30450000  25.48130000  32.69690000  3
2884  1  4.11290000  1.17471000  27.20630000  4
2885  1  6.95834000  22.77400000  9.41884000  3
2886  1  9.53893000  6.19000000  9.36604000  4
2887  1  18.72370000  18.73250000  20.56610000  4
2888  1  7.74093000  8.28569000  22.39440000  3
2889  1  29.62530000  30.59950000  0.27784500  4
2890  1  8.53582000  17.64780000  21.30450000  4
2891  1  10.32950000  34.96680000  13.42620000  4
2892  1  16.79670000  32.25450000  20.15760000  4
2893  1  34.00140000  1.38549000  0.78853900  4
2894  1  27.59020000  19.39650000  21.56680000  3
2895  1  21.24140000  31.05460000  0.07462470  4
2896  1  9.69630000  3.48780000  25.63430000  3
2897  1  34.95370000  28.32130000  7.78587000  4
2898  1  24.92660000  24.49320000  36.76040000  4
2899  1  29.45200000  32.01040000  0.54748800  3
2900  1  29.39210000  13.58720000  8.48109000  3
2901  1  7.22784000  26.82100000  30.91830000  4
2902  1  5.74529000  12.47780000  21.62950000  3
2903  1  0.50705600  30.39050000  32.54600000  4
2904  1  17.15160000  14.48450000  5.19177000  3
2905  1  28.48800000  6.41726000  3.71026000  4
2906  1  18.32800000  4.22625000  2.91393000  3
2907  1  19.08400000  32.55580000  19.33690000  4
2908  1  16.86900000  18.52480000  19.40010000  4
2909  1  12.62700000  25.34270000  36.51730000  4
2910  1  28.40230000  14.34740000  17.26630000  4
2911  1  23.90790000  35.52460000  19.51380000  4
2912  1  5.98292000  35.24870000  21.99490000  4
2913  1  31.53530000  20.62380000  12.44830000  4
2914  1  1.90488000  25.81010000  24.50550000  3
2915  1  4.91098000  27.56860000  34.75650000  4
2916  1  25.62790000  26.92470000  16.29140000  3
2917  1  15.48150000  23.29730000  9.52036000  3
2918  1  9.63924000  35.64580000  20.29960000  4
2919  1  2.32900000  3.21693000  30.75080000  4
2920  1  8.12140000  28.33870000  4.70478000  3
2921  1  27.45240000  35.93280000  19.38840000  4
2922  1  35.81950000  8.50719000  19.98540000  3
2923  1  35.50190000  31.17390000  28.53870000  4
2924  1  1.98261000  15.07930000  32.14330000  4
2925  1  30.91120000  36.33380000  4.78275000  4
2926  1  30.84170000  26.89770000  4.90029000  3
2927  1  29.44840000  11.01760000  35.95140000  4
2928  1  13.71470000  26.65760000  6.90433000  4
2929  1  36.68020000  8.71433000  3.16456000  3
2930  1  3.58574000  19.68830000  29.58800000  3
2931  1  0.22789100  16.76570000  36.70820000  4
2932  1  19.17820000  12.89590000  31.71330000  3
2933  1  35.78220000  22.99240000  13.36510000  3
2934  1  5.82987000  12.74090000  0.36116600  4
2935  1  3.48032000  1.43177000  1.04410000  4
2936  1  36.82970000  32.01940000  15.79090000  4
2937  1  1.24720000  13.79590000  31.57480000  4
2938  1  2.02428000  17.06700000  29.57480000  4
2939  1  31.38480000  6.27594000  21.51300000  3
2940  1  29.54570000  29.79860000  1.61088000  4
2941  1  17.27640000  19.37860000  20.71290000  4
2942  1  14.26100000  26.77150000  16.88820000  3
2943  1  11.18800000  15.73650000  2.53808000  2
2944  1  23.21100000  29.95390000  36.15460000  3
2945  1  35.12660000  22.15810000  2.86949000  4
2946  1  32.27710000  26.42540000  32.36530000  4
2947  1  7.62620000  12.17420000  4.89811000  4
2948  1  14.23910000  19.63420000  5.11304000  3
2949  1  8.93112000  9.47778000  30.10740000  4
2950  1  14.43710000  31.23370000  13.04270000  4
2951  1  16.15720000  24.37900000  36.16820000  3
2952  1  28.71030000  22.79580000  6.58052000  4
2953  1  3.30262000  31.60090000  30.07140000  4
2954  1  2.58302000  10.66610000  33.26570000  4
2955  1  25.81700000  10.33270000  16.89870000  4
2956  1  33.28580000  22.90690000  8.83572000  4
2957  1  12.41190000  14.34910000  21.01580000  4
2958  1  6.18923000  25.55090000  9.07209000  4
2959  1  10.70280000  6.87124000  18.30730000  3
2960  1  30.28090000  27.05130000  33.79110000  4
2961  1  7.48761000  33.14450000  25.86340000  4
2962  1  33.78870000  7.03393000  28.74250000  4
2963  1  15.84330000  1.00005000  22.64450000  4
2964  1  37.14360000  5.85269000  10.18960000  4
2965  1  21.92490000  23.44520000  27.29170000  3
2966  1  12.29670000  6.59918000  22.70090000  4
2967  1  26.28860000  33.47180000  1.40153000  3
2968  1  3.76489000  22.87360000  7.89083000  3
2969  1  12.22860000  6.34942000  32.97550000  4
2970  1  3.65571000  34.56500000  17.46730000  3
2971  1  1.11464000  2.73031000  27.15490000  4
2972  1  30.24340000  35.57480000  24.47030000  4
2973  1  36.92710000  34.63580000  24.50040000  4
2974  1  20.47680000  36.28350000  5.71463000  4
2975  1  19.58220000  5.76552000  28.58880000  4
2976  1  5.19266000  33.96900000  21.59220000  4
2977  1  19.56310000  32.23550000  28.60160000  4
2978  1  22.70950000  28.38080000  6.19157000  4
2979  1  7.45530000  14.56550000  6.32554000  3
2980  1  29.97940000  16.46060000  1.94369000  4
2981  1  36.41790000  36.82150000  33.76240000  4
2982  1  14.27750000  9.00796000  5.64116000  4
2983  1  31.13630000  22.77490000  18.05840000  4
2984  1  19.24810000  7.62964000  2.46627000  4
2985  1  22.75710000  14.37690000  35.15940000  4
2986  1  5.16710000  11.42010000  12.39380000  3
2987  1  0.47874900  27.78040000  21.16230000  3
2988  1  10.79180000  0.87459000  20.32990000  4
2989  1  1.26945000  13.27430000  24.60850000  4
2990  1  24.39420000  29.31590000  25.52840000  4
2991  1  3.02329000  19.99610000  14.92760000  4
2992  1  37.03220000  30.87250000  6.95421000  4
2993  1  4.82939000  13.29870000  7.58191000  4
2994  1  15.52490000  36.04130000  27.28880000  3
2995  1  21.04390000  14.30540000  23.47100000  3
2996  1  15.79590000  32.81610000  37.03450000  4
2997  1  36.08350000  22.37500000  28.81060000  4
2998  1  6.72406000  32.95140000  24.47230000  4
2999  1  1.84736000  31.40740000  17.24610000  3
3000  1  26.40650000  30.04360000  24.60060000  4
3001  1  31.74030000  33.12770000  5.10001000  3
3002  1  1.40195000  17.86560000  4.38070000  4
3003  1  23.82640000  18.33010000  20.53360000  4
3004  1  0.32724200  9.88057000  2.90685000  4
3005  1  6.20503000  30.40390000  12.50350000  4
3006  1  15.67780000  22.90360000  27.67740000  4
3007  1  3.70301000  14.64280000  13.79480000  4
3008  1  28.15830000  8.34239000  26.53760000  3
3009  1  5.25217000  12.22850000  6.56123000  4
3010  1  35.02190000  4.13506000  8.51100000  3
3011  1  23.66210000  9.72550000  16.29000000  4
3012  1  16.99160000  25.88490000  11.15240000  4
3013  1  28.78980000  23.53620000  18.73070000  4
3014  1  31.40900000  0.26235600  8.57492000  4
3015  1  12.81560000  2.00167000  35.32630000  4
3016  1  33.26500000  4.98207000  27.73210000  4
3017  1  2.54201000  18.78260000  18.61230000  4
3018  1  21.45750000  22.54640000  23.45990000  3
3019  1  21.93580000  7.11109000  21.51150000  4
3020  1  3.69834000  24.23880000  25.23790000  3
3021  1  33.71510000  35.47220000  16.45800000  3
3022  1  18.80960000  8.77523000  17.44290000  4
3023  1  27.00390000  36.03200000  5.09765000  4
3024  1  30.29190000  21.21580000  24.45960000  3
3025  1  17.99940000  14.60540000  18.55310000  3
3026  1  9.87287000  35.40790000  35.51380000  4
3027  1  31.77470000  8.34286000  12.50050000  4
3028  1  24.76770000  23.10440000  4.99501000  4
3029  1  31.72820000  30.89150000  22.50860000  4
3030  1  5.35727000  1.02067000  26.32880000  4
3031  1  26.17080000  5.37655000  1.28935000  3
3032  1  30.65950000  24.22840000  15.13880000  4
3033  1  15.62730000  10.07520000  20.12320000  3
3034  1  10.69850000  29.64040000  5.44546000  4
3035  1  16.85590000  33.60140000  22.53840000  4
3036  1  30.79510000  34.91630000  9.56667000  4
3037  1  25.42410000  16.31120000  18.47500000  3
3038  1  29.38850000  31.77760000  21.65900000  4
3039  1  11.44890000  21.15950000  18.18130000  4
3040  1  31.35790000  13.12830000  15.89850000  3
3041  1  25.94570000  24.89950000  24.22510000  3
3042  1  35.68810000  11.59220000  18.73360000  4
3043  1  14.29540000  27.37160000  33.86050000  4
3044  1  13.43940000  8.31916000  7.89943000  4
3045  1  20.51400000  4.53712000  29.05810000  4
3046  1  14.23650000  26.58570000  4.59806000  4
3047  1  6.97099000  36.29250000  30.90940000  4
3048  1  11.11880000  15.63580000  19.39080000  4
3049  1  6.57103000  4.66190000  13.57400000  3
3050  1  1.19957000  13.46370000  29.92320000  4
3051  1  6.70023000  35.02730000  19.73840000  4
3052  1  31.89970000  4.49412000  19.36650000  4
3053  1  9.66489000  25.08360000  2.75309000  4
3054  1  4.82139000  28.99760000  22.04860000  3
3055  1  17.41610000  35.15250000  16.57110000  4
3056  1  33.23290000  13.36720000  0.41160900  3
3057  1  21.04180000  19.44240000  9.08082000  4
3058  1  37.11110000  26.87650000  18.01890000  4
3059  1  28.81970000  5.37638000  36.05170000  3
3060  1  30.96720000  15.06940000  20.69430000  3
3061  1  32.46820000  5.51305000  23.76510000  4
3062  1  23.63090000  9.73546000  17.86650000  4
3063  1  23.43110000  32.96330000  19.86560000  3
3064  1  33.19640000  11.12490000  11.52590000  4
3065  1  19.42620000  22.24690000  25.06080000  4
3066  1  17.81660000  14.55260000  2.70974000  4
3067  1  32.55140000  18.96120000  1.12610000  3
3068  1  1.64750000  14.22540000  25.71810000  3
3069  1  18.76960000  4.68496000  15.26680000  4
3070  1  24.44820000  30.51380000  21.76490000  4
3071  1  17.95770000  23.65610000  10.62300000  4
3072  1  20.86800000  2.95165000  21.48500000  4
3073  1  27.83640000  2.97250000  23.57940000  4
3074  1  18.67670000  23.03290000  4.67258000  3
3075  1  29.73700000  33.29930000  11.32240000  4
3076  1  27.71050000  4.22703000  25.91390000  4
3077  1  3.29335000  13.70950000  18.52540000  4
3078  1  32.65470000  20.33590000  21.64720000  4
3079  1  7.45888000  23.55620000  6.49915000  4
3080  1  34.77500000  1.15564000  17.45770000  4
3081  1  3.99295000  4.06843000  25.10930000  4
3082  1  4.68345000  0.32024500  30.17320000  3
3083  1  5.54716000  31.06860000  23.22980000  4
3084  1  35.69570000  15.27820000  35.77340000  4
3085  1  5.55712000  3.73521000  30.14700000  4
3086  1  31.14240000  21.31620000  32.46280000  4
3087  1  27.72810000  27.63580000  0.98231300  3
3088  1  16.07680000  0.65917600  21.07720000  4
3089  1  2.47843000  18.84350000  25.20730000  4
3090  1  20.88900000  31.80570000  24.65140000  4
3091  1  26.36790000  16.53400000  1.26397000  4
3092  1  17.91530000  33.94390000  10.83570000  4
3093  1  16.94340000  10.19930000  35.34170000  4
3094  1  32.92390000  17.04730000  33.66980000  4
3095  1  24.22670000  21.68970000  5.48365000  4
3096  1  12.96950000  6.26497000  13.22830000  4
3097  1  19.85230000  27.64490000  6.34026000  4
3098  1  27.20480000  27.06020000  9.56768000  3
3099  1  28.38840000  13.78580000  2.62585000  4
3100  1  21.62480000  13.64810000  19.97960000  4
3101  1  24.12660000  13.31890000  18.94820000  3
3102  1  31.75900000  11.43510000  21.49550000  4
3103  1  30.94160000  10.72690000  35.23910000  3
3104  1  0.30251600  19.01280000  4.05132000  4
3105  1  5.30128000  27.73640000  15.52130000  4
3106  1  31.64000000  2.57967000  21.06060000  4
3107  1  0.95067600  30.91530000  19.41150000  4
3108  1  23.29980000  0.63109300  14.62880000  4
3109  1  10.33090000  32.06370000  4.95400000  4
3110  1  10.87260000  2.31494000  36.91210000  4
3111  1  21.86300000  6.32665000  22.98530000  4
3112  1  14.86850000  33.65790000  32.53120000  4
3113  1  2.47310000  0.46121700  7.39700000  4
3114  1  17.40030000  11.96610000  3.18805000  4
3115  1  16.50070000  17.15640000  19.83060000  4
3116  1  16.71340000  22.78300000  29.68080000  3
3117  1  29.60580000  26.98570000  22.90540000  4
3118  1  19.69350000  7.22985000  15.83460000  4
3119  1  6.96565000  20.33930000  32.12220000  4
3120  1  36.28420000  13.95060000  20.29950000  4
3121  1  23.63580000  36.63890000  25.09970000  3
3122  1  7.48386000  24.22760000  18.48570000  3
3123  1  12.05160000  10.33220000  12.56540000  4
3124  1  5.95694000  0.38970800  31.12470000  4
3125  1  29.96150000  20.54120000  1.99370000  4
3126  1  3.96420000  22.14080000  2.56115000  4
3127  1  0.34972800  25.13040000  6.27442000  4
3128  1  22.50330000  24.90170000  17.95130000  4
3129  1  21.14110000  4.57029000  33.52630000  4
3130  1  9.10542000  4.27424000  16.39180000  4
3131  1  30.04790000  28.20300000  11.61200000  4
3132  1  7.54814000  36.63080000  23.65470000  4
3133  1  15.55220000  30.01350000  31.81170000  4
3134  1  4.70153000  1.38227000  14.45580000  4
3135  1  0.21398500  9.57407000  18.26000000  4
3136  1  31.04840000  9.00920000  20.10400000  4
3137  1  11.47510000  32.86130000  22.11610000  4
3138  1  0.79448600  8.54979000  8.23853000  4
3139  1  30.35400000  36.53340000  0.76401300  3
3140  1  8.42987000  20.28010000  28.20090000  4
3141  1  2.56371000  36.25840000  16.15540000  4
3142  1  10.36050000  9.62676000  30.54590000  3
3143  1  25.29140000  34.72390000  8.30648000  3
3144  1  19.33080000  1.39211000  3.37092000  4
3145  1  0.04367240  0.37700700  26.38290000  4
3146  1  32.90080000  18.37060000  25.28260000  4
3147  1  15.17630000  22.82730000  23.00520000  4
3148  1  36.94430000  14.31970000  4.70845000  4
3149  1  2.66989000  0.57099000  34.96350000  4
3150  1  20.85500000  0.57535900  19.03740000  3
3151  1  14.25930000  25.09580000  27.93990000  3
3152  1  36.89890000  35.78500000  35.98840000  4
3153  1  18.31560000  24.13720000  34.15190000  4
3154  1  34.49230000  3.06486000  23.92430000  4
3155  1  12.42100000  20.65310000  24.91940000  4
3156  1  28.33560000  1.77217000  24.42410000  4
3157  1  22.89800000  12.12770000  12.69980000  3
3158  1  4.71318000  25.46580000  3.17891000  3
3159  1  33.52270000  6.01523000  15.35930000  4
3160  1  5.04422000  11.40860000  17.88400000  4
3161  1  22.06600000  17.01820000  30.56920000  4
3162  1  17.24110000  31.40220000  27.15330000  4
3163  1  7.63964000  13.45220000  34.55760000  3
3164  1  15.73710000  13.19660000  36.45040000  4
3165  1  23.82550000  15.70420000  16.57660000  4
3166  1  24.21380000  15.81560000  24.76090000  4
3167  1  27.79130000  13.42880000  25.26750000  4
3168  1  33.37750000  8.25149000  14.19270000  4
3169  1  2.34265000  30.42680000  13.33240000  4
3170  1  30.11680000  17.93390000  12.72900000  3
3171  1  32.67400000  15.58670000  25.17550000  4
3172  1  32.42970000  15.27930000  26.75220000  4
3173  1  21.49780000  12.87810000  23.05670000  4
3174  1  11.46610000  31.34530000  19.88370000  4
3175  1  34.03340000  8.94863000  16.56370000  4
3176  1  35.13800000  32.15100000  3.95035000  4
3177  1  26.89130000  20.39230000  30.35630000  4
3178  1  1.11760000  24.95320000  22.03040000  4
3179  1  12.32210000  3.88432000  5.31217000  4
3180  1  30.24070000  32.92130000  2.95651000  3
3181  1  13.22470000  0.69818700  22.09190000  4
3182  1  31.56210000  31.89760000  10.44530000  3
3183  1  1.49440000  24.00170000  4.40472000  4
3184  1  27.03180000  6.68309000  16.56770000  4
3185  1  31.37330000  33.20140000  21.79650000  4
3186  1  20.70800000  27.57160000  34.44810000  4
3187  1  34.39740000  34.65990000  31.32620000  4
3188  1  5.73683000  6.74314000  19.31720000  4
3189  1  17.47440000  34.48540000  14.02080000  4
3190  1  21.69460000  36.00660000  20.42280000  4
3191  1  28.50300000  3.85816000  16.07510000  4
3192  1  8.47359000  13.89340000  30.70300000  4
3193  1  3.05567000  22.14120000  19.73030000  4
3194  1  37.12740000  29.42100000  36.77290000  3
3195  1  35.15140000  13.94090000  34.90600000  4
3196  1  26.91830000  14.82420000  29.63160000  3
3197  1  29.85690000  9.65462000  22.11990000  3
3198  1  29.00160000  20.11360000  4.14563000  4
3199  1  35.63710000  8.89742000  14.40470000  4
3200  1  14.86670000  26.77550000  15.46520000  4
3201  1  30.79660000  5.89237000  12.89970000  4
3202  1  14.93900000  28.04520000  28.45180000  3
3203  1  10.16160000  36.70090000  26.79990000  4
3204  1  8.06201000  27.42160000  11.14480000  3
3205  1  25.18780000  9.49749000  36.87690000  3
3206  1  20.50480000  28.34850000  7.47792000  3
3207  1  9.73261000  24.79710000  14.09860000  4
3208  1  0.91581700  6.34875000  19.15940000  3
3209  1  33.05780000  2.35067000  15.40230000  4
3210  1  34.90690000  24.59880000  29.96000000  4
3211  1  23.95380000  36.05330000  23.75170000  4
3212  1  24.65310000  9.35724000  28.22890000  3
3213  1  5.17958000  34.76530000  2.27866000  4
3214  1  3.27652000  14.41770000  30.18720000  3
3215  1  9.68674000  31.64720000  23.60640000  3
3216  1  7.33814000  31.98870000  29.24310000  4
3217  1  30.59160000  12.35780000  6.94653000  3
3218  1  25.03080000  20.33610000  21.00130000  3
3219  1  11.32550000  9.24997000  9.86209000  4
3220  1  10.80440000  3.45164000  11.99230000  4
3221  1  22.63530000  21.88370000  10.47190000  3
3222  1  36.23300000  0.26952400  22.57530000  4
3223  1  35.67410000  23.72740000  26.86700000  4
3224  1  7.49860000  19.37580000  4.08911000  3
3225  1  32.18760000  32.59750000  25.55110000  4
3226  1  12.49590000  28.26040000  2.55557000  3
3227  1  28.22010000  17.62750000  17.92500000  4
3228  1  2.23575000  25.41840000  31.47430000  4
3229  1  26.93580000  10.60480000  6.63334000  4
3230  1  10.52190000  6.92590000  0.43632600  4
3231  1  17.06980000  32.01360000  30.09910000  4
3232  1  23.38700000  22.06210000  12.98990000  3
3233  1  12.63520000  30.62850000  1.18863000  3
3234  1  21.59760000  10.85440000  20.31500000  4
3235  1  0.46833800  32.52770000  23.36770000  4
3236  1  25.98180000  2.33738000  17.34470000  4
3237  1  2.73364000  11.58400000  32.07270000  4
3238  1  33.04970000  1.12594000  10.14760000  3
3239  1  34.61540000  5.13099000  3.30844000  4
3240  1  35.99610000  20.73900000  31.63600000  4
3241  1  20.33630000  16.17140000  26.80790000  4
3242  1  29.07790000  32.64960000  10.18660000  3
3243  1  15.39330000  21.90390000  12.59560000  4
3244  1  5.29751000  25.89870000  36.61570000  3
3245  1  6.91289000  9.78574000  6.21155000  4
3246  1  21.32400000  11.13230000  8.75541000  4
3247  1  5.08965000  23.97460000  14.99920000  4
3248  1  25.29380000  1.84759000  20.52470000  4
3249  1  8.37183000  33.15690000  13.75610000  4
3250  1  15.75350000  8.52697000  10.82400000  3
3251  1  33.31500000  3.95928000  3.28178000  5
3252  1  28.46110000  14.41820000  12.29490000  4
3253  1  24.44290000  12.28110000  35.66820000  4
3254  1  14.66230000  16.93650000  35.31420000  4
3255  1  30.68880000  23.48710000  20.36880000  4
3256  1  36.35480000  13.34870000  1.95753000  4
3257  1  33.84080000  30.73220000  26.08690000  4
3258  1  36.75160000  6.56833000  0.95447600  3
3259  1  21.47560000  34.89430000  25.35240000  4
3260  1  28.41640000  9.63879000  18.28810000  4
3261  1  4.06262000  19.72290000  35.32130000  4
3262  1  4.31459000  27.05200000  7.94577000  4
3263  1  15.65020000  11.57080000  8.89005000  4
3264  1  2.91257000  6.49817000  34.69120000  4
3265  1  2.00749000  5.67609000  12.69610000  4
3266  1  33.44480000  35.83250000  4.10838000  4
3267  1  18.16480000  8.00798000  20.08070000  4
3268  1  1.08468000  36.69310000  15.74240000  4
3269  1  27.52710000  3.91495000  7.72659000  4
3270  1  2.49631000  34.15200000  20.73410000  4
3271  1  33.06570000  2.67581000  20.64280000  4
3272  1  19.46600000  16.04650000  8.16526000  4
3273  1  26.69470000  7.25702000  31.94150000  4
3274  1  20.50210000  32.14410000  14.05980000  4
3275  1  23.27770000  9.79823000  10.22540000  4
3276  1  22.22500000  22.12870000  36.79860000  4
3277  1  18.84690000  33.45890000  20.70460000  4
3278  1  4.40432000  36.25460000  20.32290000  4
3279  1  2.05048000  5.80464000  3.44016000  3
3280  1  19.55380000  6.14956000  21.02530000  4
3281  1  23.03680000  29.89760000  6.02221000  4
3282  1  36.73080000  26.57770000  32.63850000  4
3283  1  11.12780000  14.40190000  13.52060000  4
3284  1  1.49713000  20.58300000  27.03630000  4
3285  1  11.33430000  33.86500000  13.37030000  4
3286  1  27.36200000  35.05130000  11.22150000  4
3287  1  31.10540000  8.17761000  35.98000000  3
3288  1  19.79620000  36.26730000  9.51167000  4
3289  1  1.84546000  35.61240000  1.88694000  4
3290  1  7.48805000  1.78107000  35.41390000  4
3291  1  14.15320000  32.65660000  3.41786000  4
3292  1  15.89800000  3.63385000  34.79560000  4
3293  1  23.84120000  16.66950000  0.50842400  4
3294  1  1.35140000  28.22400000  2.97984000  4
3295  1  27.67320000  19.53560000  35.10680000  3
3296  1  5.50146000  7.29427000  16.92330000  3
3297  1  6.58199000  4.12706000  20.01980000  4
3298  1  32.83610000  8.21251000  21.65780000  3
3299  1  8.09514000  20.95890000  2.51565000  3
3300  1  27.79700000  16.18800000  20.00080000  3
3301  1  3.12846000  27.89910000  14.12510000  4
3302  1  0.85897400  10.13990000  31.41280000  4
3303  1  13.46580000  27.75210000  28.07980000  4
3304  1  0.54698700  20.35110000  3.42298000  3
3305  1  12.98830000  31.95050000  17.82350000  4
3306  1  16.36550000  36.47650000  33.66240000  4
3307  1  2.93307000  17.11970000  21.67440000  4
3308  1  27.58850000  19.88210000  11.38400000  4
3309  1  5.14459000  4.21127000  1.12994000  4
3310  1  12.06480000  7.26301000  30.67060000  4
3311  1  25.22720000  0.00861374  36.71560000  3
3312  1  24.92910000  7.43966000  10.84460000  3
3313  1  16.86970000  26.67190000  21.50530000  4
3314  1  33.79920000  18.42840000  29.65270000  4
3315  1  3.75311000  21.75370000  7.02324000  4
3316  1  17.50650000  22.56650000  8.13371000  3
3317  1  20.68810000  24.49680000  8.57124000  4
3318  1  15.48180000  18.90840000  18.63300000  4
3319  1  21.64270000  36.81850000  7.89832000  3
3320  1  10.83930000  8.76857000  36.44260000  4
3321  1  10.12210000  6.68935000  2.72130000  4
3322  1  32.46120000  31.88290000  2.51760000  4
3323  1  36.65170000  18.08500000  25.77210000  4
3324  1  11.42120000  31.64630000  34.24900000  4
3325  1  19.17950000  29.54100000  17.46080000  4
3326  1  11.15080000  27.60920000  9.46815000  4
3327  1  25.74000000  8.40302000  0.73086300  4
3328  1  8.12527000  8.44024000  10.44050000  4
3329  1  7.77135000  10.27710000  30.92240000  4
3330  1  34.09610000  20.23820000  27.25090000  4
3331  1  8.53166000  35.14370000  9.21796000  4
3332  1  4.23522000  10.82590000  26.98740000  3
3333  1  26.79940000  15.57870000  13.57410000  4
3334  1  8.40038000  6.50543000  15.43720000  4
3335  1  5.39938000  25.38810000  0.90403600  4
3336  1  0.09562370  33.73810000  6.84872000  4
3337  1  8.14674000  6.09784000  8.51833000  4
3338  1  26.57230000  13.23730000  26.05350000  4
3339  1  3.59728000  1.02631000  10.79730000  4
3340  1  27.10450000  28.35360000  14.18940000  4
3341  1  22.97290000  23.72760000  26.44520000  3
3342  1  0.57286300  25.77780000  14.19800000  4
3343  1  25.73830000  35.47420000  4.48664000  4
3344  1  29.81470000  14.71200000  27.13030000  4
3345  1  29.01670000  21.40880000  5.92601000  3
3346  1  33.86330000  36.51300000  35.83440000  4
3347  1  0.80832300  22.18670000  13.28420000  4
3348  1  8.38394000  5.39835000  7.23642000  3
3349  1  19.07590000  14.64230000  16.45880000  4
3350  1  6.85554000  11.74410000  26.78380000  4
3351  1  31.79220000  20.43160000  31.45400000  4
3352  1  0.15789000  33.89160000  3.37935000  3
3353  1  30.72300000  16.92780000  27.22030000  3
3354  1  13.83540000  15.11680000  36.87480000  4
3355  1  6.88784000  2.73575000  20.49400000  4
3356  1  4.67373000  0.35670600  9.86681000  4
3357  1  24.38930000  17.21160000  29.10770000  4
3358  1  5.14952000  4.23034000  19.56940000  4
3359  1  3.84552000  10.20950000  9.28948000  4
3360  1  36.05160000  36.84240000  14.21880000  3
3361  1  14.71500000  5.33420000  21.92250000  4
3362  1  15.71760000  17.55160000  14.97180000  4
3363  1  12.45840000  2.38083000  27.66620000  4
3364  1  26.61510000  32.66500000  32.02350000  4
3365  1  18.98210000  17.66770000  25.49450000  4
3366  1  26.98340000  9.49457000  4.14328000  4
3367  1  27.08310000  7.73782000  8.00965000  4
3368  1  19.30130000  6.59879000  7.39973000  3
3369  1  13.62810000  37.15640000  30.58210000  4
3370  1  29.68120000  4.75058000  15.63610000  3
3371  1  5.57197000  9.21998000  5.89882000  3
3372  1  27.98830000  18.17320000  35.43120000  4
3373  1  28.83960000  32.48910000  13.57760000  3
3374  1  10.53900000  7.59505000  24.06400000  3
3375  1  34.69630000  22.64920000  28.39340000  3
3376  1  25.14390000  9.70950000  18.09580000  4
3377  1  0.08922100  20.45140000  16.43160000  4
3378  1  23.58720000  22.77730000  28.90770000  3
3379  1  18.64460000  25.93220000  17.44990000  4
3380  1  10.79250000  5.12101000  29.73680000  4
3381  1  0.28806100  3.35423000  10.24120000  3
3382  1  30.40730000  13.41910000  33.46070000  4
3383  1  11.16580000  6.66839000  35.23250000  4
3384  1  9.81969000  19.45780000  3.83715000  3
3385  1  5.66916000  29.55590000  0.85490700  3
3386  1  1.70250000  16.24430000  2.61375000  4
3387  1  24.93530000  3.78654000  23.92260000  4
3388  1  20.89460000  25.74640000  20.58460000  4
3389  1  1.97090000  26.62500000  5.23185000  4
3390  1  25.98940000  5.42144000  36.09350000  4
3391  1  36.16640000  25.17130000  16.51180000  3
3392  1  9.25401000  13.61400000  15.92620000  4
3393  1  24.62560000  13.29180000  17.55530000  4
3394  1  3.77187000  15.95780000  13.13980000  3
3395  1  20.40740000  18.18250000  29.16570000  4
3396  1  9.18966000  29.98830000  13.65280000  3
3397  1  27.86550000  11.03230000  18.02090000  4
3398  1  11.50710000  35.87500000  33.82400000  4
3399  1  17.59780000  27.97060000  8.80689000  4
3400  1  30.63140000  35.53900000  36.84590000  4
3401  1  27.65640000  6.96796000  23.89910000  4
3402  1  11.65110000  28.37790000  33.55590000  3
3403  1  23.38490000  5.96444000  23.45440000  4
3404  1  20.16280000  20.98580000  20.47270000  4
3405  1  5.13607000  21.12040000  13.85500000  4
3406  1  3.28969000  3.33413000  23.97830000  3
3407  1  27.64970000  0.34934100  24.09240000  4
3408  1  8.51474000  5.52932000  33.60410000  4
3409  1  17.20930000  2.12072000  4.28960000  4
3410  1  26.09790000  0.33002800  34.52270000  4
3411  1  16.87180000  33.65070000  9.57601000  4
3412  1  33.89730000  27.87750000  16.72930000  4
3413  1  4.20203000  20.06270000  36.77670000  4
3414  1  24.19070000  35.41510000  30.41000000  4
3415  1  22.62000000  7.13971000  11.06900000  3
3416  1  1.21492000  7.63965000  27.26760000  3
3417  1  4.03498000  2.88981000  17.11020000  4
3418  1  28.83180000  32.70640000  23.92720000  4
3419  1  5.57753000  15.07260000  31.44120000  4
3420  1  29.77330000  34.40720000  0.06794420  3
3421  1  21.31580000  28.63890000  14.01580000  4
3422  1  23.88250000  1.33086000  16.89050000  4
3423  1  32.24550000  31.92220000  26.90100000  4
3424  1  27.05160000  26.28510000  12.87050000  4
3425  1  13.00020000  18.54040000  34.43680000  4
3426  1  10.37100000  13.09110000  13.73730000  4
3427  1  18.21060000  35.36780000  19.21590000  4
3428  1  17.73450000  32.95620000  12.07930000  4
3429  1  12.86250000  21.89750000  0.84425300  4
3430  1  1.95066000  34.04640000  25.98970000  4
3431  1  35.91470000  15.91610000  23.47810000  4
3432  1  18.33270000  18.61400000  18.88460000  4
3433  1  1.56409000  17.39860000  1.48875000  4
3434  1  6.68666000  27.15300000  32.41610000  4
3435  1  3.47692000  21.76420000  28.01460000  4
3436  1  27.92540000  27.56730000  32.68540000  4
3437  1  24.51860000  6.18187000  8.23556000  4
3438  1  15.64840000  0.80940800  25.02230000  3
3439  1  14.89960000  32.90710000  8.48790000  3
3440  1  22.73080000  29.22310000  28.55970000  3
3441  1  13.33820000  11.45030000  8.22316000  4
3442  1  13.11190000  16.21270000  31.49340000  3
3443  1  15.79400000  19.89390000  9.28383000  4
3444  1  3.61461000  4.68299000  36.27580000  4
3445  1  15.33920000  26.58470000  3.54486000  4
3446  1  36.84540000  23.41760000  27.96190000  4
3447  1  19.62400000  32.12630000  32.90570000  3
3448  1  26.70220000  19.83750000  22.55220000  3
3449  1  12.65780000  10.12680000  20.61990000  3
3450  1  25.92810000  15.42700000  8.43910000  4
3451  1  24.26300000  9.53699000  23.16460000  3
3452  1  18.56740000  0.06380700  17.00340000  4
3453  1  27.43030000  12.55550000  23.92180000  4
3454  1  4.31049000  33.13400000  23.73120000  3
3455  1  5.97891000  1.46196000  22.81870000  4
3456  1  29.05790000  16.53360000  14.37130000  4
3457  1  32.24040000  21.42680000  1.29354000  4
3458  1  8.93871000  20.66530000  23.60420000  3
3459  1  0.91098400  4.53476000  29.39230000  4
3460  1  35.65060000  17.87010000  34.95160000  4
3461  1  3.31408000  7.87497000  8.13537000  4
3462  1  10.71770000  0.85322300  24.84320000  4
3463  1  27.71490000  13.40970000  5.08837000  4
3464  1  32.22550000  33.51550000  0.00013351  4
3465  1  2.66578000  29.92820000  24.24650000  3
3466  1  30.22290000  7.82366000  25.55410000  3
3467  1  28.11940000  31.39300000  35.48970000  3
3468  1  21.82250000  24.37170000  16.57870000  4
3469  1  31.11130000  25.51990000  4.76307000  3
3470  1  36.56720000  7.00686000  33.73680000  3
3471  1  19.02130000  15.64730000  0.16768200  4
3472  1  16.97930000  10.33790000  19.86050000  3
3473  1  19.19090000  27.06020000  11.51160000  4
3474  1  25.96260000  0.97556300  13.85380000  4
3475  1  32.82380000  3.22091000  26.02590000  4
3476  1  0.73246100  9.87762000  1.36398000  3
3477  1  7.68878000  24.49100000  29.01800000  4
3478  1  33.12240000  27.49070000  27.90780000  3
3479  1  17.51200000  7.86817000  31.15170000  4
3480  1  13.97860000  29.64940000  15.03470000  4
3481  1  14.31520000  24.12290000  15.70210000  3
3482  1  33.96420000  25.73200000  30.65920000  4
3483  1  17.71330000  13.26260000  14.96150000  3
3484  1  2.54779000  7.33537000  1.92522000  3
3485  1  1.50751000  26.50370000  33.88580000  4
3486  1  0.27349000  12.02120000  16.93130000  4
3487  1  18.69900000  1.54547000  24.99780000  4
3488  1  7.03335000  22.84030000  24.39860000  3
3489  1  14.49270000  17.06480000  24.58880000  4
3490  1  19.51030000  13.49540000  4.16031000  4
3491  1  11.58150000  1.16852000  9.63319000  4
3492  1  24.07200000  18.18200000  10.16580000  4
3493  1  18.47540000  28.54120000  30.93340000  4
3494  1  2.51847000  10.59880000  8.76517000  4
3495  1  35.75270000  14.69420000  27.79730000  4
3496  1  1.29100000  22.84280000  8.43568000  4
3497  1  1.61949000  12.04580000  29.74100000  3
3498  1  9.24154000  8.73187000  2.52939000  4
3499  1  5.93734000  26.57130000  10.14670000  4
3500  1  7.49074000  20.53150000  13.40430000  3
3501  1  28.52440000  30.97200000  12.03870000  4
3502  1  19.34210000  36.58780000  2.00139000  4
3503  1  15.76520000  31.65090000  27.68890000  4
3504  1  7.14423000  22.18210000  30.36620000  4
3505  1  12.51360000  23.61520000  33.92710000  4
3506  1  25.07990000  36.96820000  23.25330000  4
3507  1  12.03410000  8.09367000  7.93888000  3
3508  1  15.58930000  25.81880000  23.21110000  3
3509  1  15.59270000  15.10350000  15.56780000  4
3510  1  35.32510000  27.17100000  25.58750000  4
3511  1  15.62500000  7.44108000  25.55740000  4
3512  1  4.28862000  20.86840000  15.14320000  4
3513  1  13.18030000  15.80210000  21.37850000  4
3514  1  3.18634000  3.80548000  26.27740000  3
3515  1  15.13610000  4.73007000  15.06700000  4
3516  1  32.72290000  6.17530000  26.73070000  4
3517  1  33.45500000  16.35390000  20.19910000  3
3518  1  1.15845000  34.98580000  23.88190000  4
3519  1  29.30150000  31.00330000  32.17790000  4
3520  1  23.23470000  11.17560000  18.11800000  4
3521  1  25.51170000  30.13200000  8.51965000  4
3522  1  4.01958000  3.66923000  13.32210000  4
3523  1  25.15920000  2.89121000  6.51415000  4
3524  1  34.85920000  13.75070000  18.12480000  4
3525  1  11.88850000  5.17892000  3.31091000  3
3526  1  11.80290000  32.54220000  26.03310000  3
3527  1  19.64940000  14.01060000  13.97530000  4
3528  1  0.03903410  15.80460000  11.56290000  3
3529  1  18.17200000  7.08942000  3.34871000  4
3530  1  5.55224000  32.97390000  17.82360000  4
3531  1  24.83780000  20.83220000  4.35817000  3
3532  1  15.87480000  17.86090000  8.21551000  4
3533  1  20.31280000  12.46700000  16.17870000  4
3534  1  2.92175000  23.89160000  3.88697000  4
3535  1  14.55990000  20.09750000  18.63800000  4
3536  1  15.63640000  15.83560000  2.02458000  4
3537  1  4.78503000  26.31800000  1.95976000  4
3538  1  1.57131000  35.75500000  33.63000000  4
3539  1  23.33680000  8.51568000  23.52510000  4
3540  1  37.07430000  35.31000000  3.83179000  4
3541  1  29.67780000  37.02770000  15.17130000  3
3542  1  15.12070000  22.34960000  6.89030000  4
3543  1  4.50092000  14.59390000  32.33890000  4
3544  1  22.58560000  34.25330000  10.56530000  4
3545  1  31.68750000  26.67910000  30.96660000  4
3546  1  33.19170000  26.55700000  3.80014000  4
3547  1  13.34840000  5.53992000  33.60900000  4
3548  1  23.39550000  12.67390000  0.76508900  4
3549  1  13.71630000  16.71410000  10.89790000  4
3550  1  6.96171000  12.39080000  16.81850000  4
3551  1  3.48404000  12.78630000  25.30810000  3
3552  1  34.43030000  30.42170000  29.38570000  4
3553  1  18.72530000  4.18340000  33.79920000  4
3554  1  34.91290000  31.90270000  6.14896000  4
3555  1  13.31840000  3.14925000  14.83820000  4
3556  1  5.91782000  27.93120000  12.89850000  3
3557  1  9.22265000  18.80440000  24.97200000  3
3558  1  33.62980000  13.61600000  13.03760000  4
3559  1  3.86024000  16.65160000  6.28986000  3
3560  1  20.16380000  22.48040000  21.20740000  4
3561  1  24.61940000  3.66813000  30.17670000  4
3562  1  7.86708000  17.75290000  14.54240000  4
3563  1  14.59610000  34.51330000  6.59971000  3
3564  1  8.80084000  15.49870000  19.14400000  4
3565  1  15.57940000  20.20820000  33.87310000  4
3566  1  9.26672000  7.05830000  29.21650000  3
3567  1  20.92040000  8.51946000  12.71030000  4
3568  1  29.62200000  3.47216000  10.75940000  4
3569  1  22.23940000  10.87920000  24.42850000  4
3570  1  21.92050000  35.33090000  16.28470000  4
3571  1  23.90920000  10.94440000  8.01562000  4
3572  1  35.35020000  35.11700000  28.77670000  3
3573  1  17.52000000  5.39705000  14.63040000  3
3574  1  9.29873000  35.94550000  27.80780000  3
3575  1  12.90000000  25.89440000  12.36760000  3
3576  1  25.48070000  13.76610000  25.22900000  3
3577  1  16.73870000  6.46936000  31.44770000  4
3578  1  25.63600000  16.35520000  35.90080000  4
3579  1  17.84890000  22.56850000  28.85550000  4
3580  1  15.00810000  30.66700000  14.33470000  4
3581  1  14.34290000  4.37937000  7.68107000  4
3582  1  11.92710000  17.95960000  22.26920000  4
3583  1  27.93140000  30.62290000  9.52226000  4
3584  1  5.47426000  3.89660000  22.66790000  4
3585  1  7.31660000  18.85680000  23.03080000  4
3586  1  15.37190000  18.95650000  34.59230000  3
3587  1  30.15980000  7.13538000  18.41930000  3
3588  1  5.04475000  25.10680000  16.03250000  4
3589  1  29.42340000  20.36880000  36.35670000  3
3590  1  13.52930000  1.73855000  5.52693000  4
3591  1  27.94380000  3.92695000  2.87452000  4
3592  1  9.00111000  29.58590000  10.14930000  4
3593  1  8.84933000  0.29866900  12.34390000  4
3594  1  24.42910000  5.58808000  33.64850000  3
3595  1  19.45740000  31.00380000  17.63570000  4
3596  1  27.90550000  36.91850000  12.66030000  4
3597  1  30.62660000  16.17850000  33.14300000  4
3598  1  22.41630000  24.74290000  22.83200000  4
3599  1  34.16620000  6.18644000  31.84520000  3
3600  1  20.53770000  31.94140000  35.26500000  4
3601  1  36.89970000  11.46200000  13.25730000  4
3602  1  27.35550000  34.06370000  12.43120000  4
3603  1  17.44760000  20.71750000  17.83310000  4
3604  1  35.73920000  9.99691000  7.76747000  4
3605  1  22.76050000  13.98310000  30.24840000  4
3606  1  21.36400000  26.64310000  9.81605000  4
3607  1  10.99400000  31.81660000  16.00690000  4
3608  1  36.69250000  27.00240000  22.05870000  4
3609  1  23.71890000  6.33845000  18.67050000  4
3610  1  34.04370000  9.67406000  29.67650000  3
3611  1  8.99742000  26.16110000  5.62257000  4
3612  1  25.70510000  21.74090000  28.57550000  4
3613  1  34.21430000  16.92640000  0.21159000  4
3614  1  15.36690000  20.07770000  4.36546000  4
3615  1  31.62540000  8.31383000  10.91700000  4
3616  1  32.16030000  34.70720000  23.40730000  3
3617  1  25.00170000  36.25010000  1.90313000  4
3618  1  33.55200000  4.75286000  14.53850000  4
3619  1  25.44330000  13.75090000  33.42290000  4
3620  1  3.12297000  28.49310000  26.15790000  4
3621  1  18.45270000  13.20190000  3.00089000  4
3622  1  4.43657000  15.50980000  33.60310000  4
3623  1  31.42000000  10.20330000  6.86825000  4
3624  1  34.13920000  3.32927000  32.02430000  4
3625  1  14.58640000  34.39530000  11.56140000  3
3626  1  25.57270000  19.49490000  1.11765000  4
3627  1  0.02682660  4.74109000  6.31525000  4
3628  1  1.48793000  8.10416000  14.52480000  4
3629  1  18.64420000  22.86410000  17.69890000  3
3630  1  9.23594000  25.87290000  22.54760000  3
3631  1  27.21990000  7.89671000  30.71590000  4
3632  1  10.13200000  32.90000000  36.24270000  4
3633  1  34.42660000  19.41640000  28.61900000  4
3634  1  22.35930000  21.34730000  3.63066000  4
3635  1  20.30460000  23.13290000  32.87450000  4
3636  1  32.99170000  35.39540000  10.46970000  4
3637  1  8.86497000  32.02670000  19.01560000  4
3638  1  26.19270000  15.40800000  16.35770000  4
3639  1  10.56030000  1.93316000  14.18460000  3
3640  1  36.87860000  15.89100000  8.48027000  3
3641  1  28.39860000  5.24772000  22.50890000  4
3642  1  15.61670000  30.50820000  16.52870000  3
3643  1  15.08790000  36.03810000  32.87600000  4
3644  1  27.50200000  6.69299000  7.04021000  4
3645  1  0.05494130  9.98201000  8.02486000  4
3646  1  0.57693700  27.67060000  28.70360000  4
3647  1  16.29890000  4.54687000  20.29780000  3
3648  1  35.88410000  32.39870000  13.56540000  4
3649  1  20.85020000  24.42320000  25.00160000  3
3650  1  16.37150000  35.15790000  30.89100000  3
3651  1  30.91670000  15.03070000  19.27320000  3
3652  1  7.03515000  27.06000000  27.75780000  4
3653  1  32.74850000  6.81228000  21.40920000  4
3654  1  30.56770000  30.38460000  2.74493000  4
3655  1  22.79970000  8.44001000  4.35719000  4
3656  1  7.85034000  21.86750000  16.75560000  3
3657  1  26.54730000  6.76259000  22.58430000  4
3658  1  16.09420000  18.59400000  17.39590000  3
3659  1  4.40473000  27.76500000  16.75070000  4
3660  1  28.80880000  25.05520000  4.27830000  3
3661  1  15.82520000  5.59891000  23.85670000  4
3662  1  34.04730000  2.82516000  4.33786000  4
3663  1  2.50070000  5.52098000  32.37490000  4
3664  1  28.47230000  34.54080000  15.94690000  4
3665  1  21.06360000  7.61164000  16.49640000  4
3666  1  32.01690000  14.69900000  31.33150000  4
3667  1  20.51140000  0.29148700  8.60930000  4
3668  1  15.14280000  1.29359000  33.88980000  4
3669  1  36.21550000  9.95465000  29.01010000  3
3670  1  34.82530000  28.71250000  21.97630000  4
3671  1  33.54570000  26.45770000  14.03570000  4
3672  1  27.78480000  22.96700000  25.32830000  3
3673  1  14.46330000  3.24971000  11.42510000  4
3674  1  18.78550000  21.06590000  25.94880000  4
3675  1  30.09180000  28.25520000  1.55181000  4
3676  1  33.83940000  21.71220000  12.01250000  4
3677  1  16.41770000  10.18440000  31.20790000  4
3678  1  9.63542000  8.98640000  4.98504000  4
3679  1  7.74017000  16.11700000  16.48370000  4
3680  1  13.68140000  34.32290000  16.96820000  3
3681  1  2.05182000  34.96650000  10.25230000  4
3682  1  30.06790000  5.74149000  18.78060000  3
3683  1  32.93620000  27.44070000  25.12240000  4
3684  1  12.48920000  13.25900000  30.68580000  4
3685  1  14.96250000  36.35170000  19.08410000  4
3686  1  22.43200000  30.92170000  22.94680000  4
3687  1  14.46420000  6.26058000  34.42860000  4
3688  1  24.29570000  21.20690000  20.03210000  4
3689  1  23.61150000  19.03180000  15.00190000  3
3690  1  14.47940000  12.59020000  8.54116000  4
3691  1  35.04770000  4.36475000  24.22780000  3
3692  1  13.00300000  16.77790000  15.43440000  4
3693  1  31.14040000  1.73982000  19.88620000  3
3694  1  18.01170000  12.74430000  34.99040000  4
3695  1  10.10170000  12.80530000  16.88900000  4
3696  1  11.55560000  12.26150000  14.15360000  4
3697  1  3.47117000  33.39950000  19.98280000  3
3698  1  21.74700000  19.43020000  22.82370000  4
3699  1  22.25880000  2.84324000  2.55844000  3
3700  1  22.51010000  8.58174000  10.95800000  4
3701  1  27.56910000  16.03070000  6.76294000  3
3702  1  0.32845600  21.86610000  16.79050000  4
3703  1  14.99590000  7.37275000  14.29300000  3
3704  1  31.25940000  30.98570000  30.62650000  3
3705  1  14.80800000  21.47160000  19.63430000  4
3706  1  11.42360000  4.51592000  21.30930000  4
3707  1  4.25183000  10.72800000  15.55650000  4
3708  1  14.25340000  14.47970000  11.74440000  4
3709  1  5.53980000  27.98420000  21.12220000  4
3710  1  21.59650000  12.40500000  27.89000000  3
3711  1  12.45440000  1.98599000  30.80130000  3
3712  1  29.94880000  17.38360000  19.68540000  3
3713  1  29.86240000  22.94230000  11.40570000  3
3714  1  24.30530000  14.51420000  2.84910000  4
3715  1  36.64360000  30.80820000  0.02337040  4
3716  1  12.12350000  34.13220000  9.42193000  3
3717  1  1.78641000  7.44321000  34.13160000  4
3718  1  19.20930000  0.22706600  28.73690000  3
3719  1  3.49834000  6.72472000  14.55090000  3
3720  1  19.39880000  20.22280000  22.65440000  4
3721  1  34.19890000  36.67300000  27.24540000  4
3722  1  12.50650000  10.90990000  34.68480000  4
3723  1  20.23850000  28.59870000  5.19409000  4
3724  1  34.68050000  4.29202000  10.93960000  4
3725  1  2.24097000  3.96112000  21.29800000  3
3726  1  33.76120000  10.30220000  27.08550000  4
3727  1  6.20320000  1.81462000  0.57159700  4
3728  1  25.26420000  12.97960000  4.32233000  4
3729  1  10.87940000  0.78550800  21.89620000  4
3730  1  26.92720000  18.33610000  18.09760000  4
3731  1  21.40420000  9.33642000  34.41940000  4
3732  1  0.88570200  22.11420000  7.25949000  3
3733  1  22.58290000  30.64520000  7.25074000  4
3734  1  31.48530000  33.03680000  2.42102000  3
3735  1  14.63710000  9.57464000  36.53890000  4
3736  1  11.82530000  15.24470000  1.34413000  4
3737  1  23.13460000  31.33740000  35.69830000  4
3738  1  11.16540000  9.04527000  7.34055000  4
3739  1  4.60024000  13.02530000  0.97718400  3
3740  1  26.61870000  28.60240000  36.31170000  4
3741  1  8.27090000  15.47340000  15.22390000  4
3742  1  28.88070000  29.23350000  35.10500000  4
3743  1  12.31930000  23.76810000  21.04160000  4
3744  1  27.66660000  26.87130000  14.20330000  4
3745  1  5.75539000  8.29105000  4.77905000  4
3746  1  20.54960000  5.76333000  34.23780000  4
3747  1  18.96200000  29.63390000  31.85900000  4
3748  1  0.66441800  19.43140000  6.70144000  4
3749  1  25.71380000  25.82170000  25.38650000  4
3750  1  9.53744000  21.40130000  10.34590000  4
3751  1  36.99130000  12.36510000  2.77449000  3
3752  1  15.84820000  18.88210000  6.96943000  4
3753  1  22.11350000  16.42590000  22.44920000  4
3754  1  21.82560000  18.40620000  31.00790000  4
3755  1  4.63566000  17.62900000  30.79560000  4
3756  1  29.40750000  1.31372000  34.74710000  3
3757  1  20.26160000  9.05267000  21.01270000  3
3758  1  13.89290000  11.29860000  11.64740000  4
3759  1  8.88637000  10.63570000  17.32560000  4
3760  1  26.97770000  24.31410000  11.59040000  4
3761  1  18.88660000  20.16540000  28.35660000  4
3762  1  34.73870000  3.97171000  30.66240000  4
3763  1  6.73684000  27.23090000  22.04740000  4
3764  1  26.77340000  2.69340000  34.71350000  3
3765  1  1.42000000  28.21950000  7.96704000  4
3766  1  12.10990000  17.76670000  24.88740000  3
3767  1  17.88440000  1.79468000  2.97245000  3
3768  1  22.50440000  3.30036000  27.42400000  4
3769  1  36.78900000  28.99900000  35.34130000  4
3770  1  32.54850000  4.34832000  28.95560000  4
3771  1  12.84340000  4.25045000  15.83000000  4
3772  1  28.93960000  9.69286000  19.65680000  3
3773  1  17.98940000  34.88620000  34.28280000  3
3774  1  6.70656000  18.89610000  35.80520000  4
3775  1  34.99450000  17.09110000  23.82610000  4
3776  1  18.10160000  32.98640000  36.01420000  4
3777  1  1.54219000  1.23189000  35.80760000  4
3778  1  22.63200000  36.47730000  2.72129000  4
3779  1  6.06750000  1.79822000  28.38520000  4
3780  1  32.76450000  13.68680000  26.76220000  4
3781  1  31.01710000  1.52915000  6.39096000  3
3782  1  0.76405800  14.75010000  8.32302000  4
3783  1  8.17091000  0.43697600  35.21610000  4
3784  1  2.93755000  20.78530000  17.63430000  4
3785  1  23.96170000  0.17959600  2.20633000  4
3786  1  14.36360000  14.44770000  10.24920000  4
3787  1  19.76750000  5.72248000  15.67760000  3
3788  1  25.34220000  36.69660000  21.72160000  4
3789  1  21.70790000  7.11102000  0.56324600  4
3790  1  15.23000000  12.98740000  22.24010000  4
3791  1  18.17450000  28.15730000  15.73660000  4
3792  1  4.79095000  12.65510000  14.32290000  3
3793  1  36.96810000  11.87240000  23.47930000  4
3794  1  6.56687000  22.09150000  8.20775000  3
3795  1  16.39630000  24.90890000  23.97560000  4
3796  1  11.49620000  29.90110000  0.48193100  4
3797  1  29.45880000  12.11960000  21.69260000  4
3798  1  28.24690000  0.26905100  3.18346000  4
3799  1  31.48350000  13.62890000  17.45260000  4
3800  1  10.94680000  15.48900000  0.03451730  4
3801  1  20.60550000  25.32950000  35.71650000  4
3802  1  17.50110000  8.57697000  36.81580000  3
3803  1  37.14860000  36.56660000  3.06139000  4
3804  1  7.65311000  20.24230000  23.33040000  3
3805  1  14.78090000  12.18650000  31.39580000  4
3806  1  26.30910000  14.03110000  4.88127000  4
3807  1  13.17590000  19.80510000  10.11910000  4
3808  1  26.36810000  25.07100000  3.44772000  4
3809  1  31.49220000  13.92540000  21.48260000  4
3810  1  4.06328000  32.88770000  33.97610000  4
3811  1  36.58750000  2.29257000  35.11880000  4
3812  1  32.85600000  13.42590000  4.00622000  4
3813  1  9.03656000  18.18860000  8.64628000  4
3814  1  19.71910000  28.26910000  30.06050000  3
3815  1  24.06370000  5.06782000  25.79180000  3
3816  1  31.17370000  34.70000000  22.32430000  4
3817  1  13.56520000  31.43250000  31.89530000  4
3818  1  30.71440000  6.38687000  25.39080000  4
3819  1  8.86927000  27.52870000  33.44140000  4
3820  1  33.68770000  17.93240000  10.89790000  4
3821  1  10.01830000  19.14590000  32.57270000  4
3822  1  0.46898100  2.31849000  5.53636000  4
3823  1  9.03984000  27.73180000  5.72188000  4
3824  1  14.22100000  15.11070000  33.49130000  3
3825  1  8.10044000  4.58552000  24.52740000  4
3826  1  27.98030000  19.03210000  14.64810000  4
3827  1  6.67828000  29.72660000  28.31650000  4
3828  1  16.92050000  1.01746000  7.44261000  4
3829  1  5.19496000  29.95530000  27.59980000  4
3830  1  13.62100000  15.91500000  28.26590000  3
3831  1  4.71751000  36.42610000  29.07920000  4
3832  1  22.52440000  27.04960000  16.47310000  3
3833  1  29.33640000  3.21966000  12.14310000  4
3834  1  10.79500000  23.22690000  27.38070000  4
3835  1  26.55950000  28.02950000  25.89450000  4
3836  1  15.91510000  18.02310000  3.40694000  4
3837  1  1.84410000  31.87610000  7.19465000  4
3838  1  27.10720000  32.61850000  0.58608200  4
3839  1  27.33440000  24.88520000  33.87290000  3
3840  1  25.21180000  28.39980000  15.81450000  4
3841  1  2.65358000  4.28582000  1.35132000  3
3842  1  5.74304000  0.19950100  0.41121600  4
3843  1  23.41860000  2.17326000  18.90770000  3
3844  1  23.86100000  14.17140000  0.38764300  4
3845  1  10.99490000  24.64430000  15.14480000  4
3846  1  12.41240000  21.15730000  9.98793000  3
3847  1  7.57087000  9.78310000  3.82088000  4
3848  1  15.38450000  16.67870000  16.12500000  4
3849  1  33.87090000  12.87880000  15.85600000  4
3850  1  13.95630000  15.42230000  8.14471000  4
3851  1  1.43964000  24.40950000  24.39820000  4
3852  1  9.82241000  34.37150000  8.84090000  3
3853  1  2.21036000  16.68690000  17.04260000  3
3854  1  20.51690000  34.49570000  2.28103000  3
3855  1  33.38350000  5.27515000  3.94656000  4
3856  1  1.60608000  31.27030000  8.71821000  4
3857  1  25.32620000  31.32140000  35.14350000  3
3858  1  4.53021000  17.94110000  17.34540000  4
3859  1  11.30110000  16.83960000  17.32490000  4
3860  1  25.16770000  27.79460000  5.37291000  4
3861  1  3.15433000  16.64200000  10.79890000  4
3862  1  16.37760000  21.19290000  25.42600000  4
3863  1  1.44963000  24.11400000  31.01350000  4
3864  1  33.95980000  10.91250000  5.66083000  4
3865  1  26.66740000  7.30546000  21.12460000  4
3866  1  7.35837000  1.89789000  36.88930000  3
3867  1  3.14077000  30.92260000  23.37550000  3
3868  1  1.25073000  15.82730000  29.30890000  3
3869  1  30.80070000  24.49750000  32.97940000  4
3870  1  27.88010000  34.74190000  31.52570000  3
3871  1  8.17444000  23.58030000  9.20372000  4
3872  1  24.71460000  36.40980000  4.84823000  3
3873  1  7.88221000  18.11170000  4.78067000  4
3874  1  36.16530000  32.42120000  34.05640000  4
3875  1  25.29190000  0.68808500  7.88540000  4
3876  1  5.08262000  26.58840000  5.33857000  3
3877  1  29.90350000  16.04300000  5.73327000  4
3878  1  28.69540000  3.77517000  22.56990000  3
3879  1  26.63890000  9.44269000  22.24860000  3
3880  1  1.54020000  0.31588500  9.70755000  4
3881  1  19.49260000  29.85950000  27.86430000  4
3882  1  31.33760000  6.15801000  2.21587000  4
3883  1  25.62260000  26.60160000  12.42900000  4
3884  1  16.49950000  20.24500000  7.82251000  4
3885  1  26.05280000  35.59620000  26.20990000  3
3886  1  30.43050000  11.55420000  2.57559000  3
3887  1  25.83430000  10.54880000  3.81063000  4
3888  1  31.72030000  15.85930000  8.92829000  4
3889  1  5.79367000  2.42639000  9.66505000  3
3890  1  6.47585000  26.39580000  17.82530000  4
3891  1  28.09630000  17.64650000  27.04870000  4
3892  1  27.33720000  3.45088000  5.22066000  4
3893  1  26.91410000  15.75460000  25.27250000  3
3894  1  28.71030000  26.06670000  23.94960000  4
3895  1  9.08873000  26.02270000  24.95000000  4
3896  1  13.18750000  9.85910000  11.67930000  4
3897  1  11.81960000  17.71140000  5.40582000  4
3898  1  2.45619000  22.07890000  25.02420000  4
3899  1  7.10241000  14.28800000  26.60490000  3
3900  1  21.50020000  24.14160000  0.85848400  4
3901  1  21.26320000  27.69910000  0.60654300  4
3902  1  9.02806000  0.66115700  29.44620000  4
3903  1  18.65050000  24.61110000  25.82400000  4
3904  1  32.23040000  29.91860000  12.89440000  4
3905  1  23.45860000  32.95800000  7.92114000  4
3906  1  33.29120000  15.60220000  18.93430000  4
3907  1  29.97580000  14.77940000  33.07150000  4
3908  1  26.24920000  2.21761000  36.03240000  4
3909  1  12.84870000  23.12420000  22.27870000  4
3910  1  17.16980000  28.20350000  2.90372000  4
3911  1  9.10223000  18.92280000  20.91650000  3
3912  1  9.78375000  22.34400000  4.79444000  3
3913  1  6.86051000  19.68890000  37.14740000  4
3914  1  17.87320000  10.83200000  20.84620000  4
3915  1  14.42140000  2.72335000  17.46390000  4
3916  1  36.92090000  18.51850000  23.44930000  4
3917  1  4.51870000  32.11240000  13.37130000  4
3918  1  2.10854000  3.53766000  15.43890000  3
3919  1  5.99005000  35.86780000  25.55870000  4
3920  1  32.81590000  36.80150000  14.83530000  3
3921  1  8.96116000  33.02260000  34.01570000  4
3922  1  19.11390000  18.77120000  16.50880000  4
3923  1  22.21740000  4.81198000  32.55540000  4
3924  1  20.21540000  10.72450000  22.69870000  4
3925  1  6.62021000  0.72973400  24.14360000  4
3926  1  26.85360000  29.71580000  21.48530000  4
3927  1  8.00354000  3.23994000  16.53630000  4
3928  1  19.65450000  20.53590000  27.12330000  3
3929  1  32.19800000  23.10820000  20.05500000  4
3930  1  18.96260000  6.43036000  24.53090000  4
3931  1  33.92300000  34.38480000  4.33756000  4
3932  1  22.26040000  30.97260000  31.90380000  3
3933  1  31.26630000  0.90023800  32.82760000  4
3934  1  10.16930000  23.74900000  25.05490000  3
3935  1  13.50620000  9.53774000  4.42589000  4
3936  1  4.06924000  11.78230000  13.35120000  4
3937  1  3.70794000  33.38930000  13.36170000  3
3938  1  30.44970000  23.19170000  4.31514000  3
3939  1  7.19871000  9.50501000  23.14330000  4
3940  1  11.99080000  37.11220000  3.04309000  3
3941  1  36.89840000  34.52910000  14.51570000  4
3942  1  11.06140000  10.90780000  30.79080000  4
3943  1  10.28250000  16.10770000  4.32187000  3
3944  1  18.12460000  1.81980000  30.73810000  4
3945  1  18.96540000  29.88210000  22.79330000  4
3946  1  1.68548000  19.46270000  19.80240000  4
3947  1  34.13700000  0.95982400  26.69480000  4
3948  1  24.43690000  2.63176000  32.46710000  4
3949  1  24.72740000  10.95000000  16.10600000  4
3950  1  0.84412100  3.11898000  0.30837100  4
3951  1  14.76490000  34.61660000  33.68400000  4
3952  1  15.05730000  26.82300000  13.10940000  4
3953  1  8.54310000  15.43240000  23.32740000  4
3954  1  18.48120000  12.88130000  10.87450000  4
3955  1  20.19580000  1.99727000  25.09680000  4
3956  1  11.59860000  31.94570000  18.49610000  4
3957  1  37.11610000  24.28890000  31.53640000  4
3958  1  32.57650000  9.31006000  13.35200000  4
3959  1  10.25870000  21.41170000  14.65750000  3
3960  1  25.88400000  18.99690000  2.44932000  3
3961  1  16.55330000  13.05870000  25.84780000  4
3962  1  5.38206000  26.59550000  12.53740000  4
3963  1  36.56830000  3.60639000  37.10440000  4
3964  1  7.09487000  5.44216000  29.37550000  3
3965  1  25.57270000  13.77370000  12.91360000  3
3966  1  17.52450000  33.02510000  23.82130000  4
3967  1  21.56840000  2.19982000  14.01460000  4
3968  1  7.48465000  5.54159000  21.90480000  3
3969  1  24.66660000  29.55130000  13.46640000  4
3970  1  27.43770000  0.08107440  36.72730000  3
3971  1  23.88150000  27.33810000  6.10890000  4
3972  1  8.99112000  11.40350000  14.95080000  4
3973  1  24.16440000  4.04788000  4.03167000  3
3974  1  33.36410000  20.58270000  14.10860000  4
3975  1  27.44870000  7.01132000  28.28570000  3
3976  1  2.87661000  5.34362000  29.71170000  4
3977  1  34.07980000  15.00510000  24.99450000  4
3978  1  0.72030700  6.40272000  33.85000000  3
3979  1  2.36268000  35.79320000  29.50530000  4
3980  1  36.03300000  25.70360000  1.41476000  4
3981  1  25.22910000  0.86368200  26.78150000  4
3982  1  21.95380000  32.19970000  14.31480000  3
3983  1  16.54530000  18.10310000  34.53900000  4
3984  1  32.83370000  14.15540000  11.72640000  4
3985  1  22.82310000  27.93070000  29.32090000  4
3986  1  17.37350000  15.66890000  29.40060000  4
3987  1  26.94580000  4.81811000  5.03904000  4
3988  1  30.05300000  30.85450000  12.02450000  4
3989  1  1.71796000  33.41700000  34.55860000  4
3990  1  35.16050000  16.39330000  34.74230000  4
3991  1  9.66627000  34.66980000  30.47210000  3
3992  1  33.88730000  32.14270000  4.89817000  4
3993  1  24.37920000  4.62814000  20.33480000  3
3994  1  26.16760000  18.94710000  16.82660000  4
3995  1  22.84640000  14.63360000  20.59140000  4
3996  1  26.16550000  32.39500000  25.53100000  4
3997  1  36.78150000  9.80138000  0.50969200  3
3998  1  30.11700000  21.00570000  3.44922000  4
3999  1  25.29750000  0.32078400  18.68420000  4
4000  1  9.25053000  0.61209300  36.22030000  4
4001  1  17.02620000  11.53010000  34.77520000  4
4002  1  3.65344000  12.40900000  10.01360000  4
4003  1  10.70950000  3.12359000  21.16490000  4
4004  1  1.20344000  6.45984000  26.50420000  3
4005  1  30.27080000  12.38090000  8.38268000  4
4006  1  14.42860000  13.23780000  7.21055000  4
4007  1  8.29602000  8.22102000  17.06970000  4
4008  1  11.95760000  12.05300000  7.77256000  4
4009  1  1.04011000  27.72650000  18.65190000  3
4010  1  30.85810000  14.35080000  3.01742000  4
4011  1  15.80780000  8.43300000  29.58280000  3
4012  1  1.23954000  36.89610000  2.12269000  4
4013  1  19.27530000  12.85180000  0.47615100  3
4014  1  14.11790000  28.08010000  25.68470000  3
4015  1  12.05740000  4.86706000  26.32070000  4
4016  1  4.61670000  1.79918000  23.20400000  3
4017  1  31.91300000  18.32280000  19.61570000  4
4018  1  29.70800000  28.48860000  23.26620000  4
4019  1  20.71090000  30.08020000  24.53490000  4
4020  1  31.19820000  33.00690000  20.40590000  3
4021  1  5.79353000  0.52581000  33.84070000  3
4022  1  29.08370000  25.45010000  20.88090000  4
4023  1  33.68600000  36.55120000  22.27160000  4
4024  1  25.71360000  10.38410000  33.39210000  3
4025  1  17.26600000  23.58850000  12.07400000  4
4026  1  16.21360000  8.71525000  30.96810000  4
4027  1  8.19113000  6.28770000  35.82800000  3
4028  1  34.81560000  17.26760000  31.75290000  4
4029  1  14.98600000  11.66460000  4.94843000  4
4030  1  3.65878000  30.92500000  14.06870000  4
4031  1  6.00930000  22.34240000  13.69510000  4
4032  1  16.89090000  25.48180000  35.77110000  3
4033  1  30.97940000  12.50000000  23.57150000  4
4034  1  6.91679000  17.63510000  20.84830000  4
4035  1  34.96490000  19.19740000  34.46280000  4
4036  1  6.33815000  5.21133000  1.18699000  3
4037  1  34.40450000  2.28380000  2.01071000  4
4038  1  1.06520000  3.62698000  18.26230000  3
4039  1  5.96918000  30.75060000  8.05835000  4
4040  1  20.27230000  29.57870000  22.09140000  4
4041  1  29.50800000  8.97061000  34.33530000  4
4042  1  16.68030000  9.55546000  15.33710000  4
4043  1  7.17581000  29.80410000  3.17678000  4
4044  1  8.29965000  4.78924000  27.09880000  4
4045  1  36.91420000  17.79750000  28.29020000  3
4046  1  18.27060000  29.63480000  16.17750000  4
4047  1  15.08650000  1.08294000  35.53410000  4
4048  1  3.25624000  19.14290000  32.61670000  4
4049  1  17.40290000  17.58890000  10.20670000  4
4050  1  10.01320000  2.14940000  27.89890000  4
4051  1  0.82190000  31.81500000  30.43840000  4
4052  1  26.38530000  25.72750000  17.94850000  4
4053  1  23.64700000  16.48420000  15.11120000  4
4054  1  22.97600000  30.42170000  21.46510000  4
4055  1  5.10967000  3.84264000  2.76613000  4
4056  1  23.92880000  33.19350000  1.78197000  4
4057  1  35.86470000  21.22330000  23.72580000  4
4058  1  15.90640000  35.85430000  5.17309000  4
4059  1  8.07905000  1.52347000  10.35120000  3
4060  1  30.01330000  4.48436000  31.34170000  4
4061  1  36.29570000  28.18740000  3.43572000  3
4062  1  3.21144000  31.93460000  26.87830000  4
4063  1  36.04020000  29.88280000  12.72140000  4
4064  1  34.04220000  7.64613000  6.94703000  4
4065  1  14.69640000  22.23180000  9.86405000  3
4066  1  21.45940000  22.02250000  14.63060000  4
4067  1  33.49270000  6.34107000  12.58760000  4
4068  1  35.96340000  18.85940000  8.21133000  4
4069  1  9.37835000  29.88200000  19.63530000  4
4070  1  29.46550000  33.49860000  6.15397000  4
4071  1  27.93450000  14.96870000  35.42100000  4
4072  1  19.09100000  8.88182000  23.96360000  4
4073  1  11.54740000  21.86360000  25.45860000  4
4074  1  26.41030000  15.29080000  4.08960000  4
4075  1  22.91560000  16.37090000  9.10585000  3
4076  1  33.73490000  16.77040000  34.87440000  3
4077  1  5.71524000  5.88838000  35.18640000  4
4078  1  3.65481000  16.67830000  16.93000000  4
4079  1  13.12720000  24.50630000  28.67930000  3
4080  1  30.98610000  17.12580000  9.03319000  3
4081  1  2.00550000  14.76660000  18.71760000  4
4082  1  17.71740000  14.76410000  31.77100000  4
4083  1  2.73487000  19.68630000  27.27870000  4
4084  1  8.37653000  11.79310000  32.88000000  3
4085  1  8.86563000  2.65325000  35.15640000  4
4086  1  18.67790000  36.32390000  7.26375000  4
4087  1  27.26180000  1.37803000  32.62880000  4
4088  1  26.55990000  6.21782000  24.90390000  4
4089  1  1.34779000  25.52050000  16.51800000  4
4090  1  7.77776000  22.89230000  29.11650000  4
4091  1  21.87010000  11.72590000  31.20860000  3
4092  1  32.78570000  6.80575000  29.91600000  4
4093  1  10.89970000  10.73040000  24.73200000  4
4094  1  21.70570000  1.27499000  4.52947000  4
4095  1  13.80300000  8.53528000  32.21930000  4
4096  1  36.09700000  5.87264000  35.89770000  3
4097  1  0.80495700  19.43530000  17.11360000  3
4098  1  25.96950000  32.36330000  24.05850000  4
4099  1  2.13397000  31.43450000  31.13780000  4
4100  1  0.16509700  22.14800000  25.94660000  4
4101  1  30.37250000  9.96808000  16.49780000  4
4102  1  3.18471000  7.60631000  11.43390000  4
4103  1  22.15770000  7.77054000  2.04265000  4
4104  1  7.70023000  24.84100000  0.04304250  4
4105  1  28.43250000  16.75700000  5.81154000  4
4106  1  26.09310000  30.40810000  32.44020000  3
4107  1  35.82240000  32.51980000  28.89920000  3
4108  1  33.74320000  36.08950000  31.11620000  4
4109  1  11.45430000  17.05690000  33.69810000  3
4110  1  3.10017000  6.82143000  5.95614000  4
4111  1  30.25320000  24.64300000  31.53460000  4
4112  1  26.18740000  11.71820000  22.12750000  3
4113  1  33.14330000  33.48180000  5.19983000  4
4114  1  29.33010000  28.54420000  27.06550000  4
4115  1  26.29400000  35.69570000  7.97314000  3
4116  1  27.30880000  22.29000000  4.44806000  4
4117  1  8.38451000  10.54910000  23.17860000  4
4118  1  34.51550000  33.63240000  11.62090000  4
4119  1  9.87394000  16.17380000  19.80300000  4
4120  1  1.72806000  11.91070000  16.41070000  3
4121  1  30.61230000  31.64650000  31.81050000  4
4122  1  30.41340000  29.86330000  14.46680000  3
4123  1  32.86940000  31.42540000  3.99256000  4
4124  1  14.87030000  35.52430000  21.52280000  3
4125  1  29.28910000  8.51358000  7.05529000  4
4126  1  9.84420000  10.37490000  14.33090000  4
4127  1  21.19680000  33.75240000  21.01150000  3
4128  1  4.12494000  35.96200000  33.68700000  4
4129  1  26.57090000  15.02750000  1.54169000  4
4130  1  2.92097000  29.90930000  25.63710000  3
4131  1  35.60760000  30.55820000  6.32585000  4
4132  1  0.00316692  1.36396000  8.13330000  4
4133  1  31.95820000  22.22470000  33.50680000  4
4134  1  6.44969000  6.60922000  23.82670000  3
4135  1  20.76410000  13.19410000  14.75620000  4
4136  1  33.00740000  35.93230000  2.78112000  3
4137  1  6.69857000  25.78600000  24.16140000  3
4138  1  34.33040000  34.13760000  14.00320000  3
4139  1  17.42970000  4.54970000  4.08029000  4
4140  1  2.28557000  1.01911000  24.11120000  4
4141  1  22.35300000  8.41342000  27.89140000  4
4142  1  11.70800000  28.69190000  20.65050000  4
4143  1  15.56960000  35.07970000  12.43620000  4
4144  1  30.87260000  30.02680000  21.53580000  4
4145  1  10.78850000  34.29680000  22.19950000  4
4146  1  24.17650000  14.32000000  16.34100000  4
4147  1  24.06060000  29.61220000  18.13380000  4
4148  1  36.84950000  32.27000000  17.35190000  4
4149  1  31.08450000  8.59923000  2.29911000  3
4150  1  11.65160000  5.46468000  28.56660000  4
4151  1  33.47260000  33.87220000  18.13370000  4
4152  1  17.48010000  13.36890000  33.69120000  4
4153  1  3.86245000  10.65470000  17.12770000  4
4154  1  22.67510000  15.75650000  17.64190000  4
4155  1  22.58040000  35.44560000  33.84640000  4
4156  1  34.76110000  4.05896000  34.47530000  3
4157  1  35.68070000  14.67340000  3.99438000  4
4158  1  1.60160000  0.14622400  36.96550000  4
4159  1  14.24240000  0.77184600  9.11238000  3
4160  1  32.06690000  2.96346000  1.45221000  4
4161  1  19.79050000  3.25037000  29.39990000  3
4162  1  21.62850000  19.35790000  2.18417000  3
4163  1  6.99521000  36.86070000  17.93000000  4
4164  1  33.60440000  17.63410000  36.06470000  4
4165  1  12.02210000  22.25270000  26.86560000  4
4166  1  7.71177000  37.08900000  16.47730000  4
4167  1  37.04930000  26.00200000  4.04929000  4
4168  1  25.55480000  30.05560000  20.60060000  4
4169  1  32.47710000  30.49330000  26.72120000  4
4170  1  27.07860000  36.52760000  16.76970000  3
4171  1  2.82405000  6.47203000  23.12430000  3
4172  1  13.10930000  30.72160000  17.08350000  3
4173  1  11.76530000  30.63910000  22.81540000  4
4174  1  35.58800000  0.56311800  29.78140000  4
4175  1  29.55870000  3.87110000  20.17400000  4
4176  1  9.47737000  28.36040000  26.57390000  4
4177  1  4.53003000  17.24660000  7.33631000  3
4178  1  6.67713000  16.32210000  34.39210000  4
4179  1  30.28480000  32.55540000  23.78080000  3
4180  1  19.93930000  10.51870000  14.40310000  4
4181  1  35.12630000  25.15720000  26.96620000  3
4182  1  4.42681000  29.20700000  11.48110000  3
4183  1  21.08900000  14.76520000  10.21550000  4
4184  1  14.39750000  20.26490000  32.84250000  4
4185  1  28.93680000  25.03070000  26.29420000  4
4186  1  4.65567000  27.56800000  9.51222000  4
4187  1  6.42013000  34.16220000  1.28213000  4
4188  1  1.91044000  11.21990000  30.88170000  3
4189  1  3.59989000  3.35545000  9.54962000  3
4190  1  15.38610000  8.89299000  25.02840000  4
4191  1  8.80762000  9.76967000  28.55800000  4
4192  1  19.89880000  1.56325000  18.70750000  3
4193  1  34.84200000  2.57682000  22.48550000  3
4194  1  4.35354000  26.44050000  19.04560000  4
4195  1  9.03161000  4.10071000  2.20573000  4
4196  1  3.89242000  29.46740000  7.49232000  4
4197  1  14.28390000  17.00450000  6.12658000  4
4198  1  35.41330000  22.62390000  23.31950000  3
4199  1  18.40210000  30.06780000  8.75199000  3
4200  1  7.58291000  11.17300000  14.65210000  3
4201  1  30.46960000  0.70667700  37.11600000  4
4202  1  29.16120000  22.75160000  16.34230000  4
4203  1  32.75470000  4.36293000  7.64287000  3
4204  1  24.94290000  18.77800000  31.02960000  4
4205  1  29.97380000  25.77670000  35.84580000  3
4206  1  26.66710000  2.22454000  15.91030000  4
4207  1  6.86365000  29.66820000  32.68610000  4
4208  1  2.35016000  28.37220000  10.86710000  4
4209  1  27.36830000  23.57040000  36.38900000  3
4210  1  0.03683870  23.51590000  13.41030000  4
4211  1  22.42460000  3.32975000  17.00320000  4
4212  1  33.39200000  2.06721000  30.14580000  3
4213  1  22.44730000  32.59020000  5.73477000  4
4214  1  20.78370000  29.97610000  33.85560000  4
4215  1  32.63130000  19.25760000  16.42450000  4
4216  1  8.11824000  20.76800000  10.77850000  3
4217  1  11.10790000  18.31090000  13.67450000  4
4218  1  27.80670000  35.55460000  1.31902000  4
4219  1  29.64950000  2.62503000  1.62981000  4
4220  1  32.51660000  0.24304700  35.45370000  4
4221  1  35.14050000  21.14960000  30.42680000  4
4222  1  35.67290000  0.89488700  33.17530000  3
4223  1  34.23630000  35.38250000  33.49330000  4
4224  1  33.97420000  28.54520000  23.11040000  3
4225  1  23.67320000  1.38005000  28.53890000  4
4226  1  0.82452000  15.65670000  21.41800000  4
4227  1  14.58650000  26.67600000  10.62320000  4
4228  1  2.10065000  27.12880000  19.24920000  3
4229  1  8.79885000  16.71300000  36.43530000  3
4230  1  7.67802000  7.66056000  8.10701000  4
4231  1  31.35260000  36.67240000  27.20160000  3
4232  1  36.71930000  13.24530000  11.38590000  4
4233  1  29.92640000  20.48940000  6.46571000  4
4234  1  13.73080000  30.14390000  8.07864000  4
4235  1  12.63590000  33.06460000  36.07540000  4
4236  1  4.53762000  28.58690000  35.74480000  3
4237  1  13.10940000  12.11440000  10.38880000  4
4238  1  16.42480000  34.95970000  25.10100000  4
4239  1  19.73260000  7.40538000  23.52160000  4
4240  1  19.80370000  16.79250000  10.62290000  4
4241  1  30.24410000  31.59240000  3.84449000  4
4242  1  27.70830000  24.64740000  27.04150000  3
4243  1  29.15870000  12.58210000  33.76920000  4
4244  1  6.24263000  10.31510000  8.68795000  4
4245  1  25.22330000  22.21890000  19.31740000  4
4246  1  15.09260000  28.99590000  11.97340000  4
4247  1  6.96406000  8.43459000  29.49720000  4
4248  1  28.53780000  5.20264000  31.37850000  4
4249  1  15.90360000  3.20234000  30.14530000  4
4250  1  24.32210000  17.00760000  23.84450000  4
4251  1  16.88310000  12.88860000  6.95413000  4
4252  1  7.66319000  31.51700000  16.82590000  4
4253  1  28.57470000  24.07300000  21.30240000  4
4254  1  0.41760000  3.55689000  35.04450000  4
4255  1  33.57080000  31.23880000  31.65270000  4
4256  1  28.05660000  7.12480000  29.63560000  4
4257  1  27.32960000  27.07880000  31.31740000  4
4258  1  4.60553000  4.90645000  12.51630000  4
4259  1  19.09860000  16.29510000  34.92670000  3
4260  1  2.53485000  12.50160000  24.34230000  3
4261  1  19.82410000  25.70250000  32.06420000  4
4262  1  9.20534000  2.17881000  29.12780000  4
4263  1  23.47750000  16.29930000  12.38010000  4
4264  1  14.96950000  31.20240000  24.88030000  3
4265  1  3.53734000  36.51380000  12.83740000  4
4266  1  15.02100000  5.49600000  17.71230000  2
4267  1  2.66453000  26.85240000  15.17080000  4
4268  1  33.23420000  8.81964000  1.02118000  4
4269  1  11.76390000  30.83190000  15.15180000  4
4270  1  34.46850000  34.04040000  24.23020000  4
4271  1  31.05570000  0.10117600  10.81800000  4
4272  1  5.31999000  13.07740000  19.75700000  3
4273  1  23.56300000  9.88098000  1.41522000  4
4274  1  4.03037000  34.16100000  4.88876000  4
4275  1  28.25310000  10.69320000  11.45290000  4
4276  1  35.78300000  10.29730000  10.95810000  3
4277  1  9.91816000  29.50760000  8.85311000  4
4278  1  16.27550000  28.73850000  1.69864000  4
4279  1  2.36745000  27.12800000  0.39839900  4
4280  1  35.80340000  19.95120000  16.69980000  4
4281  1  4.78961000  37.07560000  13.78300000  4
4282  1  14.03640000  31.89570000  34.38260000  4
4283  1  20.34160000  34.04850000  30.11060000  4
4284  1  34.33150000  11.16490000  37.03300000  4
4285  1  11.35310000  27.12730000  31.71340000  4
4286  1  9.65462000  28.05870000  21.74300000  4
4287  1  21.58800000  20.96740000  19.95370000  4
4288  1  13.68740000  4.80154000  19.85330000  4
4289  1  12.72390000  2.61485000  25.21820000  4
4290  1  14.12280000  15.47870000  2.22304000  4
4291  1  28.01440000  17.19200000  22.84190000  3
4292  1  29.49320000  10.88140000  27.48950000  4
4293  1  33.32720000  23.74920000  2.75590000  3
4294  1  12.14800000  15.35700000  11.54810000  4
4295  1  36.63520000  23.56810000  35.29160000  4
4296  1  1.47801000  14.82640000  2.15432000  3
4297  1  33.46220000  26.54870000  10.52590000  4
4298  1  15.89760000  29.82470000  20.41720000  3
4299  1  5.43133000  26.32350000  15.22310000  4
4300  1  12.68580000  26.71390000  19.61060000  4
4301  1  2.64512000  19.98370000  34.94290000  4
4302  1  36.35540000  8.51819000  33.45830000  4
4303  1  7.11633000  16.33300000  0.99716100  4
4304  1  12.05490000  9.18407000  23.12340000  3
4305  1  28.65460000  17.40690000  31.97550000  4
4306  1  31.84270000  14.40380000  29.73450000  4
4307  1  12.91370000  33.08670000  16.84140000  3
4308  1  9.08920000  23.51490000  22.54800000  3
4309  1  17.20870000  19.82320000  12.76600000  4
4310  1  7.75951000  14.95820000  19.85220000  3
4311  1  7.53290000  31.16240000  2.58319000  4
4312  1  14.42120000  20.38650000  30.27570000  4
4313  1  7.53854000  8.53101000  18.22120000  3
4314  1  17.92250000  2.23313000  6.74998000  4
4315  1  3.74084000  36.60050000  7.61379000  4
4316  1  25.70880000  30.37990000  12.50560000  4
4317  1  18.83250000  3.47612000  17.72380000  4
4318  1  0.65416900  31.85890000  12.21880000  4
4319  1  16.99240000  22.67950000  24.81350000  4
4320  1  24.59990000  17.77530000  15.06140000  4
4321  1  8.10861000  8.41015000  0.13584300  4
4322  1  33.32870000  11.75790000  23.65740000  3
4323  1  26.79540000  24.84490000  1.16396000  4
4324  1  16.29040000  34.41550000  4.83360000  4
4325  1  9.31609000  37.09520000  16.27120000  4
4326  1  4.54150000  18.20240000  35.14630000  4
4327  1  22.72440000  12.66140000  21.95880000  4
4328  1  32.20710000  34.32590000  9.71523000  4
4329  1  9.71891000  34.80830000  17.50160000  4
4330  1  1.60182000  2.25238000  28.61420000  4
4331  1  24.36630000  1.20117000  19.56640000  4
4332  1  26.27000000  16.92190000  32.38810000  3
4333  1  20.71600000  1.75998000  12.83630000  4
4334  1  30.68270000  21.60560000  1.12173000  4
4335  1  1.39240000  21.15270000  25.59660000  4
4336  1  11.40100000  7.80130000  9.18741000  4
4337  1  27.24640000  30.40390000  18.33400000  3
4338  1  19.55620000  2.10929000  34.83240000  3
4339  1  10.72090000  8.22786000  14.84760000  4
4340  1  9.70893000  12.12510000  29.04000000  4
4341  1  4.21916000  11.95260000  32.08440000  4
4342  1  6.48630000  23.43400000  21.60330000  4
4343  1  8.43920000  30.43220000  21.71900000  4
4344  1  11.73160000  34.56820000  5.73400000  3
4345  1  28.54950000  30.23900000  36.25960000  4
4346  1  24.28610000  23.62860000  31.08040000  4
4347  1  26.80680000  31.12970000  23.72370000  4
4348  1  6.37806000  6.86396000  12.51910000  4
4349  1  21.92070000  17.67430000  36.77990000  4
4350  1  21.25350000  6.72343000  17.90000000  4
4351  1  32.20900000  20.09600000  7.44247000  4
4352  1  24.47870000  33.85710000  27.17360000  4
4353  1  17.37830000  6.29076000  8.74417000  3
4354  1  0.32946500  9.50412000  5.53389000  4
4355  1  15.97340000  0.16332300  13.82400000  4
4356  1  33.85800000  22.83370000  15.40930000  4
4357  1  35.98770000  18.68130000  10.60910000  3
4358  1  31.49390000  15.64170000  28.99940000  4
4359  1  7.91353000  33.84700000  11.49660000  4
4360  1  14.78150000  32.90090000  11.06690000  4
4361  1  33.00510000  12.87130000  19.59090000  4
4362  1  33.89340000  26.68720000  6.18928000  4
4363  1  10.68000000  32.47710000  13.74910000  4
4364  1  16.68220000  35.98360000  11.82710000  4
4365  1  27.45960000  7.05232000  2.81155000  4
4366  1  0.18139700  19.39120000  22.30910000  4
4367  1  4.92036000  22.85740000  29.76110000  4
4368  1  6.37820000  8.07324000  31.88260000  4
4369  1  8.84894000  0.27991100  33.85370000  3
4370  1  13.43240000  36.75530000  34.68560000  4
4371  1  24.01770000  6.74577000  0.06745090  4
4372  1  36.20870000  26.28180000  8.22064000  3
4373  1  21.56140000  2.45371000  3.63968000  3
4374  1  1.86116000  18.12650000  13.83880000  3
4375  1  4.05591000  21.07390000  10.30970000  4
4376  1  22.85530000  34.86330000  3.34834000  4
4377  1  14.61420000  30.24320000  9.48521000  4
4378  1  13.86410000  22.26700000  17.76770000  4
4379  1  25.09750000  30.90760000  0.07336800  4
4380  1  12.10970000  7.16249000  20.17900000  4
4381  1  20.20690000  32.01970000  3.33421000  3
4382  1  11.76770000  10.22700000  17.28690000  4
4383  1  2.06156000  14.60140000  29.29830000  4
4384  1  35.38470000  36.91530000  15.52940000  4
4385  1  22.86060000  3.11646000  11.97590000  4
4386  1  11.11650000  22.95610000  24.51290000  3
4387  1  14.88350000  28.77820000  29.79680000  4
4388  1  5.48262000  32.77830000  15.55200000  4
4389  1  34.29130000  18.19210000  25.95730000  3
4390  1  14.35610000  31.70410000  20.02840000  3
4391  1  0.17139500  14.99660000  20.12840000  4
4392  1  0.18545900  27.24230000  3.09247000  4
4393  1  8.76290000  14.57350000  36.85510000  4
4394  1  4.28484000  29.27810000  18.57870000  4
4395  1  32.92230000  25.23970000  0.96787300  3
4396  1  26.77470000  36.40560000  11.67450000  4
4397  1  27.91780000  26.17620000  10.41660000  4
4398  1  34.98590000  28.96890000  29.20830000  4
4399  1  12.84510000  26.16140000  0.64598000  4
4400  1  22.05770000  29.07340000  35.85570000  4
4401  1  26.81890000  3.01165000  0.03881550  4
4402  1  35.36780000  7.61751000  25.28670000  4
4403  1  5.94883000  34.08350000  15.83830000  3
4404  1  2.92429000  18.96780000  2.61707000  3
4405  1  8.69900000  18.83160000  27.54730000  4
4406  1  2.63845000  9.18903000  18.37030000  3
4407  1  31.21200000  24.29360000  26.47930000  4
4408  1  14.60800000  2.69388000  20.48500000  4
4409  1  14.97960000  12.71310000  17.67380000  4
4410  1  11.63900000  24.99920000  7.02373000  3
4411  1  10.53580000  29.34810000  13.60790000  4
4412  1  31.12790000  23.76410000  36.26020000  3
4413  1  14.74760000  8.80215000  23.66480000  4
4414  1  9.18924000  15.02630000  10.57080000  4
4415  1  1.13298000  33.68470000  20.11790000  4
4416  1  15.01500000  20.51530000  11.70580000  4
4417  1  36.29070000  32.79750000  21.29850000  4
4418  1  26.24440000  24.37820000  8.04931000  3
4419  1  26.85840000  34.58120000  2.29739000  4
4420  1  35.24810000  17.33130000  25.31070000  4
4421  1  34.38720000  15.68890000  21.17310000  4
4422  1  5.42864000  32.62660000  27.09250000  4
4423  1  24.50630000  25.69250000  14.43430000  4
4424  1  18.68570000  14.31330000  11.52360000  4
4425  1  20.27150000  20.99570000  35.16120000  3
4426  1  18.95380000  6.29558000  4.43564000  4
4427  1  1.53370000  22.41810000  16.00800000  4
4428  1  32.33270000  37.07260000  2.24450000  4
4429  1  18.43580000  20.26580000  11.82230000  4
4430  1  5.04115000  15.74630000  29.14230000  4
4431  1  36.66480000  27.59840000  26.36120000  4
4432  1  10.46360000  27.34070000  16.49670000  4
4433  1  25.43800000  28.27710000  14.32630000  4
4434  1  4.05240000  15.77260000  3.92029000  4
4435  1  32.64580000  0.52208800  13.71940000  4
4436  1  7.61779000  23.01310000  20.50700000  4
4437  1  8.80493000  6.93564000  16.78300000  3
4438  1  6.31985000  35.76640000  7.67322000  3
4439  1  27.51730000  16.60240000  14.57930000  4
4440  1  15.52420000  14.32740000  28.20630000  4
4441  1  36.61680000  32.19330000  9.19182000  4
4442  1  5.11059000  23.37340000  20.91700000  4
4443  1  33.56360000  32.56380000  0.22113700  4
4444  1  18.28560000  36.88580000  1.07589000  3
4445  1  34.46780000  31.19990000  21.69330000  4
4446  1  28.32130000  20.26130000  32.76890000  4
4447  1  36.77190000  6.96979000  30.61530000  3
4448  1  21.58350000  29.60030000  16.41520000  4
4449  1  26.31170000  8.76178000  29.88870000  4
4450  1  18.15690000  27.16240000  0.88280100  4
4451  1  20.74480000  18.51390000  0.16604600  4
4452  1  9.33339000  34.17810000  22.22470000  4
4453  1  14.23670000  37.13830000  16.55330000  4
4454  1  6.93681000  21.83470000  32.67530000  4
4455  1  36.65490000  27.97210000  23.40610000  4
4456  1  1.52699000  32.28210000  2.10084000  4
4457  1  30.16450000  22.89490000  12.79100000  3
4458  1  27.94640000  27.85900000  8.71345000  3
4459  1  35.77290000  32.90150000  5.20424000  4
4460  1  30.11440000  7.05018000  21.78390000  4
4461  1  35.53570000  22.77050000  34.51240000  4
4462  1  3.98364000  32.49140000  7.46158000  3
4463  1  28.25480000  35.96500000  20.61150000  3
4464  1  28.15200000  31.71010000  10.70530000  4
4465  1  4.99209000  17.66000000  25.75350000  4
4466  1  9.88329000  33.16290000  8.11473000  4
4467  1  36.40630000  16.95980000  3.61627000  4
4468  1  34.71740000  24.92690000  21.25120000  3
4469  1  8.03484000  23.67760000  26.54050000  4
4470  1  0.93522300  4.91163000  3.80398000  4
4471  1  28.37030000  32.36310000  1.40074000  4
4472  1  7.48544000  33.12790000  22.19210000  3
4473  1  6.48936000  11.16040000  21.41430000  4
4474  1  6.72439000  18.77460000  11.00260000  4
4475  1  19.69050000  7.72458000  26.76630000  4
4476  1  10.99070000  23.86880000  1.05462000  4
4477  1  8.56090000  27.46850000  18.88230000  3
4478  1  1.77086000  7.27335000  3.24142000  4
4479  1  21.85180000  4.87088000  10.16990000  4
4480  1  34.23950000  34.05480000  2.95668000  3
4481  1  12.59400000  5.23434000  18.75580000  4
4482  1  36.72410000  26.58660000  35.24560000  3
4483  1  32.25360000  15.70850000  12.03540000  4
4484  1  22.10940000  13.38560000  3.48813000  3
4485  1  29.67850000  15.53970000  12.28710000  4
4486  1  30.42930000  18.42350000  0.59710800  4
4487  1  35.60130000  6.50230000  0.06283390  4
4488  1  29.15080000  27.79160000  25.69530000  4
4489  1  2.54773000  3.06599000  5.41659000  3
4490  1  21.17430000  26.08870000  3.67692000  4
4491  1  33.68660000  8.70608000  26.65670000  4
4492  1  0.90307900  16.42360000  24.64090000  4
4493  1  24.00290000  28.09160000  21.11360000  4
4494  1  18.48610000  8.08432000  32.36740000  4
4495  1  7.90576000  21.18710000  26.92410000  4
4496  1  22.23380000  8.96225000  12.36740000  3
4497  1  34.47520000  26.26150000  3.25216000  3
4498  1  1.35465000  33.30040000  30.18020000  4
4499  1  0.98065200  30.05450000  6.16623000  4
4500  1  32.41250000  7.14648000  8.76720000  4
4501  1  33.12200000  6.33207000  0.43650400  3
4502  1  20.09350000  9.47525000  24.91800000  4
4503  1  0.43055000  31.14490000  22.61460000  4
4504  1  29.72060000  28.71450000  14.61920000  3
4505  1  33.88440000  26.49270000  36.13230000  3
4506  1  30.15260000  27.61810000  27.86340000  3
4507  1  31.76560000  1.23996000  25.48310000  4
4508  1  16.18850000  31.51630000  36.12360000  4
4509  1  31.32950000  26.14720000  12.04330000  4
4510  1  21.22420000  7.43841000  23.77310000  4
4511  1  11.36270000  13.04320000  0.26036800  4
4512  1  12.94830000  11.93480000  3.36583000  4
4513  1  10.54030000  31.33560000  17.36280000  4
4514  1  30.90700000  30.54900000  13.27800000  4
4515  1  12.21490000  20.67500000  21.82780000  4
4516  1  37.07470000  1.91869000  26.74670000  4
4517  1  1.18556000  29.39570000  1.85147000  4
4518  1  2.36288000  25.44920000  33.14910000  4
4519  1  6.41583000  29.44040000  17.20610000  4
4520  1  23.42410000  0.93708700  0.74352800  4
4521  1  21.82880000  21.71970000  18.74940000  3
4522  1  23.61490000  11.93280000  19.44160000  4
4523  1  29.18000000  5.84993000  6.00973000  3
4524  1  37.09740000  20.55450000  2.13744000  3
4525  1  7.90144000  21.64510000  33.70930000  3
4526  1  14.41970000  34.43640000  28.95100000  4
4527  1  5.45107000  14.59720000  7.65188000  3
4528  1  21.85550000  26.19060000  22.48760000  4
4529  1  16.83190000  15.21700000  21.15650000  4
4530  1  36.22300000  29.18220000  22.57450000  4
4531  1  6.88663000  7.33294000  5.39954000  4
4532  1  28.26260000  22.32160000  7.91142000  4
4533  1  19.23170000  26.76300000  22.47430000  4
4534  1  29.51980000  25.02590000  8.96853000  4
4535  1  26.86220000  25.04830000  23.03180000  4
4536  1  33.30330000  20.67150000  31.36020000  4
4537  1  21.99650000  19.56500000  19.28020000  4
4538  1  35.81150000  36.88710000  2.18768000  4
4539  1  4.28696000  12.62120000  22.05510000  4
4540  1  20.16040000  5.26227000  4.07596000  4
4541  1  35.91820000  27.05020000  24.29320000  3
4542  1  16.90110000  2.79961000  25.80530000  4
4543  1  30.21850000  7.43816000  2.40950000  4
4544  1  34.14580000  28.11960000  25.74120000  4
4545  1  24.59360000  10.85680000  20.18690000  4
4546  1  11.80550000  30.41000000  30.15020000  4
4547  1  14.26180000  4.19797000  12.71110000  4
4548  1  24.36060000  22.74350000  22.08710000  3
4549  1  8.70554000  35.07940000  6.74052000  4
4550  1  25.49020000  9.82174000  30.75080000  4
4551  1  0.19738600  36.68460000  18.07590000  4
4552  1  28.01300000  6.52826000  10.21710000  4
4553  1  13.19740000  24.50280000  18.82740000  3
4554  1  35.78470000  7.88678000  10.85320000  4
4555  1  28.22400000  1.89281000  26.05700000  4
4556  1  20.37580000  16.86480000  9.09146000  4
4557  1  4.12608000  31.29930000  37.06450000  4
4558  1  24.50780000  27.99010000  27.32100000  4
4559  1  10.40910000  10.81650000  33.69920000  4
4560  1  32.55910000  23.81780000  12.29300000  3
4561  1  14.29500000  24.23700000  0.95139200  3
4562  1  21.67250000  30.73800000  9.51194000  4
4563  1  34.67160000  31.62130000  10.44130000  3
4564  1  29.30290000  18.44870000  7.70315000  4
4565  1  6.08532000  3.96206000  24.10910000  4
4566  1  31.74460000  9.88357000  23.59600000  4
4567  1  27.93870000  29.08910000  32.75710000  4
4568  1  15.19050000  0.75604100  1.29237000  4
4569  1  30.21690000  27.41040000  14.07620000  4
4570  1  10.94130000  2.92046000  3.35451000  4
4571  1  5.18391000  19.51090000  24.16470000  4
4572  1  5.11531000  11.91780000  15.49990000  4
4573  1  6.54342000  15.35030000  19.34730000  3
4574  1  16.95460000  12.93400000  16.15340000  4
4575  1  28.13630000  23.39620000  31.25000000  4
4576  1  27.85070000  17.43160000  12.39220000  4
4577  1  24.70670000  30.75470000  1.43650000  4
4578  1  17.85260000  25.07210000  23.40070000  4
4579  1  24.32690000  26.75880000  7.34277000  3
4580  1  25.59900000  7.44365000  34.89420000  4
4581  1  15.85680000  16.21520000  29.78420000  4
4582  1  12.41540000  0.66896800  34.88390000  3
4583  1  2.27519000  36.02250000  13.67770000  4
4584  1  12.60980000  32.85300000  23.10850000  4
4585  1  33.19210000  31.07900000  28.99600000  4
4586  1  6.92705000  24.98910000  1.38813000  4
4587  1  1.20280000  0.37571500  23.49610000  3
4588  1  1.94408000  35.35110000  25.23930000  4
4589  1  7.56035000  12.99280000  6.32737000  4
4590  1  31.55970000  29.01270000  16.34040000  3
4591  1  34.41790000  5.70163000  10.52360000  3
4592  1  26.31850000  32.29470000  27.80730000  4
4593  1  12.86820000  11.30140000  19.75460000  4
4594  1  19.35820000  34.16210000  5.82879000  3
4595  1  25.38280000  3.24261000  31.58380000  4
4596  1  26.03190000  19.05520000  36.97030000  4
4597  1  1.26687000  5.47032000  36.71620000  4
4598  1  26.19490000  32.36150000  19.48630000  4
4599  1  37.07300000  4.78553000  36.05210000  4
4600  1  28.66690000  22.75400000  9.33987000  4
4601  1  7.63528000  11.62570000  17.99060000  4
4602  1  8.30576000  24.72660000  22.79630000  4
4603  1  8.13121000  29.52330000  31.81650000  4
4604  1  14.23980000  22.89240000  29.90390000  4
4605  1  26.26310000  4.82802000  24.03890000  4
4606  1  12.69550000  33.57610000  33.02540000  4
4607  1  10.95210000  18.98490000  3.25790000  3
4608  1  27.11890000  28.64450000  24.46000000  4
4609  1  18.95890000  36.51690000  23.99620000  4
4610  1  8.55108000  10.80640000  7.78334000  4
4611  1  33.38100000  9.31439000  8.24770000  4
4612  1  21.02680000  14.10050000  7.73207000  4
4613  1  15.70840000  6.12996000  33.72810000  4
4614  1  18.31680000  29.86820000  4.44115000  3
4615  1  36.22860000  29.00740000  26.83260000  4
4616  1  6.28272000  0.47665300  27.61750000  4
4617  1  35.02860000  28.23440000  9.46202000  4
4618  1  9.33930000  23.10020000  29.45820000  4
4619  1  22.63380000  18.20200000  1.94804000  4
4620  1  2.11413000  28.07680000  5.48640000  4
4621  1  36.56640000  8.90948000  36.54220000  4
4622  1  0.62916500  17.26120000  25.81210000  3
4623  1  19.92820000  26.87290000  3.40140000  3
4624  1  4.37327000  36.17740000  24.22850000  4
4625  1  36.89100000  4.31689000  28.48710000  4
4626  1  1.60247000  24.42120000  5.96959000  4
4627  1  7.89580000  24.75580000  27.49530000  3
4628  1  1.96055000  14.97360000  33.81340000  4
4629  1  8.37265000  33.98950000  33.09370000  3
4630  1  31.08820000  33.04290000  17.76200000  3
4631  1  15.28430000  13.61680000  23.70790000  4
4632  1  9.34622000  6.57377000  1.32471000  4
4633  1  13.03490000  4.50038000  34.65280000  4
4634  1  11.06060000  29.38940000  15.09090000  4
4635  1  15.85250000  16.55260000  27.06470000  4
4636  1  27.99150000  27.71100000  20.62010000  4
4637  1  1.36642000  28.99930000  18.04410000  4
4638  1  31.65900000  36.30090000  34.62900000  4
4639  1  19.12310000  11.00850000  30.43790000  4
4640  1  28.81030000  14.10660000  7.23995000  4
4641  1  29.71130000  15.43960000  30.87910000  4
4642  1  27.02540000  30.96660000  22.29490000  4
4643  1  9.32753000  32.39160000  12.80320000  4
4644  1  17.18290000  20.90590000  13.79250000  3
4645  1  21.61720000  16.28150000  9.68972000  4
4646  1  18.23760000  3.40490000  36.62430000  4
4647  1  28.79640000  9.18611000  5.79745000  4
4648  1  18.67970000  6.11518000  36.01020000  4
4649  1  34.31490000  29.87390000  21.06310000  4
4650  1  5.57480000  32.49230000  11.31430000  4
4651  1  7.45456000  14.12780000  8.92861000  4
4652  1  34.96110000  6.51733000  15.37500000  3
4653  1  4.94686000  5.33701000  22.28210000  4
4654  1  2.45913000  5.57595000  14.20000000  4
4655  1  15.58130000  9.83091000  22.79650000  4
4656  1  22.31130000  26.36210000  17.87860000  4
4657  1  4.99277000  24.73200000  11.16570000  3
4658  1  4.62031000  33.54120000  31.48540000  4
4659  1  35.81230000  18.24950000  5.85089000  4
4660  1  0.35363400  18.75080000  32.36150000  4
4661  1  16.33890000  24.79040000  32.56500000  3
4662  1  24.22680000  23.53950000  0.72183900  4
4663  1  12.19590000  36.39830000  7.79683000  4
4664  1  4.47824000  28.00980000  25.93590000  3
4665  1  2.01490000  26.02210000  36.34150000  4
4666  1  12.98960000  22.98870000  32.62930000  4
4667  1  20.37700000  19.97610000  15.00610000  4
4668  1  17.25190000  29.24750000  20.87850000  4
4669  1  11.86720000  31.38690000  13.70000000  4
4670  1  27.86570000  6.41142000  15.27910000  3
4671  1  33.13140000  35.83720000  21.20030000  4
4672  1  10.68560000  0.68318700  27.75980000  4
4673  1  35.16600000  14.72970000  0.86494400  4
4674  1  22.90070000  0.16128600  8.25770000  4
4675  1  14.25870000  0.86421000  24.45640000  4
4676  1  29.94920000  28.43700000  31.74660000  4
4677  1  15.31160000  32.78260000  22.87770000  4
4678  1  15.23970000  32.69600000  24.43920000  4
4679  1  29.12040000  1.74385000  12.08420000  3
4680  1  24.13080000  30.12900000  10.57390000  3
4681  1  0.04707050  31.60840000  21.23520000  4
4682  1  16.48050000  15.83770000  36.18220000  4
4683  1  19.86970000  13.11260000  18.44680000  3
4684  1  8.03550000  34.11700000  36.52860000  4
4685  1  24.72690000  24.19770000  24.14180000  3
4686  1  12.09640000  8.44290000  14.12660000  4
4687  1  34.88250000  34.54600000  16.45140000  4
4688  1  22.83060000  25.46500000  36.45890000  4
4689  1  19.67960000  33.84070000  8.18047000  4
4690  1  8.86984000  30.40610000  23.28730000  4
4691  1  36.88410000  19.31260000  5.43521000  3
4692  1  1.71908000  29.07780000  23.50240000  4
4693  1  33.51300000  23.73340000  7.54925000  4
4694  1  35.38290000  32.67520000  26.38930000  3
4695  1  28.54710000  27.28470000  19.22760000  4
4696  1  11.06500000  34.97440000  20.85240000  4
4697  1  22.67620000  36.45140000  19.45400000  4
4698  1  3.23790000  10.66090000  21.05040000  3
4699  1  22.49750000  36.19540000  31.35990000  4
4700  1  23.92040000  4.53999000  22.97820000  4
4701  1  3.78083000  25.44280000  11.20800000  4
4702  1  29.25680000  16.37680000  36.87270000  3
4703  1  23.99640000  0.15129800  7.13986000  4
4704  1  28.41460000  32.94360000  21.35130000  3
4705  1  7.27343000  6.84370000  33.47350000  4
4706  1  8.98004000  13.12820000  7.20486000  4
4707  1  0.52067900  9.06024000  12.27230000  4
4708  1  6.48437000  16.28810000  21.57350000  4
4709  1  17.15780000  3.83021000  29.35240000  4
4710  1  13.09640000  13.05860000  2.12101000  4
4711  1  33.65650000  1.30678000  20.67290000  3
4712  1  7.27631000  0.12367800  14.26450000  4
4713  1  10.57240000  21.81390000  13.21900000  4
4714  1  19.32510000  30.90940000  11.94150000  4
4715  1  17.18300000  15.88010000  26.97200000  3
4716  1  23.13830000  24.27510000  15.80760000  4
4717  1  18.92900000  5.42328000  27.17910000  4
4718  1  11.66080000  5.25282000  32.11600000  4
4719  1  29.83680000  1.26988000  24.22210000  4
4720  1  17.58410000  5.05748000  33.28710000  4
4721  1  13.47270000  32.28110000  29.58970000  4
4722  1  3.96579000  4.39444000  16.84380000  3
4723  1  31.03900000  17.95820000  31.38130000  3
4724  1  24.12190000  14.90310000  28.25960000  4
4725  1  11.40710000  2.60877000  9.07410000  4
4726  1  28.62880000  32.89850000  8.74856000  4
4727  1  4.77090000  28.20130000  33.38120000  4
4728  1  17.74490000  16.73690000  16.75040000  4
4729  1  35.68840000  21.56630000  13.25780000  3
4730  1  8.63556000  33.75230000  30.15050000  3
4731  1  9.02765000  4.71134000  20.24270000  4
4732  1  29.04260000  12.64700000  25.72600000  4
4733  1  34.52160000  20.84950000  4.53851000  3
4734  1  22.87900000  35.54900000  27.47240000  4
4735  1  24.95060000  35.21420000  26.81860000  3
4736  1  12.53950000  10.66400000  31.44190000  4
4737  1  9.40716000  15.92840000  33.90720000  3
4738  1  2.75811000  12.82090000  36.57840000  4
4739  1  36.33900000  36.55290000  7.13319000  3
4740  1  30.98000000  4.65262000  18.04550000  4
4741  1  20.41710000  23.83970000  35.43970000  4
4742  1  19.96650000  33.10750000  16.69590000  4
4743  1  10.96160000  21.83210000  4.23049000  3
4744  1  2.80880000  28.56460000  0.14329300  3
4745  1  17.01360000  25.44280000  15.76100000  3
4746  1  3.78107000  25.90710000  33.38280000  4
4747  1  11.40380000  16.34200000  9.17333000  3
4748  1  19.65800000  12.15670000  25.58110000  4
4749  1  20.19400000  2.19252000  22.65050000  4
4750  1  29.38310000  27.25370000  32.57860000  3
4751  1  12.35690000  7.34954000  27.00050000  4
4752  1  14.70640000  6.33274000  27.86270000  4
4753  1  17.06500000  32.97920000  26.52240000  4
4754  1  1.92530000  20.31240000  23.48500000  3
4755  1  36.68100000  12.92760000  21.40960000  4
4756  1  17.20480000  1.27959000  9.03879000  4
4757  1  29.41060000  11.21010000  33.14570000  4
4758  1  24.57340000  26.79930000  28.26740000  4
4759  1  21.14850000  10.05880000  23.79300000  4
4760  1  25.01450000  25.78250000  15.80280000  3
4761  1  2.39631000  21.06490000  4.99313000  3
4762  1  28.89420000  33.12390000  18.48850000  3
4763  1  4.39390000  33.41960000  10.94890000  4
4764  1  10.46870000  15.72940000  8.14839000  4
4765  1  37.04940000  20.03180000  7.97823000  4
4766  1  20.32330000  10.47500000  21.14260000  4
4767  1  20.46130000  16.41160000  14.26760000  4
4768  1  4.28182000  8.71786000  9.18809000  4
4769  1  11.67460000  31.63150000  6.85074000  4
4770  1  4.67378000  2.30641000  6.93467000  4
4771  1  31.21530000  18.82410000  5.42113000  4
4772  1  31.39860000  4.93250000  9.69248000  4
4773  1  29.92040000  13.62340000  36.53080000  3
4774  1  11.02550000  0.00493517  8.69261000  4
4775  1  13.36530000  20.92170000  3.17915000  3
4776  1  34.51100000  3.13444000  35.61110000  4
4777  1  7.72988000  28.73230000  2.14382000  4
4778  1  21.85810000  33.42680000  9.46717000  4
4779  1  28.76190000  29.54610000  10.28120000  4
4780  1  6.49090000  5.00024000  10.54680000  4
4781  1  0.00002842  7.48645000  16.59140000  3
4782  1  15.16990000  31.53530000  15.59910000  3
4783  1  31.59990000  6.74325000  24.13190000  4
4784  1  10.63480000  33.34630000  2.87948000  4
4785  1  31.25370000  31.88290000  14.02630000  4
4786  1  28.31670000  31.30100000  8.19024000  4
4787  1  33.45770000  5.82357000  25.33410000  4
4788  1  32.10050000  25.56800000  34.72770000  4
4789  1  27.48240000  22.08770000  20.42230000  4
4790  1  16.16010000  27.90610000  4.03955000  4
4791  1  32.29190000  17.98140000  15.57370000  4
4792  1  2.02783000  8.45541000  29.76650000  3
4793  1  12.91870000  36.71540000  17.10160000  4
4794  1  23.44350000  18.86580000  24.93610000  4
4795  1  7.84132000  31.63270000  35.86680000  4
4796  1  17.63770000  7.08106000  24.18230000  4
4797  1  33.30910000  16.83650000  11.97490000  4
4798  1  18.49270000  25.71220000  6.03816000  4
4799  1  20.15000000  31.90140000  22.19480000  4
4800  1  6.20519000  5.97805000  6.03199000  4
4801  1  11.76340000  22.85630000  13.42290000  4
4802  1  30.13300000  36.22170000  35.36110000  4
4803  1  9.33410000  31.98460000  8.93135000  4
4804  1  9.98519000  26.97170000  19.02120000  4
4805  1  18.21520000  5.15142000  5.18071000  4
4806  1  27.03500000  35.87170000  37.14090000  4
4807  1  35.79920000  5.33646000  26.15870000  4
4808  1  19.41260000  32.28100000  24.98530000  4
4809  1  14.30430000  13.66370000  36.84160000  4
4810  1  4.00533000  33.84290000  28.99130000  3
4811  1  21.88480000  6.14345000  30.66700000  4
4812  1  33.73260000  5.44875000  33.01720000  3
4813  1  30.53310000  11.17640000  6.11418000  4
4814  1  3.77544000  9.18189000  17.42110000  4
4815  1  15.43230000  1.19008000  7.10629000  4
4816  1  30.09500000  35.86140000  6.06335000  4
4817  1  23.01820000  8.19776000  8.26676000  4
4818  1  18.54500000  8.64559000  28.89540000  4
4819  1  32.84310000  22.69970000  0.74540900  4
4820  1  16.82120000  25.61200000  1.97874000  4
4821  1  28.91000000  19.24600000  21.98840000  3
4822  1  32.17480000  9.43385000  5.86267000  3
4823  1  5.93555000  17.62700000  17.42210000  3
4824  1  0.78475400  22.64620000  4.62941000  4
4825  1  32.13840000  16.57730000  1.21124000  4
4826  1  30.62380000  17.87560000  23.13510000  4
4827  1  32.66400000  14.09970000  1.48795000  4
4828  1  16.14110000  7.92295000  26.92690000  4
4829  1  4.98064000  23.86030000  35.09450000  4
4830  1  13.61050000  8.84524000  33.89330000  4
4831  1  0.18585400  19.54560000  1.03939000  4
4832  1  21.65710000  28.78160000  34.36650000  4
4833  1  8.19553000  29.93130000  30.19440000  4
4834  1  3.33694000  32.97240000  9.75352000  4
4835  1  13.04850000  34.99280000  3.95647000  4
4836  1  0.16342300  23.99820000  2.25206000  4
4837  1  1.00498000  22.06540000  32.09160000  4
4838  1  36.24060000  34.52970000  29.84520000  4
4839  1  15.32190000  15.06980000  18.86530000  4
4840  1  5.81197000  29.06430000  11.82260000  4
4841  1  24.35350000  12.75920000  33.00160000  4
4842  1  3.82033000  9.05329000  13.72810000  4
4843  1  11.28450000  19.86600000  24.03950000  4
4844  1  0.79272800  6.92323000  0.14770400  4
4845  1  16.81250000  12.18540000  29.73620000  4
4846  1  19.47310000  22.38240000  13.09340000  3
4847  1  10.66230000  6.30414000  24.80630000  4
4848  1  16.96200000  5.35715000  22.60000000  4
4849  1  22.92140000  4.42636000  35.33580000  4
4850  1  21.22440000  29.62570000  10.42140000  3
4851  1  33.00480000  29.65820000  2.34920000  4
4852  1  8.71485000  9.85702000  0.21719000  4
4853  1  25.44900000  7.66475000  19.98490000  4
4854  1  0.84506500  34.74520000  1.03961000  4
4855  1  23.50240000  22.80950000  25.54460000  3
4856  1  24.43700000  3.83851000  25.28650000  3
4857  1  16.11920000  25.27340000  3.31010000  4
4858  1  31.10060000  17.34470000  18.62150000  4
4859  1  24.85330000  13.66290000  29.04530000  4
4860  1  13.33820000  3.00854000  34.18860000  4
4861  1  6.06598000  9.96334000  22.30950000  4
4862  1  28.05720000  21.21050000  29.89660000  4
4863  1  1.35172000  19.88100000  24.73460000  4
4864  1  3.30873000  31.02520000  1.17143000  4
4865  1  6.98463000  24.86990000  21.90840000  4
4866  1  4.83530000  19.29610000  25.67160000  4
4867  1  35.08100000  2.45585000  18.17230000  4
4868  1  15.56310000  15.12610000  8.23734000  4
4869  1  3.29304000  8.72769000  32.43160000  3
4870  1  33.80330000  13.52580000  25.59010000  4
4871  1  26.20940000  29.43100000  16.35060000  4
4872  1  17.81770000  27.44980000  19.32860000  4
4873  1  37.12010000  25.83260000  31.37050000  4
4874  1  29.39400000  29.47830000  22.15780000  4
4875  1  36.26340000  30.52540000  15.29670000  4
4876  1  0.74817500  9.06622000  30.21780000  4
4877  1  3.97398000  25.08990000  29.46840000  4
4878  1  14.22850000  30.29690000  22.43680000  3
4879  1  5.39676000  29.75750000  35.64720000  4
4880  1  18.82260000  31.33530000  22.70290000  3
4881  1  10.49840000  20.22660000  33.54810000  4
4882  1  7.10083000  27.40930000  26.12180000  4
4883  1  23.70740000  3.02144000  14.57960000  4
4884  1  30.45320000  1.07173000  22.79890000  4
4885  1  11.30750000  10.85210000  14.74380000  4
4886  1  0.23749600  27.94280000  32.34900000  4
4887  1  1.99276000  9.27651000  0.60934800  4
4888  1  20.69050000  6.00515000  12.31230000  3
4889  1  14.04920000  10.00550000  16.01090000  4
4890  1  28.92890000  21.66130000  20.69680000  3
4891  1  1.22537000  5.64763000  15.24400000  4
4892  1  24.12650000  11.74260000  30.52260000  4
4893  1  18.46800000  29.11460000  27.01130000  4
4894  1  3.91900000  16.92750000  33.16470000  4
4895  1  21.75620000  25.41400000  33.52150000  4
4896  1  16.10550000  23.51220000  20.01670000  4
4897  1  16.28010000  35.83190000  23.69870000  4
4898  1  22.69910000  25.33050000  6.76866000  4
4899  1  29.59080000  8.35722000  26.74390000  4
4900  1  36.80050000  30.81910000  11.47290000  4
4901  1  35.07700000  13.22500000  27.65760000  4
4902  1  34.95150000  0.97933500  25.34880000  4
4903  1  7.95672000  36.31610000  4.47843000  4
4904  1  18.17890000  25.12200000  10.44660000  4
4905  1  0.71126400  27.78960000  25.52780000  3
4906  1  27.13120000  5.53420000  26.22310000  3
4907  1  3.26172000  35.27270000  5.62494000  4
4908  1  15.32500000  24.14810000  14.65100000  4
4909  1  13.22040000  27.71660000  0.35692900  4
4910  1  36.18240000  11.09070000  9.91983000  4
4911  1  2.98073000  8.58366000  16.25090000  4
4912  1  13.40830000  22.30920000  27.44400000  4
4913  1  14.07700000  8.01772000  21.38940000  4
4914  1  22.48410000  18.86120000  4.63198000  4
4915  1  7.43276000  16.28850000  28.08060000  4
4916  1  24.26160000  29.46560000  31.28940000  4
4917  1  35.29030000  26.17590000  15.86350000  4
4918  1  19.01250000  24.69220000  1.33503000  4
4919  1  28.11870000  33.51170000  22.80750000  4
4920  1  16.36550000  1.46584000  16.39450000  4
4921  1  17.09750000  5.25730000  25.76180000  4
4922  1  22.55150000  27.72720000  14.15360000  3
4923  1  13.64380000  33.82570000  30.10100000  4
4924  1  16.85330000  28.86090000  17.70680000  4
4925  1  33.39470000  30.06350000  34.39790000  4
4926  1  34.82510000  36.66980000  4.49705000  4
4927  1  14.92800000  10.32420000  21.42950000  4
4928  1  30.71020000  20.57990000  33.72340000  4
4929  1  22.18780000  27.41500000  26.86940000  4
4930  1  29.40250000  5.27723000  19.91790000  3
4931  1  31.28920000  15.98270000  21.76590000  3
4932  1  24.91930000  11.55940000  21.45800000  3
4933  1  17.54990000  30.82680000  14.23470000  3
4934  1  16.52570000  14.40470000  35.70690000  4
4935  1  22.28950000  23.29820000  5.24996000  4
4936  1  32.34600000  28.39540000  9.18744000  4
4937  1  14.63870000  12.23880000  15.24410000  3
4938  1  15.31370000  8.48082000  3.22549000  4
4939  1  25.99500000  11.61580000  36.04210000  4
4940  1  36.94110000  15.77060000  31.35510000  4
4941  1  6.33260000  32.27300000  10.08060000  4
4942  1  25.94550000  33.60980000  34.31800000  4
4943  1  9.34846000  36.45570000  14.91770000  4
4944  1  25.26900000  7.08026000  24.76370000  4
4945  1  19.39150000  6.72292000  1.19492000  3
4946  1  0.11872700  32.92790000  5.52227000  4
4947  1  34.11050000  25.50360000  15.18450000  4
4948  1  33.69890000  23.27270000  24.90090000  3
4949  1  17.39640000  3.90982000  1.75893000  4
4950  1  35.88590000  27.67290000  20.05350000  3
4951  1  8.67396000  32.50500000  15.02620000  3
4952  1  17.98660000  25.02270000  19.71410000  3
4953  1  18.16070000  0.86490900  12.48050000  4
4954  1  6.91680000  5.66175000  35.95770000  3
4955  1  4.56555000  31.67230000  6.29945000  4
4956  1  2.68202000  25.33900000  1.98405000  4
4957  1  18.03660000  11.17840000  12.90560000  4
4958  1  3.48217000  0.94809700  22.96250000  4
4959  1  8.24531000  13.07730000  1.93105000  3
4960  1  12.31240000  21.28500000  30.83230000  4
4961  1  15.68240000  19.48580000  12.54050000  3
4962  1  34.55380000  25.74480000  25.78140000  4
4963  1  32.63640000  5.77921000  19.15550000  3
4964  1  1.71297000  19.41950000  22.34260000  4
4965  1  26.81160000  27.24760000  33.91650000  4
4966  1  25.27930000  19.60980000  34.57360000  3
4967  1  9.55432000  9.57026000  23.06250000  4
4968  1  32.70320000  27.01860000  16.81160000  4
4969  1  28.84350000  8.97642000  9.55013000  4
4970  1  18.17690000  35.76540000  13.64050000  4
4971  1  35.76780000  2.61574000  36.33110000  4
4972  1  11.49960000  13.15500000  16.52810000  3
4973  1  7.28351000  2.67998000  9.75824000  4
4974  1  33.04220000  32.99890000  7.72170000  4
4975  1  0.54885300  20.74440000  29.78280000  4
4976  1  3.27924000  35.40300000  14.95460000  4
4977  1  29.44170000  29.51110000  32.57740000  4
4978  1  13.35070000  23.53130000  19.92810000  4
4979  1  36.59180000  12.16240000  15.68810000  3
4980  1  19.13180000  4.70907000  8.59301000  4
4981  1  14.51310000  30.24800000  37.03430000  3
4982  1  12.85570000  30.91740000  4.83309000  4
4983  1  34.17880000  10.68990000  28.60520000  4
4984  1  12.08530000  26.54960000  9.97485000  4
4985  1  30.16990000  36.87160000  16.50070000  4
4986  1  12.04020000  36.05300000  21.02470000  3
4987  1  21.98980000  17.17430000  34.17590000  3
4988  1  21.70710000  15.40130000  28.45090000  3
4989  1  5.99924000  25.74770000  11.46470000  4
4990  1  25.67040000  18.25600000  10.50920000  4
4991  1  1.35915000  21.64500000  9.55909000  4
4992  1  30.43170000  12.06770000  27.59370000  4
4993  1  5.40003000  1.23360000  9.01824000  3
4994  1  9.57964000  14.97720000  15.71030000  3
4995  1  36.59040000  20.82710000  28.68600000  4
4996  1  17.70930000  27.24050000  31.35950000  4
4997  1  22.84590000  29.58950000  19.05050000  3
4998  1  34.08210000  12.85170000  7.16298000  4
4999  1  10.05900000  9.37105000  15.54250000  4
5000  1  22.18680000  35.71230000  10.54990000  4
5001  1  19.21580000  28.02920000  26.21200000  4
5002  1  27.10880000  25.99810000  34.73170000  3
5003  1  2.24959000  10.16480000  7.29218000  4
5004  1  25.29540000  5.91576000  12.71930000  4
5005  1  10.13140000  1.61217000  4.99671000  3
5006  1  22.62770000  26.14890000  25.89620000  4
5007  1  31.37200000  9.73170000  28.02150000  4
5008  1  23.79100000  5.80621000  32.36680000  4
5009  1  22.23980000  4.51254000  17.90720000  4
5010  1  36.00230000  3.31915000  17.23100000  4
5011  1  32.96600000  1.33765000  34.51300000  3
5012  1  22.79370000  35.58840000  21.59810000  4
5013  1  3.86644000  25.53930000  25.86290000  4
5014  1  4.11020000  18.79020000  18.63520000  4
5015  1  12.81910000  9.64268000  10.12480000  4
5016  1  14.45790000  9.69659000  26.13590000  4
5017  1  34.63810000  27.98220000  1.57462000  4
5018  1  14.58760000  5.03541000  27.22360000  3
5019  1  21.05450000  31.16500000  7.22664000  4
5020  1  24.39660000  2.73058000  28.84770000  4
5021  1  24.28370000  31.98230000  13.75360000  4
5022  1  22.04180000  33.48730000  28.35040000  4
5023  1  30.89480000  36.19720000  20.21170000  3
5024  1  6.66694000  19.73860000  34.60110000  4
5025  1  30.95910000  17.19640000  16.17860000  4
5026  1  5.00546000  24.48770000  13.64710000  3
5027  1  26.73200000  16.70290000  36.93050000  4
5028  1  34.50710000  19.46030000  8.31035000  4
5029  1  32.27220000  22.84750000  36.41460000  4
5030  1  34.73740000  6.58171000  23.29740000  4
5031  1  21.20890000  10.83080000  33.71550000  4
5032  1  6.74257000  14.02990000  0.37239100  4
5033  1  16.45010000  1.61016000  36.34250000  4
5034  1  28.42670000  15.89330000  31.58520000  4
5035  1  4.52470000  4.69768000  15.54130000  4
5036  1  34.70880000  23.50200000  18.70530000  3
5037  1  33.47940000  13.10000000  28.14270000  4
5038  1  21.79320000  29.56710000  11.68070000  4
5039  1  4.07486000  33.59910000  2.36105000  3
5040  1  9.26881000  17.96480000  36.03550000  3
5041  1  0.74245400  32.62540000  4.18829000  4
5042  1  15.81380000  33.68800000  28.91190000  4
5043  1  20.68850000  30.25380000  26.96160000  3
5044  1  35.81400000  19.51290000  18.13680000  4
5045  1  34.03030000  3.50697000  18.53250000  4
5046  1  28.97300000  5.39044000  9.41245000  4
5047  1  0.95378000  31.28770000  13.62280000  4
5048  1  10.17890000  13.40100000  20.78530000  3
5049  1  7.32033000  20.63440000  4.86922000  4
5050  1  31.64370000  8.25350000  28.21210000  4
5051  1  34.53200000  4.77186000  25.64830000  4
5052  1  30.50450000  19.16730000  2.04158000  4
5053  1  19.59660000  21.41560000  30.69500000  4
5054  1  34.53830000  25.37990000  6.21799000  4
5055  1  25.04550000  12.13340000  31.66640000  4
5056  1  33.67580000  15.54880000  22.60240000  4
5057  1  21.91820000  7.49701000  32.78470000  4
5058  1  33.13880000  21.69390000  22.04600000  3
5059  1  26.13060000  3.03587000  19.75290000  4
5060  1  2.27969000  18.93400000  33.80910000  4
5061  1  18.78220000  33.42640000  17.75340000  4
5062  1  16.88530000  8.76799000  34.50430000  4
5063  1  18.69120000  15.16320000  9.21120000  4
5064  1  36.87070000  18.59630000  21.06300000  4
5065  1  12.13070000  26.26270000  6.60357000  4
5066  1  23.77600000  1.76843000  9.61998000  4
5067  1  1.39090000  9.75221000  4.10209000  4
5068  1  11.12990000  18.02610000  26.95600000  3
5069  1  13.15110000  24.34940000  31.72600000  4
5070  1  29.66210000  0.87021400  33.26090000  4
5071  1  15.15290000  33.13710000  18.34180000  3
5072  1  32.31170000  1.58350000  5.86423000  3
5073  1  27.94060000  26.26440000  15.57740000  4
5074  1  5.51279000  0.09811220  25.09700000  4
5075  1  33.26940000  15.56260000  31.42350000  4
5076  1  12.12480000  15.27000000  9.94368000  4
5077  1  3.99097000  30.61310000  11.24540000  4
5078  1  17.03140000  1.81414000  12.20800000  3
5079  1  1.30301000  10.48850000  26.45640000  3
5080  1  13.82910000  8.55893000  12.39010000  4
5081  1  28.20370000  3.35376000  6.39232000  4
5082  1  34.57120000  2.31708000  6.97985000  3
5083  1  9.57649000  27.82080000  29.78130000  4
5084  1  17.49480000  2.29028000  1.54671000  4
5085  1  30.26560000  9.56445000  23.55030000  4
5086  1  31.40190000  37.05260000  29.74060000  3
5087  1  0.13974000  0.33959500  10.33820000  3
5088  1  25.50170000  1.85127000  14.97600000  4
5089  1  8.71034000  23.74230000  14.16290000  3
5090  1  35.90700000  24.28040000  36.30140000  3
5091  1  18.38500000  7.54462000  16.59460000  4
5092  1  36.20360000  6.35266000  25.16360000  4
5093  1  11.56980000  23.59410000  23.22420000  4
5094  1  25.23410000  7.57727000  12.24520000  3
5095  1  29.58230000  5.51108000  24.90630000  3
5096  1  21.65220000  16.10490000  37.05250000  4
5097  1  23.64860000  33.58050000  23.86660000  3
5098  1  1.17000000  7.54286000  21.61570000  4
5099  1  27.05110000  23.64860000  26.28070000  3
5100  1  20.90960000  5.18192000  16.10540000  3
5101  1  4.02399000  7.18483000  6.98960000  3
5102  1  7.09867000  27.29880000  4.53077000  3
5103  1  6.07820000  4.96370000  3.59972000  4
5104  1  2.25457000  3.66329000  11.32470000  4
5105  1  8.22337000  18.50280000  13.34040000  3
5106  1  8.27793000  22.99280000  12.85180000  4
5107  1  0.21561000  18.03430000  1.61095000  4
5108  1  22.56640000  28.44120000  8.78957000  4
5109  1  23.41290000  31.97550000  6.82780000  4
5110  1  22.26450000  26.46950000  14.96740000  4
5111  1  12.06330000  36.96620000  22.20440000  4
5112  1  19.05210000  22.64650000  10.67350000  3
5113  1  0.56949200  20.78180000  19.46380000  4
5114  1  27.47490000  17.15400000  34.36160000  4
5115  1  36.09840000  17.44530000  21.63090000  4
5116  1  1.21153000  21.29590000  4.21249000  3
5117  1  28.23600000  13.45600000  19.63530000  4
5118  1  31.64950000  35.80740000  14.98390000  4
5119  1  18.52460000  32.84830000  32.87990000  3
5120  1  26.93090000  16.24610000  12.11840000  4
5121  1  6.03668000  34.91650000  27.65110000  4
5122  1  6.00842000  14.84480000  14.65420000  4
5123  1  30.78720000  21.83390000  25.69920000  4
5124  1  35.62140000  11.17120000  28.71370000  3
5125  1  4.18980000  23.00150000  22.08770000  4
5126  1  12.48950000  21.11940000  19.39940000  4
5127  1  4.88240000  17.82540000  9.45093000  4
5128  1  12.80360000  15.43210000  35.61400000  4
5129  1  33.07880000  2.79515000  24.43740000  4
5130  1  20.38580000  4.08603000  19.41100000  3
5131  1  24.70420000  7.44305000  15.81280000  3
5132  1  21.05040000  4.77123000  30.51400000  4
5133  1  25.01760000  17.89650000  16.54890000  4
5134  1  26.44530000  1.65407000  33.81780000  4
5135  1  31.59160000  19.15170000  35.65860000  4
5136  1  10.43460000  27.08640000  28.67060000  4
5137  1  1.23618000  32.06940000  20.34710000  4
5138  1  2.18943000  19.14070000  6.45868000  4
5139  1  8.39950000  29.87300000  14.97850000  4
5140  1  17.44340000  29.39140000  22.48340000  4
5141  1  1.11079000  18.21270000  28.76340000  4
5142  1  34.72340000  11.97730000  4.80746000  4
5143  1  34.74970000  12.60250000  12.76070000  4
5144  1  1.17806000  2.62939000  31.52310000  4
5145  1  11.47750000  30.50020000  36.27360000  4
5146  1  34.08600000  33.81260000  30.20990000  4
5147  1  26.03450000  5.42722000  18.74600000  4
5148  1  19.44770000  1.41582000  31.58540000  4
5149  1  0.04338720  4.56412000  11.04730000  4
5150  1  10.79790000  27.89180000  27.24390000  4
5151  1  30.80050000  32.26910000  11.69200000  4
5152  1  25.61040000  21.47730000  37.00680000  4
5153  1  26.44640000  30.82020000  25.94190000  4
5154  1  36.52560000  17.03190000  0.76871900  4
5155  1  17.46580000  10.89380000  4.35220000  4
5156  1  33.38530000  27.56230000  4.95955000  4
5157  1  22.15080000  26.83730000  28.27270000  4
5158  1  8.28099000  14.39110000  12.65600000  4
5159  1  4.44810000  7.77653000  10.54910000  4
5160  1  36.17720000  2.22244000  4.99754000  4
5161  1  31.33110000  19.57920000  17.27980000  4
5162  1  13.57270000  29.07620000  19.57190000  4
5163  1  8.57766000  10.50150000  25.71070000  4
5164  1  29.09310000  30.26330000  24.77990000  3
5165  1  12.98350000  36.33890000  11.67040000  4
5166  1  12.94650000  8.97834000  18.71070000  4
5167  1  12.14850000  18.57620000  10.04370000  4
5168  1  11.48780000  29.80820000  25.69710000  4
5169  1  12.62250000  35.67720000  37.01470000  3
5170  1  31.98810000  18.95220000  26.41800000  4
5171  1  30.91880000  30.46190000  36.74790000  3
5172  1  3.36397000  12.98250000  20.81710000  4
5173  1  0.18110300  14.57810000  1.54196000  4
5174  1  4.20861000  4.29525000  33.91790000  4
5175  1  29.99060000  34.22020000  33.91770000  4
5176  1  23.96920000  18.18040000  27.80840000  4
5177  1  13.50940000  22.17970000  19.29110000  4
5178  1  4.97294000  11.73810000  30.69160000  4
5179  1  1.30155000  28.89250000  28.10380000  4
5180  1  27.79660000  36.66080000  14.18760000  4
5181  1  8.87664000  8.19895000  12.93230000  4
5182  1  19.99870000  34.95910000  3.59703000  3
5183  1  17.00210000  5.09427000  16.88750000  4
5184  1  29.12450000  20.14920000  17.66220000  4
5185  1  9.29774000  20.35710000  14.88420000  4
5186  1  34.38220000  8.65559000  15.17270000  3
5187  1  27.45850000  22.05560000  12.76160000  3
5188  1  34.67680000  1.72670000  27.82240000  4
5189  1  1.26471000  8.48912000  35.15210000  4
5190  1  6.13309000  4.04385000  18.53670000  4
5191  1  28.15950000  30.98820000  31.09980000  4
5192  1  34.33980000  20.63500000  9.38634000  4
5193  1  14.82720000  8.80101000  27.36240000  4
5194  1  32.18620000  27.52560000  0.73140000  3
5195  1  31.19050000  32.85430000  36.07720000  4
5196  1  16.46290000  5.35586000  36.59180000  4
5197  1  36.42980000  14.70480000  11.17550000  3
5198  1  10.37960000  27.28540000  8.13489000  4
5199  1  7.13184000  35.90850000  3.24365000  4
5200  1  32.47380000  24.48840000  19.29000000  4
5201  1  21.95130000  15.40740000  23.58150000  4
5202  1  4.21953000  35.41450000  36.32490000  4
5203  1  33.86130000  31.30770000  36.56370000  4
5204  1  0.11367500  24.52060000  20.79870000  4
5205  1  0.33227000  24.25220000  14.65880000  4
5206  1  34.61520000  29.73490000  7.22737000  4
5207  1  16.05020000  21.71940000  14.03540000  4
5208  1  2.70448000  27.53770000  2.78761000  4
5209  1  18.78620000  28.60840000  10.94550000  4
5210  1  6.93389000  4.41431000  16.34190000  4
5211  1  8.43047000  11.53380000  26.79940000  4
5212  1  27.63870000  24.13960000  14.08210000  3
5213  1  5.92386000  26.38110000  28.68540000  4
5214  1  13.09990000  18.61550000  12.20410000  3
5215  1  13.00240000  0.20730600  6.86987000  4
5216  1  7.40622000  17.46220000  7.08946000  4
5217  1  35.15150000  10.72360000  2.27077000  4
5218  1  3.15211000  28.92140000  36.02740000  3
5219  1  29.74120000  30.84310000  7.66487000  4
5220  1  35.00890000  23.57170000  24.43070000  4
5221  1  27.19180000  11.08820000  24.22920000  4
5222  1  31.88350000  27.61030000  22.86530000  4
5223  1  26.78840000  5.41575000  7.52246000  4
5224  1  33.78100000  20.29860000  7.02581000  4
5225  1  6.63300000  22.92920000  10.87020000  4
5226  1  12.96960000  35.59570000  14.34880000  4
5227  1  33.02090000  33.03790000  22.05150000  4
5228  1  9.96593000  2.31302000  12.78900000  4
5229  1  28.66200000  9.31413000  29.50090000  4
5230  1  5.43337000  20.50150000  17.40410000  4
5231  1  33.08730000  11.63110000  28.47940000  4
5232  1  6.97978000  14.24640000  29.71710000  4
5233  1  28.08860000  34.04650000  3.23905000  4
5234  1  31.78850000  28.52910000  6.73100000  4
5235  1  29.75550000  32.19180000  25.93870000  4
5236  1  12.13910000  11.92910000  12.85010000  4
5237  1  21.50840000  22.30040000  33.10470000  4
5238  1  10.42580000  3.59025000  16.13630000  4
5239  1  0.41687400  32.30920000  24.81000000  3
5240  1  26.19010000  35.53930000  22.09210000  3
5241  1  15.04860000  0.43352800  18.05310000  4
5242  1  10.51340000  0.31477000  29.17130000  3
5243  1  18.12520000  9.87388000  12.32930000  3
5244  1  30.18130000  7.03935000  23.27850000  4
5245  1  18.05180000  11.30760000  23.87640000  4
5246  1  9.79279000  16.98660000  7.74772000  4
5247  1  34.25210000  19.03880000  19.98740000  4
5248  1  1.83277000  27.74990000  12.22230000  4
5249  1  10.01350000  12.73890000  23.13220000  4
5250  1  13.74860000  5.60041000  1.63434000  4
5251  1  15.67130000  17.16530000  22.34360000  4
5252  1  6.32898000  5.95610000  26.08320000  4
5253  1  5.28056000  13.81750000  24.14740000  4
5254  1  8.91113000  28.76890000  34.20370000  3
5255  1  30.43400000  6.02182000  27.82760000  3
5256  1  35.13250000  13.72230000  2.91446000  4
5257  1  3.30619000  4.21184000  14.56010000  4
5258  1  15.28930000  20.93270000  37.08830000  3
5259  1  24.26030000  23.99330000  29.58250000  4
5260  1  22.94250000  16.51720000  18.79080000  4
5261  1  35.40880000  14.99540000  17.41430000  4
5262  1  18.41570000  23.44250000  13.09320000  4
5263  1  32.30390000  3.49846000  33.62750000  3
5264  1  6.40498000  17.82640000  15.02300000  4
5265  1  12.25570000  3.00419000  12.04960000  4
5266  1  14.84650000  17.46740000  32.29740000  3
5267  1  14.63380000  7.70688000  11.33010000  4
5268  1  10.73550000  0.84487300  32.16230000  4
5269  1  17.30100000  2.67781000  14.46520000  3
5270  1  6.15094000  13.78200000  3.69100000  3
5271  1  22.07740000  28.32790000  19.26380000  4
5272  1  35.63690000  3.91741000  0.96613000  3
5273  1  29.09400000  10.79510000  5.85211000  4
5274  1  9.43470000  31.00390000  30.21970000  4
5275  1  7.66573000  2.88938000  8.24120000  4
5276  1  30.06460000  32.92080000  27.19560000  4
5277  1  5.09532000  2.53691000  13.59040000  4
5278  1  10.72550000  9.88567000  12.14230000  3
5279  1  30.13990000  3.25584000  25.82470000  4
5280  1  12.17250000  13.25410000  15.22330000  4
5281  1  18.34240000  25.42360000  9.00143000  4
5282  1  8.86520000  25.61910000  6.84387000  3
5283  1  11.31690000  32.70290000  7.72240000  3
5284  1  2.73990000  4.69734000  7.17659000  4
5285  1  26.52630000  12.93060000  22.82500000  3
5286  1  22.16770000  7.82278000  15.34400000  4
5287  1  31.51890000  12.54590000  9.17430000  3
5288  1  7.87380000  18.71930000  7.82500000  4
5289  1  0.47242500  33.50160000  1.98406000  4
5290  1  13.19950000  8.46998000  1.97070000  4
5291  1  32.06380000  20.16040000  5.11981000  4
5292  1  1.37526000  36.24840000  22.81420000  4
5293  1  31.13560000  35.13630000  12.09880000  4
5294  1  29.14160000  1.15465000  28.38440000  4
5295  1  24.71920000  26.90430000  24.73920000  4
5296  1  0.08308840  8.28362000  10.91630000  4
5297  1  36.97820000  1.08367000  12.62130000  4
5298  1  29.39940000  15.50930000  25.83650000  4
5299  1  8.98058000  23.58920000  2.68198000  4
5300  1  15.80740000  9.21538000  33.39300000  4
5301  1  28.97320000  19.79040000  19.11320000  3
5302  1  13.63380000  4.96825000  5.20564000  4
5303  1  16.51970000  0.74543900  33.64860000  3
5304  1  29.17300000  18.62030000  17.16700000  4
5305  1  21.07500000  25.92260000  8.49421000  3
5306  1  19.53140000  15.24220000  10.52190000  4
5307  1  36.57830000  20.13210000  10.60910000  4
5308  1  2.17708000  5.30039000  8.84831000  4
5309  1  23.65140000  8.43760000  2.03604000  4
5310  1  22.90210000  0.49444800  29.43880000  3
5311  1  7.36883000  19.98010000  29.24110000  4
5312  1  14.05410000  5.90575000  20.72800000  4
5313  1  2.53000000  36.44220000  10.15790000  4
5314  1  22.08420000  33.55430000  11.85950000  4
5315  1  20.25080000  35.82580000  26.13910000  4
5316  1  19.15160000  27.75500000  21.39540000  3
5317  1  21.67470000  26.36810000  7.27329000  4
5318  1  34.22720000  23.26430000  5.03467000  4
5319  1  20.77970000  17.75760000  33.37160000  4
5320  1  25.23120000  16.62130000  6.26178000  4
5321  1  16.76880000  20.56860000  22.92710000  4
5322  1  18.73690000  17.81520000  10.98060000  4
5323  1  9.41618000  32.70100000  24.47820000  3
5324  1  4.47432000  8.07710000  22.02360000  3
5325  1  5.52781000  7.23328000  25.78980000  4
5326  1  1.46620000  33.64400000  23.11040000  3
5327  1  10.40970000  22.37190000  28.65690000  4
5328  1  32.79940000  7.67937000  10.18930000  4
5329  1  33.46380000  1.18366000  16.58730000  4
5330  1  2.82447000  6.75102000  9.17038000  4
5331  1  37.02110000  19.19070000  24.73880000  4
5332  1  16.42560000  22.98880000  14.97080000  4
5333  1  21.79570000  20.05540000  13.09610000  4
5334  1  30.04050000  8.47999000  21.27360000  4
5335  1  17.87450000  36.86130000  19.41660000  3
5336  1  19.65490000  21.25790000  36.51350000  4
5337  1  4.73151000  31.17320000  20.75240000  4
5338  1  34.19880000  4.94841000  13.14020000  4
5339  1  15.17420000  25.62460000  30.48640000  3
5340  1  27.65820000  9.11460000  25.36830000  4
5341  1  2.62049000  10.84960000  3.74995000  4
5342  1  20.54140000  4.40804000  24.08950000  4
5343  1  18.12650000  20.42320000  33.32300000  3
5344  1  32.32600000  1.09313000  17.62400000  4
5345  1  28.46950000  3.45221000  21.15940000  4
5346  1  18.96600000  7.99874000  7.48091000  3
5347  1  26.44600000  30.49720000  9.53536000  3
5348  1  21.60820000  13.02390000  30.64120000  3
5349  1  8.41305000  18.32060000  15.84070000  4
5350  1  30.50550000  24.08930000  23.21430000  4
5351  1  11.51310000  29.29960000  27.28530000  4
5352  1  2.67394000  28.02930000  32.54530000  3
5353  1  35.78870000  6.35796000  29.83520000  4
5354  1  31.11450000  15.51010000  27.48000000  4
5355  1  34.67330000  17.23070000  30.13800000  4
5356  1  2.33839000  14.33080000  37.08760000  4
5357  1  19.55160000  13.60310000  7.46665000  4
5358  1  28.21120000  37.13430000  27.83000000  4
5359  1  27.27240000  26.86840000  4.33658000  3
5360  1  4.54787000  14.38420000  11.28200000  4
5361  1  5.28449000  0.07818600  1.95112000  4
5362  1  8.43915000  36.30450000  24.93680000  4
5363  1  35.86660000  27.35210000  13.37880000  4
5364  1  28.19280000  4.83262000  34.75360000  4
5365  1  12.00060000  1.12155000  27.06100000  4
5366  1  4.07523000  6.27444000  4.66065000  4
5367  1  13.60800000  7.34171000  10.15990000  4
5368  1  22.72320000  34.12360000  5.79002000  4
5369  1  35.24160000  22.21360000  4.52632000  4
5370  1  24.48110000  6.20742000  15.05720000  4
5371  1  24.66730000  6.50165000  31.47800000  4
5372  1  14.44920000  34.85010000  1.97486000  4
5373  1  16.89000000  9.11007000  22.67970000  4
5374  1  13.37410000  22.28980000  9.98509000  3
5375  1  11.62900000  36.84660000  4.45824000  4
5376  1  18.84870000  25.58030000  27.01400000  4
5377  1  10.35590000  0.08040720  18.45530000  4
5378  1  2.56209000  17.97300000  36.36620000  4
5379  1  20.77340000  13.03430000  3.58841000  3
5380  1  26.66700000  16.90310000  26.40360000  4
5381  1  26.93530000  0.25319200  5.94391000  4
5382  1  34.46500000  30.59160000  9.50448000  3
5383  1  34.04430000  35.91210000  12.48000000  3
5384  1  20.88450000  0.04887900  14.40560000  4
5385  1  28.68700000  1.74438000  19.60570000  4
5386  1  34.58580000  13.62690000  32.48390000  4
5387  1  6.58303000  16.56410000  26.92240000  4
5388  1  25.33050000  31.72550000  17.38970000  4
5389  1  3.15085000  27.35290000  28.60470000  4
5390  1  19.95710000  33.37380000  21.76580000  4
5391  1  26.33250000  23.30550000  1.60723000  4
5392  1  18.65760000  26.10890000  18.95880000  4
5393  1  20.22060000  35.13540000  27.57180000  4
5394  1  32.46800000  29.83090000  11.37990000  3
5395  1  10.27250000  11.97100000  0.20857100  4
5396  1  2.42975000  12.48930000  1.70388000  3
5397  1  4.99872000  7.33535000  31.60880000  4
5398  1  29.66520000  22.70330000  34.73670000  4
5399  1  13.95970000  7.64882000  34.85270000  4
5400  1  29.68690000  10.54780000  24.58420000  4
5401  1  28.54050000  9.33468000  32.23680000  3
5402  1  4.20528000  24.04580000  18.21320000  4
5403  1  12.40230000  29.57250000  17.49290000  3
5404  1  36.59260000  18.23930000  2.92469000  4
5405  1  17.50550000  24.32610000  1.32082000  4
5406  1  34.70930000  19.37620000  22.83900000  4
5407  1  20.05500000  28.33430000  8.77457000  3
5408  1  2.56802000  5.67811000  35.87350000  3
5409  1  2.26222000  10.00430000  24.18030000  3
5410  1  16.35850000  14.30750000  34.21540000  4
5411  1  16.76650000  17.01750000  5.69909000  4
5412  1  9.09366000  35.26630000  33.02400000  4
5413  1  36.07080000  24.52440000  21.69670000  4
5414  1  10.14400000  18.89990000  27.33930000  3
5415  1  5.78155000  11.56940000  25.39710000  4
5416  1  14.58580000  35.40740000  14.79510000  4
5417  1  2.10497000  8.01504000  5.83906000  4
5418  1  14.57080000  37.00230000  7.08036000  4
5419  1  31.84870000  25.69040000  20.02870000  4
5420  1  17.25830000  27.77660000  6.35827000  3
5421  1  33.90850000  11.50260000  13.85180000  4
5422  1  8.74429000  9.40591000  16.29660000  4
5423  1  36.52390000  11.17530000  14.68060000  3
5424  1  20.63040000  25.34490000  15.94570000  4
5425  1  0.61891300  17.58260000  18.83560000  4
5426  1  5.03782000  6.14550000  7.21824000  4
5427  1  28.21930000  9.01130000  30.93770000  3
5428  1  4.30396000  6.48521000  9.69413000  4
5429  1  10.99530000  23.90190000  33.80530000  3
5430  1  32.32700000  26.40750000  27.37130000  4
5431  1  28.27210000  30.01880000  2.36756000  3
5432  1  0.18454300  16.98530000  9.31274000  4
5433  1  30.94100000  4.36649000  3.92473000  3
5434  1  0.75679400  16.55540000  3.84360000  4
5435  1  18.92360000  29.01460000  13.84590000  4
5436  1  24.50860000  17.15800000  7.49401000  4
5437  1  18.71170000  26.19400000  3.36082000  4
5438  1  12.14810000  29.63360000  10.53500000  4
5439  1  25.54210000  29.20170000  27.73380000  4
5440  1  17.42200000  16.09360000  9.44828000  4
5441  1  5.02697000  20.19030000  34.31370000  4
5442  1  27.09770000  34.47540000  28.76540000  3
5443  1  16.55870000  7.93532000  35.86440000  4
5444  1  11.64550000  15.67370000  29.65650000  4
5445  1  13.53810000  8.54029000  16.27840000  4
5446  1  0.37345000  10.88070000  9.30988000  4
5447  1  24.26750000  20.52200000  36.88370000  4
5448  1  9.06828000  25.50380000  0.37628000  4
5449  1  3.44340000  21.20690000  0.13529800  4
5450  1  19.22020000  25.93100000  35.92340000  4
5451  1  4.64295000  1.40202000  2.12727000  3
5452  1  10.45750000  11.94170000  20.80940000  4
5453  1  8.50524000  2.23390000  0.49621600  4
5454  1  4.40315000  29.60960000  28.98020000  4
5455  1  21.94120000  30.52600000  1.28829000  3
5456  1  33.94620000  16.12510000  16.31480000  4
5457  1  17.33090000  0.50509200  30.35130000  3
5458  1  15.31370000  0.69386000  3.76589000  3
5459  1  13.00620000  19.57890000  33.19560000  4
5460  1  15.50420000  16.63500000  13.61450000  4
5461  1  20.32570000  16.16670000  0.81472800  4
5462  1  14.10290000  5.29563000  35.51710000  4
5463  1  33.74490000  32.00590000  1.72759000  4
5464  1  27.43990000  24.75150000  10.27700000  4
5465  1  10.41810000  18.78980000  20.54780000  3
5466  1  14.86100000  4.67404000  6.26392000  4
5467  1  15.60960000  32.62600000  9.73668000  4
5468  1  15.10860000  4.99342000  1.33352000  3
5469  1  4.92884000  11.03620000  8.56829000  4
5470  1  21.29740000  11.73410000  10.87610000  4
5471  1  25.17740000  17.74140000  12.70900000  3
5472  1  25.88940000  31.63950000  10.24720000  4
5473  1  23.63360000  8.28040000  15.80510000  3
5474  1  33.13850000  31.59860000  22.41590000  4
5475  1  31.01290000  5.51061000  31.02210000  3
5476  1  7.76448000  30.27740000  27.52250000  4
5477  1  6.23481000  3.30703000  14.19870000  4
5478  1  29.42880000  20.98850000  14.39330000  4
5479  1  7.69913000  8.23970000  6.54430000  4
5480  1  0.18698300  29.45220000  15.86950000  4
5481  1  3.23676000  29.23860000  19.89790000  4
5482  1  26.99290000  23.14810000  17.14640000  3
5483  1  20.41180000  27.15520000  12.46790000  4
5484  1  6.78094000  31.67230000  0.05281020  4
5485  1  20.36590000  1.84145000  27.49600000  4
5486  1  26.03760000  36.56250000  15.84970000  3
5487  1  19.77610000  23.37300000  19.97930000  4
5488  1  5.47139000  35.33180000  33.41870000  4
5489  1  5.26289000  24.18010000  29.10040000  4
5490  1  21.78790000  11.18570000  17.80990000  4
5491  1  34.11310000  7.07012000  24.57290000  4
5492  1  26.78800000  7.07629000  9.33344000  4
5493  1  17.08060000  21.56890000  5.74577000  3
5494  1  13.11240000  9.73094000  36.70320000  4
5495  1  29.30200000  10.59720000  29.06040000  4
5496  1  15.77140000  28.02290000  15.63020000  4
5497  1  28.72910000  6.11659000  32.71970000  4
5498  1  2.49038000  11.31820000  17.49320000  4
5499  1  4.82379000  30.54060000  34.47700000  4
5500  1  33.45370000  32.21750000  27.87180000  4
5501  1  3.43257000  20.63720000  30.67070000  4
5502  1  21.14830000  15.78420000  15.40350000  4
5503  1  26.03450000  12.84030000  8.53999000  4
5504  1  0.90160600  2.06750000  1.36867000  4
5505  1  5.82312000  19.92860000  26.53230000  3
5506  1  36.64390000  13.33840000  22.88030000  4
5507  1  34.61910000  5.43133000  34.18300000  3
5508  1  31.11070000  29.82600000  18.51750000  4
5509  1  21.04960000  6.21729000  20.67720000  3
5510  1  5.94588000  8.31466000  35.90110000  4
5511  1  23.12280000  17.35600000  23.08170000  3
5512  1  16.69470000  30.07490000  1.06445000  4
5513  1  6.68107000  5.34261000  9.00218000  4
5514  1  25.86650000  4.36600000  29.62750000  3
5515  1  19.13490000  22.44100000  31.98590000  4
5516  1  20.54640000  21.96820000  9.06512000  3
5517  1  32.99610000  9.87898000  3.53010000  4
5518  1  20.49260000  16.82070000  29.92510000  4
5519  1  21.82520000  14.38620000  15.02560000  4
5520  1  5.44029000  23.41170000  12.85820000  3
5521  1  24.42080000  21.56610000  2.04688000  4
5522  1  34.31820000  21.85180000  8.54600000  4
5523  1  28.91540000  35.63070000  10.86520000  4
5524  1  20.43470000  35.60650000  1.27343000  4
5525  1  0.94412000  14.38750000  6.81449000  4
5526  1  31.98650000  31.99940000  7.79943000  3
5527  1  21.34670000  34.95190000  13.69030000  3
5528  1  35.40610000  29.74420000  4.96869000  4
5529  1  16.26990000  25.66820000  25.27400000  3
5530  1  17.55010000  8.33255000  4.22461000  4
5531  1  18.02810000  3.89704000  16.57050000  4
5532  1  28.14890000  11.38030000  8.46773000  4
5533  1  26.52690000  31.06490000  0.20774700  3
5534  1  23.91190000  26.27330000  30.50750000  4
5535  1  32.27090000  19.82960000  13.58440000  3
5536  1  33.82310000  34.92250000  11.58500000  3
5537  1  28.15270000  17.47910000  28.67150000  4
5538  1  19.76440000  23.85030000  34.02820000  4
5539  1  22.34490000  3.13137000  0.15195700  4
5540  1  10.40050000  30.06720000  28.00670000  4
5541  1  2.07110000  27.49990000  26.08910000  4
5542  1  14.79750000  35.64280000  0.70899400  3
5543  1  13.02520000  23.70850000  9.90894000  3
5544  1  8.95505000  25.40240000  16.45660000  3
5545  1  8.27923000  17.70250000  22.85080000  4
5546  1  32.37150000  36.48290000  5.01078000  3
5547  1  25.51880000  33.71300000  19.39970000  3
5548  1  26.60860000  14.15710000  35.45450000  4
5549  1  9.14367000  2.48458000  32.62700000  3
5550  1  20.78910000  31.72660000  29.38270000  4
5551  1  21.11020000  21.70880000  30.36860000  4
5552  1  4.25158000  25.19980000  35.71650000  4
5553  1  17.47050000  33.03200000  8.24932000  3
5554  1  27.95090000  37.02970000  1.80604000  3
5555  1  7.72365000  23.89510000  11.58400000  4
5556  1  11.91100000  17.65450000  8.88485000  4
5557  1  1.63544000  14.56740000  22.37340000  4
5558  1  13.36740000  7.55156000  19.11380000  4
5559  1  18.05600000  26.69070000  8.23231000  4
5560  1  23.20470000  23.68780000  2.84853000  4
5561  1  12.22010000  36.06420000  2.08554000  3
5562  1  11.94930000  8.61588000  26.41780000  3
5563  1  0.61280000  14.17180000  23.54390000  4
5564  1  27.43590000  22.62470000  22.90600000  3
5565  1  7.49506000  28.07350000  23.09460000  3
5566  1  36.37030000  18.70010000  27.21560000  4
5567  1  0.00058472  23.07230000  20.18370000  4
5568  1  36.59100000  25.20950000  37.13140000  3
5569  1  8.64263000  20.41820000  5.80903000  4
5570  1  11.14870000  0.08602950  34.65140000  4
5571  1  32.14150000  35.04480000  36.66470000  4
5572  1  13.79210000  25.76490000  19.17660000  4
5573  1  4.46438000  28.19390000  6.90632000  4
5574  1  17.06810000  21.03650000  2.26805000  3
5575  1  18.67960000  23.86390000  23.15510000  4
5576  1  24.14800000  32.14050000  12.16890000  4
5577  1  17.40840000  5.15382000  6.45304000  4
5578  1  0.14521400  30.90980000  8.49960000  4
5579  1  10.68460000  11.49300000  8.36665000  4
5580  1  15.26570000  3.75163000  32.56330000  4
5581  1  30.63070000  24.96550000  28.66610000  4
5582  1  5.45810000  5.43041000  27.30680000  4
5583  1  7.14224000  4.85214000  6.57342000  4
5584  1  34.52820000  15.69510000  7.42604000  4
5585  1  11.13020000  13.39270000  31.56590000  3
5586  1  36.17250000  1.83346000  27.98820000  4
5587  1  6.18014000  25.86110000  22.76020000  4
5588  1  18.90380000  10.69220000  33.01340000  4
5589  1  34.06210000  4.80628000  21.65850000  3
5590  1  24.44900000  25.79100000  20.79710000  4
5591  1  2.09607000  34.05870000  27.45860000  3
5592  1  19.42740000  29.37870000  12.33170000  4
5593  1  19.27290000  27.36050000  35.21340000  4
5594  1  9.44631000  22.31980000  12.42500000  3
5595  1  12.38720000  2.91456000  19.60890000  4
5596  1  15.33950000  9.19969000  9.54762000  4
5597  1  35.77120000  35.96850000  27.69250000  4
5598  1  29.20810000  25.76620000  1.15609000  4
5599  1  34.86260000  13.91100000  15.23860000  4
5600  1  24.85810000  16.42160000  1.51434000  4
5601  1  16.25270000  16.64240000  3.29414000  4
5602  1  11.15480000  17.48870000  21.11130000  4
5603  1  15.76330000  25.78670000  8.64037000  4
5604  1  20.64490000  4.76453000  6.58187000  4
5605  1  26.24980000  19.60700000  31.68460000  5
5606  1  5.20367000  27.22370000  18.03410000  4
5607  1  3.14865000  8.73669000  12.38900000  3
5608  1  27.17270000  18.54360000  2.72103000  3
5609  1  10.34330000  24.17280000  18.53220000  3
5610  1  5.06809000  35.11390000  26.54330000  4
5611  1  9.25096000  7.89540000  11.39530000  4
5612  1  24.10050000  17.19670000  33.01700000  3
5613  1  14.49930000  25.94160000  5.91501000  3
5614  1  20.18040000  26.03820000  19.28880000  4
5615  1  24.31260000  16.88520000  36.20460000  3
5616  1  8.21941000  35.46990000  2.22633000  4
5617  1  1.07770000  12.56350000  33.77050000  4
5618  1  28.03560000  3.38520000  18.18970000  3
5619  1  4.73869000  10.23630000  23.19230000  4
5620  1  24.59730000  0.50231600  34.11780000  4
5621  1  12.17940000  23.17450000  0.26451800  4
5622  1  14.88480000  21.22370000  25.72460000  4
5623  1  34.08390000  11.77490000  2.24020000  4
5624  1  4.04591000  0.37690900  19.66050000  3
5625  1  17.82980000  26.87460000  2.33703000  4
5626  1  23.06340000  9.39385000  31.28520000  3
5627  1  5.47023000  22.37870000  19.53490000  4
5628  1  29.44060000  1.97491000  7.95594000  4
5629  1  13.66070000  33.85130000  27.75610000  4
5630  1  33.38370000  5.91960000  17.90880000  3
5631  1  22.68330000  1.63775000  8.67527000  4
5632  1  32.50080000  23.93480000  1.55161000  4
5633  1  13.07280000  5.08207000  10.72880000  4
5634  1  2.20953000  5.54311000  19.48100000  4
5635  1  22.98890000  17.83880000  0.57522700  3
5636  1  32.63610000  36.66420000  7.68548000  4
5637  1  10.26970000  19.36300000  12.57460000  4
5638  1  37.02000000  28.22800000  11.11100000  4
5639  1  18.98450000  0.98591900  27.53000000  4
5640  1  22.85270000  26.59770000  10.32160000  4
5641  1  26.54060000  29.18110000  11.92060000  4
5642  1  32.05620000  5.44900000  10.89170000  4
5643  1  12.72000000  19.98620000  26.22470000  4
5644  1  24.34550000  26.68780000  33.73410000  4
5645  1  14.12520000  0.02629340  33.29820000  4
5646  1  24.55800000  12.86300000  24.70030000  3
5647  1  29.70360000  12.02520000  24.27240000  4
5648  1  32.05480000  2.03197000  33.73070000  3
5649  1  5.47781000  36.61010000  17.48670000  3
5650  1  18.81010000  19.93440000  36.94040000  4
5651  1  21.13580000  25.69840000  25.61180000  4
5652  1  7.61995000  13.06980000  33.07800000  4
5653  1  26.13760000  10.13570000  36.17980000  3
5654  1  23.50380000  20.36190000  18.91900000  4
5655  1  19.71740000  27.81360000  16.02590000  4
5656  1  18.09380000  25.01880000  28.13190000  3
5657  1  3.93391000  8.90569000  22.97370000  3
5658  1  29.08600000  26.48240000  7.09693000  3
5659  1  36.35700000  25.58360000  24.02980000  4
5660  1  21.16660000  35.34390000  35.85600000  4
5661  1  36.65230000  35.13870000  8.78783000  4
5662  1  27.58240000  33.86550000  8.75201000  3
5663  1  17.75070000  3.10736000  27.15290000  4
5664  1  25.95300000  16.44610000  31.08910000  4
5665  1  25.75490000  14.22320000  6.23800000  4
5666  1  11.19650000  8.61935000  29.91550000  4
5667  1  8.54397000  28.77600000  29.13730000  4
5668  1  33.60850000  20.06910000  5.52384000  4
5669  1  31.39120000  23.91470000  24.37150000  4
5670  1  2.82496000  29.20490000  31.83340000  4
5671  1  9.62969000  35.75030000  2.91132000  3
5672  1  8.56914000  19.67310000  2.98700000  4
5673  1  28.91880000  25.10230000  7.43681000  4
5674  1  15.61990000  31.27370000  20.65800000  4
5675  1  19.36590000  33.97210000  15.46810000  4
5676  1  4.87966000  25.04690000  32.87820000  4
5677  1  23.93750000  29.14830000  16.45960000  4
5678  1  30.49140000  25.84550000  30.81460000  3
5679  1  19.03470000  2.19360000  19.89820000  4
5680  1  6.29981000  17.50680000  24.82330000  4
5681  1  2.70976000  21.93730000  30.23980000  4
5682  1  12.14990000  36.23150000  23.48430000  4
5683  1  15.97870000  30.95760000  3.31776000  4
5684  1  11.64920000  35.27250000  4.44987000  4
5685  1  35.75070000  16.84520000  13.84520000  4
5686  1  6.58402000  31.25560000  14.59800000  3
5687  1  11.45780000  16.92030000  15.75120000  4
5688  1  16.76690000  19.29200000  22.14290000  3
5689  1  34.36070000  12.35250000  11.25820000  4
5690  1  19.31350000  19.66850000  33.29800000  3
5691  1  5.53608000  17.92100000  36.08580000  4
5692  1  3.37098000  15.36410000  24.41130000  4
5693  1  18.85230000  0.81620200  32.89760000  4
5694  1  31.07390000  2.52894000  10.40840000  4
5695  1  20.96370000  21.27960000  0.38539600  4
5696  1  12.49820000  35.00730000  26.13050000  4
5697  1  21.74880000  1.13806000  16.44350000  3
5698  1  9.76932000  33.71520000  27.55600000  3
5699  1  7.12622000  31.84720000  5.96428000  4
5700  1  22.22000000  28.12590000  30.74050000  4
5701  1  13.73340000  25.76290000  26.80100000  3
5702  1  33.39780000  3.55709000  36.56420000  4
5703  1  6.49428000  2.99666000  27.30080000  4
5704  1  17.39900000  9.64766000  3.46824000  4
5705  1  25.74940000  16.98080000  11.58530000  4
5706  1  36.43290000  19.06090000  13.09540000  4
5707  1  4.22046000  2.18944000  11.52490000  4
5708  1  24.02940000  8.67956000  3.52932000  4
5709  1  36.84880000  11.83930000  34.06550000  4
5710  1  30.27250000  19.77380000  24.57600000  4
5711  1  5.35603000  21.84730000  6.12047000  4
5712  1  12.57980000  33.65860000  25.34990000  4
5713  1  9.99736000  2.03804000  7.33990000  4
5714  1  10.42600000  8.23311000  33.25650000  3
5715  1  5.47154000  9.22451000  20.18960000  3
5716  1  17.68740000  16.00460000  32.77710000  4
5717  1  19.37580000  5.63963000  9.82369000  4
5718  1  2.29574000  35.18290000  3.30639000  4
5719  1  21.79390000  22.32100000  8.36747000  4
5720  1  19.52520000  15.07600000  4.44325000  4
5721  1  19.85730000  19.31720000  5.29022000  4
5722  1  0.57875800  5.24373000  8.82564000  4
5723  1  32.30970000  10.83720000  35.65130000  3
5724  1  15.20950000  24.79460000  6.24512000  3
5725  1  34.99700000  15.67420000  13.22780000  3
5726  1  6.88101000  36.32650000  0.01376520  4
5727  1  17.68020000  17.42370000  32.32280000  3
5728  1  6.73043000  15.78160000  13.42460000  4
5729  1  8.08139000  30.47070000  18.90070000  4
5730  1  3.71622000  7.16693000  21.15190000  4
5731  1  0.15654000  31.05040000  3.81286000  4
5732  1  7.79269000  2.85011000  22.89590000  3
5733  1  17.23250000  26.85060000  29.99810000  3
5734  1  3.91419000  30.72640000  9.53400000  4
5735  1  23.04450000  11.01470000  4.28293000  4
5736  1  21.75280000  26.67030000  4.92157000  4
5737  1  19.80920000  19.83440000  17.43820000  4
5738  1  3.87975000  9.83167000  33.21230000  4
5739  1  22.01510000  16.30500000  12.32300000  4
5740  1  17.32390000  2.39076000  31.92920000  3
5741  1  25.61830000  24.20720000  28.99600000  3
5742  1  27.28280000  16.56060000  4.69754000  4
5743  1  27.93100000  24.49090000  3.27435000  4
5744  1  10.18270000  26.48950000  33.95110000  4
5745  1  26.35040000  21.13140000  27.30560000  3
5746  1  34.16730000  14.66400000  13.98310000  4
5747  1  31.08530000  30.18350000  15.68120000  4
5748  1  12.27290000  20.75230000  33.73930000  4
5749  1  35.68390000  6.93942000  5.05349000  3
5750  1  5.45857000  35.06080000  4.86632000  4
5751  1  23.36050000  4.35344000  30.39170000  3
5752  1  35.32280000  3.34909000  33.20960000  4
5753  1  22.94970000  16.38890000  33.32670000  4
5754  1  37.00700000  33.08860000  28.14840000  4
5755  1  3.49593000  19.78660000  25.86760000  4
5756  1  3.61358000  34.13310000  12.06990000  4
5757  1  25.02360000  16.11210000  28.28450000  3
5758  1  27.23770000  14.93020000  28.10110000  4
5759  1  19.76250000  18.83400000  36.28190000  4
5760  1  5.12061000  22.85500000  18.20650000  3
5761  1  17.63750000  1.66434000  33.24180000  4
5762  1  18.12040000  14.79760000  23.23800000  4
5763  1  1.58161000  9.84006000  17.63770000  4
5764  1  27.66880000  14.21090000  13.65030000  4
5765  1  29.04750000  2.54377000  35.22400000  3
5766  1  29.39710000  7.70911000  17.26730000  4
5767  1  13.57170000  21.69680000  14.72840000  4
5768  1  14.15790000  12.00120000  6.15036000  4
5769  1  11.56280000  32.73510000  30.86790000  3
5770  1  17.17310000  35.93370000  0.66355200  4
5771  1  3.88256000  29.90900000  21.18080000  4
5772  1  1.85377000  7.73960000  0.79018900  3
5773  1  13.82500000  5.89692000  9.54842000  4
5774  1  37.07780000  0.28050900  19.42580000  4
5775  1  6.40916000  14.71590000  18.10900000  3
5776  1  6.23608000  29.76080000  5.61803000  4
5777  1  21.15330000  18.62140000  21.61230000  4
5778  1  31.11200000  0.81157400  13.42540000  4
5779  1  12.40500000  1.44048000  12.05810000  4
5780  1  1.69032000  29.10640000  30.59540000  4
5781  1  5.44382000  30.51130000  36.97500000  4
5782  1  26.77530000  11.24280000  11.76530000  4
5783  1  23.47590000  5.73751000  20.30490000  4
5784  1  15.90880000  35.17510000  17.02230000  4
5785  1  2.56580000  12.21980000  18.72900000  4
5786  1  13.40800000  27.31280000  35.08660000  4
5787  1  22.39810000  12.86730000  11.49680000  4
5788  1  3.22608000  31.26040000  18.86310000  4
5789  1  22.22900000  33.52930000  23.23830000  4
5790  1  17.14940000  2.86725000  35.49390000  4
5791  1  4.13571000  24.45990000  6.04567000  4
5792  1  21.13520000  6.37994000  35.43860000  4
5793  1  29.01660000  13.34370000  18.23800000  4
5794  1  7.84906000  1.54490000  5.92860000  4
5795  1  7.42845000  3.87393000  10.63280000  3
5796  1  19.96910000  0.15620600  36.79130000  3
5797  1  28.17470000  8.26089000  24.26210000  3
5798  1  5.97934000  23.21110000  36.14490000  4
5799  1  32.81410000  34.22800000  8.41465000  3
5800  1  21.22630000  10.22070000  5.93621000  3
5801  1  21.15620000  15.63140000  32.26180000  3
5802  1  33.41440000  15.87790000  27.58520000  3
5803  1  3.48044000  31.41200000  15.49540000  4
5804  1  13.97380000  13.94750000  24.45200000  4
5805  1  11.97510000  25.77480000  14.90390000  3
5806  1  33.70980000  18.23820000  8.37625000  3
5807  1  8.74745000  26.96320000  30.78360000  4
5808  1  33.00720000  27.83720000  14.58210000  4
5809  1  18.00960000  21.85850000  32.95950000  4
5810  1  2.79621000  21.91810000  16.71030000  4
5811  1  10.85100000  11.08920000  36.42720000  3
5812  1  34.91690000  32.81680000  2.58245000  4
5813  1  15.19140000  32.22380000  1.24840000  4
5814  1  31.97750000  33.64350000  31.38200000  3
5815  1  34.92800000  32.29980000  20.66540000  4
5816  1  19.20850000  10.12190000  27.15350000  4
5817  1  15.49800000  6.82583000  5.05086000  4
5818  1  10.26170000  24.79160000  16.41370000  3
5819  1  3.41961000  17.70310000  31.87550000  4
5820  1  12.22640000  17.54260000  18.27760000  4
5821  1  28.36490000  29.16040000  20.95870000  4
5822  1  33.82640000  25.43880000  37.07470000  3
5823  1  11.62440000  5.14802000  22.71820000  4
5824  1  29.68210000  26.87920000  35.10960000  3
5825  1  30.86590000  30.54200000  28.24730000  4
5826  1  17.14010000  32.81250000  33.63110000  4
5827  1  22.88650000  15.13370000  29.22700000  4
5828  1  32.69630000  26.19990000  29.88490000  4
5829  1  16.73390000  11.85440000  23.47520000  4
5830  1  31.35770000  17.40230000  21.85810000  4
5831  1  11.45260000  2.54340000  7.40300000  4
5832  1  18.83360000  10.19300000  23.06800000  4
5833  1  22.57950000  33.56650000  1.31030000  4
5834  1  32.29850000  23.50570000  27.24730000  4
5835  1  0.92554400  31.97970000  27.94430000  4
5836  1  29.73550000  22.05730000  8.69729000  4
5837  1  16.60130000  3.66395000  8.48824000  4
5838  1  30.34750000  1.27476000  27.24770000  4
5839  1  0.82923300  21.92770000  18.27030000  4
5840  1  26.35920000  31.42040000  15.17580000  3
5841  1  4.17195000  24.28190000  31.84080000  4
5842  1  22.91770000  24.19060000  35.35280000  4
5843  1  14.24270000  18.43580000  35.29920000  4
5844  1  30.76350000  27.86460000  2.86837000  4
5845  1  14.03590000  1.16919000  15.74780000  3
5846  1  0.75025300  11.58320000  20.12750000  3
5847  1  27.54650000  12.74670000  31.65800000  4
5848  1  35.84220000  16.37050000  7.56881000  4
5849  1  2.94500000  25.47810000  14.62890000  3
5850  1  19.23690000  35.89000000  21.51500000  3
5851  1  18.49370000  33.00760000  5.43638000  4
5852  1  8.55467000  8.71984000  3.90963000  4
5853  1  32.21120000  27.17640000  2.69778000  4
5854  1  9.61585000  14.02390000  35.83410000  3
5855  1  24.42980000  3.19282000  1.68517000  4
5856  1  3.72020000  21.36550000  25.61050000  4
5857  1  9.76523000  14.10900000  6.32125000  4
5858  1  35.55070000  8.88124000  23.11930000  4
5859  1  11.40420000  5.73801000  0.85738900  4
5860  1  6.62265000  11.53530000  1.09073000  4
5861  1  6.69798000  15.66240000  29.26280000  4
5862  1  9.22544000  12.94060000  14.55580000  4
5863  1  31.48500000  12.27240000  13.22910000  4
5864  1  14.29460000  19.54680000  9.11557000  4
5865  1  10.45960000  5.07345000  23.84710000  4
5866  1  5.35160000  25.22280000  5.60573000  4
5867  1  2.11586000  22.75790000  31.45680000  4
5868  1  31.95230000  29.95340000  23.65320000  3
5869  1  16.60700000  24.94520000  19.47160000  4
5870  1  26.33060000  28.36780000  22.07140000  4
5871  1  22.33960000  10.21170000  15.67430000  4
5872  1  21.69880000  32.03220000  18.17270000  4
5873  1  1.04971000  2.21775000  18.09250000  4
5874  1  23.54820000  36.86910000  30.49580000  4
5875  1  5.57603000  10.50960000  1.46349000  4
5876  1  33.08480000  12.53700000  30.65630000  4
5877  1  31.02090000  26.38290000  23.12500000  4
5878  1  7.03661000  2.56711000  5.20127000  3
5879  1  12.98410000  1.14743000  29.88960000  4
5880  1  35.97100000  35.60800000  16.39660000  4
5881  1  10.05300000  9.78995000  25.48520000  4
5882  1  13.57530000  3.19567000  21.59080000  4
5883  1  16.54470000  14.37100000  12.97950000  4
5884  1  32.32080000  24.61840000  7.20829000  4
5885  1  30.31400000  22.77610000  22.55040000  3
5886  1  13.64440000  33.63450000  4.46351000  4
5887  1  33.49330000  22.74510000  6.40336000  4
5888  1  28.03790000  36.29020000  4.11194000  3
5889  1  20.07570000  32.56240000  27.26880000  4
5890  1  14.07370000  10.98550000  3.89754000  4
5891  1  4.86062000  29.86740000  8.61014000  4
5892  1  23.94970000  5.14759000  16.19390000  4
5893  1  1.91935000  13.48040000  21.19960000  4
5894  1  10.05100000  32.39380000  15.07500000  3
5895  1  27.25130000  8.60940000  18.32480000  4
5896  1  6.85237000  16.47310000  8.10301000  4
5897  1  12.86660000  26.03970000  13.84380000  3
5898  1  10.35580000  19.71460000  34.91830000  4
5899  1  29.31680000  5.09829000  33.70920000  4
5900  1  26.17390000  17.57970000  5.41114000  4
5901  1  34.82850000  3.37180000  9.70443000  3
5902  1  34.94100000  22.03200000  15.97730000  3
5903  1  7.39505000  11.95370000  2.33972000  4
5904  1  35.62840000  35.04210000  22.40840000  3
5905  1  13.08150000  27.94470000  20.51640000  4
5906  1  5.60975000  1.27462000  15.76630000  4
5907  1  11.99250000  6.31193000  25.75530000  4
5908  1  11.08480000  27.86710000  35.90690000  4
5909  1  20.10260000  8.65469000  33.90580000  4
5910  1  31.42250000  3.44533000  9.19224000  4
5911  1  22.96000000  13.75950000  15.69730000  3
5912  1  6.32954000  27.46510000  29.77910000  4
5913  1  15.80720000  1.83599000  25.98920000  3
5914  1  33.79080000  10.77920000  32.36580000  3
5915  1  8.03433000  27.82280000  16.46630000  4
5916  1  32.24450000  11.68130000  29.72520000  4
5917  1  28.53000000  0.66767200  14.88000000  4
5918  1  27.80010000  26.87040000  11.72670000  3
5919  1  6.27453000  32.98850000  5.09560000  4
5920  1  20.32990000  13.69110000  31.10440000  4
5921  1  15.91570000  21.58790000  2.97595000  4
5922  1  9.09573000  6.34143000  3.81055000  4
5923  1  25.51460000  8.94642000  22.90460000  3
5924  1  4.26798000  27.06450000  20.50930000  4
5925  1  2.73247000  4.98012000  17.25350000  4
5926  1  29.15200000  16.79840000  12.87980000  4
5927  1  10.65140000  13.31660000  2.73830000  4
5928  1  7.69445000  14.64910000  17.33750000  4
5929  1  4.06319000  13.87580000  19.88880000  4
5930  1  8.91261000  17.59490000  11.20790000  4
5931  1  14.80110000  17.51520000  10.41890000  3
5932  1  16.18550000  6.70500000  27.83280000  4
5933  1  34.59010000  15.42290000  36.91120000  4
5934  1  5.84986000  18.36690000  31.44320000  4
5935  1  1.95141000  10.44370000  13.82270000  4
5936  1  14.35060000  23.73660000  22.18290000  4
5937  1  10.51200000  21.11940000  6.96005000  4
5938  1  12.87730000  20.10560000  4.39243000  4
5939  1  26.41730000  35.58380000  29.32270000  4
5940  1  6.18009000  16.34880000  23.84340000  4
5941  1  6.23268000  6.04392000  2.38849000  4
5942  1  17.34380000  18.58060000  27.14150000  4
5943  1  27.93680000  16.48600000  3.25631000  4
5944  1  12.91440000  17.18910000  33.75820000  4
5945  1  6.52731000  21.01050000  22.79360000  4
5946  1  16.46630000  3.43023000  4.42369000  4
5947  1  28.52850000  24.14820000  9.51759000  3
5948  1  18.12060000  28.95560000  18.65590000  4
5949  1  9.08050000  4.87860000  23.28620000  4
5950  1  1.41012000  26.43130000  30.73930000  4
5951  1  17.64340000  31.52620000  23.63990000  4
5952  1  28.55590000  24.72150000  33.24190000  3
5953  1  3.02400000  3.18590000  35.94890000  4
5954  1  4.94943000  37.11190000  16.26260000  4
5955  1  36.28920000  27.72640000  7.48283000  4
5956  1  19.27320000  11.29540000  20.47860000  4
5957  1  36.29700000  29.20600000  29.76530000  4
5958  1  29.75660000  8.22123000  24.13520000  4
5959  1  15.34450000  5.65830000  9.57101000  4
5960  1  29.13990000  2.05944000  14.50560000  4
5961  1  23.19600000  16.34400000  7.62860000  4
5962  1  4.40903000  9.57789000  26.08350000  4
5963  1  13.16430000  3.37060000  2.46098000  4
5964  1  36.00720000  22.97620000  22.09300000  4
5965  1  3.42506000  13.46430000  11.12760000  4
5966  1  7.29302000  14.89650000  36.31100000  4
5967  1  6.64878000  35.21980000  23.34650000  4
5968  1  1.37111000  14.00380000  19.83680000  4
5969  1  11.06250000  5.84955000  14.93850000  4
5970  1  17.47400000  35.58910000  33.09320000  4
5971  1  26.76230000  20.21520000  8.48680000  3
5972  1  15.63510000  11.99840000  16.36710000  4
5973  1  5.41610000  33.60460000  28.40620000  4
5974  1  7.57055000  3.91000000  5.38213000  4
5975  1  32.23060000  23.28430000  30.89250000  3
5976  1  21.07500000  28.83680000  2.88836000  4
5977  1  26.87940000  2.46543000  18.51390000  4
5978  1  24.11230000  19.60070000  6.52959000  3
5979  1  31.31930000  6.02231000  8.54676000  4
5980  1  32.96770000  10.12720000  4.96696000  3
5981  1  15.77100000  3.37826000  5.83271000  4
5982  1  22.76830000  12.39850000  16.16430000  4
5983  1  13.12740000  17.81520000  3.23288000  3
5984  1  2.88380000  27.81930000  20.32360000  4
5985  1  13.99070000  20.88390000  24.45810000  4
5986  1  21.92600000  9.86446000  4.55976000  4
5987  1  3.40571000  31.61430000  34.54890000  4
5988  1  29.88480000  12.06920000  3.81310000  4
5989  1  16.99830000  36.28570000  36.31600000  3
5990  1  34.68030000  14.55760000  5.20013000  4
5991  1  12.50230000  2.99218000  1.19309000  4
5992  1  13.85630000  21.62230000  30.87220000  4
5993  1  33.00360000  26.09660000  25.91240000  4
5994  1  25.89160000  4.98179000  9.98068000  4
5995  1  16.51030000  2.36141000  18.94220000  4
5996  1  13.45760000  18.95220000  20.53390000  3
5997  1  33.27200000  17.43940000  13.38990000  3
5998  1  27.98240000  5.66807000  29.96040000  4
5999  1  18.88430000  33.41370000  24.08620000  3
6000  1  22.83820000  7.04966000  27.19870000  4
6001  1  12.12940000  13.64450000  28.27300000  4
6002  1  22.46060000  33.90790000  16.71890000  4
6003  1  10.22390000  20.99100000  25.82140000  4
6004  1  3.83205000  23.23500000  15.03660000  4
6005  1  22.56740000  36.13190000  25.94920000  4
6006  1  10.20330000  2.58048000  18.57030000  4
6007  1  19.22770000  35.32410000  8.42788000  3
6008  1  25.25150000  14.86350000  13.86850000  4
6009  1  28.13890000  13.55540000  16.01320000  3
6010  1  29.14570000  35.38300000  31.98210000  3
6011  1  29.01860000  19.90870000  31.54470000  3
6012  1  5.77473000  32.75000000  19.22880000  4
6013  1  16.34400000  31.39950000  1.85653000  4
6014  1  33.05620000  8.56122000  31.59840000  3
6015  1  0.93315700  19.64500000  33.38020000  4
6016  1  15.31020000  32.08630000  3.95780000  3
6017  1  22.53260000  31.86000000  4.39407000  4
6018  1  8.34073000  18.08940000  18.34920000  4
6019  1  1.83194000  21.69790000  12.09180000  4
6020  1  21.50180000  4.62269000  27.89230000  4
6021  1  9.04104000  28.26720000  10.71510000  3
6022  1  7.98245000  3.30485000  32.41290000  4
6023  1  14.86160000  2.78722000  33.84640000  4
6024  1  3.62708000  9.83688000  2.90643000  4
6025  1  21.28530000  9.10736000  1.95966000  4
6026  1  35.85910000  35.36360000  31.13640000  4
6027  1  9.35009000  11.42490000  3.65907000  4
6028  1  36.63020000  6.23575000  17.10020000  3
6029  1  34.13440000  8.50997000  2.10404000  4
6030  1  3.45500000  0.99034100  14.85250000  3
6031  1  30.90010000  23.00700000  8.39292000  4
6032  1  25.68000000  23.81790000  2.85507000  4
6033  1  6.66442000  32.33280000  31.84590000  4
6034  1  16.84850000  34.72800000  19.27190000  3
6035  1  11.12630000  6.03063000  30.93240000  4
6036  1  18.51720000  27.02920000  6.75575000  4
6037  1  29.79010000  6.52753000  8.63501000  4
6038  1  4.81230000  1.57830000  19.66710000  3
6039  1  17.79720000  24.74880000  32.63630000  4
6040  1  36.02290000  9.75477000  5.20054000  4
6041  1  31.39550000  27.31550000  9.78326000  4
6042  1  32.60770000  33.11770000  30.14790000  4
6043  1  20.12680000  0.21021400  30.91460000  4
6044  1  19.22050000  24.86300000  16.33480000  5
6045  1  31.64770000  29.30390000  4.59351000  4
6046  1  21.12820000  34.52680000  23.87290000  4
6047  1  18.42840000  2.09674000  9.16220000  4
6048  1  2.49408000  1.63805000  18.24920000  4
6049  1  8.81332000  32.16310000  25.75880000  4
6050  1  10.15860000  30.09890000  1.51210000  4
6051  1  22.55400000  4.65500000  36.84440000  4
6052  1  3.75954000  7.13196000  28.06580000  4
6053  1  29.34680000  36.86120000  7.02808000  4
6054  1  36.79530000  30.02680000  24.68420000  4
6055  1  12.29490000  19.20110000  1.20851000  4
6056  1  8.34409000  35.29510000  35.74410000  3
6057  1  1.50997000  2.48337000  4.52961000  4
6058  1  14.88330000  24.38990000  17.05410000  3
6059  1  13.45100000  16.54400000  7.25253000  4
6060  1  35.61630000  4.29070000  6.01222000  4
6061  1  36.05170000  26.35920000  19.22920000  4
6062  1  31.82070000  25.18030000  25.29470000  4
6063  1  19.50160000  6.99696000  32.19510000  3
6064  1  23.04540000  5.60366000  29.94270000  3
6065  1  16.85530000  21.41930000  18.98860000  3
6066  1  19.73480000  34.76130000  31.24190000  4
6067  1  1.29227000  35.98930000  36.14880000  4
6068  1  22.73480000  0.59227300  5.16260000  3
6069  1  24.44880000  0.59662300  31.36180000  4
6070  1  36.66120000  25.50190000  12.08240000  3
6071  1  1.64745000  9.58642000  25.38680000  4
6072  1  9.71490000  5.99628000  5.06953000  3
6073  1  15.30830000  23.15920000  1.01486000  4
6074  1  34.65250000  8.80436000  0.71984700  4
6075  1  14.34730000  12.56680000  34.55710000  4
6076  1  35.52030000  25.34020000  3.77665000  4
6077  1  15.92770000  7.16055000  15.44360000  4
6078  1  6.30933000  13.51810000  20.77890000  4
6079  1  24.08320000  31.79050000  2.26295000  4
6080  1  32.74190000  9.22211000  30.26190000  4
6081  1  11.12080000  18.09650000  32.44610000  4
6082  1  15.04560000  6.34558000  11.77490000  3
6083  1  22.36170000  34.54390000  36.51260000  4
6084  1  11.41120000  35.34780000  6.96692000  3
6085  1  5.55562000  27.55150000  2.02380000  3
6086  1  31.06370000  19.93540000  28.96290000  4
6087  1  3.32744000  25.24450000  3.41805000  4
6088  1  27.28680000  29.93710000  36.83690000  3
6089  1  29.16720000  15.55590000  17.05110000  3
6090  1  29.07690000  8.63636000  36.74960000  3
6091  1  30.89450000  32.17770000  24.95300000  3
6092  1  10.30910000  11.67850000  5.92227000  4
6093  1  5.25871000  9.12390000  14.02600000  3
6094  1  6.72284000  11.15100000  35.97610000  3
6095  1  12.24900000  18.61870000  4.03270000  4
6096  1  22.22900000  28.54710000  23.12030000  3
6097  1  0.61572200  30.91060000  2.30043000  4
6098  1  12.16960000  1.48467000  32.14860000  4
6099  1  8.33309000  23.46180000  34.43890000  4
6100  1  32.00400000  7.54289000  4.24977000  3
6101  1  8.75376000  25.84060000  9.19571000  3
6102  1  15.98000000  35.98730000  35.27460000  4
6103  1  10.64770000  33.37520000  1.38895000  4
6104  1  21.65900000  7.15581000  6.92122000  4
6105  1  36.31120000  18.09890000  9.44428000  3
6106  1  9.18344000  0.05216900  0.57832300  4
6107  1  24.20350000  15.81240000  5.22831000  4
6108  1  9.64160000  0.04075430  19.82120000  4
6109  1  29.38120000  26.72780000  16.25740000  4
6110  1  29.47860000  6.30615000  13.55090000  4
6111  1  8.87566000  28.08760000  36.55940000  3
6112  1  19.69750000  7.58747000  4.90300000  4
6113  1  29.24290000  13.24140000  12.15780000  3
6114  1  16.42610000  19.02820000  4.39820000  4
6115  1  0.81733400  7.44623000  24.19550000  4
6116  1  32.90420000  22.63920000  29.76010000  4
6117  1  28.86740000  25.35930000  36.75680000  4
6118  1  34.82660000  7.78188000  35.28920000  4
6119  1  18.11790000  20.40300000  14.80860000  4
6120  1  36.60420000  10.39430000  31.90150000  3
6121  1  10.27030000  28.93800000  16.37500000  4
6122  1  4.85728000  21.01870000  31.21040000  4
6123  1  26.54140000  5.48869000  30.13600000  3
6124  1  19.73640000  31.87370000  31.51110000  3
6125  1  30.66970000  9.15142000  7.74791000  4
6126  1  4.37005000  15.30140000  20.47350000  4
6127  1  36.95470000  27.83360000  6.02182000  4
6128  1  16.91480000  18.32270000  33.11870000  3
6129  1  25.49320000  30.80680000  16.16250000  4
6130  1  22.98220000  3.99876000  15.65860000  4
6131  1  0.57769900  4.14725000  27.24750000  4
6132  1  7.10503000  1.11320000  15.47980000  4
6133  1  15.38500000  28.46660000  26.18460000  3
6134  1  25.01840000  27.96870000  25.75480000  4
6135  1  25.99150000  26.07350000  20.66660000  4
6136  1  3.29595000  22.94920000  32.48260000  4
6137  1  10.59210000  5.12285000  35.62800000  4
6138  1  36.12930000  17.42350000  29.56820000  4
6139  1  17.96300000  7.52551000  29.65230000  4
6140  1  4.64249000  5.71375000  19.68160000  4
6141  1  0.19832400  36.44610000  21.75250000  4
6142  1  19.41790000  9.29749000  32.69400000  4
6143  1  19.90110000  16.46740000  21.11140000  4
6144  1  26.05270000  16.91880000  34.68740000  3
6145  1  10.89940000  4.59579000  27.47130000  4
6146  1  28.63080000  24.74340000  31.70640000  4
6147  1  15.39450000  4.35036000  13.56350000  3
6148  1  22.32670000  21.39750000  21.29480000  4
6149  1  33.83440000  28.36440000  12.48970000  4
6150  1  15.68340000  12.95770000  30.40700000  4
6151  1  7.78302000  30.07730000  17.43200000  4
6152  1  11.42500000  11.74940000  19.46150000  4
6153  1  31.31570000  9.72736000  10.31640000  4
6154  1  13.04890000  33.39920000  1.48418000  3
6155  1  26.56510000  30.98480000  28.79850000  4
6156  1  31.63770000  5.16161000  7.22464000  4
6157  1  11.37980000  22.32560000  17.13150000  4
6158  1  9.28296000  33.11180000  11.40740000  4
6159  1  13.30650000  25.23730000  23.88180000  3
6160  1  4.61041000  28.35200000  14.22290000  3
6161  1  16.26370000  10.72790000  5.36803000  4
6162  1  17.37950000  34.54100000  1.09104000  3
6163  1  0.79831200  34.45150000  33.95160000  4
6164  1  9.79626000  2.03598000  3.73543000  3
6165  1  24.58770000  30.18490000  5.72611000  4
6166  1  25.58170000  23.43560000  21.47730000  4
6167  1  13.00190000  6.50832000  5.22151000  3
6168  1  7.14972000  29.41890000  0.86984700  4
6169  1  0.06345640  23.19150000  18.70290000  4
6170  1  14.35600000  30.09540000  29.33450000  4
6171  1  27.60700000  32.98300000  4.17053000  4
6172  1  25.64390000  25.54330000  27.96600000  4
6173  1  11.22300000  29.24690000  23.19470000  4
6174  1  7.79692000  1.30189000  11.85020000  4
6175  1  12.45980000  18.78280000  32.07160000  4
6176  1  32.70830000  2.24520000  0.15785000  4
6177  1  16.01800000  26.16920000  20.31040000  4
6178  1  29.55600000  25.40470000  17.05670000  4
6179  1  35.56860000  17.26950000  4.77185000  3
6180  1  3.31263000  33.14230000  25.92740000  3
6181  1  31.46210000  4.49119000  13.13840000  4
6182  1  22.97030000  2.49385000  13.41420000  4
6183  1  35.24400000  8.99934000  34.43240000  4
6184  1  23.87960000  14.52470000  19.59970000  3
6185  1  2.20693000  11.58170000  34.41750000  4
6186  1  1.99933000  27.47740000  21.49530000  4
6187  1  4.13042000  35.58040000  11.97200000  4
6188  1  0.91437300  18.13340000  20.19740000  4
6189  1  11.97660000  13.72290000  7.86064000  4
6190  1  17.41130000  27.98360000  29.13590000  3
6191  1  29.08930000  21.96330000  27.80250000  3
6192  1  35.64210000  15.92350000  2.98883000  4
6193  1  36.04630000  33.41900000  11.33380000  4
6194  1  30.08280000  25.45950000  11.40540000  4
6195  1  9.60520000  16.23450000  11.55640000  4
6196  1  20.78180000  29.79690000  36.48250000  4
6197  1  19.98190000  26.77990000  13.92490000  4
6198  1  19.19860000  33.59100000  29.23350000  4
6199  1  16.78630000  18.58860000  9.17948000  4
6200  1  35.39270000  2.31148000  24.84990000  4
6201  1  13.91870000  18.91470000  22.86900000  3
6202  1  15.27690000  23.67450000  35.23180000  4
6203  1  31.48160000  16.47790000  35.57840000  4
6204  1  17.38890000  22.19640000  36.85510000  3
6205  1  20.30960000  31.57470000  18.86930000  4
6206  1  29.33990000  19.98690000  33.88830000  4
6207  1  9.32558000  5.27218000  32.35580000  4
6208  1  19.06670000  1.92299000  7.75271000  4
6209  1  6.25985000  32.10490000  2.51444000  4
6210  1  14.62780000  35.93100000  28.66540000  4
6211  1  29.41790000  34.57110000  25.51390000  4
6212  1  19.38880000  0.63465500  14.73870000  4
6213  1  31.47260000  18.50890000  28.94480000  4
6214  1  2.82999000  2.36623000  8.88817000  3
6215  1  4.10713000  14.17740000  25.10790000  4
6216  1  6.54070000  9.27700000  30.81050000  4
6217  1  4.44002000  36.94380000  36.74750000  4
6218  1  21.95890000  33.66810000  26.15210000  4
6219  1  8.09046000  16.31870000  14.01490000  4
6220  1  28.08520000  15.75110000  34.22170000  3
6221  1  10.57070000  23.36630000  8.11485000  3
6222  1  6.56998000  35.57870000  12.56960000  4
6223  1  24.49180000  15.88350000  11.12060000  4
6224  1  34.21300000  4.22406000  0.70206500  4
6225  1  9.71134000  19.50000000  5.33868000  4
6226  1  30.21830000  29.85100000  26.92940000  4
6227  1  27.99040000  14.80040000  20.42060000  3
6228  1  36.23260000  17.65820000  16.90290000  4
6229  1  22.12330000  6.84902000  14.19260000  3
6230  1  31.63130000  4.46299000  23.21480000  3
6231  1  2.50140000  13.77590000  13.30990000  4
6232  1  14.87160000  1.88250000  8.39029000  4
6233  1  22.73520000  34.76280000  30.71940000  4
6234  1  29.02780000  32.40230000  29.28230000  3
6235  1  12.99850000  4.91858000  28.60710000  4
6236  1  34.70330000  24.08530000  14.86240000  4
6237  1  19.24660000  10.64900000  25.75680000  4
6238  1  6.84566000  14.54210000  34.98420000  4
6239  1  5.60789000  16.62600000  11.48690000  4
6240  1  2.84121000  35.19370000  33.12380000  4
6241  1  33.55280000  16.74160000  1.51404000  3
6242  1  26.75090000  31.84100000  18.09150000  4
6243  1  31.76320000  35.69050000  29.78650000  3
6244  1  17.33070000  23.09430000  20.86420000  3
6245  1  4.08233000  13.76830000  17.17610000  4
6246  1  12.02060000  27.53790000  18.58730000  4
6247  1  12.01260000  14.64800000  14.69000000  4
6248  1  24.53480000  10.86360000  1.98078000  3
6249  1  11.74960000  3.95371000  6.65021000  3
6250  1  18.48190000  8.30874000  5.42432000  3
6251  1  30.54950000  4.15610000  7.07309000  3
6252  1  11.34930000  16.91340000  29.02580000  3
6253  1  20.47450000  2.58540000  7.96689000  4
6254  1  16.85540000  22.95110000  31.05340000  4
6255  1  30.36310000  28.68140000  30.06290000  4
6256  1  29.66430000  12.92710000  0.57992800  3
6257  1  37.00530000  0.67840300  23.90550000  4
6258  1  19.01800000  5.84194000  31.31270000  4
6259  1  2.47430000  12.76780000  7.65603000  3
6260  1  5.25352000  19.17230000  8.65454000  4
6261  1  28.27000000  10.45720000  25.09670000  4
6262  1  14.18150000  31.38510000  27.29770000  4
6263  1  8.51104000  28.38390000  7.06418000  3
6264  1  2.72843000  25.88690000  17.19350000  4
6265  1  24.68340000  4.01254000  21.61920000  4
6266  1  8.75750000  6.00152000  22.38860000  3
6267  1  28.78960000  28.81540000  24.54780000  4
6268  1  27.65540000  32.53050000  27.20760000  4
6269  1  11.18610000  4.20611000  4.21800000  4
6270  1  18.23650000  2.61482000  34.33760000  4
6271  1  21.33330000  37.09960000  3.47629000  4
6272  1  9.10261000  10.05810000  1.72995000  4
6273  1  0.38631400  26.35270000  5.40733000  4
6274  1  7.25454000  30.15860000  8.31909000  4
6275  1  2.20513000  8.64202000  7.34204000  4
6276  1  6.87197000  32.85740000  12.10190000  4
6277  1  21.64680000  8.63012000  21.57310000  4
6278  1  12.39890000  28.44200000  4.07173000  4
6279  1  26.20430000  4.48455000  32.28930000  4
6280  1  32.78300000  23.26710000  16.27390000  3
6281  1  9.93350000  31.28100000  19.99970000  4
6282  1  24.83840000  34.48880000  33.65280000  4
6283  1  11.79880000  19.04280000  35.36910000  4
6284  1  31.61570000  17.98790000  27.59160000  4
6285  1  20.79280000  3.76453000  10.81520000  4
6286  1  2.65302000  29.03370000  8.34063000  3
6287  1  26.67130000  29.05100000  17.81920000  4
6288  1  28.58050000  32.50120000  5.44305000  4
6289  1  19.55530000  12.61020000  21.39860000  4
6290  1  22.18080000  32.32190000  31.29410000  3
6291  1  26.27360000  0.66500600  35.97760000  4
6292  1  18.75840000  32.47310000  8.04515000  4
6293  1  13.26710000  32.11810000  13.23210000  4
6294  1  34.71500000  20.73460000  16.19310000  3
6295  1  3.54977000  8.71979000  3.82314000  3
6296  1  0.59478200  34.55080000  9.91770000  4
6297  1  16.61530000  23.48770000  0.16369000  4
6298  1  26.13380000  19.64110000  10.81720000  4
6299  1  21.42500000  3.79244000  26.53150000  4
6300  1  33.60470000  29.60870000  6.17230000  3
6301  1  18.45600000  28.24470000  36.07730000  3
6302  1  14.96480000  36.58720000  30.05870000  4
6303  1  0.72826300  14.34610000  37.12230000  4
6304  1  36.31210000  21.77760000  1.80392000  4
6305  1  27.69680000  30.86940000  14.85700000  4
6306  1  0.28179500  29.21370000  21.44260000  4
6307  1  7.23748000  16.38580000  30.59720000  4
6308  1  28.87080000  29.17310000  15.94060000  4
6309  1  17.20970000  6.41579000  34.11680000  4
6310  1  10.23330000  22.81970000  1.91457000  4
6311  1  33.15030000  20.84690000  24.42000000  4
6312  1  18.71830000  28.63600000  0.33149000  4
6313  1  21.30920000  17.83440000  17.54670000  4
6314  1  5.64606000  26.04810000  32.04500000  4
6315  1  5.19971000  10.34210000  3.03313000  4
6316  1  13.73210000  9.43071000  21.28080000  3
6317  1  27.65650000  27.49550000  36.63660000  4
6318  1  19.24570000  24.77450000  12.87640000  4
6319  1  6.24417000  23.65350000  4.23002000  4
6320  1  6.04606000  6.36957000  17.80640000  3
6321  1  10.80430000  36.55970000  31.50860000  4
6322  1  19.30220000  10.57170000  36.48990000  3
6323  1  1.47011000  23.99530000  15.78190000  4
6324  1  35.14570000  17.32350000  18.15160000  4
6325  1  36.38550000  18.87790000  30.20710000  4
6326  1  1.06325000  7.72097000  19.87920000  4
6327  1  14.74830000  1.81911000  28.35300000  3
6328  1  26.58160000  31.56010000  33.16110000  4
6329  1  22.14320000  20.66210000  6.25066000  3
6330  1  17.21890000  6.44074000  35.63760000  4
6331  1  35.79370000  6.23583000  20.80300000  3
6332  1  17.66470000  32.23620000  1.65612000  4
6333  1  10.29610000  3.58970000  9.41602000  4
6334  1  20.36780000  25.42510000  27.17460000  4
6335  1  20.40500000  0.66292300  29.52510000  4
6336  1  34.54390000  16.01020000  11.88970000  3
6337  1  8.51098000  8.14141000  25.33110000  3
6338  1  2.69250000  26.53020000  23.50820000  4
6339  1  17.73680000  18.51490000  25.65230000  4
6340  1  23.28180000  9.44463000  28.47140000  3
6341  1  24.84380000  13.18830000  2.90398000  3
6342  1  27.72550000  12.98330000  6.57595000  4
6343  1  35.31740000  1.19614000  37.14010000  4
6344  1  19.42250000  11.80610000  29.06490000  4
6345  1  11.45330000  16.75330000  27.48050000  4
6346  1  12.57620000  1.41519000  1.16683000  4
6347  1  20.72970000  36.08290000  10.70430000  3
6348  1  24.43540000  1.13386000  3.18192000  3
6349  1  7.95317000  3.31862000  1.45907000  4
6350  1  10.16430000  7.65430000  7.06792000  4
6351  1  13.89920000  5.43198000  15.54000000  4
6352  1  9.67668000  1.81233000  31.45690000  4
6353  1  24.14590000  27.48790000  3.08981000  3
6354  1  8.75967000  19.84000000  13.51160000  4
6355  1  28.58410000  17.99610000  8.96221000  3
6356  1  20.50800000  18.20530000  8.31898000  4
6357  1  15.26410000  16.04910000  32.60490000  4
6358  1  27.62670000  29.48780000  34.16430000  4
6359  1  2.77280000  23.51120000  8.79003000  4
6360  1  11.60380000  12.64310000  10.29470000  4
6361  1  34.94580000  8.35837000  17.65270000  3
6362  1  24.98420000  21.71160000  11.36420000  4
6363  1  6.17631000  34.64270000  13.60880000  3
6364  1  36.72430000  13.38980000  29.67060000  4
6365  1  13.56700000  24.37640000  24.98480000  3
6366  1  26.32650000  22.12660000  16.26630000  4
6367  1  27.19710000  18.66330000  20.40120000  3
6368  1  4.23556000  16.86920000  14.12600000  3
6369  1  25.08230000  28.22510000  30.76460000  4
6370  1  35.58670000  6.05529000  27.46380000  4
6371  1  20.74980000  9.45719000  3.46218000  4
6372  1  1.77935000  31.89480000  11.33240000  3
6373  1  26.40050000  19.29700000  24.89010000  4
6374  1  15.58010000  1.79467000  29.49990000  3
6375  1  15.49750000  12.84290000  4.26098000  3
6376  1  21.57150000  12.48460000  17.19950000  4
6377  1  15.01380000  2.20776000  16.13270000  4
6378  1  32.85690000  20.23770000  0.39295300  4
6379  1  33.74950000  35.65570000  26.25030000  3
6380  1  13.44730000  3.70698000  29.47460000  4
6381  1  26.23340000  33.33670000  28.88610000  4
6382  1  29.71090000  15.15690000  14.79470000  4
6383  1  4.77047000  36.10070000  15.00830000  4
6384  1  9.86149000  16.92580000  17.48350000  3
6385  1  24.10710000  30.52990000  9.17156000  4
6386  1  2.58496000  14.01760000  1.51062000  4
6387  1  24.59520000  29.50540000  36.36290000  4
6388  1  27.35900000  9.28958000  28.81590000  4
6389  1  4.36980000  9.08702000  34.39660000  4
6390  1  31.88230000  27.91980000  5.30958000  4
6391  1  12.21900000  34.67730000  35.98790000  4
6392  1  23.36360000  14.64420000  7.19795000  4
6393  1  21.70470000  11.52280000  2.07086000  4
6394  1  11.18660000  0.81427600  11.20420000  4
6395  1  5.44956000  8.48349000  26.80440000  4
6396  1  18.23700000  21.28710000  10.61800000  4
6397  1  13.30540000  14.16230000  7.44472000  3
6398  1  35.71080000  4.78507000  13.00550000  4
6399  1  9.07546000  26.18190000  1.81826000  4
6400  1  14.50640000  24.17360000  30.79470000  4
6401  1  19.23810000  24.76490000  2.96653000  4
6402  1  2.15555000  17.79140000  22.92010000  4
6403  1  5.52260000  22.09620000  2.41211000  4
6404  1  34.75850000  18.90000000  27.16890000  4
6405  1  0.91786400  12.40920000  9.43516000  4
6406  1  17.89390000  8.45072000  6.70297000  3
6407  1  30.25890000  0.33758900  18.40730000  4
6408  1  0.84031300  16.56240000  10.66510000  4
6409  1  29.02390000  36.50180000  9.52721000  4
6410  1  9.05213000  36.35650000  10.11060000  4
6411  1  15.71390000  16.50760000  18.59000000  4
6412  1  30.48580000  34.24260000  26.57540000  4
6413  1  18.79390000  10.17600000  16.68570000  4
6414  1  35.10110000  28.73320000  27.78380000  3
6415  1  18.26110000  2.76419000  29.46730000  4
6416  1  19.14370000  15.81400000  33.56960000  4
6417  1  30.20950000  21.28290000  27.01580000  4
6418  1  36.86550000  31.42920000  31.44610000  5
6419  1  32.50000000  20.87650000  2.74437000  4
6420  1  8.73930000  4.73748000  3.54617000  4
6421  1  27.21560000  22.71010000  11.46530000  4
6422  1  14.89010000  23.71090000  25.43480000  4
6423  1  15.73700000  17.67850000  29.96660000  3
6424  1  7.73501000  32.43770000  7.23552000  4
6425  1  0.37064300  28.65910000  0.68961200  3
6426  1  26.87690000  14.63120000  17.46360000  3
6427  1  4.94203000  10.62530000  32.48610000  4
6428  1  27.68320000  7.18827000  33.16290000  4
6429  1  13.23720000  36.57360000  13.20310000  4
6430  1  36.87170000  29.66480000  9.20152000  4
6431  1  32.78940000  15.37100000  16.04320000  3
6432  1  29.20880000  18.41110000  29.54000000  4
6433  1  4.99646000  23.31650000  31.18270000  3
6434  1  31.50570000  30.34710000  10.35660000  4
6435  1  22.73090000  36.33640000  5.61250000  4
6436  1  19.99660000  28.09300000  14.58000000  4
6437  1  33.10350000  37.11390000  12.34130000  4
6438  1  9.50853000  5.09390000  27.79580000  3
6439  1  31.54820000  31.42490000  33.11120000  4
6440  1  5.23124000  34.88380000  31.81460000  4
6441  1  33.26590000  22.73980000  26.27720000  4
6442  1  14.28890000  20.11790000  26.64640000  4
6443  1  9.90870000  1.35142000  23.83190000  3
6444  1  7.74564000  30.95390000  1.14465000  4
6445  1  32.57930000  31.53990000  30.31060000  4
6446  1  1.71780000  33.81550000  31.57340000  4
6447  1  0.13022200  29.73400000  17.50260000  4
6448  1  18.33130000  36.60080000  29.63880000  4
6449  1  18.23900000  17.39430000  22.72170000  4
6450  1  15.10230000  29.86800000  5.79295000  4
6451  1  25.95950000  5.13494000  6.24524000  4
6452  1  5.67833000  21.65150000  29.99520000  4
6453  1  16.09860000  34.05170000  13.48210000  4
6454  1  12.84980000  28.32980000  11.40450000  4
6455  1  25.17350000  27.09400000  23.30960000  4
6456  1  2.81911000  23.31640000  10.38730000  4
6457  1  26.52630000  9.45113000  10.29960000  4
6458  1  23.28690000  5.18465000  2.18919000  3
6459  1  6.60087000  22.87120000  3.01639000  4
6460  1  5.49526000  29.57660000  23.25780000  3
6461  1  17.64280000  8.56654000  24.11610000  4
6462  1  18.25040000  5.67993000  7.67347000  4
6463  1  8.20843000  13.54810000  0.60207100  4
6464  1  1.67226000  26.69710000  29.12770000  4
6465  1  30.19410000  8.33693000  12.43350000  4
6466  1  15.90280000  28.02040000  27.44910000  3
6467  1  5.79250000  3.57773000  35.89350000  4
6468  1  25.82130000  20.97470000  22.10750000  4
6469  1  8.35423000  26.35580000  12.06330000  4
6470  1  14.05040000  33.06410000  25.47510000  4
6471  1  17.33080000  5.56196000  27.32110000  4
6472  1  26.40790000  28.97160000  30.32870000  4
6473  1  14.92130000  13.79980000  33.71100000  4
6474  1  11.78830000  22.13470000  31.95860000  4
6475  1  34.42130000  11.28140000  17.79080000  4
6476  1  6.03349000  22.88600000  7.04193000  4
6477  1  0.50822000  16.96840000  34.26410000  3
6478  1  35.91540000  5.53877000  15.97910000  4
6479  1  4.14414000  2.96448000  19.91060000  4
6480  1  29.48330000  4.37357000  6.08546000  4
6481  1  21.68420000  1.98843000  32.59960000  4
6482  1  14.99160000  24.68630000  12.15300000  3
6483  1  12.16420000  19.58740000  30.73200000  4
6484  1  19.74340000  35.43930000  15.54630000  4
6485  1  2.55133000  24.67290000  35.99410000  4
6486  1  2.11679000  21.12220000  0.73124600  4
6487  1  5.54223000  17.93090000  10.75970000  4
6488  1  6.14660000  2.35858000  35.04390000  3
6489  1  19.53490000  11.52410000  31.87910000  4
6490  1  23.11330000  31.23030000  25.70100000  4
6491  1  22.62640000  26.69720000  35.64790000  4
6492  1  36.27640000  12.76450000  36.61700000  3
6493  1  18.82920000  13.38890000  12.89750000  4
6494  1  7.35518000  21.04200000  34.97730000  4
6495  1  2.06773000  24.62490000  19.02580000  3
6496  1  21.38160000  37.08090000  26.11980000  4
6497  1  35.48260000  20.06650000  29.37910000  4
6498  1  5.53158000  18.40440000  28.44850000  4
6499  1  3.67551000  9.28618000  35.80240000  4
6500  1  17.60830000  15.37900000  25.66800000  4
6501  1  27.27030000  1.42803000  3.63413000  4
6502  1  0.51945500  1.33618000  30.94520000  4
6503  1  11.72880000  10.19750000  1.77128000  4
6504  1  5.00110000  7.21893000  35.55640000  4
6505  1  30.98670000  15.00960000  9.92507000  3
6506  1  0.40419700  24.30440000  12.02350000  4
6507  1  31.13040000  25.05510000  35.73490000  3
6508  1  7.59230000  9.28828000  25.70180000  4
6509  1  27.58060000  26.35340000  22.96930000  4
6510  1  29.62320000  19.23030000  5.44443000  4
6511  1  20.74270000  26.33520000  6.02027000  4
6512  1  12.59650000  18.55950000  13.52670000  3
6513  1  3.70375000  3.92636000  3.46288000  4
6514  1  20.54660000  26.10910000  29.79000000  3
6515  1  34.33770000  7.43634000  13.10970000  4
6516  1  27.98480000  5.97293000  5.05287000  4
6517  1  30.52900000  22.21800000  16.79380000  4
6518  1  34.24060000  21.67870000  7.11756000  4
6519  1  10.42310000  20.65270000  0.22297800  4
6520  1  18.37360000  26.19920000  32.45240000  4
6521  1  2.70266000  30.67430000  21.99540000  4
6522  1  0.85491900  5.49256000  5.27282000  4
6523  1  11.83870000  26.13530000  4.86129000  4
6524  1  15.09270000  32.09870000  5.43353000  4
6525  1  8.67045000  2.87043000  18.89680000  4
6526  1  15.04810000  23.82170000  7.30511000  3
6527  1  30.12130000  7.27937000  15.88220000  4
6528  1  34.03500000  34.64750000  29.03360000  4
6529  1  7.73833000  14.40120000  24.12110000  3
6530  1  34.17760000  17.80040000  4.60149000  3
6531  1  12.49780000  15.82800000  23.64170000  4
6532  1  30.69240000  10.71320000  11.33670000  4
6533  1  6.13976000  20.66880000  28.97610000  3
6534  1  36.01530000  33.50650000  35.09240000  4
6535  1  23.31350000  28.21170000  2.13468000  3
6536  1  30.64530000  2.25507000  13.98820000  4
6537  1  3.06209000  14.24230000  5.83995000  4
6538  1  33.22350000  20.22050000  20.30060000  3
6539  1  17.88520000  2.85007000  24.71970000  4
6540  1  31.76700000  22.67660000  4.59719000  4
6541  1  5.22313000  23.28890000  11.35540000  4
6542  1  35.79660000  20.45940000  34.30230000  4
6543  1  20.25330000  7.54895000  0.32290700  4
6544  1  18.14420000  33.07890000  2.73105000  3
6545  1  14.53540000  29.15730000  7.09113000  4
6546  1  10.48300000  17.17650000  5.09536000  3
6547  1  12.81990000  30.84020000  34.21440000  4
6548  1  0.16102100  7.50184000  7.34825000  4
6549  1  25.53380000  16.63910000  22.81200000  4
6550  1  13.36370000  13.13960000  35.74480000  4
6551  1  28.84810000  2.21415000  30.79610000  4
6552  1  24.42750000  16.85170000  2.85472000  4
6553  1  5.07757000  36.42290000  21.73960000  4
6554  1  12.58590000  0.75178400  13.35310000  3
6555  1  29.43260000  19.18540000  12.40760000  4
6556  1  17.97690000  13.92980000  35.95550000  4
6557  1  1.96381000  17.93980000  15.23350000  3
6558  1  25.61340000  23.65690000  26.28210000  3
6559  1  26.07980000  8.86404000  17.28570000  4
6560  1  1.60713000  21.59800000  29.30920000  3
6561  1  5.44759000  2.50864000  16.70020000  4
6562  1  5.49407000  26.02990000  7.85761000  4
6563  1  11.92700000  29.75970000  4.74181000  3
6564  1  27.57860000  6.09865000  11.60330000  3
6565  1  5.67849000  8.91572000  8.72021000  3
6566  1  33.45130000  22.83700000  12.97190000  4
6567  1  24.39680000  19.95280000  30.08790000  4
6568  1  36.92090000  4.19093000  18.29740000  4
6569  1  33.26200000  16.42200000  7.02593000  3
6570  1  9.72766000  29.25160000  23.81670000  4
6571  1  23.29820000  25.85300000  28.13160000  4
6572  1  26.03830000  25.93980000  1.99932000  4
6573  1  14.03950000  13.13040000  9.79842000  3
6574  1  20.95720000  24.91150000  13.29580000  4
6575  1  26.04200000  2.70029000  5.18498000  4
6576  1  8.78067000  29.15970000  16.35300000  4
6577  1  28.55040000  12.93010000  30.56630000  3
6578  1  26.59070000  19.56680000  34.21860000  3
6579  1  14.56140000  7.21420000  19.99910000  4
6580  1  31.29190000  5.56641000  26.60780000  4
6581  1  6.37789000  33.16170000  29.49060000  4
6582  1  25.03440000  25.86730000  31.26070000  3
6583  1  3.85506000  35.85270000  26.72020000  3
6584  1  33.42020000  11.58360000  6.85338000  3
6585  1  4.94323000  13.22530000  27.16860000  4
6586  1  28.34550000  25.60330000  29.56930000  3
6587  1  33.64650000  32.49870000  11.06660000  4
6588  1  17.27450000  5.41864000  11.10980000  4
6589  1  34.16890000  25.16480000  34.14050000  3
6590  1  7.24093000  9.36453000  28.25410000  4
6591  1  22.88810000  22.87460000  9.31977000  4
6592  1  1.73392000  9.45420000  16.21190000  3
6593  1  18.75110000  17.67390000  17.48000000  4
6594  1  8.49695000  21.21190000  35.92470000  4
6595  1  7.83551000  29.17450000  36.62810000  4
6596  1  36.09610000  33.07530000  14.91240000  4
6597  1  11.02950000  16.90070000  13.12240000  3
6598  1  28.49230000  9.88162000  3.55825000  4
6599  1  14.24920000  7.09057000  25.75360000  3
6600  1  7.60726000  21.76880000  3.59044000  4
6601  1  18.93850000  13.22230000  26.50460000  3
6602  1  34.52370000  5.29196000  6.34182000  4
6603  1  20.71600000  17.18690000  22.18800000  4
6604  1  30.63130000  25.39540000  1.53060000  3
6605  1  11.80770000  36.98860000  24.79260000  4
6606  1  27.57400000  1.17555000  18.73430000  4
6607  1  14.12800000  23.86190000  3.76876000  3
6608  1  8.85737000  13.77110000  21.35420000  4
6609  1  2.34845000  35.16540000  17.18230000  4
6610  1  30.51140000  11.38390000  18.81620000  4
6611  1  30.71150000  18.21930000  20.63940000  4
6612  1  13.61480000  12.07580000  12.92000000  4
6613  1  14.25130000  32.10970000  18.71670000  3
6614  1  5.99252000  35.18690000  14.98930000  4
6615  1  12.96850000  27.08030000  29.35640000  3
6616  1  23.79950000  15.54150000  13.76560000  4
6617  1  21.23010000  8.91485000  17.33400000  4
6618  1  26.54320000  4.63978000  3.45233000  4
6619  1  18.64470000  6.10592000  29.74720000  4
6620  1  24.05500000  1.63444000  15.44490000  4
6621  1  8.38209000  22.54390000  21.77520000  4
6622  1  22.78190000  7.61732000  36.70610000  4
6623  1  21.84730000  12.44930000  0.90617600  3
6624  1  11.01110000  28.49840000  21.92780000  3
6625  1  1.21319000  11.70770000  13.32500000  4
6626  1  0.89018100  12.36560000  21.40820000  4
6627  1  22.80460000  19.30560000  16.21190000  4
6628  1  26.82050000  2.57175000  8.37195000  4
6629  1  29.08070000  18.23700000  23.07480000  4
6630  1  34.34770000  35.89570000  9.63828000  3
6631  1  37.03700000  34.00840000  20.80270000  3
6632  1  9.11875000  8.36724000  32.73030000  3
6633  1  13.61650000  32.59290000  8.09306000  3
6634  1  2.40855000  8.60386000  19.64780000  4
6635  1  15.20050000  1.90184000  5.81329000  4
6636  1  0.12102100  15.16360000  14.07740000  3
6637  1  35.38010000  1.36317000  6.13252000  4
6638  1  35.17690000  24.58180000  5.17542000  4
6639  1  15.48830000  22.55170000  32.69760000  4
6640  1  32.30720000  30.15410000  28.15430000  3
6641  1  23.79810000  20.01940000  11.76370000  4
6642  1  30.54060000  4.85757000  2.59079000  4
6643  1  16.38160000  8.48165000  7.02879000  4
6644  1  4.31917000  4.80199000  7.15106000  3
6645  1  32.63030000  6.56610000  3.27308000  4
6646  1  21.30400000  16.32130000  24.63100000  3
6647  1  25.16360000  35.32670000  15.90780000  4
6648  1  20.24150000  2.87408000  26.47160000  4
6649  1  1.40810000  9.55978000  32.83640000  4
6650  1  7.41656000  31.09930000  34.51350000  4
6651  1  6.06430000  12.37660000  11.92330000  3
6652  1  35.38570000  21.04360000  10.36800000  3
6653  1  34.87220000  22.20310000  10.99280000  3
6654  1  26.79940000  28.67130000  27.24580000  3
6655  1  34.23440000  30.03940000  0.24228900  4
6656  1  34.95410000  1.96174000  13.78860000  3
6657  1  31.07680000  26.52140000  18.87190000  4
6658  1  25.40320000  36.38670000  12.33110000  4
6659  1  26.78200000  11.88860000  1.61499000  3
6660  1  25.80240000  33.93730000  16.13410000  4
6661  1  33.25040000  27.40590000  29.26760000  3
6662  1  4.15039000  26.56310000  23.75890000  3
6663  1  18.25270000  33.98650000  26.69540000  4
6664  1  35.93710000  23.12990000  18.02670000  3
6665  1  8.56921000  17.29750000  16.87690000  4
6666  1  10.25620000  27.17990000  14.18380000  3
6667  1  32.01000000  25.29650000  8.55220000  4
6668  1  21.18520000  24.22120000  10.11290000  4
6669  1  12.03690000  20.61160000  0.27820100  4
6670  1  13.30740000  35.79020000  8.59694000  3
6671  1  3.32241000  10.66460000  6.32604000  4
6672  1  18.18680000  0.69336800  23.74260000  4
6673  1  6.02823000  6.05172000  33.71190000  4
6674  1  2.48530000  16.49490000  6.09664000  3
6675  1  8.80416000  33.05400000  21.41300000  4
6676  1  3.67264000  6.57640000  29.58130000  4
6677  1  18.09700000  14.52950000  21.70520000  4
6678  1  18.69420000  36.38520000  14.86670000  4
6679  1  29.98490000  9.72971000  12.27160000  3
6680  1  0.54710100  31.15740000  17.91860000  4
6681  1  35.78910000  18.65980000  15.84220000  4
6682  1  12.34160000  28.47460000  7.13168000  3
6683  1  25.83120000  14.15390000  30.10580000  4
6684  1  26.78590000  5.96939000  0.08839980  4
6685  1  30.86130000  24.38940000  9.15896000  4
6686  1  21.53090000  3.23836000  1.44759000  3
6687  1  26.81480000  7.98493000  35.60940000  4
6688  1  31.66320000  21.15560000  3.97702000  4
6689  1  8.55563000  30.59480000  25.46290000  4
6690  1  12.12030000  7.21272000  10.30790000  4
6691  1  21.53070000  22.52410000  21.97570000  4
6692  1  21.27060000  29.42720000  25.74670000  4
6693  1  8.45341000  26.10260000  27.36720000  4
6694  1  5.85352000  21.89650000  0.93639900  4
6695  1  16.98330000  12.11880000  9.26497000  4
6696  1  3.04524000  22.63020000  13.90590000  3
6697  1  28.16880000  11.51680000  6.81134000  4
6698  1  0.57652300  6.37294000  25.21300000  4
6699  1  8.95649000  28.15010000  31.94470000  4
6700  1  29.85680000  30.52010000  6.07871000  4
6701  1  9.11844000  24.69620000  32.05900000  4
6702  1  3.88206000  19.91340000  2.59281000  3
6703  1  31.96220000  28.92670000  17.73120000  4
6704  1  5.54012000  2.45436000  32.29750000  4
6705  1  16.28820000  22.25290000  16.47190000  4
6706  1  8.73100000  17.31710000  2.43810000  3
6707  1  32.65510000  1.70461000  26.59720000  4
6708  1  27.13690000  18.06960000  36.71210000  3
6709  1  18.85440000  36.27390000  25.54360000  4
6710  1  29.20530000  30.83310000  26.12460000  4
6711  1  17.14230000  33.61650000  5.67399000  3
6712  1  17.80510000  27.83480000  20.77040000  4
6713  1  11.60640000  14.89760000  25.76630000  4
6714  1  24.90260000  31.00630000  11.35320000  4
6715  1  17.74380000  27.12750000  11.96670000  4
6716  1  10.16710000  7.44868000  36.12580000  4
6717  1  20.35010000  8.05965000  3.61227000  4
6718  1  4.18719000  22.08050000  26.83550000  3
6719  1  20.14640000  10.16590000  8.05880000  4
6720  1  33.07830000  29.62150000  20.08680000  4
6721  1  30.10310000  22.07610000  31.66880000  4
6722  1  33.59440000  5.89643000  22.57680000  4
6723  1  24.46980000  22.27690000  31.40350000  4
6724  1  22.86560000  28.76570000  33.31140000  4
6725  1  33.01670000  29.81810000  3.91656000  4
6726  1  1.91306000  19.45710000  9.75457000  4
6727  1  32.25580000  34.94630000  35.12560000  4
6728  1  0.22072600  25.49100000  17.37420000  4
6729  1  2.50943000  30.65150000  11.68310000  4
6730  1  10.63670000  36.17830000  9.80653000  4
6731  1  12.51030000  7.66734000  12.82640000  4
6732  1  2.33735000  0.54386300  2.83548000  4
6733  1  23.43860000  3.79141000  2.67732000  4
6734  1  32.83220000  8.80307000  25.39780000  3
6735  1  3.41776000  13.85660000  7.30994000  4
6736  1  29.66560000  11.38640000  16.29820000  4
6737  1  17.86390000  31.31060000  17.67420000  4
6738  1  31.75840000  15.09140000  17.06650000  4
6739  1  0.12271400  20.18460000  34.55420000  4
6740  1  30.79040000  2.33372000  24.81240000  4
6741  1  5.47642000  28.76680000  9.28611000  3
6742  1  31.59430000  35.46040000  17.81280000  4
6743  1  8.97832000  13.78990000  11.54670000  4
6744  1  19.75490000  19.87550000  30.93420000  4
6745  1  22.88350000  9.27017000  13.53190000  3
6746  1  21.34020000  10.31240000  16.71500000  4
6747  1  10.13000000  13.12510000  5.08727000  4
6748  1  21.47820000  13.64310000  9.14108000  4
6749  1  19.86660000  17.09690000  6.06414000  4
6750  1  25.26800000  1.04449000  17.45870000  3
6751  1  31.41810000  16.73640000  2.43693000  4
6752  1  37.15380000  11.90520000  5.08382000  3
6753  1  13.39700000  31.16600000  3.39967000  4
6754  1  30.04160000  17.53120000  32.69940000  4
6755  1  13.34110000  14.63980000  23.17710000  4
6756  1  36.59510000  29.27180000  32.38020000  4
6757  1  5.00076000  23.00090000  0.11411200  4
6758  1  4.45696000  8.21006000  36.53810000  4
6759  1  28.25100000  15.34350000  7.73870000  3
6760  1  31.87880000  5.77947000  0.83767700  3
6761  1  20.76830000  24.56270000  3.44201000  4
6762  1  14.05060000  31.13620000  5.85061000  4
6763  1  1.15519000  12.61370000  19.15770000  4
6764  1  12.89080000  20.28060000  28.48310000  3
6765  1  23.74430000  6.59796000  10.40510000  4
6766  1  3.48196000  17.53370000  9.64622000  3
6767  1  3.14304000  26.65000000  1.59427000  4
6768  1  5.00614000  35.32940000  17.85180000  4
6769  1  19.90490000  31.09970000  6.15478000  4
6770  1  31.40660000  2.53660000  30.82660000  2
6771  1  9.40076000  15.84630000  0.30424600  4
6772  1  36.31870000  14.75350000  25.66660000  4
6773  1  28.89510000  8.32116000  33.06690000  4
6774  1  29.67870000  30.53790000  16.38560000  4
6775  1  0.42359900  12.93510000  36.79890000  3
6776  1  29.72880000  4.99300000  28.43150000  3
6777  1  18.65770000  35.67880000  3.30302000  4
6778  1  5.81058000  32.41490000  14.18250000  4
6779  1  23.27680000  27.34400000  32.92850000  4
6780  1  24.95250000  26.03120000  18.14270000  3
6781  1  19.45450000  21.75330000  2.33610000  3
6782  1  34.36090000  16.08760000  17.84050000  4
6783  1  29.72670000  24.03340000  6.51227000  4
6784  1  28.94370000  28.02600000  16.91680000  3
6785  1  4.99509000  25.05870000  19.17220000  4
6786  1  5.37212000  16.69330000  8.45129000  4
6787  1  32.95520000  0.22399700  6.16616000  4
6788  1  23.73150000  25.09480000  23.53200000  4
6789  1  3.07337000  2.05520000  7.50076000  4
6790  1  28.56490000  32.75960000  35.68910000  4
6791  1  32.04170000  14.38130000  7.09116000  3
6792  1  1.98935000  17.69950000  26.27770000  4
6793  1  16.47880000  31.49240000  33.78100000  3
6794  1  24.88910000  15.04460000  34.03920000  4
6795  1  24.22910000  5.11082000  27.22490000  3
6796  1  22.23920000  22.94410000  28.54160000  3
6797  1  25.43780000  17.65410000  30.11880000  4
6798  1  34.43520000  9.56181000  3.01386000  4
6799  1  21.45560000  7.49380000  30.33900000  3
6800  1  6.89497000  7.48364000  10.39370000  4
6801  1  17.36790000  36.83480000  6.92174000  3
6802  1  34.84530000  34.69170000  6.78914000  4
6803  1  20.39530000  30.44630000  29.94330000  3
6804  1  28.99650000  14.00180000  4.85759000  3
6805  1  31.79500000  11.71620000  11.87830000  4
6806  1  10.88660000  5.12859000  6.92719000  4
6807  1  27.26840000  17.25130000  2.22292000  3
6808  1  24.27120000  20.18220000  1.33778000  4
6809  1  21.10340000  1.73939000  9.07122000  4
6810  1  34.59170000  28.61870000  0.20699400  3
6811  1  21.23030000  28.29900000  9.66317000  4
6812  1  29.00820000  34.61930000  1.24134000  3
6813  1  16.06280000  11.50480000  28.64680000  4
6814  1  17.13430000  18.09520000  14.70970000  4
6815  1  4.47411000  23.99500000  23.13730000  3
6816  1  3.36394000  17.43810000  35.32490000  3
6817  1  20.95790000  30.81830000  19.99130000  3
6818  1  24.70950000  20.95240000  6.72271000  4
6819  1  26.29430000  12.39630000  10.81910000  4
6820  1  0.37561900  34.07330000  32.52450000  4
6821  1  31.91390000  8.74936000  3.48143000  3
6822  1  30.88510000  33.67180000  5.99772000  3
6823  1  11.16250000  30.31910000  11.44000000  3
6824  1  9.08282000  15.72120000  13.06070000  4
6825  1  16.54280000  6.41129000  24.89820000  4
6826  1  12.98970000  30.57580000  21.71760000  4
6827  1  12.30110000  9.44254000  34.43260000  4
6828  1  35.55850000  0.08302500  19.76740000  4
6829  1  22.32990000  12.27890000  20.46060000  4
6830  1  10.09070000  21.66630000  18.94120000  4
6831  1  22.04040000  26.61990000  21.02360000  4
6832  1  37.14060000  6.89795000  4.86508000  4
6833  1  15.88640000  18.46720000  28.80680000  3
6834  1  14.82550000  25.69970000  17.80360000  4
6835  1  15.14710000  16.94260000  0.78226900  4
6836  1  27.93130000  13.40680000  33.11360000  4
6837  1  2.04562000  8.06607000  32.76300000  4
6838  1  26.46570000  2.04455000  31.37330000  4
6839  1  26.56320000  21.57200000  19.40960000  3
6840  1  24.92220000  33.34320000  11.78480000  3
6841  1  7.42289000  0.04043190  21.26490000  4
6842  1  26.67520000  3.89860000  11.92470000  4
6843  1  30.38980000  24.25960000  13.50790000  4
6844  1  3.86676000  27.21570000  32.65340000  4
6845  1  21.36010000  4.72987000  25.34000000  3
6846  1  5.94117000  7.39019000  29.05440000  4
6847  1  28.44750000  20.70850000  28.51960000  4
6848  1  10.90070000  5.13035000  9.33000000  4
6849  1  4.59211000  3.60223000  28.77740000  4
6850  1  26.86610000  12.80330000  19.22770000  3
6851  1  22.49950000  21.02070000  7.77514000  4
6852  1  26.17500000  0.66779800  20.93030000  4
6853  1  30.17200000  16.30790000  29.63750000  4
6854  1  0.06927060  9.01217000  19.67330000  4
6855  1  22.52900000  0.09587560  12.48560000  3
6856  1  9.99666000  20.85040000  35.87360000  4
6857  1  1.80986000  15.21740000  5.88925000  4
6858  1  2.30951000  14.61650000  27.85960000  3
6859  1  20.91940000  10.94300000  18.98030000  3
6860  1  6.66748000  25.37980000  31.14420000  4
6861  1  12.64950000  4.06325000  31.92850000  4
6862  1  13.54450000  0.87721700  11.23120000  4
6863  1  1.82119000  1.05023000  4.06171000  4
6864  1  24.04100000  22.05960000  33.77740000  4
6865  1  18.58130000  10.00710000  2.55117000  4
6866  1  2.33839000  7.34591000  16.72020000  3
6867  1  36.65020000  26.15480000  13.27230000  3
6868  1  2.79569000  16.44400000  26.08470000  4
6869  1  28.16330000  5.65965000  12.97020000  4
6870  1  21.07230000  1.04670000  37.06720000  3
6871  1  24.50240000  2.39974000  21.72940000  4
6872  1  6.36548000  9.37875000  17.66930000  4
6873  1  4.63036000  24.67620000  20.55950000  3
6874  1  8.46668000  0.89351500  30.84740000  4
6875  1  21.04070000  9.40618000  7.12281000  3
6876  1  29.45600000  7.89342000  29.34620000  4
6877  1  33.90000000  12.70240000  17.36920000  4
6878  1  8.74140000  7.40156000  31.52970000  4
6879  1  29.52800000  17.22970000  0.79829400  3
6880  1  6.46599000  5.09354000  17.53560000  3
6881  1  21.42960000  21.76770000  34.59370000  4
6882  1  0.15268000  17.27400000  32.82670000  4
6883  1  3.00239000  1.70576000  16.77270000  4
6884  1  16.04890000  9.35732000  8.22455000  3
6885  1  36.08770000  6.72936000  7.52371000  4
6886  1  23.74860000  9.52767000  20.51870000  3
6887  1  21.99810000  16.85190000  19.92670000  4
6888  1  36.10900000  1.65517000  30.76240000  4
6889  1  5.58353000  5.76785000  13.39000000  4
6890  1  13.08190000  3.38015000  17.12650000  4
6891  1  34.92640000  1.44980000  11.37150000  3
6892  1  22.39060000  2.39877000  31.35240000  3
6893  1  22.72660000  28.78100000  21.59660000  4
6894  1  24.89020000  24.07660000  7.43409000  4
6895  1  4.18983000  16.11190000  0.26694100  3
6896  1  0.86814100  30.94790000  26.71580000  4
6897  1  7.35108000  36.28920000  35.42390000  4
6898  1  14.40980000  11.80360000  21.58890000  4
6899  1  10.25890000  2.70842000  23.37680000  4
6900  1  17.88370000  26.10270000  4.69823000  4
6901  1  6.33991000  23.16160000  14.97270000  4
6902  1  33.27060000  6.32964000  10.96020000  4
6903  1  35.12090000  15.84340000  33.35820000  4
6904  1  27.22990000  29.96460000  4.63349000  3
6905  1  9.48063000  35.70260000  31.53830000  4
6906  1  35.69090000  27.63280000  14.88040000  4
6907  1  31.82240000  33.47190000  28.80130000  4
6908  1  24.07430000  33.27660000  32.54390000  4
6909  1  22.18540000  30.44680000  4.79612000  3
6910  1  6.80186000  18.42490000  18.37870000  4
6911  1  24.76640000  0.31866800  28.08090000  4
6912  1  33.79890000  25.84410000  23.13020000  4
6913  1  8.98673000  12.72330000  4.25981000  4
6914  1  32.99270000  0.45503700  21.70690000  4
6915  1  17.56260000  22.82030000  34.08900000  3
6916  1  14.65620000  23.99130000  20.71800000  4
6917  1  34.99240000  8.31559000  12.08680000  4
6918  1  35.54860000  3.35872000  7.35290000  4
6919  1  7.54216000  26.13480000  2.21767000  4
6920  1  13.78400000  14.15480000  2.75798000  3
6921  1  33.60790000  28.06250000  9.98097000  4
6922  1  28.80710000  5.77040000  1.34498000  3
6923  1  19.45030000  6.39776000  26.05780000  4
6924  1  3.87847000  16.83490000  25.01570000  4
6925  1  24.45970000  33.98870000  7.49521000  3
6926  1  35.56140000  30.12170000  19.99000000  4
6927  1  21.78700000  33.20270000  37.14310000  4
6928  1  14.17900000  6.28669000  16.93840000  4
6929  1  16.39250000  14.94080000  23.54770000  4
6930  1  10.51370000  20.31560000  27.22640000  4
6931  1  24.83870000  14.34960000  10.60580000  4
6932  1  13.77040000  16.50490000  3.49236000  4
6933  1  30.00520000  17.89540000  25.37130000  4
6934  1  3.37396000  9.61841000  1.22421000  4
6935  1  28.95460000  35.13910000  4.05613000  4
6936  1  19.52710000  15.38490000  27.81090000  4
6937  1  17.59390000  16.08450000  0.09186860  4
6938  1  32.48490000  20.81380000  19.29850000  3
6939  1  10.39670000  25.20930000  25.16940000  4
6940  1  25.13490000  16.35860000  17.03030000  4
6941  1  5.33180000  10.13210000  24.77600000  4
6942  1  3.99837000  32.82180000  15.78200000  4
6943  1  26.53460000  5.23126000  17.23360000  4
6944  1  19.03650000  13.31640000  28.99600000  4
6945  1  35.98970000  20.30250000  24.90100000  4
6946  1  29.45270000  34.37470000  18.68530000  3
6947  1  14.17520000  10.83090000  7.15766000  4
6948  1  36.25880000  17.73850000  7.13887000  4
6949  1  25.53560000  28.42090000  1.36494000  3
6950  1  34.74410000  30.02970000  15.59160000  4
6951  1  16.55910000  21.03610000  36.24040000  4
6952  1  23.19780000  16.60850000  29.75940000  3
6953  1  10.75930000  14.26210000  28.07450000  4
6954  1  34.59330000  29.68710000  12.78330000  3
6955  1  10.36930000  28.32260000  31.16190000  4
6956  1  19.05060000  15.13270000  35.92800000  4
6957  1  12.92090000  12.95050000  24.83820000  3
6958  1  12.96080000  6.83119000  21.36810000  4
6959  1  6.18141000  8.24457000  2.36169000  4
6960  1  23.96360000  7.16576000  22.73050000  4
6961  1  13.56280000  10.38900000  18.62440000  4
6962  1  22.85490000  26.22930000  11.92470000  4
6963  1  16.40970000  27.52790000  0.60403200  4
6964  1  29.15130000  36.81490000  17.68340000  4
6965  1  5.16281000  6.57120000  30.18170000  4
6966  1  4.72736000  23.80580000  7.37818000  4
6967  1  23.01490000  36.49170000  32.80210000  4
6968  1  26.63970000  8.32283000  3.17807000  4
6969  1  9.05139000  21.73990000  26.19890000  3
6970  1  25.59070000  36.24890000  0.50560100  4
6971  1  1.35905000  0.07652870  14.35490000  4
6972  1  24.40690000  9.07096000  31.38470000  3
6973  1  34.64530000  10.42230000  16.52720000  4
6974  1  35.55290000  32.45420000  18.05790000  4
6975  1  17.88390000  7.83600000  33.89870000  4
6976  1  13.77530000  25.98930000  21.69270000  4
6977  1  32.51200000  8.62718000  16.94600000  4
6978  1  29.86550000  30.69330000  17.89780000  4
6979  1  1.10038000  29.00380000  34.43550000  4
6980  1  31.33380000  29.11790000  36.58180000  3
6981  1  0.53380800  20.35610000  9.48165000  4
6982  1  24.11870000  6.50283000  30.06530000  3
6983  1  34.42050000  33.74300000  35.40340000  4
6984  1  35.87570000  0.95882900  16.38510000  4
6985  1  3.90479000  5.40991000  10.64580000  4
6986  1  23.65000000  19.20090000  2.48266000  4
6987  1  11.62240000  26.40610000  29.39760000  4
6988  1  23.92150000  11.94220000  17.05800000  4
6989  1  3.19854000  36.91500000  11.45990000  4
6990  1  20.48120000  2.11265000  29.03220000  3
6991  1  11.31630000  27.49600000  4.52437000  3
6992  1  7.35801000  19.71660000  10.07650000  3
6993  1  31.98190000  11.14980000  18.10900000  4
6994  1  17.72830000  34.53510000  2.61365000  4
6995  1  25.24540000  8.27980000  28.91350000  3
6996  1  2.48944000  34.31660000  7.76217000  4
6997  1  17.93330000  33.41600000  30.11660000  4
6998  1  24.70630000  24.75030000  31.97040000  3
6999  1  9.86175000  18.73120000  11.26100000  3
7000  1  35.86430000  2.35690000  19.41810000  4
7001  1  7.58331000  17.99320000  12.06190000  4
7002  1  36.35830000  9.88992000  22.44130000  3
7003  1  25.38180000  10.65590000  28.38660000  4
7004  1  10.92490000  10.48470000  16.12710000  4
7005  1  26.15410000  34.87870000  18.81930000  4
7006  1  0.49075300  11.61450000  26.25050000  3
7007  1  16.49310000  22.41940000  11.77380000  3
7008  1  5.24936000  10.13030000  31.00980000  4
7009  1  27.19420000  25.09200000  7.16708000  4
7010  1  24.33310000  34.41140000  10.88000000  4
7011  1  13.54670000  18.46090000  2.01820000  4
7012  1  22.24000000  11.80570000  34.52090000  4
7013  1  34.51510000  32.92940000  25.25210000  3
7014  1  31.70860000  1.74332000  27.81740000  4
7015  1  5.69411000  29.76770000  3.19718000  4
7016  1  31.79920000  13.32130000  24.54920000  4
7017  1  21.28410000  2.60652000  11.69830000  4
7018  1  21.52650000  7.39257000  25.26950000  4
7019  1  5.56038000  31.18600000  19.49570000  4
7020  1  33.12190000  16.00320000  9.30397000  3
7021  1  24.53320000  22.63620000  12.37020000  3
7022  1  1.17695000  25.22640000  2.19239000  4
7023  1  16.85990000  21.78420000  10.59320000  4
7024  1  19.98970000  15.01660000  7.18982000  4
7025  1  23.08400000  13.41260000  26.38120000  4
7026  1  31.35040000  2.17203000  22.48960000  4
7027  1  20.30320000  7.37053000  18.92650000  3
7028  1  16.05810000  5.01281000  21.51650000  3
7029  1  31.35580000  33.70630000  34.74370000  4
7030  1  13.64820000  13.80990000  20.33460000  4
7031  1  2.59267000  9.22691000  28.52450000  4
7032  1  19.26330000  13.22420000  17.11600000  4
7033  1  23.65510000  25.29580000  9.46768000  4
7034  1  10.74910000  23.44350000  20.79580000  4
7035  1  14.19090000  12.48160000  27.11890000  4
7036  1  21.77580000  0.41296000  32.88350000  4
7037  1  9.05254000  17.42140000  29.61190000  3
7038  1  17.34700000  13.20550000  13.59770000  4
7039  1  24.90980000  30.64390000  4.32863000  4
7040  1  0.15613800  1.02433000  35.34650000  3
7041  1  22.75470000  12.03790000  3.11821000  4
7042  1  8.57052000  18.69130000  1.77141000  4
7043  1  35.24580000  30.84450000  36.42120000  4
7044  1  18.67270000  36.48360000  32.52200000  4
7045  1  37.15220000  24.60430000  24.91480000  3
7046  1  17.93290000  13.88090000  25.63440000  4
7047  1  11.10220000  7.03736000  33.70300000  3
7048  1  10.51600000  14.83710000  29.37000000  3
7049  1  25.40910000  14.39140000  15.35140000  4
7050  1  28.67390000  4.15689000  8.72327000  4
7051  1  23.16060000  19.51740000  27.95230000  4
7052  1  9.70415000  25.28620000  4.18774000  4
7053  1  17.95440000  6.30946000  10.07840000  4
7054  1  9.61446000  17.77740000  23.84720000  4
7055  1  17.80340000  21.86720000  16.95770000  4
7056  1  20.03920000  0.53817300  5.92156000  4
7057  1  26.86150000  20.58920000  18.46800000  4
7058  1  8.28436000  31.32140000  8.05869000  4
7059  1  9.98140000  24.98420000  33.45660000  4
7060  1  32.79870000  24.42530000  17.06550000  4
7061  1  21.83670000  8.73013000  23.15490000  4
7062  1  24.52420000  19.69860000  33.32210000  4
7063  1  20.89740000  12.91410000  25.48680000  4
7064  1  14.62860000  17.62300000  18.77910000  4
7065  1  20.22950000  18.55750000  15.52780000  4
7066  1  1.00104000  13.03380000  10.98890000  4
7067  1  6.48658000  33.76790000  9.55414000  4
7068  1  19.32140000  25.42560000  11.33850000  4
7069  1  36.72550000  32.86790000  32.67150000  4
7070  1  35.14830000  36.76630000  30.96700000  4
7071  1  25.80310000  5.00487000  33.63970000  3
7072  1  16.51740000  14.44400000  16.63380000  4
7073  1  36.24890000  0.06006730  25.22340000  4
7074  1  2.14343000  1.38076000  14.43260000  4
7075  1  0.67892400  1.85266000  16.64850000  4
7076  1  15.43350000  17.44810000  20.89580000  3
7077  1  19.63910000  3.95365000  36.16960000  4
7078  1  23.09410000  22.89510000  31.66750000  4
7079  1  4.01272000  5.97139000  27.12320000  4
7080  1  5.97788000  9.11655000  34.55680000  4
7081  1  20.86880000  32.23270000  33.83800000  4
7082  1  28.76150000  12.48760000  23.21030000  4
7083  1  24.05700000  27.06620000  35.20450000  3
7084  1  16.57550000  7.24266000  29.14680000  4
7085  1  12.74700000  1.82019000  15.41770000  4
7086  1  17.82820000  8.66067000  18.62030000  4
7087  1  9.30472000  32.30510000  27.27860000  4
7088  1  3.49587000  35.23630000  7.11780000  3
7089  1  3.25474000  11.57230000  5.10716000  4
7090  1  1.14390000  34.90750000  7.04698000  4
7091  1  13.07230000  35.41670000  17.76900000  3
7092  1  25.89720000  2.24619000  28.63370000  4
7093  1  29.16180000  23.01010000  28.76570000  3
7094  1  28.13700000  0.52997800  9.72760000  3
7095  1  15.94410000  18.05660000  27.36400000  4
7096  1  16.77960000  30.71590000  32.55300000  4
7097  1  16.29930000  27.11560000  19.07860000  4
7098  1  17.58800000  2.91508000  23.14120000  4
7099  1  14.18630000  17.65430000  20.17220000  4
7100  1  14.46270000  11.38950000  14.07780000  4
7101  1  26.10090000  22.57760000  14.89380000  3
7102  1  4.25863000  18.69880000  16.23470000  3
7103  1  17.92140000  31.49120000  19.36060000  4
7104  1  8.21378000  4.56158000  31.41220000  4
7105  1  20.46170000  9.09220000  14.14780000  4
7106  1  1.61796000  26.40230000  9.75609000  3
7107  1  16.62690000  19.77460000  16.71480000  4
7108  1  17.16690000  12.22230000  20.92570000  4
7109  1  4.00220000  34.82160000  31.04860000  4
7110  1  17.29240000  18.24300000  13.15150000  4
7111  1  28.56450000  34.57220000  28.46730000  4
7112  1  18.16650000  25.02760000  35.32400000  3
7113  1  7.39017000  11.75930000  29.01670000  4
7114  1  12.39970000  1.97706000  16.80440000  3
7115  1  20.37160000  30.79810000  21.24720000  3
7116  1  19.24290000  12.32730000  1.80814000  4
7117  1  5.70478000  32.11600000  8.70294000  4
7118  1  18.38410000  22.53780000  23.91930000  4
7119  1  27.50330000  12.14750000  4.15367000  4
7120  1  15.49790000  4.54355000  8.60767000  3
7121  1  20.37870000  25.79640000  22.15690000  4
7122  1  30.18560000  5.36265000  36.01030000  3
7123  1  10.71390000  8.10595000  2.95513000  4
7124  1  8.08038000  9.23977000  33.23140000  4
7125  1  32.96610000  15.82580000  3.82074000  4
7126  1  24.36100000  35.90200000  11.37140000  4
7127  1  25.84830000  9.97581000  11.52460000  4
7128  1  5.33747000  19.10470000  11.68420000  4
7129  1  11.73950000  9.38624000  19.72140000  4
7130  1  6.36274000  25.03990000  29.52330000  4
7131  1  3.38160000  36.40220000  3.41731000  4
7132  1  29.36420000  29.04230000  6.05476000  4
7133  1  11.75260000  18.84370000  6.62268000  4
7134  1  8.20655000  36.22720000  0.86369700  3
7135  1  32.72410000  10.37150000  10.24250000  4
7136  1  12.86010000  18.24840000  0.10674700  4
7137  1  0.39790900  33.55310000  25.55510000  4
7138  1  1.83928000  13.08070000  3.98406000  3
7139  1  17.00960000  22.98510000  9.55905000  4
7140  1  24.20420000  4.67380000  7.98750000  4
7141  1  6.35331000  32.96020000  21.42790000  4
7142  1  29.59010000  11.52440000  0.28521000  3
7143  1  8.60122000  6.99239000  26.12900000  3
7144  1  18.85320000  5.65876000  0.31028400  4
7145  1  22.16200000  27.81570000  36.55920000  3
7146  1  14.99310000  33.89750000  14.55380000  4
7147  1  30.26460000  25.23390000  27.15240000  4
7148  1  7.78001000  2.46582000  17.70920000  3
7149  1  25.20600000  22.45660000  0.95523700  4
7150  1  35.73100000  4.18702000  3.43247000  4
7151  1  22.40960000  11.51840000  15.09130000  3
7152  1  28.62890000  10.98640000  15.15830000  3
7153  1  13.60420000  17.42680000  17.74350000  3
7154  1  28.63470000  19.94920000  13.57910000  4
7155  1  1.96243000  3.47978000  29.32580000  4
7156  1  2.09742000  12.96500000  15.58100000  3
7157  1  17.39510000  19.67000000  2.33102000  4
7158  1  2.33408000  1.59252000  10.07030000  4
7159  1  35.56230000  6.51608000  34.76140000  4
7160  1  14.77610000  1.78053000  11.68310000  4
7161  1  32.98330000  31.61410000  18.35890000  3
7162  1  4.29520000  31.65720000  23.70900000  3
7163  1  26.63790000  12.99990000  13.69500000  4
7164  1  23.43160000  20.72710000  33.57600000  4
7165  1  4.17605000  5.74728000  21.06500000  4
7166  1  4.06053000  27.16760000  4.66949000  3
7167  1  13.76900000  2.85036000  8.04122000  4
7168  1  11.05760000  20.07220000  6.03126000  4
7169  1  14.37990000  33.20520000  2.08530000  4
7170  1  17.94350000  30.71700000  29.80810000  4
7171  1  28.65500000  30.21400000  18.65470000  3
7172  1  22.33860000  35.19090000  4.67106000  4
7173  1  20.53040000  10.08350000  27.86170000  4
7174  1  27.60100000  35.28620000  34.54900000  4
7175  1  16.63090000  11.34860000  6.69465000  3
7176  1  32.59210000  19.42180000  24.01820000  4
7177  1  12.62190000  13.05980000  4.46169000  4
7178  1  11.06520000  18.97440000  1.91167000  3
7179  1  24.84450000  21.66870000  23.03010000  4
7180  1  35.49390000  2.06452000  33.98550000  4
7181  1  25.36530000  20.53900000  25.14470000  4
7182  1  1.77641000  17.55280000  11.49440000  4
7183  1  25.82460000  8.08937000  9.91987000  4
7184  1  4.51005000  9.89292000  6.39070000  3
7185  1  26.23520000  13.36270000  17.76430000  4
7186  1  37.09690000  17.73520000  35.40380000  4
7187  1  32.14140000  8.33533000  7.92657000  4
7188  1  35.66150000  2.92578000  14.75350000  4
7189  1  30.57330000  14.86890000  13.51210000  4
7190  1  9.65740000  13.23210000  27.98610000  4
7191  1  2.51552000  18.25050000  8.78288000  4
7192  1  30.00810000  18.53860000  33.95020000  4
7193  1  2.87370000  4.47929000  10.09630000  4
7194  1  24.88800000  28.25450000  22.38320000  4
7195  1  30.83480000  10.40400000  25.70730000  4
7196  1  19.33490000  13.90330000  27.61890000  3
7197  1  12.60240000  31.65490000  30.65930000  4
7198  1  10.96820000  14.06750000  36.37940000  4
7199  1  14.09540000  7.09715000  7.23426000  4
7200  1  25.23920000  2.38864000  23.17680000  4
7201  1  32.15550000  22.12710000  18.93350000  3
7202  1  5.09373000  22.57160000  4.78376000  4
7203  1  20.89990000  25.76840000  14.57140000  4
7204  1  28.48910000  15.02040000  32.96600000  4
7205  1  6.06335000  36.22950000  28.52250000  4
7206  1  33.55030000  2.06523000  7.98453000  3
7207  1  34.32160000  3.63458000  15.41310000  4
7208  1  33.88890000  31.28900000  23.71190000  4
7209  1  30.75710000  10.47730000  29.25030000  4
7210  1  16.34560000  28.68040000  14.20090000  4
7211  1  32.60940000  13.35550000  15.13410000  4
7212  1  11.79820000  7.02450000  28.36020000  4
7213  1  16.45120000  32.71390000  12.89380000  4
7214  1  8.66394000  7.55262000  36.08720000  3
7215  1  17.34220000  8.76016000  12.92220000  4
7216  1  22.78700000  2.67276000  7.34159000  4
7217  1  33.07920000  35.30090000  17.72630000  4
7218  1  9.43540000  5.47961000  29.19140000  4
7219  1  7.57887000  8.83092000  15.65890000  4
7220  1  15.03530000  7.65950000  22.65930000  4
7221  1  9.10504000  31.91140000  10.38550000  4
7222  1  1.34811000  36.65440000  26.12610000  4
7223  1  24.21880000  8.16884000  20.51410000  3
7224  1  29.92360000  10.63080000  1.49292000  4
7225  1  29.03990000  2.75022000  36.59530000  3
7226  1  4.97572000  28.87200000  2.11696000  4
7227  1  0.76319700  4.84615000  30.79350000  4
7228  1  7.99442000  34.03310000  1.90582000  4
7229  1  2.10213000  2.54377000  24.40360000  4
7230  1  22.22060000  18.37400000  20.34720000  4
7231  1  26.28880000  33.47010000  14.74820000  3
7232  1  1.25056000  4.45371000  12.09350000  4
7233  1  0.09090020  5.76963000  7.50668000  4
7234  1  26.99610000  22.73280000  35.28710000  4
7235  1  1.58268000  12.61270000  32.36030000  3
7236  1  7.69090000  23.90090000  25.10790000  3
7237  1  4.22009000  15.90310000  11.72150000  4
7238  1  22.98540000  7.35425000  25.64330000  4
7239  1  30.97020000  21.56280000  23.03010000  4
7240  1  8.83737000  30.90330000  12.50640000  4
7241  1  9.63525000  6.24847000  17.67420000  3
7242  1  11.50090000  15.48160000  17.94910000  3
7243  1  26.12460000  20.45880000  13.14670000  3
7244  1  32.39970000  10.09180000  1.05674000  4
7245  1  3.24466000  33.76460000  14.75980000  4
7246  1  11.12400000  20.55000000  22.79700000  3
7247  1  17.35290000  0.52567300  36.26960000  3
7248  1  24.77290000  29.50240000  3.36347000  4
7249  1  33.91210000  0.44049800  24.42570000  3
7250  1  9.20082000  31.11810000  0.71280200  4
7251  1  25.42310000  9.58784000  13.76640000  3
7252  1  22.72620000  0.30851100  17.11630000  4
7253  1  28.09710000  3.98303000  12.82130000  4
7254  1  27.04320000  25.84020000  27.49720000  4
7255  1  17.09040000  34.55060000  31.97220000  4
7256  1  12.56490000  36.82050000  29.49220000  4
7257  1  19.59110000  33.18800000  10.60960000  4
7258  1  32.83060000  7.84203000  24.25910000  4
7259  1  18.83410000  28.78400000  9.32520000  4
7260  1  0.12523000  24.00300000  8.43633000  4
7261  1  25.91700000  4.22153000  14.91750000  4
7262  1  24.44080000  27.30890000  18.28870000  3
7263  1  9.51302000  6.42048000  10.99000000  4
7264  1  8.34546000  21.46340000  1.14547000  4
7265  1  33.59710000  29.02070000  17.61160000  4
7266  1  19.99370000  23.31240000  28.49770000  3
7267  1  7.73671000  11.05020000  37.10210000  4
7268  1  9.17629000  24.77260000  29.50120000  4
7269  1  18.25770000  25.01420000  15.17540000  4
7270  1  2.85230000  0.43174000  19.06740000  3
7271  1  23.14810000  24.68370000  12.36430000  3
7272  1  1.02242000  11.42350000  22.67680000  4
7273  1  6.37826000  16.83060000  16.23530000  4
7274  1  24.02520000  18.55620000  32.37430000  4
7275  1  36.03990000  31.93690000  10.64190000  4
7276  1  18.40750000  11.36890000  9.07709000  4
7277  1  6.06861000  15.21440000  26.05270000  4
7278  1  18.98670000  0.70068900  4.83289000  4
7279  1  11.84320000  1.28668000  14.41910000  3
7280  1  14.83320000  5.59744000  30.16070000  4
7281  1  31.70300000  2.25650000  2.86178000  4
7282  1  19.62280000  18.45020000  13.33030000  4
7283  1  36.15860000  11.50840000  32.73230000  3
7284  1  34.51520000  35.41160000  24.93060000  4
7285  1  31.42680000  22.92330000  15.68850000  4
7286  1  5.61098000  22.41210000  33.27910000  4
7287  1  33.52210000  16.92410000  23.21590000  4
7288  1  26.17640000  15.55990000  6.83530000  4
7289  1  18.06120000  5.65528000  12.44370000  3
7290  1  19.78310000  7.19669000  35.91430000  4
7291  1  32.18240000  23.69930000  33.25450000  4
7292  1  34.55170000  19.76660000  2.14677000  3
7293  1  20.52290000  20.41900000  23.46040000  4
7294  1  11.97510000  36.02680000  32.35430000  4
7295  1  12.29110000  9.93555000  14.07140000  4
7296  1  32.05360000  5.43187000  30.00060000  3
7297  1  2.78385000  25.38260000  6.23562000  4
7298  1  19.58190000  22.48820000  18.79030000  4
7299  1  34.67500000  18.72690000  32.03810000  4
7300  1  18.70250000  22.39250000  36.49910000  3
7301  1  6.43661000  26.64470000  36.18840000  3
7302  1  16.06590000  4.43790000  2.27195000  4
7303  1  10.88610000  24.87880000  8.26274000  4
7304  1  19.49490000  3.67812000  14.51570000  3
7305  1  22.91000000  20.60440000  32.04640000  4
7306  1  29.12310000  13.91220000  22.82740000  4
7307  1  0.57075900  3.52555000  13.06020000  3
7308  1  5.80505000  3.75179000  15.60610000  4
7309  1  8.06116000  3.23888000  29.09100000  4
7310  1  33.73600000  17.29500000  9.51260000  3
7311  1  26.14730000  24.40690000  9.49380000  4
7312  1  20.12930000  0.44071200  2.64779000  3
7313  1  28.39560000  18.60960000  11.51350000  4
7314  1  14.37190000  4.87829000  3.87722000  4
7315  1  15.75870000  14.82410000  5.60955000  4
7316  1  36.88660000  5.00306000  3.07738000  3
7317  1  0.33108800  9.42278000  28.71330000  4
7318  1  7.53436000  1.09999000  2.51524000  4
7319  1  24.32720000  25.02990000  33.41250000  4
7320  1  30.51520000  16.44460000  4.42575000  4
7321  1  28.45710000  11.28000000  26.38220000  4
7322  1  0.85048700  2.19638000  12.39950000  4
7323  1  32.61140000  20.32510000  26.89180000  4
7324  1  19.55500000  20.91650000  12.71260000  4
7325  1  36.04740000  16.55250000  32.34130000  4
7326  1  31.76310000  15.85560000  18.37520000  4
7327  1  18.59290000  2.84268000  13.83130000  3
7328  1  16.11280000  18.78020000  2.07811000  4
7329  1  28.40450000  36.78440000  25.35130000  4
7330  1  17.00510000  11.70130000  26.25550000  3
7331  1  22.94410000  31.50410000  16.17980000  3
7332  1  17.27400000  13.38150000  18.52530000  4
7333  1  19.68270000  14.43560000  29.95950000  4
7334  1  16.61430000  12.61730000  0.47118100  4
7335  1  8.79650000  15.77420000  4.31278000  4
7336  1  5.35775000  28.94470000  26.38810000  3
7337  1  8.46735000  36.86460000  22.41370000  4
7338  1  22.00560000  26.47490000  32.45000000  4
7339  1  17.23110000  33.79480000  34.77960000  4
7340  1  29.94950000  3.99575000  4.75564000  3
7341  1  30.57090000  13.45340000  12.85800000  4
7342  1  36.23130000  13.24150000  31.04170000  3
7343  1  24.65360000  7.52916000  1.34878000  4
7344  1  30.08910000  32.11150000  18.37680000  4
7345  1  0.71949600  33.13090000  9.54085000  3
7346  1  13.96360000  29.49990000  35.97480000  4
7347  1  7.62007000  24.97750000  8.71547000  4
7348  1  7.27057000  19.12920000  33.20370000  4
7349  1  9.05681000  13.60460000  2.97544000  4
7350  1  20.49700000  19.53850000  35.13900000  4
7351  1  7.55590000  34.41450000  10.10960000  3
7352  1  11.80380000  22.32160000  29.55690000  4
7353  1  35.61360000  1.67464000  12.55080000  3
7354  1  15.48080000  22.36550000  29.05310000  4
7355  1  8.59568000  14.11260000  28.42720000  4
7356  1  26.88470000  10.54810000  28.34800000  4
7357  1  4.50364000  11.78680000  29.25430000  3
7358  1  32.87280000  10.64310000  20.94490000  3
7359  1  8.67870000  33.67520000  0.67715600  3
7360  1  32.77700000  12.62030000  13.78760000  4
7361  1  9.28894000  17.93100000  5.55361000  4
7362  1  4.91500000  21.55730000  3.60762000  4
7363  1  0.60447900  24.65210000  18.63290000  4
7364  1  32.58170000  21.07540000  11.39940000  3
7365  1  14.68220000  35.88240000  6.10764000  4
7366  1  6.14366000  20.23690000  21.46210000  4
7367  1  31.52250000  3.33493000  28.13550000  4
7368  1  12.64450000  20.79660000  12.41850000  3
7369  1  13.76730000  36.16350000  4.76253000  4
7370  1  28.00840000  21.05710000  17.47750000  4
7371  1  7.96106000  3.40134000  27.47510000  4
7372  1  6.48137000  28.89980000  10.34300000  4
7373  1  9.05384000  3.41743000  22.62430000  4
7374  1  12.78940000  29.45610000  29.59070000  4
7375  1  33.90830000  11.30170000  15.44120000  4
7376  1  11.78420000  24.26540000  3.26585000  4
7377  1  20.39180000  4.17794000  7.98222000  4
7378  1  30.30970000  33.95000000  14.67300000  4
7379  1  23.40660000  11.91100000  5.64043000  4
7380  1  4.22755000  20.97670000  12.74450000  3
7381  1  11.07850000  9.46412000  33.61470000  3
7382  1  31.15950000  10.36150000  31.59660000  3
7383  1  24.49860000  34.67560000  23.56430000  3
7384  1  14.07940000  20.86200000  27.94120000  4
7385  1  33.98340000  30.72450000  8.19351000  4
7386  1  33.35400000  14.49430000  36.46240000  4
7387  1  12.30560000  18.50410000  26.18430000  4
7388  1  31.84060000  15.04850000  36.44810000  4
7389  1  5.23953000  0.83689700  32.49630000  4
7390  1  17.60050000  16.35890000  20.35940000  4
7391  1  3.23859000  34.81450000  0.21258400  4
7392  1  3.94095000  15.86720000  21.89710000  4
7393  1  23.00440000  31.84220000  19.07650000  4
7394  1  3.27432000  22.02590000  12.56360000  4
7395  1  22.01490000  2.33897000  20.86200000  3
7396  1  0.35194600  24.25610000  34.14720000  4
7397  1  20.64330000  2.24797000  10.36410000  4
7398  1  31.74480000  35.30960000  20.95370000  4
7399  1  27.86830000  7.41601000  17.63660000  3
7400  1  12.82100000  23.25950000  5.86796000  3
7401  1  29.48840000  12.94730000  10.73170000  4
7402  1  18.53160000  1.76181000  22.54230000  4
7403  1  34.13400000  18.59450000  5.73538000  4
7404  1  19.78390000  11.22040000  34.15190000  3
7405  1  35.61730000  24.67570000  10.03330000  4
7406  1  30.52270000  35.49190000  27.52970000  4
7407  1  24.71420000  33.07380000  16.80160000  4
7408  1  16.71030000  25.13940000  28.43190000  3
7409  1  12.82210000  14.93360000  28.96680000  4
7410  1  25.81130000  11.55020000  6.22085000  4
7411  1  35.74590000  11.14300000  22.71170000  4
7412  1  5.62387000  23.98290000  33.71540000  4
7413  1  18.98660000  20.25800000  4.38328000  4
7414  1  2.99737000  27.20810000  16.50520000  4
7415  1  28.63760000  18.26720000  6.28621000  4
7416  1  10.27160000  18.21400000  36.99210000  3
7417  1  11.19070000  13.69190000  4.10077000  4
7418  1  27.71190000  0.43331500  26.36680000  4
7419  1  2.33070000  21.68670000  20.92030000  4
7420  1  18.06850000  21.95590000  2.19966000  3
7421  1  17.88840000  23.57140000  14.63620000  4
7422  1  20.65720000  2.88130000  23.94440000  4
7423  1  25.23820000  16.72130000  8.75564000  4
7424  1  13.82630000  28.01650000  1.81344000  4
7425  1  23.71900000  20.85040000  23.40710000  3
7426  1  31.40130000  2.67340000  15.35250000  4
7427  1  23.48040000  34.34660000  13.92840000  3
7428  1  27.97490000  15.69530000  36.79130000  4
7429  1  8.71177000  8.45470000  8.95008000  4
7430  1  31.97690000  0.31351500  28.39640000  4
7431  1  15.92920000  1.98563000  20.41690000  3
7432  1  31.63360000  24.31310000  18.06430000  4
7433  1  24.58320000  18.72630000  7.60654000  4
7434  1  9.07189000  31.93630000  17.55020000  3
7435  1  5.75011000  7.91839000  11.37680000  4
7436  1  30.13030000  34.68440000  8.16550000  4
7437  1  15.66930000  10.69930000  7.58634000  4
7438  1  0.82495100  15.73070000  12.89870000  4
7439  1  26.96260000  32.54970000  10.76560000  4
7440  1  25.77650000  31.21120000  7.57033000  3
7441  1  20.67930000  0.73527200  22.58590000  4
7442  1  25.16530000  4.24633000  6.98384000  3
7443  1  24.53940000  25.64140000  1.73593000  4
7444  1  12.66970000  20.16280000  36.04690000  4
7445  1  15.78250000  13.98890000  17.88640000  4
7446  1  24.50800000  11.31330000  24.89220000  4
7447  1  35.81530000  3.14538000  2.21218000  4
7448  1  17.39730000  20.04290000  27.71850000  4
7449  1  34.52010000  5.44409000  20.32550000  4
7450  1  21.10530000  5.07074000  22.90020000  3
7451  1  13.81070000  33.13510000  35.14310000  4
7452  1  12.44590000  2.39865000  3.41794000  4
7453  1  14.89450000  3.18561000  15.02690000  4
7454  1  35.04450000  4.38851000  16.59840000  4
7455  1  7.25390000  28.84030000  7.44268000  3
7456  1  18.40610000  19.40390000  1.26214000  3
7457  1  25.41520000  3.42283000  3.87515000  4
7458  1  28.40480000  3.22320000  9.91327000  4
7459  1  25.07710000  7.88043000  32.20250000  4
7460  1  31.71490000  2.86479000  11.75860000  4
7461  1  22.90140000  20.28680000  22.30480000  4
7462  1  31.14440000  19.28930000  23.49060000  4
7463  1  15.51090000  31.87870000  12.11210000  4
7464  1  11.51630000  7.11353000  15.75200000  4
7465  1  32.04870000  33.94500000  1.45087000  3
7466  1  11.85210000  13.39370000  25.80130000  4
7467  1  18.67370000  35.45930000  22.87730000  4
7468  1  10.35190000  26.42450000  35.58850000  4
7469  1  9.61433000  16.26410000  24.27410000  4
7470  1  37.00910000  16.17600000  18.98800000  4
7471  1  15.56810000  20.96560000  10.29880000  4
7472  1  29.86810000  23.00140000  36.21130000  4
7473  1  13.16350000  35.18990000  2.51029000  3
7474  1  21.81340000  13.27430000  34.38250000  4
7475  1  18.56080000  27.34530000  33.59820000  4
7476  1  36.56930000  19.86110000  36.86190000  4
7477  1  32.22460000  18.41250000  13.96800000  4
7478  1  5.81364000  2.02085000  4.46193000  4
7479  1  2.00974000  31.08150000  15.81150000  4
7480  1  1.12915000  3.41515000  3.37523000  4
7481  1  18.48410000  15.36870000  30.53430000  4
7482  1  27.45460000  37.00620000  32.64930000  4
7483  1  35.92130000  4.26379000  11.68240000  3
7484  1  30.74150000  25.01990000  20.92910000  4
7485  1  34.75610000  8.65089000  19.06050000  3
7486  1  28.38080000  19.32540000  2.92773000  4
7487  1  12.03670000  28.77070000  24.52320000  4
7488  1  23.72740000  26.14820000  3.05555000  4
7489  1  7.00278000  27.50920000  10.28430000  3
7490  1  2.67629000  0.53063400  5.15182000  3
7491  1  3.11329000  16.54630000  3.23989000  4
7492  1  26.46180000  8.88450000  19.69310000  4
7493  1  1.47230000  4.38117000  0.61837700  3
7494  1  10.63990000  9.93557000  8.52909000  4
7495  1  33.79590000  36.87760000  15.82900000  4
7496  1  30.37350000  0.46133900  30.54420000  3
7497  1  11.00210000  2.34977000  19.87180000  4
7498  1  15.02600000  10.60270000  18.88480000  4
7499  1  28.41210000  21.89760000  15.13090000  4
7500  1  20.21160000  11.33120000  12.01700000  4
7501  1  0.20528600  29.73560000  27.41770000  4
7502  1  10.05210000  32.02290000  3.44290000  4
7503  1  33.08840000  9.49458000  32.76820000  4
7504  1  8.54468000  11.46900000  24.46290000  4
7505  1  27.90570000  31.43500000  13.35410000  4
7506  1  36.70300000  35.28510000  32.29410000  4
7507  1  29.65490000  20.03530000  10.21580000  4
7508  1  30.20470000  29.46280000  8.30651000  4
7509  1  0.98488200  3.51367000  20.86640000  3
7510  1  27.60020000  22.48320000  1.86379000  4
7511  1  35.11310000  11.30760000  20.15030000  3
7512  1  4.56614000  20.30560000  11.52970000  3
7513  1  22.90590000  13.19690000  9.09940000  4
7514  1  31.68460000  10.08800000  14.46100000  4
7515  1  5.39645000  5.48287000  4.94139000  3
7516  1  8.01256000  4.61541000  14.10300000  4
7517  1  13.34290000  24.90370000  34.03020000  4
7518  1  3.22032000  24.00030000  1.28995000  4
7519  1  19.61820000  35.90010000  17.03800000  4
7520  1  10.64950000  34.38280000  36.32720000  4
7521  1  13.53140000  15.56990000  9.64324000  4
7522  1  14.14640000  34.44410000  31.41090000  4
7523  1  20.04820000  16.84520000  17.60180000  4
7524  1  35.32840000  18.63600000  2.17134000  3
7525  1  21.69380000  16.59850000  27.51380000  4
7526  1  5.50756000  19.78550000  31.80360000  4
7527  1  20.35480000  28.81670000  17.08210000  4
7528  1  32.62990000  1.07917000  3.13251000  3
7529  1  10.41340000  23.52430000  22.29020000  3
7530  1  31.87270000  18.67470000  6.95514000  4
7531  1  2.72500000  1.60583000  21.76400000  3
7532  1  19.21100000  1.56036000  13.43570000  4
7533  1  18.46960000  2.21345000  0.43416200  3
7534  1  26.30550000  21.09830000  6.64485000  3
7535  1  19.70210000  10.57580000  3.42374000  4
7536  1  14.60840000  36.73150000  35.62580000  4
7537  1  27.11360000  29.82770000  31.54720000  4
7538  1  12.82690000  1.11933000  2.70160000  4
7539  1  25.38250000  31.16690000  19.69290000  3
7540  1  28.40090000  25.81070000  19.46340000  4
7541  1  34.84030000  25.11380000  24.28940000  4
7542  1  6.06058000  28.48670000  6.50111000  4
7543  1  23.07750000  27.17470000  18.95490000  4
7544  1  3.44032000  20.62730000  8.06746000  4
7545  1  14.47570000  29.22240000  23.45750000  4
7546  1  12.88290000  15.61880000  4.54481000  4
7547  1  11.68170000  36.21050000  16.52650000  3
7548  1  13.46360000  17.58360000  14.16090000  4
7549  1  26.34340000  30.91960000  4.22706000  3
7550  1  17.20410000  11.00200000  0.66734000  4
7551  1  15.04500000  29.21940000  19.50850000  3
7552  1  12.44080000  33.38560000  5.35044000  3
7553  1  26.17870000  0.00643854  25.97680000  4
7554  1  36.31770000  20.99580000  26.24770000  4
7555  1  3.03404000  31.29250000  3.53576000  3
7556  1  0.02119940  0.51619000  13.92920000  3
7557  1  31.54150000  13.01370000  26.09190000  4
7558  1  3.10624000  0.02617890  0.45662800  4
7559  1  14.95380000  10.71750000  29.15970000  4
7560  1  23.65250000  5.32093000  0.66586300  4
7561  1  4.85495000  4.67703000  35.39530000  4
7562  1  27.15950000  0.56186100  10.81830000  4
7563  1  15.54390000  35.59630000  2.81745000  4
7564  1  25.16540000  11.84560000  27.48370000  4
7565  1  21.70280000  20.42740000  29.60330000  3
7566  1  29.40200000  16.98490000  26.37100000  4
7567  1  18.96080000  17.83070000  35.25420000  4
7568  1  26.26460000  24.12940000  17.83200000  4
7569  1  14.63830000  33.82230000  26.60980000  4
7570  1  31.32390000  18.69770000  11.05240000  3
7571  1  13.09910000  30.61330000  15.69310000  3
7572  1  1.76052000  35.50920000  5.74268000  4
7573  1  32.83880000  20.32460000  10.08270000  4
7574  1  25.73650000  26.88120000  9.43550000  4
7575  1  18.55060000  10.21450000  10.11650000  3
7576  1  34.18760000  12.63850000  3.50916000  4
7577  1  36.24360000  0.47450000  0.90029300  3
7578  1  23.83720000  34.09850000  17.61230000  4
7579  1  18.21150000  21.26240000  22.60160000  4
7580  1  28.36170000  32.97270000  16.25760000  3
7581  1  0.27719500  19.23760000  35.77620000  4
7582  1  34.69730000  14.29060000  9.64001000  4
7583  1  30.89170000  12.20840000  29.03020000  4
7584  1  26.98070000  36.82420000  31.21750000  4
7585  1  7.59100000  24.96970000  7.13478000  4
7586  1  4.10779000  6.54286000  25.69830000  4
7587  1  25.18660000  25.49380000  10.01320000  4
7588  1  23.55770000  34.24540000  35.68690000  3
7589  1  22.15760000  17.04490000  15.15510000  4
7590  1  8.75507000  16.24240000  30.40340000  4
7591  1  3.75846000  29.10740000  17.05650000  4
7592  1  6.30596000  0.79300500  11.95520000  4
7593  1  23.70590000  10.81470000  23.57900000  4
7594  1  9.82363000  20.94730000  28.36270000  3
7595  1  23.89710000  5.98464000  3.18196000  3
7596  1  13.05470000  28.56880000  18.19460000  4
7597  1  20.14950000  36.71330000  11.89220000  4
7598  1  2.47366000  12.13460000  3.05956000  3
7599  1  24.33490000  23.81510000  35.47700000  4
7600  1  29.11040000  31.61050000  33.59340000  4
7601  1  7.41306000  23.43460000  36.81380000  4
7602  1  35.42140000  14.42520000  33.51010000  4
7603  1  32.64830000  18.99940000  10.71640000  3
7604  1  33.86070000  32.43950000  15.49290000  3
7605  1  8.79204000  18.54730000  33.37180000  4
7606  1  14.62320000  18.46030000  14.62040000  3
7607  1  34.53770000  20.62990000  13.05850000  4
7608  1  11.36410000  36.47770000  11.22840000  4
7609  1  34.92440000  26.94180000  17.16210000  4
7610  1  17.32270000  30.98440000  6.74197000  3
7611  1  28.62500000  13.54500000  35.91110000  4
7612  1  35.65850000  6.52068000  10.06870000  4
7613  1  29.40800000  17.01140000  3.27599000  4
7614  1  23.89470000  8.97770000  33.97300000  3
7615  1  25.48930000  16.62650000  21.28620000  3
7616  1  35.69580000  23.69490000  30.96130000  4
7617  1  17.73760000  28.13780000  14.24200000  4
7618  1  17.67660000  13.31590000  5.75614000  3
7619  1  3.12886000  35.91710000  1.21584000  4
7620  1  31.09410000  13.61320000  6.26018000  4
7621  1  17.61790000  28.59580000  33.72800000  4
7622  1  26.78290000  5.40214000  34.73930000  4
7623  1  13.99180000  4.15698000  22.62420000  4
7624  1  12.81040000  29.16680000  28.03410000  4
7625  1  23.00910000  27.00490000  31.51700000  4
7626  1  23.86960000  25.29980000  7.76316000  4
7627  1  21.41410000  29.68700000  23.26110000  4
7628  1  22.00990000  36.26490000  1.30850000  4
7629  1  9.65664000  13.21120000  18.34170000  4
7630  1  23.90070000  2.37031000  11.04340000  4
7631  1  1.70509000  19.27900000  36.17810000  4
7632  1  34.67340000  20.33400000  24.15400000  4
7633  1  16.60710000  18.52680000  24.57330000  4
7634  1  2.81181000  26.99500000  12.87170000  4
7635  1  26.53780000  22.62530000  32.94760000  4
7636  1  13.29530000  9.36580000  23.97530000  4
7637  1  8.82378000  12.99700000  35.38640000  3
7638  1  10.67960000  27.20850000  11.89910000  4
7639  1  18.46290000  31.12290000  28.33590000  4
7640  1  10.72660000  30.90110000  2.64797000  3
7641  1  2.45278000  32.45780000  32.27160000  4
7642  1  27.52330000  12.56560000  2.64422000  3
7643  1  6.40712000  10.73410000  18.40260000  4
7644  1  11.21850000  5.86453000  2.34962000  3
7645  1  2.36242000  25.91570000  21.83830000  4
7646  1  9.80983000  22.76590000  11.08010000  4
7647  1  9.52375000  4.77854000  17.76590000  4
7648  1  31.51410000  25.49600000  15.25580000  4
7649  1  20.31950000  35.91570000  37.02450000  3
7650  1  13.57640000  26.16920000  9.54055000  4
7651  1  24.19980000  20.82550000  31.28370000  4
7652  1  18.39550000  17.78480000  31.18080000  3
7653  1  32.55750000  12.72660000  18.03910000  4
7654  1  0.76620200  10.13330000  20.45120000  4
7655  1  2.05671000  21.47520000  34.26880000  4
7656  1  33.08390000  23.85710000  31.96260000  4
7657  1  23.66040000  31.18430000  24.16240000  4
7658  1  36.75140000  21.42010000  7.48786000  3
7659  1  12.01520000  12.70680000  29.40590000  3
7660  1  5.99654000  32.69640000  0.99338900  4
7661  1  31.69390000  28.96990000  20.73300000  4
7662  1  33.66210000  24.06520000  21.64430000  3
7663  1  5.01167000  31.40660000  12.12600000  4
7664  1  20.56850000  2.95398000  35.52760000  4
7665  1  34.44850000  5.81096000  0.78035900  4
7666  1  1.33140000  35.64540000  18.45930000  4
7667  1  13.73520000  12.41720000  0.83869500  4
7668  1  23.26890000  18.61240000  11.38140000  4
7669  1  31.87730000  15.54460000  13.55820000  3
7670  1  18.96180000  1.41296000  16.20750000  4
7671  1  10.24720000  35.07130000  34.04790000  4
7672  1  15.10250000  15.78830000  28.24590000  4
7673  1  16.15660000  3.01070000  31.63280000  3
7674  1  30.21670000  9.74820000  9.14495000  4
7675  1  3.30174000  14.85520000  31.51270000  3
7676  1  16.06820000  17.60200000  12.51000000  3
7677  1  21.14020000  7.91133000  28.97370000  4
7678  1  32.66300000  10.76570000  7.77942000  4
7679  1  22.63060000  28.44630000  16.39780000  3
7680  1  24.87990000  23.09880000  25.11710000  4
7681  1  14.92610000  19.65440000  13.93010000  3
7682  1  1.99641000  9.68024000  12.37370000  4
7683  1  27.95490000  29.14420000  3.62490000  4
7684  1  21.31920000  33.35290000  17.54480000  4
7685  1  11.35260000  34.94080000  23.54860000  4
7686  1  28.25400000  1.83122000  9.05872000  4
7687  1  20.43800000  22.76660000  10.39300000  4
7688  1  10.64100000  8.75395000  11.28550000  4
7689  1  0.76880400  6.63294000  12.61860000  4
7690  1  5.05642000  4.53801000  11.04870000  4
7691  1  12.14700000  3.98190000  24.88660000  4
7692  1  20.56000000  23.89650000  27.22470000  4
7693  1  27.74090000  24.85960000  12.77170000  4
7694  1  22.24550000  1.37996000  34.94530000  4
7695  1  5.54614000  22.84350000  26.89070000  4
7696  1  20.32660000  33.12190000  0.13590400  3
7697  1  35.18440000  34.39370000  5.27020000  4
7698  1  8.77867000  1.08459000  1.48975000  4
7699  1  7.26246000  21.85410000  12.91220000  4
7700  1  14.26410000  11.00310000  1.31770000  4
7701  1  4.33741000  21.46760000  22.28500000  4
7702  1  19.79390000  23.74270000  5.42068000  4
7703  1  33.39940000  8.07495000  34.99850000  3
7704  1  13.14170000  0.16350700  26.92620000  3
7705  1  4.26166000  9.41134000  30.33650000  3
7706  1  36.64270000  35.15770000  0.35903600  4
7707  1  31.29140000  36.53590000  18.82460000  4
7708  1  15.31690000  10.40150000  35.45700000  4
7709  1  13.58240000  28.15850000  6.41354000  4
7710  1  15.12390000  35.63410000  31.38520000  4
7711  1  16.93700000  27.28380000  5.14033000  3
7712  1  11.86460000  10.71020000  28.38310000  3
7713  1  3.03895000  22.02980000  22.21120000  4
7714  1  32.70420000  17.80220000  28.95700000  4
7715  1  31.19790000  4.79299000  37.08240000  4
7716  1  20.85790000  33.77280000  27.35410000  4
7717  1  9.25997000  35.11290000  24.62950000  3
7718  1  19.50050000  0.50144100  7.37731000  4
7719  1  2.34305000  6.61689000  21.76850000  4
7720  1  7.40626000  33.85810000  23.45280000  4
7721  1  11.38410000  4.58000000  15.60480000  3
7722  1  22.59240000  22.84470000  13.97210000  4
7723  1  3.40674000  21.09040000  1.78892000  4
7724  1  20.15040000  12.23940000  22.81650000  4
7725  1  32.44040000  7.86841000  36.01520000  3
7726  1  4.94156000  16.16570000  30.55630000  3
7727  1  32.39140000  25.54210000  14.08540000  3
7728  1  34.40430000  32.16230000  7.64690000  4
7729  1  20.93760000  21.84450000  3.91371000  3
7730  1  24.02460000  34.03710000  19.12890000  4
7731  1  25.22250000  21.95620000  32.74840000  4
7732  1  9.77202000  6.46934000  21.42590000  3
7733  1  31.80340000  32.62270000  12.84290000  4
7734  1  9.09352000  3.69980000  5.74003000  4
7735  1  7.08885000  28.29060000  28.71340000  4
7736  1  11.10060000  24.96530000  2.14955000  4
7737  1  4.32237000  26.17440000  28.45150000  4
7738  1  36.60820000  6.13006000  13.49890000  4
7739  1  11.49090000  13.95290000  9.42772000  4
7740  1  8.57657000  16.09260000  1.63968000  4
7741  1  7.37145000  0.23229300  5.19900000  3
7742  1  15.45380000  20.84580000  16.26560000  4
7743  1  32.55420000  21.95910000  23.33490000  4
7744  1  23.48990000  7.11555000  21.10820000  4
7745  1  8.53568000  34.50880000  16.52040000  3
7746  1  17.66620000  32.58890000  17.11430000  3
7747  1  11.21360000  14.20790000  20.07050000  4
7748  1  27.53680000  21.11920000  1.35435000  3
7749  1  9.74391000  32.58330000  0.55226100  4
7750  1  9.53139000  28.36470000  7.99396000  3
7751  1  29.73090000  27.58330000  29.24010000  4
7752  1  20.69360000  26.92930000  32.08260000  4
7753  1  12.16970000  29.16610000  32.41890000  4
7754  1  6.38284000  7.67340000  8.86794000  4
7755  1  2.58190000  33.38160000  22.02560000  4
7756  1  20.87420000  28.15680000  18.30100000  3
7757  1  7.30612000  7.87094000  13.35350000  4
7758  1  25.36080000  16.53180000  33.46650000  4
7759  1  8.92329000  36.10750000  11.63860000  4
7760  1  24.23610000  34.17940000  3.08964000  4
7761  1  16.02360000  26.47980000  10.15950000  4
7762  1  30.75400000  15.29990000  31.88910000  4
7763  1  14.64320000  25.56320000  20.49630000  4
7764  1  14.01480000  15.25480000  30.99420000  3
7765  1  32.41660000  20.31040000  36.12760000  3
7766  1  24.01760000  12.22590000  2.16483000  4
7767  1  30.41430000  8.73042000  37.03410000  3
7768  1  32.47530000  16.97430000  24.62680000  4
7769  1  36.43320000  24.03040000  5.93797000  4
7770  1  11.80400000  11.08180000  3.05598000  4
7771  1  25.33420000  4.47128000  16.44610000  4
7772  1  2.32541000  7.54210000  24.00120000  4
7773  1  37.10680000  13.71390000  14.07410000  4
7774  1  0.31191500  3.73068000  8.90952000  3
7775  1  13.09880000  25.83710000  35.22400000  3
7776  1  4.24104000  29.50140000  33.58840000  3
7777  1  17.52140000  17.24620000  0.90621300  3
7778  1  16.10840000  8.16782000  4.61294000  4
7779  1  21.42700000  20.62850000  14.32440000  3
7780  1  27.02510000  18.64060000  6.33366000  4
7781  1  13.83520000  11.26430000  33.88720000  4
7782  1  30.15850000  29.81090000  11.05760000  4
7783  1  4.77739000  15.37470000  1.54061000  4
7784  1  11.28590000  27.49300000  6.90150000  4
7785  1  11.48790000  29.15350000  9.23567000  4
7786  1  22.31010000  15.64240000  2.21805000  4
7787  1  11.72270000  5.70005000  10.48920000  4
7788  1  12.90090000  3.76059000  0.00702557  4
7789  1  4.57075000  7.62367000  4.07782000  4
7790  1  18.54190000  25.88970000  24.61080000  4
7791  1  11.73310000  11.84210000  33.75730000  4
7792  1  9.79411000  16.55910000  21.28570000  4
7793  1  14.37060000  14.81940000  25.70470000  4
7794  1  0.29221200  22.26840000  36.16440000  4
7795  1  22.66710000  16.05640000  21.01980000  4
7796  1  29.21220000  18.46380000  10.16590000  4
7797  1  14.00440000  30.08750000  12.18870000  4
7798  1  15.31760000  3.60282000  3.41000000  4
7799  1  8.07204000  35.01660000  5.32411000  4
7800  1  29.66370000  22.91210000  21.28800000  4
7801  1  3.98326000  13.38380000  34.25450000  3
7802  1  9.51530000  6.05211000  25.70140000  3
7803  1  35.41210000  3.45342000  4.77819000  4
7804  1  10.88410000  18.27310000  15.16310000  3
7805  1  36.01890000  36.13610000  17.73080000  3
7806  1  19.71910000  18.56930000  34.21280000  4
7807  1  34.86250000  18.56020000  11.37620000  3
7808  1  2.44641000  12.14020000  8.97773000  4
7809  1  21.63590000  4.38637000  15.22800000  3
7810  1  26.78650000  27.62190000  23.31660000  4
7811  1  17.35830000  23.58600000  26.07040000  4
7812  1  6.25005000  13.23630000  9.58326000  4
7813  1  23.12720000  21.36780000  25.82480000  4
7814  1  21.58360000  18.22600000  16.04060000  4
7815  1  32.54450000  0.09621690  18.66060000  3
7816  1  10.80870000  14.04550000  32.85730000  3
7817  1  4.76148000  3.22841000  31.34570000  4
7818  1  17.82040000  9.90624000  29.13850000  3
7819  1  13.28980000  28.54100000  14.23780000  4
7820  1  13.65390000  9.70397000  31.06120000  4
7821  1  7.08030000  25.41240000  13.66400000  4
7822  1  12.61310000  21.82800000  2.36326000  3
7823  1  27.22250000  8.70646000  21.06800000  4
7824  1  2.54973000  8.90988000  23.27520000  4
7825  1  34.43530000  31.31160000  18.10430000  4
7826  1  33.67900000  36.33170000  18.68400000  4
7827  1  15.49390000  31.20830000  22.25250000  4
7828  1  36.61570000  34.77010000  34.67490000  4
7829  1  30.62190000  12.07920000  15.51210000  3
7830  1  22.38410000  18.31630000  25.91700000  4
7831  1  17.58200000  19.82330000  36.06210000  3
7832  1  16.84370000  28.57740000  7.59373000  4
7833  1  28.57700000  14.06750000  14.79550000  3
7834  1  9.27001000  28.78790000  2.02601000  3
7835  1  1.91813000  36.37830000  19.68980000  4
7836  1  0.16726200  7.08456000  22.76760000  4
7837  1  31.88630000  34.16580000  25.87100000  4
7838  1  14.44730000  22.08660000  0.12815400  4
7839  1  18.91260000  24.31810000  30.31610000  3
7840  1  22.32480000  12.37970000  6.57761000  4
7841  1  30.90860000  31.77760000  19.72670000  4
7842  1  12.48860000  17.71600000  11.18050000  4
7843  1  20.95670000  35.79710000  4.36508000  4
7844  1  35.76540000  35.49360000  33.52660000  4
7845  1  12.72110000  3.97765000  20.64820000  4
7846  1  33.25090000  27.29120000  23.61470000  4
7847  1  29.86520000  32.47880000  14.56890000  4
7848  1  18.07540000  30.01540000  19.78090000  3
7849  1  12.60700000  12.85270000  27.13390000  4
7850  1  35.46450000  32.87180000  8.43655000  3
7851  1  27.39930000  33.40210000  36.41640000  4
7852  1  19.87580000  28.25730000  3.65684000  4
7853  1  29.54430000  21.02390000  30.74660000  4
7854  1  1.76177000  20.49060000  14.52860000  4
7855  1  11.73690000  14.18380000  12.27290000  3
7856  1  22.51600000  8.26661000  34.10140000  4
7857  1  15.13640000  26.62980000  31.49990000  3
7858  1  6.95986000  20.75350000  7.59282000  4
7859  1  14.02870000  7.15354000  1.58867000  4
7860  1  4.58596000  31.21040000  32.04720000  4
7861  1  2.27298000  32.73700000  27.99320000  4
7862  1  22.82820000  17.00780000  2.86280000  4
7863  1  1.51732000  2.83676000  36.05130000  4
7864  1  34.25700000  28.05160000  30.17470000  4
7865  1  33.37260000  23.91490000  10.04830000  4
7866  1  32.56300000  8.13111000  6.50706000  4
7867  1  12.34420000  25.34240000  21.54990000  4
7868  1  18.53630000  0.59247500  26.16730000  3
7869  1  25.11930000  29.81470000  34.88140000  4
7870  1  24.27120000  21.92880000  28.14850000  3
7871  1  19.04930000  7.12138000  22.11110000  4
7872  1  32.55770000  18.58730000  33.27360000  4
7873  1  25.01540000  4.47154000  0.96379100  4
7874  1  33.91180000  14.85770000  8.55360000  4
7875  1  36.45950000  2.39632000  16.07430000  4
7876  1  34.03420000  34.04520000  32.59670000  4
7877  1  27.24100000  12.48270000  9.44448000  4
7878  1  20.98260000  5.27449000  17.49510000  4
7879  1  25.85600000  7.68960000  16.50030000  3
7880  1  34.54530000  22.82760000  20.03770000  3
7881  1  15.47320000  10.96610000  23.62220000  3
7882  1  21.63800000  3.66261000  34.58030000  4
7883  1  0.85519000  14.02830000  34.06730000  3
7884  1  10.98680000  3.45323000  33.71250000  4
7885  1  30.32770000  11.51330000  31.91160000  3
7886  1  13.85730000  23.05680000  4.88825000  3
7887  1  32.56690000  28.99980000  31.89330000  4
7888  1  30.77890000  3.79104000  1.37188000  4
7889  1  31.92500000  15.76650000  7.38924000  4
7890  1  32.07530000  4.46669000  14.39290000  3
7891  1  32.53560000  25.22010000  4.68407000  4
7892  1  20.12600000  23.62110000  0.79983300  4
7893  1  1.64134000  17.63610000  5.93375000  4
7894  1  0.35483000  0.39826200  16.81770000  4
7895  1  31.69380000  34.48500000  14.33880000  3
7896  1  16.76400000  11.90980000  13.01670000  4
7897  1  18.41710000  30.91510000  24.90400000  4
7898  1  31.71690000  11.94300000  2.42824000  3
7899  1  3.61572000  30.51130000  6.24789000  4
7900  1  17.44250000  0.33236400  20.65470000  3
7901  1  30.50210000  19.78660000  11.56280000  4
7902  1  7.63680000  35.38990000  18.60960000  4
7903  1  10.24140000  12.08810000  31.44680000  4
7904  1  1.50400000  10.16870000  9.88033000  4
7905  1  21.58130000  35.76740000  28.43250000  4
7906  1  9.91937000  9.99921000  36.25650000  4
7907  1  19.68620000  4.66710000  18.28800000  4
7908  1  27.48690000  25.93030000  36.25990000  4
7909  1  21.39200000  14.96140000  17.63160000  3
7910  1  20.34060000  15.56800000  16.69510000  4
7911  1  36.22600000  27.78170000  17.20000000  4
7912  1  26.73360000  5.20821000  22.66840000  4
7913  1  3.05498000  34.03870000  34.21830000  4
7914  1  11.31610000  10.36170000  4.16944000  3
7915  1  35.51310000  28.76490000  2.49786000  3
7916  1  16.97250000  8.28456000  11.53460000  3
7917  1  30.14380000  34.67490000  10.93050000  4
7918  1  30.94400000  9.50884000  1.12172000  4
7919  1  33.41650000  23.36990000  35.57710000  4
7920  1  9.43155000  31.64330000  21.36220000  4
7921  1  3.59300000  5.59593000  33.36120000  4
7922  1  28.73580000  27.72130000  12.31940000  4
7923  1  23.87770000  6.24880000  24.95950000  4
7924  1  26.30670000  1.24673000  4.82888000  4
7925  1  3.99052000  28.25640000  29.40690000  3
7926  1  18.76740000  17.06440000  7.18829000  4
7927  1  11.35360000  1.06713000  0.43284200  3
7928  1  13.54570000  35.58990000  19.14740000  4
7929  1  11.10310000  29.64780000  31.38980000  4
7930  1  2.78111000  33.01220000  7.13913000  3
7931  1  8.10766000  17.70840000  28.48310000  4
7932  1  26.52060000  31.68670000  12.93460000  4
7933  1  12.82890000  16.77910000  22.50720000  4
7934  1  2.13524000  9.50535000  36.07940000  4
7935  1  9.67397000  30.57990000  11.11620000  4
7936  1  21.16460000  31.58560000  27.09680000  4
7937  1  14.62880000  26.64320000  2.10472000  4
7938  1  0.68202900  6.89481000  10.99490000  4
7939  1  18.88100000  34.57890000  28.13680000  4
7940  1  6.59903000  28.42170000  15.90530000  4
7941  1  6.61219000  4.07601000  7.83014000  4
7942  1  13.42520000  34.28800000  34.19540000  4
7943  1  35.11240000  15.05060000  10.87130000  4
7944  1  24.53460000  29.52240000  22.93290000  3
7945  1  9.83917000  24.47920000  19.88520000  4
7946  1  24.01560000  24.82990000  18.39870000  4
7947  1  20.28320000  28.46200000  21.13520000  3
7948  1  17.29160000  10.08070000  18.48160000  4
7949  1  7.58075000  4.25252000  33.62940000  4
7950  1  13.67240000  17.29690000  0.93673900  4
7951  1  18.03300000  7.78025000  14.04340000  4
7952  1  16.50930000  1.14516000  17.87740000  4
7953  1  36.40310000  11.07490000  3.01947000  4
7954  1  31.95120000  22.39540000  6.10010000  4
7955  1  6.76625000  33.30940000  13.47180000  4
7956  1  10.43990000  15.76010000  13.72770000  4
7957  1  16.80630000  33.65640000  7.09523000  3
7958  1  0.27349200  13.11100000  17.95160000  4
7959  1  21.62670000  0.06097020  28.75670000  4
7960  1  29.23470000  12.64530000  20.41930000  3
7961  1  10.28900000  29.23890000  18.67840000  3
7962  1  17.16110000  22.54730000  27.37830000  4
7963  1  34.27290000  26.28710000  21.53790000  4
7964  1  17.41640000  5.21180000  29.79140000  3
7965  1  13.41950000  11.62450000  22.64310000  3
7966  1  33.33940000  14.72480000  4.65309000  3
7967  1  32.98450000  23.73380000  4.18760000  4
7968  1  14.71890000  8.78514000  13.71340000  4
7969  1  11.66240000  26.20360000  1.52721000  3
7970  1  8.00665000  13.50300000  13.83460000  3
7971  1  11.69570000  21.08950000  20.59050000  3
7972  1  0.60321500  17.90350000  7.10743000  4
7973  1  1.16581000  34.23090000  16.41120000  4
7974  1  12.43150000  24.42490000  17.65170000  3
7975  1  10.56590000  4.46641000  32.66970000  3
7976  1  16.23600000  17.88510000  0.95960200  3
7977  1  35.57800000  1.50817000  21.95550000  3
7978  1  20.49260000  6.91022000  28.06960000  4
7979  1  21.25880000  18.54750000  12.91080000  4
7980  1  19.69240000  20.65350000  7.27156000  3
7981  1  13.96540000  16.20190000  13.47580000  4
7982  1  13.20810000  18.99990000  7.18150000  4
7983  1  10.72940000  16.26660000  34.50510000  3
7984  1  0.33601800  25.48390000  7.80157000  4
7985  1  30.35950000  27.04820000  7.39816000  3
7986  1  23.80440000  11.82480000  34.18520000  4
7987  1  9.01780000  22.57480000  33.55830000  4
7988  1  8.51736000  3.93535000  11.50550000  4
7989  1  25.54810000  35.26110000  2.92063000  4
7990  1  31.62640000  28.32910000  25.32350000  4
7991  1  3.99043000  31.60200000  2.51889000  3
7992  1  8.89867000  20.63820000  18.87240000  4
7993  1  31.97870000  7.15191000  5.61289000  3
7994  1  12.22500000  3.89239000  18.25800000  4
7995  1  16.38500000  5.50415000  15.48870000  4
7996  1  27.14830000  19.22330000  32.81190000  4
7997  1  3.77659000  20.30950000  28.24410000  4
7998  1  3.24822000  3.03044000  18.69780000  4
7999  1  15.42040000  31.19370000  34.77290000  4
